Season,Player,Team,Position,ovr_pct,evo_pct,evd_pct,ppl_pct,pkl_pct,fin_pct,gol_pct,xgl_pct,ast_pct,pen_pct,hit_pct,ozs_pct,pdo_pct,tmt_pct,cmp_pct,ovr_rank,evo_rank,evd_rank,ppl_rank,pkl_rank,fin_rank,gol_rank,xgl_rank,ast_rank,pen_rank,hit_rank,ozs_rank,pdo_rank,tmt_rank,cmp_rank,all_players,ppl_players,pkl_players,Role,GP,TOI,Goals,Total Assists,Total Points,ixG,GF%,xGF%,Player ID,Specific Position,Height (in),Weight (lbs),Date of Birth,Birth Country,Draft Year,Draft Round,Overall Draft Position,Shoots Catches,Age,ovr_history,evo_history,evd_history,team_history
2009-2010,Aaron Johnson,EDM,D,48.9,66.5,19.4,47.7,42.8,65.2,76.2,54.2,73.6,63.7,83.7,85.5,85.9,22.9,2.6,117,77,184,69.0,108.0,80,55,105,61,43,38,34,33,176,222,227,130,187,Third Pair,41.0,641.6333333333333,4.0,7.0,11.0,1.7271887831425472,41.86046511627907,44.40886752980185,8469534,D,73.0,204.0,1983-04-30,CAN,2001.0,3.0,85.0,L,26,"[None, None, None, None, 48]","[None, None, None, None, 66]","[None, None, None, None, 19]","[None, None, None, None, 'EDM']"
2009-2010,Aaron Rome,VAN,D,25.1,38.3,18.5,,54.0,17.6,7.5,66.1,8.4,46.5,72.7,69.6,81.1,72.2,33.0,171,141,186,,87.0,188,195,78,209,61,63,70,44,64,153,227,130,187,Third Pair,49.0,743.7666666666667,0.0,3.0,3.0,2.0178195865913575,42.30769230769231,47.32700685754087,8470310,D,73.0,220.0,1983-09-27,CAN,2002.0,4.0,104.0,L,25,"[None, None, None, None, 25]","[None, None, None, None, 38]","[None, None, None, None, 18]","[None, None, None, None, 'VAN']"
2009-2010,Aaron Ward,ANA,D,2.2,18.5,6.2,,8.0,37.0,20.3,11.0,12.8,15.4,89.0,41.0,41.9,15.0,25.1,223,186,214,,173.0,144,182,203,199,99,26,135,133,194,171,227,130,187,Third Pair,77.0,1332.4333333333334,1.0,12.0,13.0,1.6930173591666495,41.05263157894737,43.93511808096826,8458519,D,74.0,209.0,1973-01-17,CAN,1991.0,1.0,5.0,R,36,"[None, None, None, None, 2]","[None, None, None, None, 18]","[None, None, None, None, 6]","[None, None, None, None, 'ANA']"
2009-2010,Adam Foote,COL,D,1.8,15.4,7.5,,3.7,20.7,7.5,15.4,10.1,17.6,49.8,45.8,46.3,35.7,60.4,224,193,211,,181.0,181,195,193,205,95,115,124,123,147,91,227,130,187,Second Pair,67.0,1297.1333333333334,0.0,8.0,8.0,1.6684823912133948,51.08695652173913,44.89165927426683,8456283,D,74.0,220.0,1971-07-10,CAN,1989.0,2.0,22.0,R,38,"[None, None, None, None, 1]","[None, None, None, None, 15]","[None, None, None, None, 7]","[None, None, None, None, 'COL']"
2009-2010,Adam Pardy,CGY,D,71.8,61.7,85.5,,67.4,72.7,56.8,5.7,38.3,42.5,64.8,71.4,69.6,61.7,5.3,65,88,34,,62.0,63,99,215,141,65,81,66,70,88,216,227,130,187,Third Pair,57.0,903.5333333333332,2.0,7.0,9.0,1.1786915969485403,46.2962962962963,53.62325388385868,8471385,D,76.0,227.0,1984-03-29,CAN,2004.0,6.0,173.0,L,25,"[None, None, None, None, 71]","[None, None, None, None, 61]","[None, None, None, None, 85]","[None, None, None, None, 'CGY']"
2009-2010,Adrian Aucoin,PHX,D,31.3,74.9,90.3,15.4,19.3,56.4,81.5,82.4,4.8,5.7,34.8,26.0,24.7,69.2,51.5,157,58,23,111.0,152.0,100,43,41,217,118,149,169,172,71,111,227,130,187,First Pair,82.0,1849.45,8.0,20.0,28.0,7.649298562873948,52.4390243902439,51.44233895230839,8459053,D,74.0,215.0,1973-07-03,CAN,1992.0,5.0,117.0,R,36,"[None, None, None, None, 31]","[None, None, None, None, 74]","[None, None, None, None, 90]","[None, None, None, None, 'PHX']"
2009-2010,Alex Goligoski,PIT,D,92.1,78.4,39.6,83.1,65.8,79.3,81.9,63.0,90.3,96.0,17.6,55.9,49.3,85.5,60.8,19,50,138,23.0,65.0,48,42,85,23,10,188,101,116,34,90,227,130,187,Second Pair,69.0,1478.2666666666669,7.0,27.0,34.0,5.950637341388704,54.34782608695651,52.219563440061215,8471274,D,71.0,173.0,1985-07-30,USA,2004.0,2.0,61.0,L,24,"[None, None, None, None, 92]","[None, None, None, None, 78]","[None, None, None, None, 39]","[None, None, None, None, 'PIT']"
2009-2010,Alexander Edler,VAN,D,48.0,23.3,65.6,57.7,88.8,8.4,36.6,70.0,91.6,55.1,66.5,44.1,31.7,74.9,45.8,119,175,79,56.0,22.0,209,145,69,20,51,77,128,156,58,124,227,130,187,First Pair,76.0,1721.1333333333334,5.0,36.0,41.0,7.155078961858762,50.0,50.12157478874464,8471303,D,76.0,210.0,1986-04-21,SWE,2004.0,3.0,91.0,L,23,"[None, None, None, None, 48]","[None, None, None, None, 23]","[None, None, None, None, 65]","[None, None, None, None, 'VAN']"
2009-2010,Alexandre Picard,CAR,D,53.7,35.2,70.5,60.8,58.8,74.9,78.0,45.8,20.3,42.5,73.1,72.2,71.8,63.0,22.9,106,148,68,52.0,78.0,58,51,124,182,65,62,64,65,85,176,227,130,187,Second Pair,54.0,992.7333333333332,4.0,12.0,16.0,3.653576284993318,48.05194805194805,53.198566047979135,8470678,D,75.0,215.0,1985-07-05,CAN,2003.0,3.0,85.0,L,24,"[None, None, None, None, 53]","[None, None, None, None, 35]","[None, None, None, None, 70]","[None, None, None, None, 'CAR']"
2009-2010,Anders Eriksson,NYR,D,62.1,40.1,46.7,54.6,56.7,50.7,7.5,15.9,80.6,78.6,59.0,99.6,100.0,91.2,6.2,87,137,122,60.0,82.0,113,195,192,45,33,94,2,1,21,214,227,130,187,Third Pair,20.0,304.9,0.0,5.0,5.0,0.40883574573993364,58.82352941176471,50.670488253396016,8459443,D,75.0,224.0,1975-01-09,SWE,1993.0,1.0,22.0,L,34,"[None, None, None, None, 62]","[None, None, None, None, 40]","[None, None, None, None, 46]","[None, None, None, None, 'NYR']"
2009-2010,Andrei Markov,MTL,D,61.2,81.1,14.1,77.7,24.6,48.9,27.8,75.8,94.7,71.6,16.3,78.0,76.7,14.1,53.3,89,44,196,30.0,142.0,117,165,56,13,39,191,51,54,196,107,227,130,187,First Pair,45.0,1071.2,6.0,28.0,34.0,5.425056821433164,60.9375,47.64544237660798,8467496,D,72.0,200.0,1978-12-20,RUS,1998.0,6.0,162.0,L,30,"[None, None, None, None, 61]","[None, None, None, None, 81]","[None, None, None, None, 14]","[None, None, None, None, 'MTL']"
2009-2010,Andrej Meszaros,TBL,D,1.3,13.7,52.9,1.5,70.1,34.4,57.3,62.6,7.0,3.1,43.2,24.7,29.5,30.4,58.1,225,197,108,129.0,57.0,150,98,86,212,124,130,172,161,159,96,227,130,187,Second Pair,81.0,1634.7833333333333,6.0,11.0,17.0,6.607885355676917,42.857142857142854,47.928437451330936,8471236,D,74.0,223.0,1985-10-13,SVK,2004.0,1.0,23.0,L,23,"[None, None, None, None, 1]","[None, None, None, None, 13]","[None, None, None, None, 52]","[None, None, None, None, 'TBL']"
2009-2010,Andrej Sekera,BUF,D,71.4,59.9,25.1,65.4,,83.7,95.6,66.5,35.7,91.4,52.9,81.1,77.5,56.8,63.9,66,92,171,46.0,,38,11,77,147,18,108,44,52,99,83,227,130,187,Third Pair,49.0,855.0333333333333,4.0,8.0,12.0,2.7002136588669337,48.27586206896552,48.12215937605579,8471284,D,72.0,200.0,1986-06-08,SVK,2004.0,3.0,71.0,L,23,"[None, None, None, None, 71]","[None, None, None, None, 59]","[None, None, None, None, 25]","[None, None, None, None, 'BUF']"
2009-2010,Andrew Alberts,VAN,D,11.9,84.1,49.8,,49.2,61.2,44.9,25.6,69.2,1.3,98.7,44.9,52.9,21.6,27.3,201,37,115,,96.0,89,126,170,71,128,4,126,108,179,166,227,130,187,Third Pair,76.0,1169.1166666666666,3.0,9.0,12.0,1.9705184089523866,52.22222222222223,48.89775031282706,8469626,D,77.0,218.0,1981-06-30,USA,2001.0,6.0,179.0,L,28,"[None, None, None, None, 11]","[None, None, None, None, 84]","[None, None, None, None, 49]","[None, None, None, None, 'VAN']"
2009-2010,Andrew Ference,BOS,D,79.7,38.8,75.3,41.5,55.6,13.2,7.5,46.3,46.7,92.5,50.2,61.7,68.7,74.4,26.0,47,140,57,77.0,84.0,198,195,123,122,17,114,88,72,59,169,227,130,187,Second Pair,51.0,1004.9666666666668,0.0,8.0,8.0,2.3608795241386678,43.859649122807014,51.39267337304171,8466333,D,71.0,182.0,1979-03-17,CAN,1997.0,8.0,208.0,L,30,"[None, None, None, None, 79]","[None, None, None, None, 38]","[None, None, None, None, 75]","[None, None, None, None, 'BOS']"
2009-2010,Andrew MacDonald,NYI,D,30.8,9.7,53.7,19.2,42.2,22.5,7.5,24.2,52.4,67.4,31.7,73.1,77.1,55.5,77.5,158,206,106,106.0,109.0,177,195,173,109,41,156,62,53,102,52,227,130,187,Second Pair,46.0,924.1,1.0,6.0,7.0,2.1061030960921365,53.06122448979592,48.43853603328019,8473584,D,73.0,204.0,1986-09-07,CAN,2006.0,6.0,160.0,L,22,"[None, None, None, None, 30]","[None, None, None, None, 9]","[None, None, None, None, 53]","[None, None, None, None, 'NYI']"
2009-2010,Andy Greene,NJD,D,86.8,28.6,91.6,35.4,44.9,70.0,30.8,22.5,86.3,86.8,11.0,27.8,5.7,49.3,75.3,31,163,20,85.0,104.0,69,158,177,32,24,203,165,215,116,57,227,130,187,First Pair,78.0,1835.5833333333333,6.0,29.0,35.0,4.712623256836025,55.95238095238096,49.978375358813274,8472382,D,71.0,190.0,1982-10-30,USA,,,,L,26,"[None, None, None, None, 86]","[None, None, None, None, 28]","[None, None, None, None, 91]","[None, None, None, None, 'NJD']"
2009-2010,Andy Sutton,OTT,D,4.8,82.4,26.0,,24.1,88.5,84.6,72.7,30.8,0.4,89.4,31.7,33.9,39.2,42.7,217,41,169,,143.0,27,36,63,158,130,25,156,151,139,131,227,130,187,Second Pair,72.0,1469.6333333333334,5.0,8.0,13.0,3.880236318440976,45.55555555555556,50.21199609423669,8467304,D,78.0,245.0,1975-03-10,CAN,,,,L,34,"[None, None, None, None, 4]","[None, None, None, None, 82]","[None, None, None, None, 26]","[None, None, None, None, 'OTT']"
2009-2010,Anssi Salmela,NJD,D,39.6,67.4,28.6,,,44.9,47.1,71.4,62.6,37.0,75.3,92.1,89.4,18.5,2.2,138,75,163,,,126,121,66,86,70,57,19,25,186,223,227,130,187,Third Pair,38.0,511.9666666666667,2.0,5.0,7.0,1.7291093409520975,47.72727272727273,48.48632415743385,8474557,D,73.0,200.0,1984-08-13,FIN,,,,L,25,"[None, None, None, None, 39]","[None, None, None, None, 67]","[None, None, None, None, 28]","[None, None, None, None, 'NJD']"
2009-2010,Anton Stralman,CBJ,D,56.8,24.2,81.9,75.4,,9.7,19.8,36.1,33.0,52.4,42.7,39.2,37.4,26.0,85.5,99,173,42,33.0,,206,183,146,153,55,131,139,143,169,34,227,130,187,Second Pair,73.0,1495.7166666666667,6.0,28.0,34.0,6.830310515487894,42.168674698795186,48.431300634781806,8471873,D,71.0,193.0,1986-08-01,SWE,2005.0,7.0,216.0,R,23,"[None, None, None, None, 56]","[None, None, None, None, 24]","[None, None, None, None, 81]","[None, None, None, None, 'CBJ']"
2009-2010,Anton Volchenkov,OTT,D,92.5,71.4,70.9,,95.7,82.4,78.4,68.7,34.4,89.9,86.3,40.1,45.4,54.6,77.1,18,66,67,,9.0,41,50,72,150,20,32,137,125,104,53,227,130,187,Second Pair,64.0,1324.1666666666667,4.0,10.0,14.0,3.1744876590715547,47.77777777777778,52.399012310300485,8468501,D,73.0,220.0,1982-02-25,RUS,2000.0,1.0,21.0,L,27,"[None, None, None, None, 92]","[None, None, None, None, 71]","[None, None, None, None, 70]","[None, None, None, None, 'OTT']"
2009-2010,Barret Jackman,STL,D,14.5,60.4,18.1,,85.0,13.7,7.5,10.6,84.1,11.9,23.8,4.8,37.0,41.4,97.4,195,91,187,,29.0,197,195,204,37,105,174,217,144,134,7,227,130,187,First Pair,66.0,1496.7,2.0,15.0,17.0,1.951022248521077,50.0,47.519029573898024,8467890,D,72.0,203.0,1981-03-05,CAN,1999.0,1.0,17.0,L,28,"[None, None, None, None, 14]","[None, None, None, None, 60]","[None, None, None, None, 18]","[None, None, None, None, 'STL']"
2009-2010,Boris Valabik,ATL,D,66.5,63.4,59.5,,46.5,43.6,7.5,59.5,5.3,61.9,39.2,98.7,98.7,11.9,4.0,77,84,93,,101.0,129,195,93,216,45,139,4,4,201,219,227,130,187,Third Pair,23.0,304.18333333333334,0.0,2.0,2.0,0.6316079174760086,55.55555555555556,56.293233856831456,8471223,D,79.0,255.0,1986-02-14,SVK,2004.0,1.0,10.0,L,23,"[None, None, None, None, 66]","[None, None, None, None, 63]","[None, None, None, None, 59]","[None, None, None, None, 'ATL']"
2009-2010,Brad Stuart,DET,D,41.0,74.4,4.4,48.5,4.8,0.4,29.5,94.3,35.2,97.4,81.5,29.1,2.2,77.5,59.9,135,59,218,68.0,179.0,227,161,14,148,7,43,162,223,52,92,227,130,187,First Pair,82.0,1899.8,4.0,15.0,19.0,8.00299109026997,42.15686274509804,49.63308099122256,8467331,D,74.0,215.0,1979-11-06,CAN,1998.0,1.0,3.0,L,29,"[None, None, None, None, 41]","[None, None, None, None, 74]","[None, None, None, None, 4]","[None, None, None, None, 'DET']"
2009-2010,Braydon Coburn,PHI,D,60.8,98.7,39.2,90.0,7.0,7.5,34.8,64.8,57.3,9.7,56.4,26.4,23.3,78.4,41.0,90,4,139,14.0,175.0,211,149,81,98,110,100,168,175,50,135,227,130,187,Second Pair,81.0,1712.0333333333333,5.0,14.0,19.0,5.935675623709992,49.01960784313725,54.2343040562332,8470601,D,77.0,224.0,1985-02-27,CAN,2003.0,1.0,8.0,L,24,"[None, None, None, None, 60]","[None, None, None, None, 98]","[None, None, None, None, 39]","[None, None, None, None, 'PHI']"
2009-2010,Brendan Mikkelson,ANA,D,40.5,31.7,37.0,,,45.4,7.5,17.2,26.4,60.1,54.2,96.0,94.3,7.0,3.5,136,156,144,,,125,195,189,168,46,105,10,14,212,220,227,130,187,Third Pair,28.0,419.8333333333333,0.0,2.0,2.0,0.8781294309414469,41.935483870967744,43.20832410647593,8471705,D,75.0,210.0,1987-06-22,CAN,2005.0,2.0,31.0,L,22,"[None, None, None, None, 40]","[None, None, None, None, 31]","[None, None, None, None, 37]","[None, None, None, None, 'ANA']"
2009-2010,Brendan Witt,NYI,D,25.6,37.0,17.2,,17.1,67.4,78.9,4.0,39.2,54.4,90.7,85.9,86.3,38.8,28.6,170,144,189,,156.0,75,49,219,139,52,22,33,32,140,163,227,130,187,Third Pair,42.0,640.25,2.0,3.0,5.0,0.7148973612430503,28.205128205128204,44.28738158322971,8459433,D,74.0,223.0,1975-02-20,CAN,1993.0,1.0,11.0,L,34,"[None, None, None, None, 25]","[None, None, None, None, 37]","[None, None, None, None, 17]","[None, None, None, None, 'NYI']"
2009-2010,Brent Burns,MIN,D,34.8,36.6,34.8,43.8,34.2,4.8,7.5,94.7,54.6,67.4,67.4,77.5,74.9,45.8,42.3,149,145,149,74.0,124.0,217,195,13,104,41,75,52,58,124,132,227,130,187,First Pair,47.0,1051.5,3.0,17.0,20.0,6.41719251284991,43.859649122807014,48.92952893884572,8470613,D,77.0,228.0,1985-03-09,CAN,2003.0,1.0,20.0,R,24,"[None, None, None, None, 34]","[None, None, None, None, 36]","[None, None, None, None, 34]","[None, None, None, None, 'MIN']"
2009-2010,Brent Seabrook,CHI,D,81.9,30.8,82.4,66.2,40.6,6.6,31.7,51.5,83.7,94.7,82.8,25.1,11.9,100.0,81.9,42,158,41,45.0,112.0,213,156,111,38,13,40,171,201,1,42,227,130,187,First Pair,78.0,1811.15,4.0,26.0,30.0,5.786702122062597,56.09756097560976,55.46852283555494,8470607,D,75.0,220.0,1985-04-20,CAN,2003.0,1.0,14.0,R,24,"[None, None, None, None, 81]","[None, None, None, None, 30]","[None, None, None, None, 82]","[None, None, None, None, 'CHI']"
2009-2010,Brent Sopel,CHI,D,74.0,86.3,57.3,,50.8,25.6,24.7,38.3,41.4,51.3,46.7,66.5,59.5,97.8,7.9,60,32,98,,93.0,170,172,141,134,56,122,77,93,6,210,227,130,187,Third Pair,73.0,1084.8833333333334,1.0,7.0,8.0,1.883322864938328,48.0,55.9395299506045,8462176,D,74.0,205.0,1977-01-07,CAN,1995.0,6.0,144.0,R,32,"[None, None, None, None, 74]","[None, None, None, None, 86]","[None, None, None, None, 57]","[None, None, None, None, 'CHI']"
2009-2010,Brett Carson,CAR,D,64.3,37.9,41.9,56.9,50.3,71.4,58.1,4.8,28.6,81.9,70.9,73.6,73.6,11.0,34.4,82,142,133,57.0,94.0,66,96,217,163,29,67,61,61,203,150,227,130,187,Third Pair,54.0,937.9833333333332,2.0,10.0,12.0,1.4676299426017023,50.877192982456144,45.980266223674704,8471321,D,76.0,210.0,1985-11-29,CAN,2004.0,4.0,109.0,R,23,"[None, None, None, None, 64]","[None, None, None, None, 37]","[None, None, None, None, 41]","[None, None, None, None, 'CAR']"
2009-2010,Brett Clark,COL,D,23.3,8.4,68.7,10.0,35.3,23.8,24.2,55.1,89.0,39.6,19.8,66.1,64.3,29.1,11.9,175,209,72,118.0,122.0,174,173,103,26,67,183,78,82,162,201,227,130,187,Second Pair,64.0,1224.9,3.0,16.0,19.0,4.290153015279936,53.03030303030303,48.313973883913285,8465122,D,72.0,194.0,1976-12-23,CAN,1996.0,6.0,154.0,L,32,"[None, None, None, None, 23]","[None, None, None, None, 8]","[None, None, None, None, 68]","[None, None, None, None, 'COL']"
2009-2010,Brett Festerling,ANA,D,59.9,28.2,48.9,,,36.1,7.5,21.1,4.0,81.9,100.0,91.2,89.0,12.8,29.5,92,164,117,,,146,195,180,219,29,1,21,26,199,161,227,130,187,Fringe,42.0,525.0,0.0,3.0,3.0,0.8476447299946709,50.0,45.98836749451555,8471978,D,73.0,210.0,1986-03-03,CAN,,,,L,23,"[None, None, None, None, 59]","[None, None, None, None, 28]","[None, None, None, None, 48]","[None, None, None, None, 'ANA']"
2009-2010,Brett Lebda,DET,D,70.5,72.2,76.2,,,10.1,23.8,81.5,63.9,49.8,29.1,74.4,62.1,52.9,26.9,68,64,55,,,205,174,43,83,57,162,59,87,108,167,227,130,187,Third Pair,65.0,944.4666666666668,1.0,7.0,8.0,3.1147674407330608,51.51515151515152,53.002395787909386,8471187,D,69.0,195.0,1982-01-15,USA,,,,L,27,"[None, None, None, None, 70]","[None, None, None, None, 72]","[None, None, None, None, 76]","[None, None, None, None, 'DET']"
2009-2010,Brian Campbell,CHI,D,99.1,80.6,97.4,83.8,,31.3,55.9,78.0,71.4,97.8,15.0,40.5,22.5,99.1,10.6,3,45,7,22.0,,157,101,51,66,6,194,136,177,3,204,227,130,187,First Pair,68.0,1578.6,7.0,28.0,35.0,6.605105058786333,54.45544554455446,61.64043325527157,8466285,D,70.0,192.0,1979-05-23,CAN,1997.0,6.0,156.0,L,30,"[None, None, None, None, 99]","[None, None, None, None, 80]","[None, None, None, None, 97]","[None, None, None, None, 'CHI']"
2009-2010,Brian Lee,OTT,D,52.4,32.6,49.3,,,68.7,96.9,22.9,2.2,67.4,82.4,98.2,95.2,70.0,15.4,109,154,116,,,72,8,176,223,41,41,5,12,69,193,227,130,187,Third Pair,23.0,357.7,2.0,1.0,3.0,0.6844305291873588,42.10526315789473,51.101516898147494,8471683,D,75.0,200.0,1987-03-26,USA,2005.0,1.0,9.0,R,22,"[None, None, None, None, 52]","[None, None, None, None, 32]","[None, None, None, None, 49]","[None, None, None, None, 'OTT']"
2009-2010,Brian Pothier,CAR,D,17.6,14.5,12.8,21.5,57.2,26.9,46.3,75.3,25.6,67.4,55.1,51.5,55.9,53.7,12.3,188,195,199,103.0,81.0,167,123,57,170,41,103,111,101,106,200,227,130,187,Second Pair,61.0,1160.2333333333331,5.0,10.0,15.0,4.513879465102755,55.55555555555556,46.04203842131792,8468427,D,72.0,204.0,1977-04-15,USA,,,,L,32,"[None, None, None, None, 17]","[None, None, None, None, 14]","[None, None, None, None, 12]","[None, None, None, None, 'CAR']"
2009-2010,Brian Rafalski,DET,D,97.8,96.5,85.9,95.4,67.9,5.7,16.7,55.9,87.2,60.1,20.7,21.6,5.3,95.6,93.0,6,9,33,7.0,61.0,215,190,101,30,46,181,179,216,11,17,227,130,187,First Pair,78.0,1889.7166666666667,7.0,35.0,42.0,7.015256500290591,56.481481481481474,55.0742820603488,8467856,D,70.0,194.0,1973-09-28,USA,,,,R,35,"[None, None, None, None, 97]","[None, None, None, None, 96]","[None, None, None, None, 85]","[None, None, None, None, 'DET']"
2009-2010,Brooks Orpik,PIT,D,54.6,50.2,78.9,,91.4,52.0,39.2,23.8,96.0,21.6,97.4,41.9,37.9,92.5,76.7,104,114,49,,17.0,110,139,174,10,87,7,133,142,18,54,227,130,187,Second Pair,73.0,1467.1333333333332,2.0,23.0,25.0,2.4729739959821058,53.84615384615385,53.40661457934034,8468498,D,75.0,217.0,1980-09-26,USA,2000.0,1.0,18.0,L,28,"[None, None, None, None, 54]","[None, None, None, None, 50]","[None, None, None, None, 78]","[None, None, None, None, 'PIT']"
2009-2010,Bruno Gervais,NYI,D,32.2,83.3,8.8,50.8,13.9,17.2,40.5,69.6,63.0,49.8,31.3,47.6,42.3,52.4,64.8,155,39,208,65.0,162.0,189,136,70,85,57,157,120,132,109,81,227,130,187,Second Pair,71.0,1421.05,3.0,13.0,16.0,4.68768172043382,42.10526315789473,49.2515033631915,8470774,D,73.0,200.0,1984-10-03,CAN,2003.0,6.0,182.0,R,24,"[None, None, None, None, 32]","[None, None, None, None, 83]","[None, None, None, None, 8]","[None, None, None, None, 'NYI']"
2009-2010,Bryan Allen,FLA,D,26.9,68.3,9.3,,43.9,7.9,18.5,58.1,59.5,48.2,71.4,14.5,30.8,3.5,49.8,167,73,207,,106.0,210,186,96,93,58,66,195,158,220,115,227,130,187,Second Pair,74.0,1417.9,2.0,10.0,12.0,3.5055406477898097,43.82022471910113,45.59319816580132,8467332,D,77.0,223.0,1980-08-21,CAN,1998.0,1.0,4.0,L,29,"[None, None, None, None, 26]","[None, None, None, None, 68]","[None, None, None, None, 9]","[None, None, None, None, 'FLA']"
2009-2010,Bryan McCabe,FLA,D,0.4,3.1,21.1,2.3,27.8,10.6,49.3,65.6,76.7,14.3,25.6,10.1,11.5,7.5,36.1,227,221,180,128.0,136.0,204,116,79,54,101,170,205,202,211,146,227,130,187,First Pair,82.0,1912.7833333333333,7.0,37.0,44.0,8.71720317227926,49.504950495049506,46.405876788658375,8459462,D,74.0,223.0,1975-06-08,CAN,1993.0,2.0,40.0,L,34,"[None, None, None, None, 0]","[None, None, None, None, 3]","[None, None, None, None, 21]","[None, None, None, None, 'FLA']"
2009-2010,Bryan Rodney,CAR,D,61.7,58.6,44.5,61.5,,49.8,74.4,73.1,53.3,67.4,47.6,97.8,98.2,15.4,5.7,88,95,127,51.0,,115,59,62,107,41,120,6,5,193,215,227,130,187,Third Pair,22.0,368.1,1.0,10.0,11.0,1.7782531584312617,48.148148148148145,48.05804727326308,8470988,D,72.0,195.0,1984-04-22,CAN,,,,R,25,"[None, None, None, None, 61]","[None, None, None, None, 58]","[None, None, None, None, 44]","[None, None, None, None, 'CAR']"
2009-2010,Bryce Salvador,NJD,D,18.9,0.9,96.0,,88.2,89.0,66.5,1.3,4.4,18.7,62.1,12.8,25.1,75.8,58.6,185,226,10,,23.0,26,77,225,218,93,87,199,171,56,95,227,130,187,Second Pair,79.0,1490.2666666666669,4.0,9.0,13.0,1.3006415805428626,50.68493150684932,48.96386019299128,8460626,D,75.0,215.0,1976-02-11,CAN,1994.0,6.0,138.0,L,33,"[None, None, None, None, 18]","[None, None, None, None, 0]","[None, None, None, None, 96]","[None, None, None, None, 'NJD']"
2009-2010,Cam Barker,MIN,D,14.1,61.2,27.8,39.2,,37.4,25.1,67.4,88.5,10.6,49.3,69.2,68.3,94.7,1.3,196,89,165,80.0,,143,171,75,27,108,116,71,73,13,225,227,130,187,Third Pair,70.0,1086.4833333333331,5.0,16.0,21.0,5.426347840012713,55.4054054054054,52.4351357153983,8471216,D,75.0,223.0,1986-04-04,CAN,2004.0,1.0,3.0,L,23,"[None, None, None, None, 14]","[None, None, None, None, 61]","[None, None, None, None, 27]","[None, None, None, None, 'MIN']"
2009-2010,Carl Gunnarsson,TOR,D,50.7,21.1,63.0,37.7,16.6,62.1,62.1,25.1,76.2,77.3,48.5,79.7,80.2,64.8,40.1,113,180,85,82.0,157.0,87,87,171,55,34,118,47,46,81,137,227,130,187,Second Pair,43.0,921.95,3.0,12.0,15.0,1.860046806777284,54.23728813559322,49.048841774978115,8474125,D,74.0,198.0,1986-11-09,SWE,2007.0,7.0,194.0,L,22,"[None, None, None, None, 50]","[None, None, None, None, 21]","[None, None, None, None, 63]","[None, None, None, None, 'TOR']"
2009-2010,Carlo Colaiacovo,STL,D,91.6,93.0,83.7,16.9,,31.7,51.1,92.1,98.2,55.9,51.1,77.1,62.6,32.2,48.5,20,17,38,109.0,,156,112,19,5,50,112,53,86,155,118,227,130,187,Third Pair,67.0,1159.2666666666669,7.0,24.0,31.0,5.528376131867756,56.00000000000001,55.435725286601134,8469470,D,73.0,202.0,1983-01-27,CAN,2001.0,1.0,17.0,L,26,"[None, None, None, None, 91]","[None, None, None, None, 93]","[None, None, None, None, 83]","[None, None, None, None, 'STL']"
2009-2010,Chris Butler,BUF,D,80.2,73.1,50.7,86.2,73.3,18.5,26.0,51.1,44.5,71.6,18.1,63.9,66.1,47.6,52.0,46,62,113,19.0,51.0,186,169,112,127,39,187,83,78,120,110,227,130,187,Second Pair,59.0,1181.4333333333334,1.0,20.0,21.0,3.024712830770366,43.66197183098591,51.065440858194066,8471761,D,73.0,196.0,1986-10-27,USA,2005.0,4.0,96.0,L,22,"[None, None, None, None, 80]","[None, None, None, None, 73]","[None, None, None, None, 50]","[None, None, None, None, 'BUF']"
2009-2010,Chris Campoli,OTT,D,86.3,70.9,86.8,5.4,,16.7,45.8,87.7,79.3,87.4,76.2,65.2,50.7,60.8,1.8,32,67,31,124.0,,190,124,29,48,23,55,80,113,90,224,227,130,187,Third Pair,67.0,1195.9333333333334,4.0,14.0,18.0,5.0192680089836745,45.07042253521127,56.20630510955024,8470329,D,72.0,200.0,1984-07-09,CAN,2004.0,7.0,227.0,L,25,"[None, None, None, None, 86]","[None, None, None, None, 70]","[None, None, None, None, 86]","[None, None, None, None, 'OTT']"
2009-2010,Chris Phillips,OTT,D,68.3,48.9,81.1,,94.7,94.7,86.3,47.1,42.7,22.2,38.3,15.9,7.9,55.1,85.0,73,117,44,,11.0,13,32,121,131,86,141,192,210,103,35,227,130,187,First Pair,82.0,1832.6,8.0,15.0,23.0,3.6791443076750143,49.122807017543856,52.18488292683748,8464956,D,75.0,219.0,1978-03-09,CAN,1996.0,1.0,1.0,L,31,"[None, None, None, None, 68]","[None, None, None, None, 48]","[None, None, None, None, 81]","[None, None, None, None, 'OTT']"
2009-2010,Chris Pronger,PHI,D,88.1,81.5,98.7,31.5,99.5,93.4,74.9,57.7,70.9,6.6,20.3,19.8,9.3,93.4,74.0,28,43,4,90.0,2.0,16,58,97,67,116,182,183,207,16,60,227,130,187,First Pair,82.0,2125.9666666666667,10.0,43.0,53.0,8.020339051975279,56.70103092783505,55.15923097793296,8459424,D,78.0,220.0,1974-10-10,CAN,1993.0,1.0,2.0,L,34,"[None, None, None, None, 88]","[None, None, None, None, 81]","[None, None, None, None, 98]","[None, None, None, None, 'PHI']"
2009-2010,Christian Ehrhoff,VAN,D,99.6,96.0,65.2,93.1,98.4,97.4,93.4,90.3,58.1,93.2,17.2,28.6,27.3,63.4,44.1,2,10,80,10.0,4.0,7,16,23,96,16,189,163,166,84,128,227,130,187,First Pair,80.0,1822.6833333333336,14.0,29.0,43.0,10.160251124562711,65.76576576576578,53.32400235829002,8469555,D,74.0,201.0,1982-07-06,DEU,2001.0,4.0,106.0,L,27,"[None, None, None, None, 99]","[None, None, None, None, 96]","[None, None, None, None, 65]","[None, None, None, None, 'VAN']"
2009-2010,Christoph Schubert,ATL,D,11.0,27.3,32.6,,25.7,33.0,69.2,97.4,14.5,12.3,99.1,81.5,81.5,17.6,12.8,203,166,154,,140.0,153,71,7,195,104,3,43,43,188,199,227,130,187,Third Pair,47.0,741.4666666666667,2.0,4.0,6.0,2.5449435082022585,42.592592592592595,45.365233199582256,8469575,D,75.0,230.0,1982-02-05,DEU,2001.0,4.0,127.0,L,27,"[None, None, None, None, 11]","[None, None, None, None, 27]","[None, None, None, None, 32]","[None, None, None, None, 'ATL']"
2009-2010,Cody Franson,NSH,D,80.6,75.3,62.6,74.6,,92.1,98.7,70.5,89.4,60.1,43.6,80.2,78.4,65.2,15.0,45,57,86,34.0,,19,4,68,25,46,129,46,50,80,194,227,130,187,Third Pair,61.0,866.1333333333333,7.0,14.0,21.0,4.253634467393048,67.3076923076923,53.00701751574552,8471742,D,77.0,224.0,1987-08-08,CAN,2005.0,3.0,79.0,R,22,"[None, None, None, None, 80]","[None, None, None, None, 75]","[None, None, None, None, 62]","[None, None, None, None, 'NSH']"
2009-2010,Colin White,NJD,D,69.6,43.2,73.6,,79.1,72.2,42.7,2.6,34.8,58.1,87.2,32.6,46.7,89.4,74.9,70,130,61,,40.0,64,131,222,149,48,30,154,122,25,58,227,130,187,Second Pair,81.0,1626.0666666666666,2.0,11.0,13.0,1.2528004375460149,52.94117647058824,51.77988983607978,8465005,D,76.0,215.0,1977-12-12,CAN,1996.0,2.0,49.0,L,31,"[None, None, None, None, 69]","[None, None, None, None, 43]","[None, None, None, None, 73]","[None, None, None, None, 'NJD']"
2009-2010,Cory Sarich,CGY,D,7.5,70.5,55.1,,81.3,15.9,7.5,55.5,55.9,0.9,92.5,76.7,74.0,66.5,33.9,211,68,103,,36.0,192,195,102,101,129,18,54,60,77,151,227,130,187,Third Pair,57.0,909.0166666666668,0.0,6.0,6.0,2.034385515531925,50.0,52.235798405661384,8464981,D,76.0,207.0,1978-08-16,CAN,1996.0,2.0,27.0,R,31,"[None, None, None, None, 7]","[None, None, None, None, 70]","[None, None, None, None, 55]","[None, None, None, None, 'CGY']"
2009-2010,Craig Rivet,BUF,D,22.9,53.3,67.4,16.2,52.9,19.4,20.7,40.1,65.6,14.3,27.3,43.6,44.1,48.5,52.4,176,107,75,110.0,89.0,184,181,137,79,101,166,129,128,118,109,227,130,187,Second Pair,78.0,1421.1333333333334,1.0,14.0,15.0,3.262975438303939,46.666666666666664,50.45506294726951,8459004,D,74.0,207.0,1974-09-13,CAN,1992.0,3.0,68.0,R,34,"[None, None, None, None, 22]","[None, None, None, None, 53]","[None, None, None, None, 67]","[None, None, None, None, 'BUF']"
2009-2010,Dan Boyle,SJS,D,98.2,95.6,86.3,99.2,86.6,75.8,89.0,93.8,93.8,22.2,6.2,11.9,16.7,56.4,74.4,5,11,32,2.0,26.0,56,26,15,15,86,214,201,190,100,59,227,130,187,First Pair,76.0,1992.3333333333333,15.0,42.0,57.0,13.450697762959646,55.639097744360896,53.004982990650575,8467096,D,71.0,194.0,1976-07-12,CAN,,,,R,33,"[None, None, None, None, 98]","[None, None, None, None, 95]","[None, None, None, None, 86]","[None, None, None, None, 'SJS']"
2009-2010,Dan Girardi,NYR,D,11.5,55.9,1.8,,84.5,78.4,62.6,54.6,46.3,38.3,84.6,20.3,12.8,53.3,84.6,202,101,224,,30.0,50,86,104,123,68,36,182,199,107,36,227,130,187,Second Pair,82.0,1761.55,6.0,19.0,25.0,4.980846635520406,46.61016949152542,46.18061747695983,8471958,D,73.0,212.0,1984-04-29,CAN,,,,R,25,"[None, None, None, None, 11]","[None, None, None, None, 55]","[None, None, None, None, 1]","[None, None, None, None, 'NYR']"
2009-2010,Dan Hamhuis,NSH,D,83.7,81.9,46.3,,78.1,68.3,63.0,68.3,58.6,81.9,59.5,20.7,13.2,67.8,64.3,38,42,123,,42.0,73,85,73,95,29,93,181,198,74,82,227,130,187,Second Pair,78.0,1657.9166666666667,5.0,19.0,24.0,4.760158203534906,50.0,50.51554440555565,8469465,D,73.0,204.0,1982-12-13,CAN,2001.0,1.0,12.0,L,26,"[None, None, None, None, 83]","[None, None, None, None, 81]","[None, None, None, None, 46]","[None, None, None, None, 'NSH']"
2009-2010,Darryl Sydor,STL,D,33.0,19.4,30.0,,20.3,37.9,7.5,8.8,47.1,78.6,8.4,86.3,81.9,37.4,14.5,153,184,160,,150.0,142,195,208,121,33,209,32,42,143,195,227,130,187,Third Pair,47.0,785.2833333333333,0.0,7.0,7.0,1.0663997324578174,42.5,46.10304464023698,8458172,D,73.0,211.0,1972-05-13,CAN,1990.0,1.0,7.0,L,37,"[None, None, None, None, 33]","[None, None, None, None, 19]","[None, None, None, None, 30]","[None, None, None, None, 'STL']"
2009-2010,David Hale,TBL,D,53.3,41.4,52.4,,32.6,43.2,7.5,13.2,75.3,67.4,77.5,79.3,90.7,22.0,32.6,107,134,109,,127.0,130,195,198,57,41,52,48,22,178,154,227,130,187,Third Pair,39.0,548.15,0.0,4.0,4.0,0.7650908508494678,42.857142857142854,43.09579838103723,8468502,D,73.0,222.0,1981-06-18,USA,2000.0,1.0,22.0,L,28,"[None, None, None, None, 53]","[None, None, None, None, 41]","[None, None, None, None, 52]","[None, None, None, None, 'TBL']"
2009-2010,David Schlemko,PHX,D,63.4,62.6,36.1,59.2,,53.3,79.7,81.1,85.9,74.9,21.6,100.0,99.1,94.3,4.4,84,86,146,54.0,,107,47,44,33,36,179,1,3,14,218,227,130,187,Third Pair,17.0,303.01666666666665,1.0,4.0,5.0,1.0312700868741804,57.14285714285714,53.04953149835414,8473673,D,73.0,191.0,1987-05-07,CAN,,,,L,22,"[None, None, None, None, 63]","[None, None, None, None, 62]","[None, None, None, None, 36]","[None, None, None, None, 'PHX']"
2009-2010,Davis Drewiske,LAK,D,77.1,40.5,77.1,,53.5,34.8,7.5,12.3,87.7,85.2,44.1,89.0,84.6,73.1,44.5,53,136,53,,88.0,149,195,200,29,26,128,26,36,62,127,227,130,187,Third Pair,42.0,640.3,1.0,7.0,8.0,1.7218247189923572,41.66666666666667,53.429419991347515,8474518,D,74.0,222.0,1984-11-22,USA,,,,L,24,"[None, None, None, None, 77]","[None, None, None, None, 40]","[None, None, None, None, 77]","[None, None, None, None, 'LAK']"
2009-2010,Denis Grebeshkov,NSH,D,13.7,64.8,4.0,8.5,29.4,89.9,99.1,63.4,55.1,34.4,14.5,64.8,67.8,2.6,78.0,197,81,219,120.0,133.0,24,3,84,103,72,195,81,74,222,51,227,130,187,Second Pair,51.0,1091.5333333333333,7.0,14.0,21.0,3.147886114190866,38.88888888888889,42.772031445548286,8470268,D,72.0,206.0,1983-10-11,RUS,2002.0,1.0,18.0,L,25,"[None, None, None, None, 13]","[None, None, None, None, 64]","[None, None, None, None, 4]","[None, None, None, None, 'NSH']"
2009-2010,Dennis Seidenberg,BOS,D,74.4,75.8,32.2,33.1,39.6,12.3,32.6,49.8,53.7,93.2,88.5,7.9,18.5,25.1,51.1,59,56,155,88.0,114.0,200,154,115,106,16,27,210,186,171,112,227,130,187,First Pair,79.0,1810.75,4.0,26.0,30.0,5.821491427246826,53.40909090909091,48.8320893892363,8469619,D,72.0,199.0,1981-07-18,DEU,2001.0,6.0,172.0,L,28,"[None, None, None, None, 74]","[None, None, None, None, 75]","[None, None, None, None, 32]","[None, None, None, None, 'BOS']"
2009-2010,Dennis Wideman,BOS,D,78.4,92.1,54.2,53.8,12.3,78.9,65.2,58.6,25.1,51.3,40.1,23.3,13.7,81.9,30.8,50,19,105,61.0,165.0,49,80,95,171,56,137,175,197,42,158,227,130,187,First Pair,76.0,1790.2833333333333,6.0,24.0,30.0,6.593324738702139,42.10526315789473,51.68974673231092,8469770,D,72.0,202.0,1983-03-20,CAN,2002.0,8.0,241.0,R,26,"[None, None, None, None, 78]","[None, None, None, None, 92]","[None, None, None, None, 54]","[None, None, None, None, 'BOS']"
2009-2010,Derek Joslin,SJS,D,46.7,47.6,29.1,,,46.7,7.5,23.3,3.1,67.4,11.5,95.6,97.8,73.6,96.5,122,120,162,,,122,195,175,221,41,202,11,6,61,9,227,130,187,Third Pair,24.0,333.15,0.0,3.0,3.0,0.7186795044904414,47.82608695652174,45.362064212831264,8471810,D,73.0,210.0,1987-03-17,CAN,2005.0,5.0,149.0,L,22,"[None, None, None, None, 46]","[None, None, None, None, 47]","[None, None, None, None, 29]","[None, None, None, None, 'SJS']"
2009-2010,Derek Meech,DET,D,64.8,32.2,43.6,50.0,,26.4,43.2,95.6,71.8,86.3,52.4,93.4,86.8,41.0,34.8,81,155,129,66.0,,168,130,11,65,25,109,16,31,135,149,227,130,187,Fringe,49.0,583.6833333333333,2.0,4.0,6.0,3.025387082717028,28.57142857142857,46.823864720537145,8470061,D,71.0,200.0,1984-04-21,CAN,2002.0,7.0,229.0,L,25,"[None, None, None, None, 64]","[None, None, None, None, 32]","[None, None, None, None, 43]","[None, None, None, None, 'DET']"
2009-2010,Derek Morris,PHX,D,43.2,51.5,84.1,13.8,87.7,35.7,37.0,43.2,24.2,18.1,11.9,37.4,32.6,96.0,63.4,130,111,37,113.0,24.0,147,144,130,173,94,201,143,154,10,84,227,130,187,Second Pair,76.0,1629.7833333333333,4.0,23.0,27.0,4.473209426868899,50.57471264367817,53.94918765433086,8464966,D,72.0,210.0,1978-08-24,CAN,1996.0,1.0,13.0,R,31,"[None, None, None, None, 43]","[None, None, None, None, 51]","[None, None, None, None, 84]","[None, None, None, None, 'PHX']"
2009-2010,Dion Phaneuf,TOR,D,55.1,90.3,5.3,23.8,28.9,9.3,61.2,82.8,38.8,80.6,79.7,27.3,6.6,38.3,68.3,103,23,216,100.0,134.0,207,89,40,140,30,47,166,213,141,73,227,130,187,First Pair,81.0,1963.5,10.0,21.0,31.0,11.347501182156261,48.598130841121495,48.60159836802312,8470602,D,76.0,222.0,1985-04-10,CAN,2003.0,1.0,9.0,L,24,"[None, None, None, None, 55]","[None, None, None, None, 90]","[None, None, None, None, 5]","[None, None, None, None, 'TOR']"
2009-2010,Dmitry Kulikov,FLA,D,15.4,29.1,15.9,3.8,,29.5,47.6,46.7,27.3,47.1,70.0,58.1,56.8,4.0,23.3,193,162,192,126.0,,161,120,122,166,60,69,96,99,219,175,227,130,187,Third Pair,68.0,1219.6666666666667,3.0,14.0,17.0,5.275758547253764,49.122807017543856,45.23621048645949,8475179,D,73.0,212.0,1990-10-29,RUS,2009.0,1.0,14.0,L,18,"[None, None, None, None, 15]","[None, None, None, None, 29]","[None, None, None, None, 15]","[None, None, None, None, 'FLA']"
2009-2010,Douglas Murray,SJS,D,18.1,49.8,34.4,,21.9,81.9,55.5,21.6,51.5,16.3,96.9,18.5,26.4,93.8,91.2,187,115,150,,147.0,42,102,179,111,97,8,186,168,15,21,227,130,187,Second Pair,79.0,1606.8333333333333,4.0,13.0,17.0,2.988840868734519,51.4018691588785,50.06408858038073,8468114,D,75.0,240.0,1980-03-12,SWE,1999.0,8.0,241.0,L,29,"[None, None, None, None, 18]","[None, None, None, None, 49]","[None, None, None, None, 34]","[None, None, None, None, 'SJS']"
2009-2010,Drew Doughty,LAK,D,96.9,79.3,90.7,89.2,55.1,96.9,85.5,60.4,88.1,83.5,67.0,30.0,8.8,71.8,88.5,8,48,22,15.0,85.0,8,34,91,28,28,76,160,208,65,27,227,130,187,First Pair,82.0,2047.95,16.0,43.0,59.0,9.374900611981552,57.89473684210527,54.53216796947475,8474563,D,73.0,210.0,1989-12-08,CAN,2008.0,1.0,2.0,R,19,"[None, None, None, None, 96]","[None, None, None, None, 79]","[None, None, None, None, 90]","[None, None, None, None, 'LAK']"
2009-2010,Duncan Keith,CHI,D,93.8,100.0,85.0,22.3,41.2,96.5,87.7,85.5,98.7,24.9,2.6,9.7,0.4,98.7,72.2,15,1,35,102.0,111.0,9,29,34,4,83,222,206,227,4,64,227,130,187,First Pair,82.0,2180.5666666666666,14.0,52.0,66.0,9.908479015644124,54.248366013071895,56.05538558901431,8470281,D,73.0,192.0,1983-07-16,CAN,2002.0,2.0,54.0,L,26,"[None, None, None, None, 93]","[None, None, None, None, 100]","[None, None, None, None, 85]","[None, None, None, None, 'CHI']"
2009-2010,Ed Jovanovski,PHX,D,26.0,57.3,59.9,64.6,19.8,85.0,68.3,70.9,85.5,13.0,61.2,56.4,54.2,30.0,99.6,169,98,92,47.0,151.0,35,73,67,34,103,89,100,105,160,2,227,130,187,Second Pair,66.0,1427.55,10.0,23.0,33.0,6.500033643039757,45.56962025316456,48.86213065052543,8460492,D,75.0,220.0,1976-06-26,CAN,1994.0,1.0,1.0,L,33,"[None, None, None, None, 26]","[None, None, None, None, 57]","[None, None, None, None, 59]","[None, None, None, None, 'PHX']"
2009-2010,Eric Brewer,STL,D,20.7,15.9,30.4,43.1,31.6,98.7,100.0,64.3,6.2,20.7,38.8,63.4,51.5,34.4,72.7,181,192,159,75.0,129.0,4,1,82,214,89,140,84,111,150,63,227,130,187,Second Pair,59.0,1265.25,8.0,7.0,15.0,3.4633781238344237,40.50632911392405,47.789788511509315,8466142,D,76.0,216.0,1979-04-17,CAN,1997.0,1.0,5.0,L,30,"[None, None, None, None, 20]","[None, None, None, None, 15]","[None, None, None, None, 30]","[None, None, None, None, 'STL']"
2009-2010,Erik Johnson,STL,D,39.2,88.5,10.1,88.5,62.6,24.7,67.0,96.9,65.2,18.7,25.1,52.4,26.0,26.9,55.9,139,27,205,16.0,71.0,172,76,8,80,93,171,109,169,167,101,227,130,187,Second Pair,79.0,1693.9166666666667,11.0,27.0,38.0,10.486730894109485,52.47524752475248,50.27673758837046,8473446,D,76.0,225.0,1988-03-21,USA,2006.0,1.0,1.0,R,21,"[None, None, None, None, 39]","[None, None, None, None, 88]","[None, None, None, None, 10]","[None, None, None, None, 'STL']"
2009-2010,Erik Karlsson,OTT,D,62.6,48.0,47.1,4.6,,23.3,67.4,84.1,45.4,90.3,30.8,68.3,51.1,62.6,19.8,86,119,121,125.0,,175,75,37,125,19,158,73,112,86,183,227,130,187,Second Pair,60.0,1206.8,5.0,22.0,27.0,5.768974178490195,42.465753424657535,51.42865893244672,8474578,D,72.0,185.0,1990-05-31,SWE,2008.0,1.0,15.0,R,19,"[None, None, None, None, 62]","[None, None, None, None, 48]","[None, None, None, None, 47]","[None, None, None, None, 'OTT']"
2009-2010,Fedor Tyutin,CBJ,D,51.5,6.2,89.4,90.8,14.4,21.1,54.6,14.5,16.3,37.0,48.9,17.6,22.9,27.3,95.6,111,214,25,13.0,161.0,180,104,195,191,70,117,188,176,166,11,227,130,187,First Pair,80.0,1881.8166666666664,7.0,26.0,33.0,7.268247386767558,47.57281553398058,46.7333825025502,8469492,D,74.0,221.0,1983-07-19,RUS,2001.0,2.0,40.0,L,26,"[None, None, None, None, 51]","[None, None, None, None, 6]","[None, None, None, None, 89]","[None, None, None, None, 'CBJ']"
2009-2010,Filip Kuba,OTT,D,35.2,78.0,43.2,79.2,1.6,30.8,26.4,36.6,99.1,27.8,2.2,75.3,65.2,55.9,83.7,148,51,130,28.0,185.0,158,168,145,3,79,223,57,80,101,38,227,130,187,First Pair,53.0,1211.05,3.0,25.0,28.0,3.8960713315439826,45.0,52.82223500363743,8462225,D,76.0,225.0,1976-12-29,CZE,1995.0,8.0,192.0,L,32,"[None, None, None, None, 35]","[None, None, None, None, 78]","[None, None, None, None, 43]","[None, None, None, None, 'OTT']"
2009-2010,Francis Bouillon,NSH,D,9.3,11.9,6.6,76.2,34.8,12.8,17.6,28.6,2.6,39.6,72.2,24.2,24.2,76.7,55.5,207,201,213,32.0,123.0,199,188,163,222,67,64,173,173,54,102,227,130,187,Second Pair,81.0,1563.5333333333333,2.0,7.0,9.0,3.9330429109041884,50.72463768115942,47.47304892419151,8465914,D,68.0,194.0,1975-10-17,USA,,,,L,33,"[None, None, None, None, 9]","[None, None, None, None, 11]","[None, None, None, None, 6]","[None, None, None, None, 'NSH']"
2009-2010,Francois Beauchemin,TOR,D,84.6,72.7,54.6,10.8,2.1,2.2,15.0,72.2,33.9,100.0,16.7,7.5,0.9,82.8,57.7,36,63,104,117.0,184.0,223,194,64,151,1,190,211,226,40,97,227,130,187,First Pair,82.0,2088.133333333333,5.0,19.0,24.0,8.72278969673652,44.230769230769226,51.7484646347266,8467400,D,71.0,208.0,1980-06-04,CAN,1998.0,3.0,75.0,L,29,"[None, None, None, None, 84]","[None, None, None, None, 72]","[None, None, None, None, 54]","[None, None, None, None, 'TOR']"
2009-2010,Freddy Meyer,NYI,D,85.9,87.2,79.3,,36.9,77.5,88.5,80.6,68.7,53.3,95.6,51.1,60.4,33.5,55.1,33,30,48,,119.0,52,27,45,72,54,11,112,91,152,103,227,130,187,Third Pair,64.0,1073.0666666666666,5.0,10.0,15.0,3.56774743253094,47.94520547945205,53.13633389324956,8470578,D,70.0,185.0,1981-01-04,USA,,,,L,28,"[None, None, None, None, 85]","[None, None, None, None, 87]","[None, None, None, None, 79]","[None, None, None, None, 'NYI']"
2009-2010,Garnet Exelby,TOR,D,27.3,30.0,42.3,,58.3,55.5,52.9,8.4,26.0,26.9,97.8,89.4,92.1,60.4,16.3,166,160,132,,79.0,102,108,209,169,80,6,25,19,91,191,227,130,187,Fringe,51.0,514.9166666666666,1.0,3.0,4.0,0.5769386161988972,37.83783783783784,45.99431179657372,8468090,D,73.0,215.0,1981-08-16,CAN,1999.0,8.0,217.0,L,28,"[None, None, None, None, 27]","[None, None, None, None, 30]","[None, None, None, None, 42]","[None, None, None, None, 'TOR']"
2009-2010,Greg Zanon,MIN,D,56.4,0.4,99.6,,98.9,36.6,16.3,1.8,19.8,57.3,73.6,0.4,3.1,59.0,81.5,100,227,2,,3.0,145,191,224,183,49,61,227,221,94,43,227,130,187,First Pair,81.0,1811.8833333333337,2.0,14.0,16.0,1.8907463386520351,45.45454545454545,48.15262035530595,8468636,D,71.0,201.0,1980-06-05,CAN,2000.0,5.0,156.0,L,29,"[None, None, None, None, 56]","[None, None, None, None, 0]","[None, None, None, None, 99]","[None, None, None, None, 'MIN']"
2009-2010,Hal Gill,MTL,D,6.2,2.6,55.5,,89.8,69.2,44.1,3.1,13.2,6.2,45.4,37.0,49.8,16.3,46.3,214,222,102,,20.0,71,128,221,198,117,125,144,115,191,123,227,130,187,Second Pair,68.0,1247.35,2.0,7.0,9.0,1.6408258778483917,42.857142857142854,46.4269992543277,8459628,D,79.0,243.0,1975-04-06,USA,1993.0,8.0,207.0,L,34,"[None, None, None, None, 6]","[None, None, None, None, 2]","[None, None, None, None, 55]","[None, None, None, None, 'MTL']"
2009-2010,Henrik Tallinder,BUF,D,54.2,42.3,74.0,,7.5,80.6,64.8,41.0,64.3,52.4,32.6,14.1,19.8,44.1,90.3,105,132,60,,174.0,45,81,135,82,55,154,196,183,128,23,227,130,187,Second Pair,82.0,1690.2833333333333,4.0,15.0,19.0,2.836554084410157,54.310344827586206,49.12081811214323,8466182,D,76.0,209.0,1979-01-10,SWE,1997.0,2.0,48.0,L,30,"[None, None, None, None, 54]","[None, None, None, None, 42]","[None, None, None, None, 74]","[None, None, None, None, 'BUF']"
2009-2010,Ian White,CGY,D,77.5,89.4,64.3,26.9,23.5,99.6,93.8,77.5,78.4,26.4,4.8,16.7,1.3,83.3,69.6,52,25,82,96.0,144.0,2,15,52,50,81,217,190,225,39,70,227,130,187,First Pair,83.0,1891.4833333333331,12.0,24.0,36.0,8.010210378214294,54.6875,53.55538242284873,8470273,D,70.0,191.0,1984-06-04,CAN,2002.0,6.0,191.0,R,25,"[None, None, None, None, 77]","[None, None, None, None, 89]","[None, None, None, None, 64]","[None, None, None, None, 'CGY']"
2009-2010,Jack Hillen,NYI,D,41.9,89.9,5.7,67.7,5.9,7.0,21.1,81.9,91.2,62.8,30.4,42.3,45.8,43.6,71.8,133,24,215,43.0,177.0,212,180,42,21,44,159,132,124,129,65,227,130,187,Second Pair,69.0,1427.8,3.0,17.0,20.0,5.134801955063206,47.674418604651166,49.69315606505817,8474519,D,70.0,190.0,1986-01-24,USA,,,,L,23,"[None, None, None, None, 41]","[None, None, None, None, 89]","[None, None, None, None, 5]","[None, None, None, None, 'NYI']"
2009-2010,Jack Johnson,LAK,D,2.6,10.1,2.6,20.8,10.2,85.9,63.9,52.0,50.7,35.9,70.5,37.9,12.3,77.1,57.3,222,205,222,104.0,169.0,33,83,110,113,71,68,142,200,53,98,227,130,187,First Pair,80.0,1809.0,8.0,28.0,36.0,6.445869341678046,42.97520661157025,47.894727640632674,8471677,D,74.0,225.0,1987-01-13,USA,2005.0,1.0,3.0,L,22,"[None, None, None, None, 2]","[None, None, None, None, 10]","[None, None, None, None, 2]","[None, None, None, None, 'LAK']"
2009-2010,James Wisniewski,ANA,D,88.5,89.0,16.7,63.1,5.3,1.3,18.9,92.5,70.0,99.6,57.7,31.3,35.2,36.6,96.9,27,26,190,49.0,178.0,225,185,18,69,2,97,157,148,145,8,227,130,187,First Pair,69.0,1679.9333333333334,3.0,26.0,29.0,7.197047269779299,47.674418604651166,47.42438070521663,8470222,D,71.0,203.0,1984-02-21,USA,2002.0,5.0,156.0,R,25,"[None, None, None, None, 88]","[None, None, None, None, 89]","[None, None, None, None, 16]","[None, None, None, None, 'ANA']"
2009-2010,Jamie McBain,CAR,D,81.5,63.0,31.3,46.2,48.7,59.5,81.1,44.9,15.9,96.9,7.9,99.1,99.6,6.2,73.1,43,85,157,71.0,97.0,93,44,126,192,8,210,3,2,214,62,227,130,187,First Pair,14.0,360.9166666666667,3.0,6.0,9.0,0.9128896051301422,63.63636363636363,47.268748025859495,8473571,D,73.0,195.0,1988-02-25,USA,2006.0,2.0,63.0,R,21,"[None, None, None, None, 81]","[None, None, None, None, 63]","[None, None, None, None, 31]","[None, None, None, None, 'CAR']"
2009-2010,Jan Hejda,CBJ,D,26.4,1.8,33.9,,96.8,67.0,44.5,15.0,18.9,64.5,76.7,30.4,48.0,19.4,97.8,168,224,151,,7.0,76,127,194,185,42,54,159,119,184,6,227,130,187,Second Pair,62.0,1280.0333333333333,3.0,10.0,13.0,1.6699198307060064,32.3943661971831,41.71243902136249,8470699,D,76.0,230.0,1978-06-18,CZE,2003.0,4.0,106.0,L,31,"[None, None, None, None, 26]","[None, None, None, None, 1]","[None, None, None, None, 33]","[None, None, None, None, 'CBJ']"
2009-2010,Jaroslav Spacek,MTL,D,48.5,42.7,52.0,82.3,48.1,15.4,34.4,37.9,12.3,46.5,12.8,9.3,26.9,12.3,83.3,118,131,110,24.0,98.0,193,150,142,200,61,199,207,167,200,39,227,130,187,Second Pair,75.0,1612.85,3.0,18.0,21.0,5.794872170985909,52.0,46.53094392202549,8467439,D,72.0,210.0,1974-02-11,CZE,1998.0,5.0,117.0,L,35,"[None, None, None, None, 48]","[None, None, None, None, 42]","[None, None, None, None, 52]","[None, None, None, None, 'MTL']"
2009-2010,Jason Demers,SJS,D,42.7,39.6,26.9,26.2,,56.8,35.7,53.7,95.6,74.9,41.0,84.6,85.0,45.4,50.2,131,138,167,97.0,,99,147,106,11,36,135,36,35,125,114,227,130,187,Third Pair,51.0,786.8,4.0,16.0,20.0,2.851492286834881,58.333333333333336,47.072550751961465,8474218,D,73.0,195.0,1988-06-09,CAN,2008.0,7.0,186.0,R,21,"[None, None, None, None, 42]","[None, None, None, None, 39]","[None, None, None, None, 26]","[None, None, None, None, 'SJS']"
2009-2010,Jason Garrison,FLA,D,42.3,23.8,69.6,,44.4,54.6,43.6,7.9,89.9,42.5,54.6,88.1,87.7,1.8,15.9,132,174,70,,105.0,104,129,210,24,65,104,28,29,224,192,227,130,187,Third Pair,39.0,590.2166666666667,2.0,6.0,8.0,1.6130574289059323,55.00000000000001,48.64272410092932,8474520,D,73.0,218.0,1984-11-13,CAN,,,,L,24,"[None, None, None, None, 42]","[None, None, None, None, 23]","[None, None, None, None, 69]","[None, None, None, None, 'FLA']"
2009-2010,Jason Strudwick,EDM,D,6.6,9.3,0.4,,17.6,39.6,7.5,0.4,29.5,89.4,33.9,49.3,50.2,1.3,67.8,213,207,227,,155.0,138,195,227,161,21,151,116,114,225,74,227,130,187,Third Pair,72.0,1219.4333333333334,0.0,5.0,5.0,0.7405484892684701,40.44943820224719,40.206949855480886,8460555,D,76.0,226.0,1975-07-17,CAN,1994.0,3.0,63.0,L,34,"[None, None, None, None, 6]","[None, None, None, None, 9]","[None, None, None, None, 0]","[None, None, None, None, 'EDM']"
2009-2010,Jay Bouwmeester,CGY,D,12.8,11.5,89.9,12.3,43.3,2.6,15.4,35.7,18.5,8.1,14.1,11.0,1.8,63.9,59.5,199,202,24,115.0,107.0,222,193,147,186,113,196,203,224,83,93,227,130,187,First Pair,82.0,2125.45,3.0,26.0,29.0,7.572731564804529,43.75,49.681447010768984,8470151,D,76.0,206.0,1983-09-27,CAN,2002.0,1.0,3.0,L,25,"[None, None, None, None, 12]","[None, None, None, None, 11]","[None, None, None, None, 89]","[None, None, None, None, 'CGY']"
2009-2010,Jay Harrison,CAR,D,41.4,41.0,58.6,,41.7,48.5,46.7,63.9,36.1,39.6,83.3,88.5,88.5,9.3,21.1,134,135,95,,110.0,118,122,83,146,67,39,27,27,207,180,227,130,187,Third Pair,38.0,559.2666666666667,1.0,5.0,6.0,1.3329842447673395,39.39393939393939,48.93731295454295,8469531,D,76.0,222.0,1982-11-03,CAN,2001.0,3.0,82.0,L,26,"[None, None, None, None, 41]","[None, None, None, None, 41]","[None, None, None, None, 58]","[None, None, None, None, 'CAR']"
2009-2010,Jay Leach,SJS,D,70.0,43.6,61.7,,64.7,40.5,7.5,33.5,7.9,78.6,59.9,93.0,92.5,36.1,13.7,69,129,88,,67.0,136,195,152,210,33,92,17,18,146,197,227,130,187,Third Pair,35.0,516.6,1.0,1.0,2.0,1.4554227179278794,50.0,53.0339139022035,8467436,D,77.0,220.0,1979-09-02,USA,1998.0,5.0,115.0,L,29,"[None, None, None, None, 70]","[None, None, None, None, 43]","[None, None, None, None, 61]","[None, None, None, None, 'SJS']"
2009-2010,Jay McKee,PIT,D,43.6,65.6,53.3,,28.3,38.3,28.2,37.4,32.2,34.4,47.1,74.0,74.4,78.9,43.6,129,79,107,,135.0,141,164,143,155,72,121,60,59,49,129,227,130,187,Third Pair,62.0,957.2333333333332,1.0,8.0,9.0,1.5796446314162766,49.29577464788733,50.7474850301269,8462045,D,76.0,203.0,1977-09-08,CAN,1995.0,1.0,14.0,L,31,"[None, None, None, None, 43]","[None, None, None, None, 65]","[None, None, None, None, 53]","[None, None, None, None, 'PIT']"
2009-2010,Jeff Finger,TOR,D,46.3,26.4,24.7,,23.0,42.7,50.7,86.8,95.2,88.5,93.0,87.2,91.2,85.0,40.5,123,168,172,,145.0,131,113,31,12,22,17,30,21,35,136,227,130,187,Third Pair,39.0,537.7333333333333,2.0,7.0,9.0,1.6088141042700155,38.63636363636363,42.34692418965716,8468113,D,73.0,209.0,1979-12-18,USA,1999.0,8.0,240.0,R,29,"[None, None, None, None, 46]","[None, None, None, None, 26]","[None, None, None, None, 24]","[None, None, None, None, 'TOR']"
2009-2010,Jeff Schultz,WSH,D,78.0,98.2,45.4,,54.5,76.2,58.6,10.1,83.3,19.8,24.2,32.2,41.4,87.2,24.2,51,5,125,,86.0,55,95,205,39,91,173,155,134,30,173,227,130,187,Second Pair,73.0,1450.1666666666667,3.0,20.0,23.0,1.6931187386958804,71.55963302752293,53.728416408693846,8471240,D,78.0,225.0,1986-02-25,CAN,2004.0,1.0,27.0,L,23,"[None, None, None, None, 78]","[None, None, None, None, 98]","[None, None, None, None, 45]","[None, None, None, None, 'WSH']"
2009-2010,Jeff Woywitka,DAL,D,65.2,45.8,33.0,,,18.9,7.5,85.0,1.3,88.5,58.6,90.7,89.9,35.2,46.7,80,124,153,,,185,195,35,225,22,95,22,24,148,122,227,130,187,Third Pair,36.0,507.65,0.0,3.0,3.0,1.5796835895453438,38.70967741935484,46.04846157733293,8469480,D,75.0,227.0,1983-09-01,CAN,2001.0,1.0,27.0,L,26,"[None, None, None, None, 65]","[None, None, None, None, 45]","[None, None, None, None, 33]","[None, None, None, None, 'DAL']"
2009-2010,Jim Vandermeer,PHX,D,20.3,44.9,76.7,,15.5,84.1,87.2,74.0,40.5,7.5,93.8,57.7,59.9,75.3,41.4,182,126,54,,159.0,37,30,60,136,114,15,97,92,57,134,227,130,187,Third Pair,62.0,1096.3833333333334,5.0,7.0,12.0,2.7912365663595944,51.5625,50.8896579948684,8468213,D,73.0,210.0,1980-02-21,CAN,,,,L,29,"[None, None, None, None, 20]","[None, None, None, None, 44]","[None, None, None, None, 76]","[None, None, None, None, 'PHX']"
2009-2010,Joe Corvo,WSH,D,87.2,85.9,44.9,92.3,13.4,49.3,27.3,73.6,26.9,71.6,13.7,70.0,70.9,37.0,28.2,30,33,126,11.0,163.0,116,166,61,167,39,197,69,67,144,164,227,130,187,First Pair,52.0,1211.65,6.0,11.0,17.0,5.949634165816021,47.45762711864407,53.44598223848362,8466215,D,72.0,204.0,1977-06-20,USA,1997.0,4.0,83.0,R,32,"[None, None, None, None, 87]","[None, None, None, None, 85]","[None, None, None, None, 44]","[None, None, None, None, 'WSH']"
2009-2010,John Carlson,WSH,D,69.2,65.2,56.4,,,51.5,68.7,87.2,21.1,67.4,61.7,95.2,96.9,84.6,18.5,71,80,100,,,111,72,30,180,41,88,12,8,36,186,227,130,187,Third Pair,22.0,335.4166666666667,1.0,5.0,6.0,1.4069810998344687,64.51612903225806,59.89475755347766,8474590,D,75.0,220.0,1990-01-10,USA,2008.0,1.0,27.0,R,19,"[None, None, None, None, 69]","[None, None, None, None, 65]","[None, None, None, None, 56]","[None, None, None, None, 'WSH']"
2009-2010,John Erskine,WSH,D,36.1,55.1,15.4,,75.4,29.1,30.0,62.1,42.3,60.1,88.1,78.9,79.3,80.2,9.7,146,103,193,,47.0,162,160,87,132,46,28,49,48,46,206,227,130,187,Third Pair,50.0,798.9333333333333,1.0,5.0,6.0,2.0731409230075326,63.793103448275865,50.1645361473193,8467365,D,76.0,220.0,1980-06-26,CAN,1998.0,2.0,39.0,L,29,"[None, None, None, None, 36]","[None, None, None, None, 55]","[None, None, None, None, 15]","[None, None, None, None, 'WSH']"
2009-2010,John Scott,MIN,D,30.4,37.4,60.4,,,60.8,90.7,85.9,0.7,23.1,92.1,92.5,93.0,42.7,9.3,159,143,91,,,90,22,33,226,85,19,18,17,131,207,227,130,187,Fringe,51.0,438.76666666666665,2.0,0.0,2.0,1.504459047921118,43.75,51.98597027924957,8473722,L,80.0,260.0,1982-09-26,CAN,,,,L,26,"[None, None, None, None, 30]","[None, None, None, None, 37]","[None, None, None, None, 60]","[None, None, None, None, 'MIN']"
2009-2010,John-Michael Liles,COL,D,58.6,16.7,28.2,87.7,,52.9,56.4,40.5,78.9,83.5,12.3,76.2,71.4,24.2,17.6,95,190,164,17.0,,108,100,136,49,28,200,55,66,173,188,227,130,187,Second Pair,59.0,1089.45,6.0,26.0,32.0,4.559575801346027,53.333333333333336,46.25505010620691,8468639,D,70.0,185.0,1980-11-25,USA,2000.0,5.0,159.0,L,28,"[None, None, None, None, 58]","[None, None, None, None, 16]","[None, None, None, None, 28]","[None, None, None, None, 'COL']"
2009-2010,Johnny Boychuk,BOS,D,93.0,60.8,93.0,69.2,75.9,94.3,97.4,80.2,32.6,72.7,93.4,78.4,75.3,52.0,38.3,17,90,17,41.0,46.0,14,7,46,154,38,16,50,57,110,141,227,130,187,Third Pair,51.0,900.55,5.0,10.0,15.0,3.15056190244539,55.769230769230774,55.31967515065267,8470187,D,74.0,227.0,1984-01-19,CAN,2002.0,2.0,61.0,R,25,"[None, None, None, None, 93]","[None, None, None, None, 60]","[None, None, None, None, 93]","[None, None, None, None, 'BOS']"
2009-2010,Johnny Oduya,ATL,D,22.5,18.1,41.4,30.8,83.4,74.4,59.5,27.3,45.8,24.9,34.4,54.2,42.7,47.1,65.2,177,187,134,91.0,32.0,59,93,166,124,83,150,105,131,121,80,227,130,187,Second Pair,67.0,1424.3666666666666,3.0,10.0,13.0,2.746548602402177,53.84615384615385,47.89614156823545,8469665,D,72.0,191.0,1981-10-01,SWE,2001.0,7.0,221.0,L,27,"[None, None, None, None, 22]","[None, None, None, None, 18]","[None, None, None, None, 41]","[None, None, None, None, 'ATL']"
2009-2010,Jonathan Ericsson,DET,D,24.7,26.9,44.1,,33.2,62.6,71.8,78.9,19.4,27.8,56.8,72.7,59.0,70.5,7.0,172,167,128,,126.0,86,65,49,184,79,99,63,94,68,212,227,130,187,Third Pair,62.0,1035.7833333333333,4.0,8.0,12.0,2.7959743974108284,39.24050632911392,50.610531031195926,8470318,D,76.0,218.0,1984-03-02,SWE,2002.0,9.0,291.0,L,25,"[None, None, None, None, 24]","[None, None, None, None, 26]","[None, None, None, None, 44]","[None, None, None, None, 'DET']"
2009-2010,Joni Pitkanen,CAR,D,5.3,90.7,0.9,91.5,65.2,4.4,61.7,96.0,96.5,4.8,37.9,22.9,9.7,6.6,59.0,216,22,226,12.0,66.0,218,88,10,9,120,142,176,206,213,94,227,130,187,First Pair,71.0,1943.65,6.0,39.0,45.0,8.749681898472456,49.122807017543856,45.79397198081504,8470137,D,75.0,220.0,1983-09-19,FIN,2002.0,1.0,4.0,L,25,"[None, None, None, None, 5]","[None, None, None, None, 90]","[None, None, None, None, 0]","[None, None, None, None, 'CAR']"
2009-2010,Jordan Hendry,CHI,D,76.2,55.5,63.9,,,59.9,83.3,89.9,44.1,85.2,78.0,93.8,88.1,98.2,8.8,55,102,83,,,92,39,24,128,26,51,15,28,5,208,227,130,187,Fringe,43.0,509.5833333333333,2.0,6.0,8.0,1.7507807156567217,56.41025641025641,56.437328379645265,8472370,D,72.0,194.0,1984-02-23,CAN,,,,L,25,"[None, None, None, None, 76]","[None, None, None, None, 55]","[None, None, None, None, 63]","[None, None, None, None, 'CHI']"
2009-2010,Jordan Leopold,PIT,D,34.4,2.2,72.7,38.5,30.5,96.0,96.5,83.7,74.4,57.3,21.1,16.3,16.3,19.8,79.3,150,223,63,81.0,131.0,10,9,38,59,49,180,191,191,183,48,227,130,187,Second Pair,81.0,1776.5833333333333,11.0,15.0,26.0,5.550841234857121,50.98039215686274,47.1052909717396,8467917,D,73.0,206.0,1980-08-03,USA,1999.0,2.0,44.0,L,29,"[None, None, None, None, 34]","[None, None, None, None, 2]","[None, None, None, None, 72]","[None, None, None, None, 'PIT']"
2009-2010,Josh Gorges,MTL,D,52.0,4.4,91.2,62.3,80.2,57.3,33.5,7.0,7.5,45.6,46.3,7.0,19.4,7.9,67.4,110,218,21,50.0,38.0,98,152,212,211,62,123,212,184,210,75,227,130,187,Second Pair,82.0,1723.2,2.0,7.0,9.0,3.010845160664608,49.382716049382715,48.314745035517966,8470324,D,73.0,204.0,1984-08-14,CAN,,,,L,25,"[None, None, None, None, 52]","[None, None, None, None, 4]","[None, None, None, None, 91]","[None, None, None, None, 'MTL']"
2009-2010,Karl Alzner,WSH,D,66.1,51.1,50.2,,71.1,47.1,7.5,24.7,97.8,74.9,40.5,94.7,97.4,74.0,3.1,78,112,114,,55.0,121,195,172,6,36,136,13,7,60,221,227,130,187,Third Pair,21.0,344.4166666666667,0.0,5.0,5.0,1.2883158951358613,46.666666666666664,49.23196449263788,8473991,D,75.0,213.0,1988-09-24,CAN,2007.0,1.0,5.0,L,20,"[None, None, None, None, 66]","[None, None, None, None, 51]","[None, None, None, None, 50]","[None, None, None, None, 'WSH']"
2009-2010,Karlis Skrastins,DAL,D,15.0,25.1,14.5,,9.1,41.4,36.1,33.0,62.1,39.6,26.0,39.6,30.4,37.9,75.8,194,171,195,,171.0,134,146,153,87,67,169,138,159,142,56,227,130,187,Second Pair,79.0,1546.15,2.0,11.0,13.0,2.638434241232468,46.875,47.39766964878939,8467519,D,74.0,208.0,1974-07-09,LVA,1998.0,9.0,230.0,L,35,"[None, None, None, None, 15]","[None, None, None, None, 25]","[None, None, None, None, 14]","[None, None, None, None, 'DAL']"
2009-2010,Keith Ballard,FLA,D,21.6,33.0,10.6,36.2,11.2,92.5,88.1,38.8,22.5,54.4,62.6,2.2,15.4,5.3,76.2,179,153,204,84.0,167.0,18,28,140,177,52,86,223,193,216,55,227,130,187,First Pair,82.0,1837.4,8.0,19.0,27.0,5.609252011271155,48.62385321100918,45.00293027629239,8470054,D,71.0,204.0,1982-11-26,USA,2002.0,1.0,11.0,L,26,"[None, None, None, None, 21]","[None, None, None, None, 33]","[None, None, None, None, 10]","[None, None, None, None, 'FLA']"
2009-2010,Keith Yandle,PHX,D,100.0,99.1,87.2,7.7,,89.4,95.2,99.6,93.4,98.2,6.6,48.0,29.1,66.1,17.2,1,3,30,121.0,,25,12,2,16,5,213,119,162,78,189,227,130,187,Second Pair,82.0,1658.8,12.0,29.0,41.0,9.762162815316412,63.41463414634146,55.44320404166576,8471735,D,73.0,192.0,1986-09-09,USA,2005.0,4.0,105.0,L,22,"[None, None, None, None, 100]","[None, None, None, None, 99]","[None, None, None, None, 87]","[None, None, None, None, 'PHX']"
2009-2010,Kent Huskins,SJS,D,30.0,7.5,77.5,,60.4,75.3,59.0,11.5,85.0,31.7,26.9,41.4,38.8,51.1,33.5,160,211,52,,75.0,57,94,202,35,74,167,134,140,112,152,227,130,187,Third Pair,82.0,1433.95,3.0,19.0,22.0,2.602388579068643,56.81818181818182,50.13085917378067,8467478,D,76.0,210.0,1979-05-04,CAN,1998.0,6.0,156.0,L,30,"[None, None, None, None, 30]","[None, None, None, None, 7]","[None, None, None, None, 77]","[None, None, None, None, 'SJS']"
2009-2010,Kevin Bieksa,VAN,D,49.8,64.3,51.5,23.1,9.6,11.0,53.3,93.4,78.0,67.4,41.4,61.2,63.9,76.2,31.3,115,82,111,101.0,170.0,203,107,16,51,41,134,89,83,55,157,227,130,187,Second Pair,55.0,1200.3333333333333,3.0,18.0,21.0,5.295163007124452,48.52941176470589,52.22638659778352,8469598,D,73.0,197.0,1981-06-16,CAN,2001.0,5.0,151.0,R,28,"[None, None, None, None, 49]","[None, None, None, None, 64]","[None, None, None, None, 51]","[None, None, None, None, 'VAN']"
2009-2010,Kevin Klein,NSH,D,44.1,26.0,74.9,,51.9,6.2,7.5,26.0,23.8,48.2,41.9,6.2,10.6,54.2,85.9,128,169,58,,91.0,214,195,169,174,58,133,214,204,105,33,227,130,187,Second Pair,81.0,1613.8166666666666,1.0,9.0,10.0,2.7730224353890587,39.784946236559136,49.04712911677422,8470630,D,73.0,206.0,1984-12-13,CAN,2003.0,2.0,37.0,R,24,"[None, None, None, None, 44]","[None, None, None, None, 26]","[None, None, None, None, 74]","[None, None, None, None, 'NSH']"
2009-2010,Kim Johnsson,CHI,D,87.7,67.0,79.7,30.0,95.2,78.0,82.4,86.3,67.4,74.9,7.5,49.8,53.3,62.1,37.9,29,76,47,92.0,10.0,51,41,32,75,36,211,115,107,87,142,227,130,187,First Pair,60.0,1367.2333333333331,7.0,10.0,17.0,6.03517580983951,54.761904761904766,53.26716048089477,8460770,D,73.0,193.0,1976-03-16,SWE,1994.0,11.0,286.0,L,33,"[None, None, None, None, 87]","[None, None, None, None, 67]","[None, None, None, None, 79]","[None, None, None, None, 'CHI']"
2009-2010,Kimmo Timonen,PHI,D,96.5,84.6,80.2,98.5,93.0,14.5,37.4,59.0,30.4,62.8,37.4,43.2,32.2,84.1,54.6,9,36,46,3.0,14.0,195,143,94,159,44,143,130,155,37,104,227,130,187,First Pair,82.0,1876.3833333333337,6.0,33.0,39.0,6.770867533506168,48.19277108433735,55.24511741396335,8459670,D,70.0,194.0,1975-03-18,FIN,1993.0,10.0,250.0,L,34,"[None, None, None, None, 96]","[None, None, None, None, 84]","[None, None, None, None, 80]","[None, None, None, None, 'PHI']"
2009-2010,Kris Letang,PIT,D,65.6,99.6,4.8,6.2,80.7,0.9,39.6,95.2,92.5,70.3,64.3,46.3,36.6,91.6,71.4,79,2,217,123.0,37.0,226,138,12,18,40,82,123,145,20,66,227,130,187,Second Pair,73.0,1573.9166666666667,3.0,24.0,27.0,8.93722379525089,53.70370370370371,53.013104132000045,8471724,D,72.0,199.0,1987-04-24,CAN,2005.0,3.0,62.0,R,22,"[None, None, None, None, 65]","[None, None, None, None, 99]","[None, None, None, None, 4]","[None, None, None, None, 'PIT']"
2009-2010,Kris Russell,CBJ,D,75.3,50.7,80.6,11.5,,59.0,91.6,91.2,48.9,81.9,65.2,53.7,48.5,21.1,36.6,57,113,45,116.0,,94,20,21,117,29,80,106,118,180,145,227,130,187,Second Pair,70.0,1301.05,7.0,16.0,23.0,6.397971239708727,54.285714285714285,49.49116275283846,8471729,D,70.0,170.0,1987-05-02,CAN,2005.0,3.0,67.0,L,22,"[None, None, None, None, 75]","[None, None, None, None, 50]","[None, None, None, None, 80]","[None, None, None, None, 'CBJ']"
2009-2010,Kurtis Foster,TBL,D,55.5,34.8,70.0,76.9,,82.8,90.3,76.2,66.1,37.9,28.2,67.4,64.8,28.6,7.5,102,149,69,31.0,,40,23,55,78,69,164,75,81,163,211,227,130,187,Third Pair,71.0,1220.2,8.0,34.0,42.0,6.647170550422267,51.89873417721519,48.87987325763672,8468520,D,77.0,225.0,1981-11-24,CAN,2000.0,2.0,40.0,R,27,"[None, None, None, None, 55]","[None, None, None, None, 34]","[None, None, None, None, 70]","[None, None, None, None, 'TBL']"
2009-2010,Kyle Cumiskey,COL,D,93.4,79.7,69.2,17.7,81.8,71.8,85.0,89.0,51.1,96.5,22.9,53.3,57.3,13.2,49.3,16,47,71,108.0,35.0,65,35,26,112,9,176,107,98,198,116,227,130,187,Second Pair,61.0,1207.5333333333333,7.0,13.0,20.0,4.687613049135568,48.19277108433735,48.999886528295825,8471879,D,71.0,180.0,1986-12-02,CAN,2005.0,7.0,222.0,L,22,"[None, None, None, None, 93]","[None, None, None, None, 79]","[None, None, None, None, 69]","[None, None, None, None, 'COL']"
2009-2010,Kyle Quincey,COL,D,45.8,73.6,51.1,56.2,31.0,52.4,77.1,76.7,31.7,28.6,44.9,1.8,20.7,13.7,86.8,124,61,112,58.0,130.0,109,53,54,156,78,126,224,181,197,31,227,130,187,First Pair,79.0,1865.2166666666667,6.0,25.0,31.0,7.334090136364072,54.285714285714285,48.268288405243965,8470724,D,74.0,210.0,1985-08-12,CAN,2003.0,4.0,132.0,L,24,"[None, None, None, None, 45]","[None, None, None, None, 73]","[None, None, None, None, 51]","[None, None, None, None, 'COL']"
2009-2010,Ladislav Smid,EDM,D,73.1,39.2,62.1,,76.5,53.7,26.9,3.5,41.9,85.2,68.3,59.9,70.5,10.6,78.9,62,139,87,,45.0,106,167,220,133,26,73,92,68,204,49,227,130,187,Second Pair,51.0,978.1833333333334,1.0,8.0,9.0,0.9873622743845254,53.03030303030303,48.05313014892748,8471222,D,76.0,210.0,1986-02-01,CZE,2004.0,1.0,9.0,L,23,"[None, None, None, None, 73]","[None, None, None, None, 39]","[None, None, None, None, 62]","[None, None, None, None, 'EDM']"
2009-2010,Lubomir Visnovsky,ANA,D,94.7,93.8,20.3,81.5,,100.0,99.6,89.4,27.8,91.4,4.0,26.9,27.8,3.1,63.0,13,15,182,25.0,,1,2,25,165,18,219,167,165,221,85,227,130,187,Second Pair,73.0,1598.9333333333334,16.0,29.0,45.0,9.227934481979927,46.666666666666664,48.42811858159655,8468598,D,70.0,192.0,1976-08-11,SVK,2000.0,4.0,118.0,L,33,"[None, None, None, None, 94]","[None, None, None, None, 93]","[None, None, None, None, 20]","[None, None, None, None, 'ANA']"
2009-2010,Lukas Krajicek,PHI,D,45.4,56.4,23.8,51.5,59.9,41.0,29.1,34.8,5.7,63.7,22.0,67.0,76.2,59.9,35.7,125,100,174,64.0,76.0,135,162,149,215,43,178,76,55,92,147,227,130,187,Third Pair,50.0,861.2666666666667,1.0,3.0,4.0,1.4745461934029527,40.42553191489361,49.54818864632855,8469477,D,75.0,205.0,1983-03-11,CZE,2001.0,1.0,24.0,L,26,"[None, None, None, None, 45]","[None, None, None, None, 56]","[None, None, None, None, 23]","[None, None, None, None, 'PHI']"
2009-2010,Luke Schenn,TOR,D,35.7,52.4,7.0,,73.8,95.2,89.4,44.5,66.5,64.5,91.6,33.9,40.1,85.9,13.2,147,109,212,,50.0,12,25,127,77,42,20,151,137,33,198,227,130,187,Third Pair,79.0,1333.3,5.0,12.0,17.0,3.0635766071877093,50.0,50.09762791012958,8474568,D,74.0,225.0,1989-11-02,CAN,2008.0,1.0,5.0,R,19,"[None, None, None, None, 35]","[None, None, None, None, 52]","[None, None, None, None, 7]","[None, None, None, None, 'TOR']"
2009-2010,Marc Methot,CBJ,D,37.9,21.6,82.8,,86.1,60.4,48.9,27.8,11.9,19.4,84.1,38.3,55.1,18.9,88.1,142,179,40,,27.0,91,117,165,201,92,37,141,103,185,28,227,130,187,Second Pair,60.0,1171.2666666666669,2.0,5.0,7.0,1.7822812184799677,44.303797468354425,47.35763417621378,8470760,D,76.0,230.0,1985-06-21,CAN,2003.0,6.0,168.0,L,24,"[None, None, None, None, 37]","[None, None, None, None, 21]","[None, None, None, None, 82]","[None, None, None, None, 'CBJ']"
2009-2010,Marc Staal,NYR,D,27.8,5.7,45.8,,96.3,91.6,83.7,53.3,49.8,31.7,77.1,2.6,4.4,57.3,92.1,165,215,124,,8.0,20,38,107,115,74,53,222,218,98,19,227,130,187,First Pair,82.0,1896.6,8.0,19.0,27.0,5.719625846671936,53.608247422680414,47.28104425130768,8471686,D,76.0,208.0,1987-01-13,CAN,2005.0,1.0,12.0,L,22,"[None, None, None, None, 27]","[None, None, None, None, 5]","[None, None, None, None, 45]","[None, None, None, None, 'NYR']"
2009-2010,Marc-Andre Bergeron,MTL,D,59.5,33.9,21.6,55.4,,90.7,96.0,98.7,15.4,87.4,63.9,85.0,79.7,5.7,30.0,93,151,179,59.0,,22,10,4,193,23,83,35,47,215,160,227,130,187,Third Pair,60.0,903.9666666666668,13.0,21.0,34.0,7.946377434357575,45.65217391304348,43.292928953456695,8469765,D,69.0,190.0,1980-10-13,CAN,,,,L,28,"[None, None, None, None, 59]","[None, None, None, None, 33]","[None, None, None, None, 21]","[None, None, None, None, 'MTL']"
2009-2010,Marc-Edouard Vlasic,SJS,D,81.1,91.6,78.0,32.3,6.4,26.0,42.3,59.9,50.2,53.7,24.7,36.6,48.9,57.7,65.6,44,20,51,89.0,176.0,169,132,92,114,53,172,145,117,97,79,227,130,187,First Pair,64.0,1413.8166666666666,3.0,12.0,15.0,4.403228724626414,62.33766233766234,54.71120832121162,8471709,D,73.0,205.0,1987-03-30,CAN,2005.0,2.0,35.0,L,22,"[None, None, None, None, 81]","[None, None, None, None, 91]","[None, None, None, None, 78]","[None, None, None, None, 'SJS']"
2009-2010,Marek Zidlicky,MIN,D,67.0,15.0,93.4,6.9,97.9,28.2,33.9,41.9,73.1,45.6,15.4,10.6,22.0,40.5,80.2,76,194,16,122.0,5.0,164,151,133,62,62,193,204,178,136,46,227,130,187,First Pair,78.0,1885.2333333333331,6.0,37.0,43.0,6.917697742959063,47.52475247524752,49.4918650113056,8469623,D,71.0,190.0,1977-02-03,CZE,2001.0,6.0,176.0,R,32,"[None, None, None, None, 67]","[None, None, None, None, 15]","[None, None, None, None, 93]","[None, None, None, None, 'MIN']"
2009-2010,Mark Eaton,PIT,D,76.7,18.9,98.2,34.6,97.3,87.2,72.7,18.1,16.7,34.4,10.6,38.8,33.0,90.3,53.7,54,185,5,86.0,6.0,30,63,187,190,72,204,140,153,23,106,227,130,187,Second Pair,79.0,1560.8,4.0,12.0,16.0,2.9883919853591445,48.38709677419355,52.70378405628611,8467580,D,73.0,215.0,1977-05-06,USA,,,,L,32,"[None, None, None, None, 76]","[None, None, None, None, 18]","[None, None, None, None, 98]","[None, None, None, None, 'PIT']"
2009-2010,Mark Fistric,DAL,D,70.9,29.5,83.3,,,47.6,23.3,7.5,13.7,74.9,99.6,65.6,67.0,41.9,8.4,67,161,39,,,120,175,211,197,36,2,79,76,133,209,227,130,187,Third Pair,67.0,1000.2166666666668,1.0,9.0,10.0,1.2129060804359335,71.42857142857143,52.21266073089359,8471241,D,74.0,225.0,1986-06-01,CAN,2004.0,1.0,28.0,L,23,"[None, None, None, None, 70]","[None, None, None, None, 29]","[None, None, None, None, 83]","[None, None, None, None, 'DAL']"
2009-2010,Mark Fraser,NJD,D,29.5,1.3,88.1,,,76.7,70.5,9.7,8.8,42.5,87.7,63.0,58.6,69.6,39.2,161,225,28,,,54,68,206,208,65,29,85,95,70,139,227,130,187,Fringe,61.0,755.3,3.0,3.0,6.0,1.2653472203305054,50.943396226415096,49.66134038161171,8471748,D,76.0,220.0,1986-09-29,CAN,2005.0,3.0,84.0,L,22,"[None, None, None, None, 29]","[None, None, None, None, 1]","[None, None, None, None, 88]","[None, None, None, None, 'NJD']"
2009-2010,Mark Giordano,CGY,D,98.7,33.5,100.0,36.9,77.0,98.2,91.2,48.0,39.6,74.9,81.1,33.5,28.6,48.9,32.2,4,152,1,83.0,44.0,5,21,119,138,36,44,152,163,117,155,227,130,187,Second Pair,82.0,1708.7,11.0,19.0,30.0,5.532700356216052,60.75949367088608,56.52169445389059,8470966,D,72.0,202.0,1983-10-03,CAN,,,,L,25,"[None, None, None, None, 98]","[None, None, None, None, 33]","[None, None, None, None, 100]","[None, None, None, None, 'CGY']"
2009-2010,Mark Popovic,ATL,D,72.2,54.6,47.6,,62.0,66.1,84.1,65.2,37.0,85.2,85.5,86.8,90.3,8.8,37.0,64,104,120,,72.0,78,37,80,144,26,34,31,23,208,144,227,130,187,Third Pair,37.0,547.3333333333334,2.0,2.0,4.0,1.2273763108049847,47.5,48.220745356895414,8469488,D,73.0,205.0,1982-10-11,CAN,2001.0,2.0,35.0,L,26,"[None, None, None, None, 72]","[None, None, None, None, 54]","[None, None, None, None, 47]","[None, None, None, None, 'ATL']"
2009-2010,Mark Streit,NYI,D,90.7,97.4,22.5,97.7,66.3,3.1,17.2,88.1,96.9,44.3,18.5,12.3,6.2,31.7,66.5,22,7,177,4.0,64.0,221,189,28,8,64,186,200,214,156,77,227,130,187,First Pair,82.0,2107.233333333333,11.0,37.0,48.0,11.124426890109701,48.38709677419355,49.99532113415616,8468309,D,71.0,186.0,1977-12-11,CHE,2004.0,9.0,262.0,L,31,"[None, None, None, None, 90]","[None, None, None, None, 97]","[None, None, None, None, 22]","[None, None, None, None, 'NYI']"
2009-2010,Mark Stuart,BOS,D,7.9,10.6,35.2,,70.6,33.9,25.6,28.2,11.0,11.5,81.9,70.9,66.5,82.4,14.1,210,204,148,,56.0,151,170,164,203,106,42,67,77,41,196,227,130,187,Third Pair,56.0,953.15,2.0,5.0,7.0,1.6578338998481028,47.368421052631575,51.391375829880914,8470614,D,74.0,215.0,1984-04-27,USA,2003.0,1.0,21.0,L,25,"[None, None, None, None, 7]","[None, None, None, None, 10]","[None, None, None, None, 35]","[None, None, None, None, 'BOS']"
2009-2010,Martin Skoula,NJD,D,51.1,20.3,40.1,,72.7,66.5,57.7,20.7,49.3,80.2,42.3,71.8,73.1,70.9,11.5,112,182,137,,52.0,77,97,181,116,31,132,65,62,67,202,227,130,187,Third Pair,52.0,905.3333333333334,3.0,8.0,11.0,1.410217936653984,51.85185185185185,48.69465640693781,8467343,D,75.0,226.0,1979-10-28,CZE,1998.0,1.0,17.0,L,29,"[None, None, None, None, 51]","[None, None, None, None, 20]","[None, None, None, None, 40]","[None, None, None, None, 'NJD']"
2009-2010,Mathieu Roy,CBJ,D,59.0,59.5,37.4,,69.0,35.2,7.5,17.6,56.8,71.6,90.3,89.9,91.6,22.5,35.2,94,93,143,,59.0,148,195,188,99,39,23,24,20,177,148,227,130,187,Second Pair,31.0,568.0166666666667,0.0,10.0,10.0,0.8190244920984727,45.45454545454545,48.16150746646554,8470804,D,74.0,210.0,1983-08-10,CAN,2003.0,7.0,215.0,R,26,"[None, None, None, None, 59]","[None, None, None, None, 59]","[None, None, None, None, 37]","[None, None, None, None, 'CBJ']"
2009-2010,Mathieu Schneider,PHX,D,31.7,35.7,41.0,40.8,,48.0,64.3,31.7,77.1,42.5,48.0,96.9,96.0,81.5,4.8,156,147,135,78.0,,119,82,156,53,65,119,8,10,43,217,227,130,187,Third Pair,25.0,425.8,2.0,7.0,9.0,2.287229283835231,60.0,45.68307002120399,8451224,D,71.0,192.0,1969-06-12,USA,1987.0,3.0,44.0,L,40,"[None, None, None, None, 31]","[None, None, None, None, 35]","[None, None, None, None, 41]","[None, None, None, None, 'PHX']"
2009-2010,Matt Carkner,OTT,D,52.9,46.7,93.8,,39.0,30.0,38.8,42.7,43.2,17.0,80.6,44.5,34.8,58.1,6.6,108,122,15,,115.0,160,140,131,130,96,45,127,149,96,213,227,130,187,Third Pair,81.0,1369.8,2.0,9.0,11.0,2.658018136416143,48.95833333333333,54.23477750221852,8467931,D,77.0,229.0,1980-11-03,CAN,1999.0,2.0,58.0,R,28,"[None, None, None, None, 52]","[None, None, None, None, 46]","[None, None, None, None, 93]","[None, None, None, None, 'OTT']"
2009-2010,Matt Carle,PHI,D,97.4,95.2,67.8,68.5,94.1,27.3,60.8,79.7,74.0,91.4,7.0,13.2,10.1,95.2,67.0,7,12,74,42.0,12.0,166,90,47,60,18,212,198,205,12,76,227,130,187,First Pair,80.0,1870.9833333333331,6.0,29.0,35.0,7.795246640935518,55.85585585585585,54.70593216951103,8470640,D,72.0,197.0,1984-09-25,USA,2003.0,2.0,47.0,L,24,"[None, None, None, None, 97]","[None, None, None, None, 95]","[None, None, None, None, 67]","[None, None, None, None, 'PHI']"
2009-2010,Matt Gilroy,NYR,D,85.5,92.5,11.0,58.5,35.8,64.8,85.9,77.1,52.0,93.8,35.7,59.5,58.1,79.3,11.0,34,18,203,55.0,121.0,81,33,53,110,15,147,93,96,48,203,227,130,187,Third Pair,69.0,1125.8333333333333,4.0,10.0,14.0,4.916824984604893,52.307692307692314,52.40417312019742,8475118,D,73.0,199.0,1984-07-20,USA,,,,R,25,"[None, None, None, None, 85]","[None, None, None, None, 92]","[None, None, None, None, 11]","[None, None, None, None, 'NYR']"
2009-2010,Matt Greene,LAK,D,17.2,11.0,92.5,,82.4,63.0,41.4,18.5,31.3,4.0,98.2,52.0,44.9,65.6,41.9,189,203,18,,34.0,85,134,186,157,122,5,110,126,79,133,227,130,187,Third Pair,75.0,1310.9833333333331,2.0,7.0,9.0,1.7205028137656724,53.73134328358209,51.76311880739783,8470121,D,75.0,236.0,1983-05-13,USA,2002.0,2.0,44.0,R,26,"[None, None, None, None, 17]","[None, None, None, None, 11]","[None, None, None, None, 92]","[None, None, None, None, 'LAK']"
2009-2010,Matt Hunwick,BOS,D,3.5,24.7,3.5,,21.4,86.3,74.0,35.2,17.2,24.9,36.6,48.9,34.4,86.3,16.7,220,172,220,,148.0,32,60,148,189,83,145,117,150,32,190,227,130,187,Third Pair,76.0,1365.35,6.0,8.0,14.0,2.8297463291514946,42.5,47.48279177982394,8471436,D,71.0,194.0,1985-05-21,USA,2004.0,7.0,224.0,L,24,"[None, None, None, None, 3]","[None, None, None, None, 24]","[None, None, None, None, 3]","[None, None, None, None, 'BOS']"
2009-2010,Matt Niskanen,DAL,D,89.9,47.1,97.8,80.0,,44.1,60.4,30.0,15.0,55.9,85.9,57.3,43.6,33.0,21.6,24,121,6,27.0,,128,91,160,194,50,33,98,129,153,179,227,130,187,Second Pair,74.0,1351.3333333333333,4.0,11.0,15.0,5.661816529654343,46.15384615384615,53.81766649109802,8471702,D,73.0,203.0,1986-12-06,USA,2005.0,1.0,28.0,R,22,"[None, None, None, None, 89]","[None, None, None, None, 47]","[None, None, None, None, 97]","[None, None, None, None, 'DAL']"
2009-2010,Matt Smaby,TBL,D,38.8,45.4,48.5,,74.9,44.5,7.5,19.8,22.0,34.4,95.2,91.6,93.8,25.6,70.5,140,125,118,,48.0,127,195,183,178,72,12,20,15,170,68,227,130,187,Third Pair,33.0,444.8,0.0,2.0,2.0,0.5987484995125443,41.935483870967744,48.71654564149018,8470634,D,78.0,230.0,1984-10-14,USA,2003.0,2.0,41.0,L,24,"[None, None, None, None, 38]","[None, None, None, None, 45]","[None, None, None, None, 48]","[None, None, None, None, 'TBL']"
2009-2010,Matt Walker,TBL,D,21.1,7.0,61.2,,8.6,63.9,52.0,26.4,9.3,39.6,66.1,29.5,63.0,26.4,26.4,180,212,89,,172.0,83,110,168,207,67,78,161,85,168,168,227,130,187,Third Pair,66.0,1066.4333333333334,2.0,3.0,5.0,1.6929039856523451,44.26229508196721,44.666234715233855,8467408,D,76.0,215.0,1980-04-07,CAN,1998.0,3.0,83.0,R,29,"[None, None, None, None, 21]","[None, None, None, None, 7]","[None, None, None, None, 61]","[None, None, None, None, 'TBL']"
2009-2010,Mattias Ohlund,TBL,D,22.0,58.1,67.0,13.1,26.2,14.1,7.5,18.9,77.5,17.0,63.0,22.0,41.0,31.3,66.1,178,96,76,114.0,139.0,196,195,185,52,96,85,178,135,157,78,227,130,187,First Pair,67.0,1528.9166666666667,0.0,13.0,13.0,3.1387801364258525,45.23809523809524,48.64292295004787,8460503,D,76.0,233.0,1976-09-09,SWE,1994.0,1.0,13.0,L,32,"[None, None, None, None, 22]","[None, None, None, None, 58]","[None, None, None, None, 67]","[None, None, None, None, 'TBL']"
2009-2010,Michael Del Zotto,NYR,D,83.3,93.4,2.2,94.6,,91.2,89.9,67.8,20.7,94.3,79.3,55.5,40.5,46.7,29.1,39,16,223,8.0,,21,24,74,181,14,48,102,136,122,162,227,130,187,Second Pair,80.0,1517.5833333333333,9.0,28.0,37.0,6.074649674925919,45.91836734693878,48.46540210260869,8474584,D,72.0,195.0,1990-06-24,CAN,2008.0,1.0,20.0,L,19,"[None, None, None, None, 83]","[None, None, None, None, 93]","[None, None, None, None, 2]","[None, None, None, None, 'NYR']"
2009-2010,Michal Rozsival,NYR,D,47.1,69.6,73.1,9.2,85.6,22.9,32.2,42.3,37.9,21.1,86.8,18.9,17.2,44.9,62.1,121,70,62,119.0,28.0,176,155,132,142,88,31,185,189,126,87,227,130,187,Second Pair,82.0,1757.65,3.0,19.0,22.0,4.668068165889947,52.083333333333336,49.6191514405835,8465058,D,73.0,210.0,1978-09-03,CZE,1996.0,4.0,105.0,R,30,"[None, None, None, None, 47]","[None, None, None, None, 69]","[None, None, None, None, 73]","[None, None, None, None, 'NYR']"
2009-2010,Mike Commodore,CBJ,D,3.1,14.1,11.9,,71.7,65.6,53.7,22.0,9.7,10.1,71.8,54.6,63.4,20.7,100.0,221,196,201,,54.0,79,106,178,206,109,65,104,84,181,1,227,130,187,Second Pair,57.0,1083.0666666666666,2.0,9.0,11.0,1.732747630013775,39.705882352941174,42.21018727299075,8467915,D,76.0,227.0,1979-11-07,CAN,1999.0,2.0,42.0,R,29,"[None, None, None, None, 3]","[None, None, None, None, 14]","[None, None, None, None, 11]","[None, None, None, None, 'CBJ']"
2009-2010,Mike Green,WSH,D,95.6,76.2,11.5,96.9,57.8,99.1,94.7,88.5,99.6,98.7,68.7,34.8,31.3,96.9,22.5,11,55,202,5.0,80.0,3,13,27,2,4,72,149,157,8,177,227,130,187,First Pair,75.0,1911.2,19.0,56.0,75.0,14.122796528026262,63.76811594202898,51.5646092276841,8471242,D,73.0,210.0,1985-10-12,CAN,2004.0,1.0,29.0,R,23,"[None, None, None, None, 95]","[None, None, None, None, 76]","[None, None, None, None, 11]","[None, None, None, None, 'WSH']"
2009-2010,Mike Komisarek,TOR,D,57.3,71.8,71.4,,29.9,24.2,7.5,39.6,40.1,30.2,94.3,81.9,85.5,97.4,38.8,98,65,66,,132.0,173,195,138,137,75,14,42,34,7,140,227,130,187,Second Pair,34.0,677.85,0.0,4.0,4.0,1.3712170056241895,43.58974358974359,58.03110805905126,8469460,D,76.0,235.0,1982-01-19,USA,2001.0,1.0,7.0,R,27,"[None, None, None, None, 57]","[None, None, None, None, 71]","[None, None, None, None, 71]","[None, None, None, None, 'TOR']"
2009-2010,Mike Lundin,TBL,D,72.7,12.3,88.5,,22.5,74.0,75.8,44.1,17.6,81.9,4.4,50.7,70.0,32.6,61.2,63,200,27,,146.0,60,56,128,188,29,218,113,69,154,89,227,130,187,Second Pair,49.0,1075.15,3.0,10.0,13.0,1.9525053334381661,42.10526315789473,50.15202536366685,8471314,D,74.0,190.0,1984-09-24,USA,2004.0,4.0,102.0,L,24,"[None, None, None, None, 72]","[None, None, None, None, 12]","[None, None, None, None, 88]","[None, None, None, None, 'TBL']"
2009-2010,Mike Mottau,NJD,D,90.3,59.0,96.9,,100.0,61.7,51.5,32.6,48.0,20.3,32.2,5.7,14.1,68.7,81.1,23,94,8,,1.0,88,111,154,119,90,155,215,196,72,44,227,130,187,First Pair,79.0,1758.6666666666667,3.0,14.0,17.0,3.2207053683405062,50.0,53.04142444947991,8466309,D,72.0,195.0,1978-03-19,USA,1997.0,7.0,182.0,L,31,"[None, None, None, None, 90]","[None, None, None, None, 59]","[None, None, None, None, 96]","[None, None, None, None, 'NJD']"
2009-2010,Mike Weaver,STL,D,89.0,63.9,60.8,,84.0,50.2,22.5,5.3,23.3,95.2,28.6,35.2,53.7,43.2,47.1,26,83,90,,31.0,114,177,216,175,12,163,148,106,130,121,227,130,187,Third Pair,77.0,1305.9,1.0,10.0,11.0,1.1928460042971485,56.896551724137936,52.097288184296545,8468478,D,70.0,186.0,1978-05-02,CAN,,,,R,31,"[None, None, None, None, 89]","[None, None, None, None, 63]","[None, None, None, None, 60]","[None, None, None, None, 'STL']"
2009-2010,Milan Jurcina,CBJ,D,63.9,77.5,57.7,,87.2,38.8,35.2,50.7,81.9,31.7,75.8,83.7,82.8,81.1,43.2,83,52,97,,25.0,140,148,113,42,74,56,38,40,44,130,227,130,187,Third Pair,44.0,777.4,1.0,6.0,7.0,1.8349796092751616,52.94117647058824,53.01174853656862,8469684,D,76.0,253.0,1983-06-07,SVK,2001.0,8.0,241.0,R,26,"[None, None, None, None, 63]","[None, None, None, None, 77]","[None, None, None, None, 57]","[None, None, None, None, 'CBJ']"
2009-2010,Nick Boynton,CHI,D,15.9,30.4,40.5,46.9,61.5,22.0,7.5,29.1,56.4,13.7,60.8,80.6,80.6,49.8,84.1,192,159,136,70.0,73.0,178,195,162,100,102,90,45,45,115,37,227,130,187,Third Pair,49.0,815.25,1.0,7.0,8.0,1.6317369954443324,57.14285714285714,46.107235975080144,8466145,D,73.0,218.0,1979-01-14,CAN,1999.0,1.0,21.0,R,30,"[None, None, None, None, 15]","[None, None, None, None, 30]","[None, None, None, None, 40]","[None, None, None, None, 'CHI']"
2009-2010,Nick Schultz,MIN,D,50.2,4.8,92.1,27.7,90.4,5.3,7.5,48.5,33.5,55.9,53.3,15.4,21.1,51.5,61.7,114,217,19,95.0,19.0,216,195,118,152,50,107,193,180,111,88,227,130,187,Second Pair,80.0,1677.4,1.0,18.0,19.0,4.011028731519046,46.73913043478261,50.0710382725869,8468513,D,73.0,203.0,1982-08-25,CAN,2000.0,2.0,33.0,L,27,"[None, None, None, None, 50]","[None, None, None, None, 4]","[None, None, None, None, 92]","[None, None, None, None, 'MIN']"
2009-2010,Nicklas Grossmann,DAL,D,19.4,8.8,56.8,,12.8,18.1,7.5,2.2,21.6,34.4,85.0,21.1,38.3,71.4,98.7,184,208,99,,164.0,187,195,223,179,72,35,180,141,66,4,227,130,187,Second Pair,71.0,1362.45,0.0,7.0,7.0,1.3273038237365693,47.57281553398058,47.56126755828495,8471269,D,76.0,230.0,1985-01-22,SWE,2004.0,2.0,56.0,L,24,"[None, None, None, None, 19]","[None, None, None, None, 8]","[None, None, None, None, 56]","[None, None, None, None, 'DAL']"
2009-2010,Nicklas Lidstrom,DET,D,96.0,91.2,87.7,96.2,92.5,57.7,48.0,52.9,74.9,49.8,1.3,19.4,4.8,96.5,94.3,10,21,29,6.0,15.0,97,119,108,58,57,225,184,217,9,14,227,130,187,First Pair,82.0,2084.9833333333336,10.0,39.0,49.0,9.865573294574169,54.86725663716814,54.5378695607905,8457063,D,73.0,192.0,1970-04-28,SWE,1989.0,3.0,53.0,L,39,"[None, None, None, None, 96]","[None, None, None, None, 91]","[None, None, None, None, 87]","[None, None, None, None, 'DET']"
2009-2010,Niclas Wallin,SJS,D,67.8,53.7,66.5,,72.2,11.9,7.5,33.9,30.0,67.4,91.2,58.6,57.7,24.7,44.9,74,106,77,,53.0,201,195,151,160,41,21,95,97,172,126,227,130,187,Third Pair,70.0,1212.8,0.0,7.0,7.0,2.1844897927398317,46.15384615384615,50.12741367143403,8468577,D,75.0,220.0,1975-02-20,SWE,2000.0,4.0,97.0,L,34,"[None, None, None, None, 67]","[None, None, None, None, 53]","[None, None, None, None, 66]","[None, None, None, None, 'SJS']"
2009-2010,Niklas Hjalmarsson,CHI,D,94.3,74.0,95.2,,63.1,21.6,18.1,11.9,67.8,88.5,50.7,30.8,21.6,99.6,22.0,14,60,12,,70.0,179,187,201,74,22,113,158,179,2,178,227,130,187,Second Pair,77.0,1513.8333333333333,2.0,15.0,17.0,1.9924665983756462,50.602409638554214,60.28410086570544,8471769,D,75.0,197.0,1987-06-06,SWE,2005.0,4.0,108.0,L,22,"[None, None, None, None, 94]","[None, None, None, None, 74]","[None, None, None, None, 95]","[None, None, None, None, 'CHI']"
2009-2010,Niklas Kronwall,DET,D,82.4,69.2,75.8,72.3,89.3,81.1,77.5,69.2,28.2,60.1,55.5,75.8,72.7,64.3,73.6,41,71,56,37.0,21.0,44,52,71,164,46,102,56,63,82,61,227,130,187,Second Pair,48.0,1051.9166666666667,7.0,15.0,22.0,4.767174144428287,52.83018867924528,53.35092244892271,8468509,D,72.0,194.0,1981-01-12,SWE,2000.0,1.0,29.0,L,28,"[None, None, None, None, 82]","[None, None, None, None, 69]","[None, None, None, None, 75]","[None, None, None, None, 'DET']"
2009-2010,Oskars Bartulis,PHI,D,18.5,41.9,20.7,,,42.3,31.3,45.4,61.2,23.1,58.1,70.5,78.0,68.3,20.7,186,133,181,,,132,157,125,89,85,96,68,51,73,181,227,130,187,Third Pair,53.0,741.1,1.0,8.0,9.0,1.7367442380205464,44.61538461538462,47.27537506234597,8471756,D,74.0,184.0,1987-01-21,LVA,2005.0,3.0,91.0,L,22,"[None, None, None, None, 18]","[None, None, None, None, 41]","[None, None, None, None, 20]","[None, None, None, None, 'PHI']"
2009-2010,Paul Mara,MTL,D,24.2,36.1,38.3,42.3,56.1,32.2,7.5,6.6,36.6,24.9,44.5,82.4,83.7,8.4,56.8,173,146,141,76.0,83.0,155,195,213,145,83,127,41,38,209,99,227,130,187,Second Pair,42.0,786.5,0.0,8.0,8.0,1.7131026918281984,32.608695652173914,45.25452274705779,8466144,D,76.0,211.0,1979-09-07,USA,1997.0,1.0,7.0,L,29,"[None, None, None, None, 24]","[None, None, None, None, 36]","[None, None, None, None, 38]","[None, None, None, None, 'MTL']"
2009-2010,Paul Martin,NJD,D,84.1,46.3,71.8,70.0,63.6,58.1,59.9,9.3,100.0,91.4,23.3,96.5,94.7,44.5,50.7,37,123,65,40.0,69.0,96,92,207,1,18,175,9,13,127,113,227,130,187,First Pair,22.0,495.0,2.0,9.0,11.0,1.292553610118556,60.71428571428571,55.0567391585676,8468542,D,73.0,200.0,1981-03-05,USA,2000.0,2.0,62.0,L,28,"[None, None, None, None, 84]","[None, None, None, None, 46]","[None, None, None, None, 71]","[None, None, None, None, 'NJD']"
2009-2010,Pavel Kubina,ATL,D,5.7,86.8,15.0,14.6,18.2,19.8,69.6,83.3,82.4,1.8,51.5,11.5,30.0,23.8,48.9,215,31,194,112.0,154.0,183,70,39,41,127,111,202,160,174,117,227,130,187,First Pair,76.0,1719.55,6.0,29.0,35.0,8.781826507070344,51.26050420168067,47.273704988233,8465210,D,76.0,258.0,1977-04-15,CZE,1996.0,7.0,179.0,R,32,"[None, None, None, None, 5]","[None, None, None, None, 86]","[None, None, None, None, 15]","[None, None, None, None, 'ATL']"
2009-2010,Peter Harrold,LAK,D,60.4,22.5,63.4,,,41.9,63.4,100.0,1.8,78.6,69.6,97.4,95.6,30.8,45.4,91,177,84,,,133,84,1,224,33,70,7,11,158,125,227,130,187,Fringe,39.0,360.68333333333334,1.0,2.0,3.0,1.8015540892338642,41.17647058823529,47.34395432809547,8472394,D,71.0,180.0,1983-06-08,USA,,,,R,26,"[None, None, None, None, 60]","[None, None, None, None, 22]","[None, None, None, None, 63]","[None, None, None, None, 'LAK']"
2009-2010,Radek Martinek,NYI,D,55.9,54.2,38.8,49.2,52.4,55.9,71.4,39.2,0.7,67.4,33.5,94.3,96.5,42.3,89.0,101,105,140,67.0,90.0,101,66,139,226,41,152,14,9,132,26,227,130,187,First Pair,16.0,364.75,2.0,1.0,3.0,0.9222033083931095,41.17647058823529,46.95323979308477,8468101,D,72.0,205.0,1976-08-31,CZE,1999.0,8.0,228.0,R,33,"[None, None, None, None, 55]","[None, None, None, None, 54]","[None, None, None, None, 38]","[None, None, None, None, 'NYI']"
2009-2010,Randy Jones,LAK,D,36.6,68.7,25.6,45.4,,73.1,86.8,74.4,84.6,31.7,30.0,84.1,78.9,40.1,18.9,145,72,170,72.0,,62,31,59,36,74,160,37,49,137,185,227,130,187,Second Pair,48.0,872.1833333333333,5.0,16.0,21.0,3.09486036137115,46.2962962962963,50.66292131278898,8470905,D,74.0,210.0,1981-07-23,CAN,,,,L,28,"[None, None, None, None, 36]","[None, None, None, None, 68]","[None, None, None, None, 25]","[None, None, None, None, 'LAK']"
2009-2010,Rob Blake,SJS,D,8.8,76.7,26.4,85.4,0.5,3.5,41.9,97.8,57.7,9.3,8.8,42.7,47.1,83.7,69.2,208,54,168,20.0,187.0,220,133,6,97,111,208,131,121,38,71,227,130,187,Second Pair,70.0,1494.6,7.0,23.0,30.0,9.309401236397548,55.88235294117647,51.994377125686285,8445550,D,76.0,220.0,1969-12-10,CAN,1988.0,4.0,70.0,R,39,"[None, None, None, None, 8]","[None, None, None, None, 76]","[None, None, None, None, 26]","[None, None, None, None, 'SJS']"
2009-2010,Rob Scuderi,LAK,D,73.6,80.2,58.1,,69.5,28.6,7.5,0.9,68.3,58.6,19.4,36.1,39.6,89.9,92.5,61,46,96,,58.0,163,195,226,73,47,184,146,138,24,18,227,130,187,Second Pair,73.0,1406.6,0.0,11.0,11.0,1.091165467191825,56.9620253164557,53.959557099829865,8467452,D,73.0,216.0,1978-12-30,USA,1998.0,5.0,134.0,L,30,"[None, None, None, None, 73]","[None, None, None, None, 80]","[None, None, None, None, 58]","[None, None, None, None, 'LAK']"
2009-2010,Robyn Regehr,CGY,D,9.7,6.6,68.3,40.0,61.0,63.4,33.0,6.2,24.7,8.8,45.8,22.5,15.9,50.7,91.6,206,213,73,79.0,74.0,84,153,214,172,112,124,177,192,113,20,227,130,187,Second Pair,81.0,1752.9166666666667,2.0,15.0,17.0,2.2671236990234496,46.875,47.70734074852648,8467344,D,75.0,222.0,1980-04-19,BRA,1998.0,1.0,19.0,L,29,"[None, None, None, None, 9]","[None, None, None, None, 6]","[None, None, None, None, 68]","[None, None, None, None, 'CGY']"
2009-2010,Roman Hamrlik,MTL,D,10.6,3.5,81.5,78.5,46.0,79.7,52.4,14.1,67.0,4.4,9.7,3.1,17.6,17.2,87.2,204,220,43,29.0,102.0,47,109,196,76,121,206,221,188,189,30,227,130,187,First Pair,75.0,1757.8666666666668,6.0,19.0,25.0,4.771040024990341,48.48484848484848,46.20526292613351,8458938,D,74.0,206.0,1974-04-12,CZE,1992.0,1.0,1.0,L,35,"[None, None, None, None, 10]","[None, None, None, None, 3]","[None, None, None, None, 81]","[None, None, None, None, 'MTL']"
2009-2010,Roman Polak,STL,D,38.3,16.3,96.5,,15.0,88.1,67.8,30.4,79.7,15.0,57.3,0.9,28.2,23.3,95.2,141,191,9,,160.0,28,74,159,47,100,98,226,164,175,12,227,130,187,Second Pair,78.0,1558.1833333333334,4.0,17.0,21.0,2.8244944069424034,52.42718446601942,49.091747153520394,8471392,D,74.0,240.0,1986-04-28,CZE,2004.0,6.0,180.0,R,23,"[None, None, None, None, 38]","[None, None, None, None, 16]","[None, None, None, None, 96]","[None, None, None, None, 'STL']"
2009-2010,Ron Hainsey,ATL,D,44.9,13.2,72.2,70.8,27.3,90.3,80.6,41.4,75.8,47.6,1.8,4.0,25.6,4.8,82.4,126,198,64,39.0,137.0,23,45,134,56,59,224,219,170,217,41,227,130,187,First Pair,80.0,1771.2333333333331,5.0,20.0,25.0,4.785757065449593,47.82608695652174,45.73351599134,8468493,D,75.0,201.0,1981-03-24,USA,2000.0,1.0,13.0,L,28,"[None, None, None, None, 44]","[None, None, None, None, 13]","[None, None, None, None, 72]","[None, None, None, None, 'ATL']"
2009-2010,Rostislav Klesla,CBJ,D,33.9,22.9,55.9,52.3,25.1,64.3,93.0,19.4,10.6,49.8,80.2,90.3,93.4,11.5,56.4,151,176,101,63.0,141.0,82,17,184,204,57,46,23,16,202,100,227,130,187,Second Pair,26.0,522.9666666666667,2.0,6.0,8.0,0.9840503221762995,38.46153846153847,44.0772288446193,8468484,D,75.0,215.0,1982-03-21,CZE,2000.0,1.0,4.0,L,27,"[None, None, None, None, 33]","[None, None, None, None, 22]","[None, None, None, None, 55]","[None, None, None, None, 'CBJ']"
2009-2010,Ryan O'Byrne,MTL,D,4.0,22.0,37.9,,68.4,51.1,28.6,12.8,11.5,3.5,96.0,68.7,75.8,10.1,54.2,219,178,142,,60.0,112,163,199,202,123,10,72,56,205,105,227,130,187,Third Pair,55.0,839.3833333333333,1.0,3.0,4.0,1.372221216370577,41.30434782608695,43.248906277982776,8470672,D,77.0,234.0,1984-07-19,CAN,2003.0,3.0,79.0,R,25,"[None, None, None, None, 4]","[None, None, None, None, 22]","[None, None, None, None, 37]","[None, None, None, None, 'MTL']"
2009-2010,Ryan Parent,PHI,D,37.0,19.8,22.0,,59.4,45.8,37.9,50.2,6.6,79.7,55.9,83.3,84.1,61.2,27.8,144,183,178,,77.0,124,142,114,213,32,101,39,37,89,165,227,130,187,Third Pair,48.0,708.9333333333334,1.0,2.0,3.0,1.508348665625677,32.5,45.518631452863914,8471692,D,75.0,198.0,1987-03-17,CAN,2005.0,1.0,18.0,L,22,"[None, None, None, None, 37]","[None, None, None, None, 19]","[None, None, None, None, 22]","[None, None, None, None, 'PHI']"
2009-2010,Ryan Suter,NSH,D,44.5,52.0,95.6,84.6,74.3,4.0,15.9,47.6,72.2,7.0,3.5,4.4,3.5,79.7,90.7,127,110,11,21.0,49.0,219,192,120,64,115,220,218,220,47,22,227,130,187,First Pair,82.0,1966.0333333333333,4.0,32.0,36.0,6.597117582081851,53.04347826086957,52.063652057582985,8470600,D,73.0,201.0,1985-01-21,USA,2003.0,1.0,7.0,L,24,"[None, None, None, None, 44]","[None, None, None, None, 52]","[None, None, None, None, 95]","[None, None, None, None, 'NSH']"
2009-2010,Ryan Whitney,EDM,D,16.7,85.5,12.3,86.9,11.8,8.8,48.5,56.8,81.5,8.1,33.0,17.2,11.0,9.7,78.4,190,34,200,18.0,166.0,208,118,99,43,113,153,189,203,206,50,227,130,187,First Pair,81.0,2004.95,7.0,31.0,38.0,8.818120065107127,53.03030303030303,46.78462141790195,8470309,D,76.0,209.0,1983-02-19,USA,2002.0,1.0,5.0,L,26,"[None, None, None, None, 16]","[None, None, None, None, 85]","[None, None, None, None, 12]","[None, None, None, None, 'EDM']"
2009-2010,Ryan Wilson,COL,D,79.3,44.5,48.0,,66.8,70.5,73.1,56.4,81.1,95.6,78.9,62.1,69.2,18.1,0.4,48,127,119,,63.0,68,62,100,44,11,49,87,71,187,227,227,130,187,Third Pair,61.0,992.5,3.0,18.0,21.0,2.1893306514276922,57.377049180327866,50.51464746904588,8473700,D,73.0,210.0,1987-02-03,CAN,,,,L,22,"[None, None, None, None, 79]","[None, None, None, None, 44]","[None, None, None, None, 48]","[None, None, None, None, 'COL']"
2009-2010,Sami Lepisto,PHX,D,67.4,44.1,89.0,,90.9,11.5,21.6,74.9,44.9,27.8,53.7,56.8,52.0,88.1,18.1,75,128,26,,18.0,202,179,58,126,79,106,99,110,28,187,227,130,187,Second Pair,66.0,1203.1,1.0,9.0,10.0,3.2884276794624707,60.65573770491803,54.92091177597251,8471279,D,73.0,193.0,1984-10-17,FIN,2004.0,3.0,66.0,L,24,"[None, None, None, None, 67]","[None, None, None, None, 44]","[None, None, None, None, 89]","[None, None, None, None, 'PHX']"
2009-2010,Sami Salo,VAN,D,37.4,17.2,29.5,63.8,49.7,93.8,70.0,26.9,47.6,57.3,10.1,55.1,61.2,72.7,30.4,143,189,161,48.0,95.0,15,69,167,120,49,205,103,89,63,159,227,130,187,Second Pair,68.0,1405.9,9.0,18.0,27.0,5.27310949059372,55.294117647058826,47.981414461619984,8465202,D,75.0,215.0,1974-09-02,FIN,1996.0,9.0,239.0,R,34,"[None, None, None, None, 37]","[None, None, None, None, 17]","[None, None, None, None, 29]","[None, None, None, None, 'VAN']"
2009-2010,Scott Hannan,COL,D,16.3,4.0,9.7,,82.9,46.3,30.4,13.7,29.1,73.1,9.3,1.3,4.0,46.3,87.7,191,219,206,,33.0,123,159,197,162,37,207,225,219,123,29,227,130,187,Second Pair,81.0,1776.4833333333331,2.0,14.0,16.0,2.6195084165600284,47.74774774774775,45.562507337008384,8466158,D,73.0,215.0,1979-01-23,CAN,1997.0,1.0,23.0,L,30,"[None, None, None, None, 16]","[None, None, None, None, 4]","[None, None, None, None, 9]","[None, None, None, None, 'COL']"
2009-2010,Scott Niedermayer,ANA,D,89.4,97.8,18.9,100.0,1.1,83.3,75.3,78.4,69.6,23.8,0.9,6.6,8.4,28.2,98.2,25,6,185,1.0,186.0,39,57,50,70,84,226,213,209,164,5,227,130,187,First Pair,80.0,2120.3,10.0,38.0,48.0,9.484858552252168,48.18181818181818,48.350842595082625,8458517,D,73.0,194.0,1973-08-31,CAN,1991.0,1.0,3.0,L,36,"[None, None, None, None, 89]","[None, None, None, None, 97]","[None, None, None, None, 18]","[None, None, None, None, 'ANA']"
2009-2010,Sean O'Donnell,LAK,D,4.4,5.3,64.8,,10.7,69.6,38.3,4.4,52.9,5.3,36.1,23.8,39.2,67.0,68.7,218,216,81,,168.0,70,141,218,108,119,146,174,139,76,72,227,130,187,Second Pair,78.0,1461.55,3.0,12.0,15.0,1.541413077360971,55.00000000000001,48.57880649624809,8458637,D,74.0,238.0,1971-10-13,CAN,1991.0,6.0,123.0,L,37,"[None, None, None, None, 4]","[None, None, None, None, 5]","[None, None, None, None, 64]","[None, None, None, None, 'LAK']"
2009-2010,Sergei Gonchar,PIT,D,68.7,85.0,42.7,93.8,37.4,95.6,94.3,90.7,70.5,13.0,35.2,60.4,56.4,92.1,82.8,72,35,131,9.0,118.0,11,14,22,68,103,148,91,100,19,40,227,130,187,First Pair,62.0,1512.75,11.0,37.0,48.0,7.665579378811076,50.0,53.952302750918456,8458951,D,74.0,210.0,1974-04-13,RUS,1992.0,1.0,14.0,L,35,"[None, None, None, None, 68]","[None, None, None, None, 85]","[None, None, None, None, 42]","[None, None, None, None, 'PIT']"
2009-2010,Shane Hnidy,MIN,D,49.3,57.7,22.9,,,54.2,55.1,49.3,59.9,77.3,15.9,62.6,67.4,48.0,0.9,116,97,176,,,105,103,116,92,34,192,86,75,119,226,227,130,187,Third Pair,70.0,947.7833333333332,2.0,11.0,13.0,2.410513257490498,43.103448275862064,48.36473392569812,8460661,D,74.0,204.0,1975-11-08,CAN,1994.0,7.0,173.0,R,33,"[None, None, None, None, 49]","[None, None, None, None, 57]","[None, None, None, None, 22]","[None, None, None, None, 'MIN']"
2009-2010,Shane O'Brien,VAN,D,0.9,20.7,17.6,,38.5,39.2,22.9,16.3,3.5,2.2,65.6,45.4,55.5,87.7,31.7,226,181,188,,116.0,139,176,191,220,126,79,125,102,29,156,227,130,187,Third Pair,65.0,1105.9166666666667,2.0,6.0,8.0,1.6828339900813378,56.94444444444444,48.442663996491994,8470839,D,75.0,230.0,1983-08-09,CAN,2003.0,8.0,250.0,L,26,"[None, None, None, None, 0]","[None, None, None, None, 20]","[None, None, None, None, 17]","[None, None, None, None, 'VAN']"
2009-2010,Shaone Morrisonn,WSH,D,28.2,83.7,31.7,,77.5,40.1,22.0,16.7,18.1,11.0,94.7,48.5,52.4,86.8,20.3,164,38,156,,43.0,137,178,190,187,107,13,118,109,31,182,227,130,187,Third Pair,68.0,1194.6166666666668,1.0,10.0,11.0,1.5535230156559925,53.84615384615385,50.853642368439154,8469472,D,76.0,210.0,1982-12-23,CAN,2001.0,1.0,19.0,L,26,"[None, None, None, None, 28]","[None, None, None, None, 83]","[None, None, None, None, 31]","[None, None, None, None, 'WSH']"
2009-2010,Shea Weber,NSH,D,78.9,66.1,74.4,73.8,51.3,97.8,97.8,99.1,59.0,44.9,69.2,8.8,14.5,90.7,89.4,49,78,59,35.0,92.0,6,6,3,94,63,71,208,195,22,25,227,130,187,First Pair,78.0,1807.2,16.0,27.0,43.0,12.482265174734108,50.0,52.02475434555822,8470642,D,76.0,230.0,1985-08-14,CAN,2003.0,2.0,49.0,R,24,"[None, None, None, None, 78]","[None, None, None, None, 66]","[None, None, None, None, 74]","[None, None, None, None, 'NSH']"
2009-2010,Sheldon Brookbank,ANA,D,13.2,34.4,13.7,,45.5,15.0,7.5,30.8,93.0,26.0,78.4,67.8,65.6,16.7,10.1,198,150,197,,103.0,194,195,158,17,82,50,74,79,190,205,227,130,187,Third Pair,66.0,987.4,0.0,9.0,9.0,2.1114537847728947,57.57575757575758,45.780446123832,8469992,D,73.0,202.0,1980-10-03,CAN,,,,R,28,"[None, None, None, None, 13]","[None, None, None, None, 34]","[None, None, None, None, 13]","[None, None, None, None, 'ANA']"
2009-2010,Sheldon Souray,EDM,D,58.1,67.8,66.1,29.2,78.6,70.9,98.2,98.2,64.8,33.0,29.5,82.8,82.4,2.2,99.1,96,74,78,93.0,41.0,67,5,5,81,73,161,40,41,223,3,227,130,187,First Pair,37.0,836.7833333333333,4.0,9.0,13.0,4.940245407001706,37.25490196078432,50.33007989418105,8460561,D,76.0,231.0,1976-07-13,CAN,1994.0,3.0,71.0,L,33,"[None, None, None, None, 58]","[None, None, None, None, 67]","[None, None, None, None, 66]","[None, None, None, None, 'EDM']"
2009-2010,Stephane Robidas,DAL,D,29.1,48.5,94.7,80.8,32.1,85.5,49.8,61.2,80.2,2.6,96.5,3.5,7.5,33.9,96.0,162,118,13,26.0,128.0,34,115,89,46,125,9,220,211,151,10,227,130,187,First Pair,82.0,2007.7,10.0,30.0,40.0,9.547816810523273,46.774193548387096,49.437138726715865,8462196,D,71.0,190.0,1977-03-03,CAN,1995.0,7.0,164.0,R,32,"[None, None, None, None, 29]","[None, None, None, None, 48]","[None, None, None, None, 94]","[None, None, None, None, 'DAL']"
2009-2010,Steve Eminger,ANA,D,12.3,12.8,7.9,60.0,47.6,84.6,82.8,48.9,60.8,44.3,63.4,59.0,54.6,27.8,62.6,200,199,210,53.0,99.0,36,40,117,90,64,84,94,104,165,86,227,130,187,Second Pair,63.0,1227.1833333333334,4.0,12.0,16.0,3.1690942528924912,52.63157894736842,43.67819359090215,8470192,D,74.0,207.0,1983-10-31,CAN,2002.0,1.0,12.0,R,25,"[None, None, None, None, 12]","[None, None, None, None, 12]","[None, None, None, None, 7]","[None, None, None, None, 'ANA']"
2009-2010,Steve Montador,BUF,D,74.9,49.3,94.3,,64.2,20.3,72.2,96.5,61.7,42.5,26.4,46.7,33.5,34.8,37.4,58,116,14,,68.0,182,64,9,88,65,168,122,152,149,143,227,130,187,Third Pair,78.0,1333.2,4.0,18.0,22.0,5.205894454324187,50.57471264367817,51.180202679874185,8468927,D,72.0,210.0,1979-12-21,CAN,,,,R,29,"[None, None, None, None, 74]","[None, None, None, None, 49]","[None, None, None, None, 94]","[None, None, None, None, 'BUF']"
2009-2010,Steve Staios,CGY,D,19.8,62.1,16.3,20.0,33.7,16.3,7.5,34.4,55.5,31.7,39.6,64.3,61.7,4.4,79.7,183,87,191,105.0,125.0,191,195,150,102,74,138,82,88,218,47,227,130,187,Second Pair,58.0,1084.8666666666668,1.0,9.0,10.0,2.5279013049363765,35.61643835616438,45.78254533430226,8458541,D,73.0,200.0,1973-07-28,CAN,1991.0,2.0,27.0,R,36,"[None, None, None, None, 19]","[None, None, None, None, 62]","[None, None, None, None, 16]","[None, None, None, None, 'CGY']"
2009-2010,Taylor Chorney,EDM,D,23.8,17.6,13.2,,40.1,27.8,7.5,32.2,22.9,74.9,37.0,74.9,83.3,0.4,70.0,174,188,198,,113.0,165,195,155,176,36,144,58,39,227,69,227,130,187,Third Pair,42.0,730.45,0.0,3.0,3.0,1.4016707984481893,31.25,38.221216411549065,8471710,D,72.0,193.0,1987-04-27,CAN,2005.0,2.0,36.0,L,22,"[None, None, None, None, 23]","[None, None, None, None, 17]","[None, None, None, None, 13]","[None, None, None, None, 'EDM']"
2009-2010,Tim Gleason,CAR,D,40.1,56.8,8.4,28.5,26.7,77.1,70.9,31.3,41.0,84.1,74.4,52.9,60.8,15.9,93.8,137,99,209,94.0,138.0,53,67,157,135,27,59,108,90,192,15,227,130,187,Second Pair,61.0,1293.3666666666668,5.0,14.0,19.0,3.1721603490312735,46.03174603174603,45.95221045309849,8469476,D,72.0,217.0,1983-01-29,USA,2001.0,1.0,23.0,L,26,"[None, None, None, None, 40]","[None, None, None, None, 56]","[None, None, None, None, 8]","[None, None, None, None, 'CAR']"
2009-2010,Toby Enstrom,ATL,D,63.0,88.1,33.5,0.8,,67.8,65.6,71.8,97.4,76.7,3.1,13.7,18.9,14.5,39.6,85,28,152,130.0,,74,79,65,7,35,221,197,185,195,138,227,130,187,First Pair,82.0,1826.0666666666664,6.0,45.0,51.0,6.067808895398142,49.57983193277311,48.186381510089205,8470828,D,70.0,180.0,1984-11-05,SWE,2003.0,8.0,239.0,L,24,"[None, None, None, None, 63]","[None, None, None, None, 88]","[None, None, None, None, 33]","[None, None, None, None, 'ATL']"
2009-2010,Tom Gilbert,EDM,D,47.6,77.1,35.7,25.4,3.2,55.1,54.2,57.3,90.7,61.9,18.9,18.1,20.3,0.9,93.4,120,53,147,98.0,182.0,103,105,98,22,45,185,187,182,226,16,227,130,187,First Pair,82.0,1838.55,6.0,25.0,31.0,5.404591179006743,47.32142857142857,47.06372069234411,8470104,D,74.0,210.0,1983-01-10,USA,2002.0,4.0,129.0,R,26,"[None, None, None, None, 47]","[None, None, None, None, 77]","[None, None, None, None, 35]","[None, None, None, None, 'EDM']"
2009-2010,Tom Poti,WSH,D,85.0,94.7,78.4,66.9,18.7,30.4,40.1,67.0,94.3,30.2,0.4,35.7,43.2,89.0,52.9,35,13,50,44.0,153.0,159,137,76,14,75,227,147,130,26,108,227,130,187,Second Pair,70.0,1498.4166666666667,4.0,20.0,24.0,4.2545849410400525,63.95348837209303,55.07952697449704,8465012,D,75.0,190.0,1977-03-22,USA,1996.0,3.0,59.0,L,32,"[None, None, None, None, 85]","[None, None, None, None, 94]","[None, None, None, None, 78]","[None, None, None, None, 'WSH']"
2009-2010,Tomas Kaberle,TOR,D,75.8,96.9,59.0,3.1,,32.6,50.2,37.0,72.7,37.0,5.3,28.2,7.0,80.6,23.8,56,8,94,127.0,,154,114,144,63,70,216,164,212,45,174,227,130,187,First Pair,82.0,1832.75,7.0,42.0,49.0,7.745686129755601,48.67256637168141,54.66777523858293,8465200,D,73.0,212.0,1978-03-02,CZE,1996.0,8.0,204.0,L,31,"[None, None, None, None, 75]","[None, None, None, None, 96]","[None, None, None, None, 59]","[None, None, None, None, 'TOR']"
2009-2010,Toni Lydman,BUF,D,28.6,31.3,36.6,33.8,79.7,87.7,79.3,29.5,54.2,29.5,67.8,50.2,47.6,59.5,47.6,163,157,145,87.0,39.0,29,48,161,105,76,74,114,120,93,120,227,130,187,Second Pair,67.0,1263.5333333333333,4.0,16.0,20.0,2.9223848365964393,55.714285714285715,49.91880328796677,8465042,D,74.0,213.0,1977-09-25,FIN,1996.0,4.0,89.0,L,31,"[None, None, None, None, 28]","[None, None, None, None, 31]","[None, None, None, None, 36]","[None, None, None, None, 'BUF']"
2009-2010,Trevor Daley,DAL,D,10.1,52.9,3.1,71.5,4.3,81.5,66.1,61.7,63.4,49.8,5.7,25.6,23.8,39.6,70.9,205,108,221,38.0,180.0,43,78,88,84,57,215,170,174,138,67,227,130,187,First Pair,77.0,1708.3833333333334,6.0,17.0,23.0,4.834627129430211,50.0,46.53667503343251,8470110,D,71.0,199.0,1983-10-09,CAN,2002.0,2.0,43.0,L,25,"[None, None, None, None, 10]","[None, None, None, None, 52]","[None, None, None, None, 3]","[None, None, None, None, 'DAL']"
2009-2010,Tyler Myers,BUF,D,91.2,78.9,19.8,18.5,16.0,93.0,92.5,84.6,86.8,99.1,22.5,15.0,18.1,50.2,89.9,21,49,183,107.0,158.0,17,18,36,31,3,177,194,187,114,24,227,130,187,First Pair,82.0,1946.55,11.0,37.0,48.0,8.720512737769148,54.700854700854705,48.90320933344236,8474574,D,80.0,229.0,1990-02-01,USA,2008.0,1.0,12.0,R,19,"[None, None, None, None, 91]","[None, None, None, None, 78]","[None, None, None, None, 19]","[None, None, None, None, 'BUF']"
2009-2010,Tyler Sloan,WSH,D,32.6,27.8,27.3,,47.1,58.6,80.2,79.3,48.5,60.1,89.9,87.7,87.2,88.5,19.4,154,165,166,,100.0,95,46,48,118,46,24,29,30,27,184,227,130,187,Third Pair,40.0,569.7166666666667,2.0,4.0,6.0,1.6744416671173217,50.0,45.81606419059625,8468846,D,76.0,214.0,1981-03-15,CAN,,,,L,28,"[None, None, None, None, 32]","[None, None, None, None, 27]","[None, None, None, None, 27]","[None, None, None, None, 'WSH']"
2009-2010,Victor Hedman,TBL,D,33.5,82.8,23.3,24.6,93.6,80.2,73.6,60.8,82.8,15.9,13.2,33.0,35.7,29.5,24.7,152,40,175,99.0,13.0,46,61,90,40,98,198,153,147,161,172,227,130,187,Second Pair,74.0,1542.7666666666669,4.0,16.0,20.0,3.8393637824763784,49.07407407407408,48.2593263771378,8475167,D,79.0,244.0,1990-12-18,SWE,2009.0,1.0,2.0,L,18,"[None, None, None, None, 33]","[None, None, None, None, 82]","[None, None, None, None, 23]","[None, None, None, None, 'TBL']"
2009-2010,Wade Redden,NYR,D,82.8,94.3,30.8,,38.0,33.5,41.0,52.4,60.4,70.3,74.9,47.1,44.5,58.6,25.6,40,14,158,,117.0,152,135,109,91,40,58,121,127,95,170,227,130,187,Third Pair,75.0,1313.8833333333332,2.0,13.0,15.0,3.4694177333265754,56.75675675675676,51.85083057279741,8462033,D,74.0,205.0,1977-06-12,CAN,1995.0,1.0,2.0,L,32,"[None, None, None, None, 82]","[None, None, None, None, 94]","[None, None, None, None, 30]","[None, None, None, None, 'NYR']"
2009-2010,Willie Mitchell,VAN,D,57.7,25.6,84.6,,36.4,86.8,92.1,43.6,43.6,41.0,27.8,60.8,72.2,78.0,86.3,97,170,36,,120.0,31,19,129,129,66,165,90,64,51,32,227,130,187,First Pair,48.0,1085.2333333333331,4.0,8.0,12.0,1.8176708745973356,55.932203389830505,52.30160126648736,8465185,D,75.0,210.0,1977-04-23,CAN,1996.0,8.0,199.0,L,32,"[None, None, None, None, 57]","[None, None, None, None, 25]","[None, None, None, None, 84]","[None, None, None, None, 'VAN']"
2009-2010,Zach Bogosian,ATL,D,8.4,70.0,1.3,73.1,20.9,73.6,76.7,93.0,14.1,35.9,74.0,8.4,15.0,20.3,48.0,209,69,225,36.0,149.0,61,54,17,196,71,60,209,194,182,119,227,130,187,Second Pair,81.0,1734.2,10.0,13.0,23.0,8.104830154766603,42.73504273504273,45.220185911162915,8474567,D,75.0,231.0,1990-07-15,USA,2008.0,1.0,3.0,R,19,"[None, None, None, None, 8]","[None, None, None, None, 70]","[None, None, None, None, 1]","[None, None, None, None, 'ATL']"
2009-2010,Zbynek Michalek,PHX,D,7.0,7.9,24.2,44.6,2.7,25.1,19.4,20.3,37.4,29.1,60.4,34.4,36.1,67.4,94.7,212,210,173,73.0,183.0,171,184,182,143,77,91,150,146,75,13,227,130,187,First Pair,72.0,1630.7,3.0,13.0,16.0,3.432136639160053,52.42718446601942,49.60665999210618,8469760,D,74.0,210.0,1982-12-23,CZE,,,,R,26,"[None, None, None, None, 7]","[None, None, None, None, 7]","[None, None, None, None, 24]","[None, None, None, None, 'PHX']"
2009-2010,Zdeno Chara,BOS,D,95.2,87.7,99.1,53.1,92.0,1.8,45.4,91.6,92.1,52.4,52.0,5.3,2.6,93.0,80.6,12,29,3,62.0,16.0,224,125,20,19,55,110,216,222,17,45,227,130,187,First Pair,80.0,2029.8166666666664,8.0,35.0,43.0,10.624197723889099,56.56565656565656,56.0868965186282,8465009,D,81.0,250.0,1977-03-18,SVK,1996.0,3.0,56.0,L,32,"[None, None, None, None, 95]","[None, None, None, None, 87]","[None, None, None, None, 99]","[None, None, None, None, 'BOS']"
