Season,Player ID,Player,Team,Position,ovr_pct,evo_pct,evd_pct,ppl_pct,pkl_pct,fin_pct,gol_pct,xgl_pct,ast_pct,pen_pct,hit_pct,ozs_pct,pdo_pct,tmt_pct,cmp_pct,ovr_rank,evo_rank,evd_rank,ppl_rank,pkl_rank,fin_rank,gol_rank,xgl_rank,ast_rank,pen_rank,hit_rank,ozs_rank,pdo_rank,tmt_rank,cmp_rank,all_players,ppl_players,pkl_players,Role,GP,TOI,Goals,Total Assists,Total Points,ixG,GF%,xGF%,Specific Position,Height (in),Weight (lbs),Date of Birth,Birth Country,Draft Year,Draft Round,Overall Draft Position,Shoots Catches,Age,ovr_history,evo_history,evd_history,team_history
2010-2011,8470310,Aaron Rome,VAN,D,15.5,30.2,17.2,,46.4,11.2,3.9,59.5,3.9,30.6,76.7,6.0,31.0,73.3,24.1,197,163,193,,104.0,207,216,95,224,148,55,219,161,63,177,232,130,192,Third Pair,56.0,975.0333333333332,1.0,4.0,5.0,2.7655425178269817,50.0,47.65729586793725,D,73.0,220.0,1983-09-27,CAN,2002.0,4.0,104.0,L,26,"[None, None, None, 26, 11]","[None, None, None, 39, 22]","[None, None, None, 22, 21]","[None, None, None, 'VAN', 'VAN']"
2010-2011,8456283,Adam Foote,COL,D,3.9,22.0,9.5,,3.6,29.7,3.9,9.1,25.4,21.1,31.0,7.3,59.5,28.4,52.6,224,182,211,,186.0,164,216,212,174,170,161,216,95,167,111,232,130,192,Third Pair,47.0,842.4833333333333,0.0,8.0,8.0,0.97000141667994,40.0,47.12666538156583,D,74.0,220.0,1971-07-10,CAN,1989.0,2.0,22.0,R,39,"[None, None, None, 2, 12]","[None, None, None, 14, 26]","[None, None, None, 7, 16]","[None, None, None, 'COL', 'COL']"
2010-2011,8471717,Adam McQuaid,BOS,D,91.4,48.7,94.0,,71.4,82.3,80.6,35.8,81.9,92.2,83.2,23.3,99.6,63.8,21.1,21,120,15,,56.0,42,46,150,43,19,40,179,2,85,184,232,130,192,Third Pair,67.0,996.0,3.0,12.0,15.0,1.8180808711956111,65.33333333333333,51.29161576668433,D,76.0,210.0,1986-10-12,CAN,2005.0,2.0,55.0,R,23,"[None, None, None, None, 88]","[None, None, None, None, 53]","[None, None, None, None, 90]","[None, None, None, None, 'BOS']"
2010-2011,8471385,Adam Pardy,CGY,D,74.6,56.0,78.9,,,64.2,55.2,42.2,78.0,59.9,79.7,84.1,16.4,68.5,0.4,60,103,50,,,84,105,135,52,85,48,38,195,74,232,232,130,192,Third Pair,30.0,440.6166666666667,1.0,6.0,7.0,1.439545759924779,55.26315789473685,57.13416996528784,D,76.0,227.0,1984-03-29,CAN,2004.0,6.0,173.0,L,26,"[None, None, None, 72, 74]","[None, None, None, 59, 58]","[None, None, None, 87, 73]","[None, None, None, 'CGY', 'CGY']"
2010-2011,8459053,Adrian Aucoin,PHX,D,22.4,74.1,66.4,17.7,17.2,62.5,72.8,64.7,52.6,6.5,24.6,26.7,69.0,51.7,60.8,181,61,79,108.0,160.0,88,64,83,111,203,176,171,73,113,92,232,130,192,Second Pair,75.0,1624.6333333333334,3.0,19.0,22.0,3.7738310911862394,53.92156862745098,47.5715585673416,D,74.0,215.0,1973-07-03,CAN,1992.0,5.0,117.0,R,37,"[None, None, None, 30, 18]","[None, None, None, 75, 71]","[None, None, None, 90, 38]","[None, None, None, 'PHX', 'PHX']"
2010-2011,8474166,Alec Martinez,LAK,D,56.0,56.5,65.1,30.8,,87.5,93.5,81.9,26.7,43.5,87.9,75.0,82.8,74.1,11.6,103,102,82,91.0,,30,16,43,171,121,29,59,41,61,206,232,130,192,Third Pair,60.0,916.7166666666668,5.0,11.0,16.0,3.927706675905832,60.37735849056604,55.22578469043739,D,73.0,210.0,1987-07-26,USA,2007.0,4.0,95.0,L,23,"[None, None, None, None, 58]","[None, None, None, None, 61]","[None, None, None, None, 66]","[None, None, None, None, 'LAK']"
2010-2011,8471274,Alex Goligoski,DAL,D,92.7,89.2,45.7,91.5,63.5,93.5,89.7,80.6,71.1,91.8,16.8,87.9,78.0,65.5,77.2,18,26,127,12.0,71.0,16,25,46,68,20,194,29,52,81,54,232,130,192,First Pair,83.0,1845.55,14.0,32.0,46.0,10.22532013352618,58.71559633027523,51.92664266439869,D,71.0,173.0,1985-07-30,USA,2004.0,2.0,61.0,L,25,"[None, None, None, 92, 92]","[None, None, None, 78, 87]","[None, None, None, 37, 53]","[None, None, None, 'PIT', 'DAL']"
2010-2011,8474565,Alex Pietrangelo,STL,D,97.8,75.9,87.9,68.5,94.8,98.7,95.3,94.4,91.4,98.7,26.7,84.5,79.7,61.6,92.2,6,57,29,42.0,11.0,4,12,14,21,4,171,37,48,90,19,232,130,192,First Pair,79.0,1738.0833333333333,11.0,32.0,43.0,8.545367610919499,58.4070796460177,52.50920597888993,D,75.0,215.0,1990-01-18,CAN,2008.0,1.0,4.0,R,20,"[None, None, None, None, 97]","[None, None, None, None, 75]","[None, None, None, None, 83]","[None, None, None, None, 'STL']"
2010-2011,8471303,Alexander Edler,VAN,D,56.9,59.1,53.0,48.5,70.3,44.0,62.5,87.1,91.8,51.7,69.8,97.4,85.3,95.3,44.8,101,96,110,68.0,58.0,131,88,31,20,103,71,7,35,12,129,232,130,192,First Pair,51.0,1238.85,8.0,25.0,33.0,6.682091613011115,61.111111111111114,53.82301975206818,D,76.0,210.0,1986-04-21,SWE,2004.0,3.0,91.0,L,24,"[None, None, None, 49, 62]","[None, None, None, 26, 74]","[None, None, None, 63, 47]","[None, None, None, 'VAN', 'VAN']"
2010-2011,8470685,Alexander Sulzer,FLA,D,75.9,50.0,42.2,42.3,60.4,48.3,33.2,36.6,19.8,96.6,32.3,79.3,27.2,28.0,64.7,57,117,135,76.0,77.0,121,156,148,187,9,158,49,170,168,83,232,130,192,Third Pair,40.0,701.9333333333333,1.0,4.0,5.0,1.5192630552669104,43.24324324324324,46.505232741957606,D,73.0,198.0,1984-05-30,DEU,2003.0,3.0,92.0,L,26,"[None, None, None, None, 76]","[None, None, None, None, 54]","[None, None, None, None, 43]","[None, None, None, None, 'FLA']"
2010-2011,8470678,Alexandre Picard,MTL,D,79.7,65.1,76.7,57.7,,61.6,59.5,56.0,56.0,71.6,72.8,85.3,10.8,55.6,3.4,48,82,55,56.0,,90,95,103,103,59,64,35,208,104,225,232,130,192,Third Pair,43.0,706.35,3.0,5.0,8.0,2.5675656254959223,51.11111111111111,57.39893506241771,D,75.0,215.0,1985-07-05,CAN,2003.0,3.0,85.0,L,25,"[None, None, None, 53, 85]","[None, None, None, 34, 76]","[None, None, None, 70, 78]","[None, None, None, 'CAR', 'MTL']"
2010-2011,8468534,Andreas Lilja,ANA,D,23.3,3.9,56.0,,75.0,51.7,24.6,14.7,16.8,34.7,64.7,37.9,5.6,3.0,72.0,179,224,103,,49.0,113,176,199,194,139,83,145,220,226,66,232,130,192,Third Pair,52.0,906.5166666666668,1.0,6.0,7.0,1.310079615862507,31.11111111111111,39.07495705138437,D,75.0,220.0,1975-07-13,SWE,2000.0,2.0,54.0,L,35,"[None, None, None, None, 25]","[None, None, None, None, 8]","[None, None, None, None, 58]","[None, None, None, None, 'ANA']"
2010-2011,8471236,Andrej Meszaros,PHI,D,9.5,65.9,53.9,6.9,51.6,3.9,42.7,84.9,80.6,4.7,65.5,8.2,87.1,37.1,43.1,211,80,108,122.0,94.0,224,134,36,46,207,81,214,31,147,133,232,130,192,Second Pair,81.0,1710.7833333333333,8.0,24.0,32.0,8.373784132444232,61.81818181818181,51.18092480987077,D,74.0,223.0,1985-10-13,SVK,2004.0,1.0,23.0,L,24,"[None, None, None, 1, 40]","[None, None, None, 11, 85]","[None, None, None, 51, 57]","[None, None, None, 'TBL', 'PHI']"
2010-2011,8471284,Andrej Sekera,BUF,D,84.5,65.5,43.1,77.7,92.2,65.5,82.3,58.6,63.4,95.3,43.5,72.4,77.2,69.4,50.0,37,81,133,30.0,16.0,81,42,97,86,12,132,65,54,72,117,232,130,192,Second Pair,76.0,1603.0,3.0,26.0,29.0,4.992867000462853,57.99999999999999,52.336123948004776,D,72.0,200.0,1986-06-08,SVK,2004.0,3.0,71.0,L,24,"[None, None, None, 72, 84]","[None, None, None, 62, 68]","[None, None, None, 24, 62]","[None, None, None, 'BUF', 'BUF']"
2010-2011,8469626,Andrew Alberts,VAN,D,12.5,64.7,42.7,,47.9,60.3,40.9,13.8,81.0,5.2,99.1,4.3,78.4,36.6,7.3,204,83,134,,101.0,93,138,201,45,206,3,223,51,148,216,232,130,192,Third Pair,42.0,636.6666666666666,1.0,6.0,7.0,0.8146176576500079,48.837209302325576,45.57681667618557,D,77.0,218.0,1981-06-30,USA,2001.0,6.0,179.0,L,29,"[None, None, None, 13, 19]","[None, None, None, 84, 31]","[None, None, None, 51, 38]","[None, None, None, 'VAN', 'VAN']"
2010-2011,8466333,Andrew Ference,BOS,D,77.2,51.3,67.2,,65.6,36.6,28.4,46.6,25.9,87.1,48.7,43.1,72.8,81.9,28.4,54,114,77,,67.0,148,167,125,173,29,120,133,64,43,167,232,130,192,Third Pair,70.0,1258.55,3.0,12.0,15.0,2.7673703375728516,59.77011494252874,49.21254552680831,D,71.0,182.0,1979-03-17,CAN,1997.0,8.0,208.0,L,31,"[None, None, None, 80, 73]","[None, None, None, 42, 59]","[None, None, None, 75, 63]","[None, None, None, 'BOS', 'BOS']"
2010-2011,8473584,Andrew MacDonald,NYI,D,14.7,11.2,30.2,30.0,34.9,27.6,19.8,29.3,37.5,38.4,18.5,22.0,81.5,42.2,84.9,199,207,163,92.0,126.0,169,187,165,146,131,190,182,44,135,36,232,130,192,First Pair,60.0,1404.85,4.0,23.0,27.0,4.59733270073678,51.19047619047619,46.45635998777938,D,73.0,204.0,1986-09-07,CAN,2006.0,6.0,160.0,L,23,"[None, None, None, 31, 9]","[None, None, None, 10, 15]","[None, None, None, 58, 22]","[None, None, None, 'NYI', 'NYI']"
2010-2011,8472382,Andy Greene,NJD,D,85.3,25.0,96.6,16.2,83.9,58.2,23.7,12.9,71.6,73.3,9.5,88.8,13.8,48.7,56.9,35,175,9,110.0,32.0,98,178,203,67,55,211,27,201,120,101,232,130,192,First Pair,82.0,1833.5833333333333,4.0,19.0,23.0,4.519790963635706,38.38383838383838,52.30498976018985,D,71.0,190.0,1982-10-30,USA,,,,L,27,"[None, None, None, 88, 80]","[None, None, None, 35, 18]","[None, None, None, 92, 97]","[None, None, None, 'NJD', 'NJD']"
2010-2011,8467304,Andy Sutton,ANA,D,3.4,72.0,25.4,,29.7,75.4,40.5,51.7,12.9,0.4,90.1,50.9,37.5,6.5,12.1,225,66,174,,136.0,58,139,113,203,217,24,115,146,218,205,232,130,192,Third Pair,39.0,575.3833333333333,0.0,4.0,4.0,0.992546224725113,48.48484848484848,44.531740881115674,D,78.0,245.0,1975-03-10,CAN,,,,L,35,"[None, None, None, 4, 5]","[None, None, None, 81, 60]","[None, None, None, 23, 35]","[None, None, None, 'OTT', 'ANA']"
2010-2011,8474557,Anssi Salmela,NJD,D,31.9,29.3,25.9,,,17.7,15.5,65.1,26.3,56.9,61.2,94.8,20.7,46.6,10.8,159,165,173,,,192,197,82,172,92,91,13,185,125,208,232,130,192,Third Pair,48.0,835.05,1.0,6.0,7.0,2.2170538957181463,40.42553191489361,48.46058391826041,D,73.0,200.0,1984-08-13,FIN,,,,L,26,"[None, None, None, 39, 26]","[None, None, None, 67, 11]","[None, None, None, 28, 31]","[None, None, None, 'NJD', 'NJD']"
2010-2011,8470265,Anton Babchuk,CGY,D,47.8,57.3,20.7,40.8,,95.3,68.1,63.8,78.4,52.6,4.3,98.3,85.8,74.6,1.7,122,100,185,78.0,,12,75,85,51,101,223,5,34,60,229,232,130,192,Third Pair,82.0,1340.45,11.0,24.0,35.0,5.960786379782806,58.139534883720934,52.61153763348595,D,77.0,200.0,1984-05-06,UKR,2002.0,1.0,21.0,R,26,"[None, None, None, None, 51]","[None, None, None, None, 62]","[None, None, None, None, 25]","[None, None, None, None, 'CGY']"
2010-2011,8471873,Anton Stralman,CBJ,D,64.7,39.7,56.5,84.6,,5.2,8.2,53.9,40.9,78.0,32.8,52.6,6.0,33.2,75.4,83,141,102,21.0,,221,214,108,138,46,157,111,219,156,58,232,130,192,Second Pair,51.0,1006.45,1.0,17.0,18.0,4.547666379343279,41.37931034482759,48.43136055424832,D,71.0,193.0,1986-08-01,SWE,2005.0,7.0,216.0,R,24,"[None, None, None, 55, 71]","[None, None, None, 22, 56]","[None, None, None, 80, 37]","[None, None, None, 'CBJ', 'CBJ']"
2010-2011,8468501,Anton Volchenkov,NJD,D,72.4,58.2,79.3,,90.1,30.6,33.6,52.6,47.0,48.3,86.2,44.0,22.4,58.2,35.3,65,98,49,,20.0,162,155,111,124,111,33,131,181,98,151,232,130,192,Second Pair,57.0,1032.0,0.0,8.0,8.0,1.91948724175998,50.0,52.163606218998105,D,73.0,220.0,1982-02-25,RUS,2000.0,1.0,21.0,L,28,"[None, None, None, 93, 45]","[None, None, None, 72, 43]","[None, None, None, 71, 81]","[None, None, None, 'OTT', 'NJD']"
2010-2011,8467890,Barret Jackman,STL,D,23.7,62.1,12.9,,88.5,10.3,3.9,8.2,64.7,22.4,26.3,3.0,46.6,53.0,95.3,178,89,203,,23.0,209,216,214,83,167,172,226,125,110,12,232,130,192,Second Pair,60.0,1248.4333333333334,0.0,13.0,13.0,1.7260373365399264,51.11111111111111,48.9513228874346,D,72.0,203.0,1981-03-05,CAN,1999.0,1.0,17.0,L,29,"[None, None, None, 15, 38]","[None, None, None, 60, 64]","[None, None, None, 18, 12]","[None, None, None, 'STL', 'STL']"
2010-2011,8473933,Ben Lovejoy,PIT,D,55.2,59.5,48.3,,50.0,86.2,92.2,76.3,100.0,55.0,60.8,83.2,94.4,47.0,25.0,105,95,121,,97.0,33,19,56,1,96,92,40,14,124,175,232,130,192,Third Pair,47.0,705.0833333333334,3.0,14.0,17.0,2.0007435292702485,59.18367346938776,51.19814171982592,D,73.0,205.0,1984-02-20,USA,,,,R,26,"[None, None, None, None, 57]","[None, None, None, None, 63]","[None, None, None, None, 50]","[None, None, None, None, 'PIT']"
2010-2011,8467331,Brad Stuart,DET,D,46.6,76.7,16.8,,4.7,1.3,30.2,86.6,68.1,81.5,78.9,59.1,31.5,89.2,93.1,125,55,194,,184.0,230,163,32,75,41,50,96,160,26,17,232,130,192,Second Pair,67.0,1442.4666666666667,3.0,17.0,20.0,3.3786937075228085,50.0,52.36700974204106,D,74.0,215.0,1979-11-06,CAN,1998.0,1.0,3.0,L,30,"[None, None, None, 43, 51]","[None, None, None, 72, 76]","[None, None, None, 6, 48]","[None, None, None, 'DET', 'DET']"
2010-2011,8470601,Braydon Coburn,PHI,D,28.4,83.6,31.9,,52.6,4.7,26.7,59.9,47.8,7.8,66.8,40.9,33.2,84.9,62.9,167,39,159,,92.0,222,171,94,122,200,78,138,156,36,87,232,130,192,Second Pair,82.0,1727.6666666666667,2.0,14.0,16.0,4.305552735333407,51.21951219512195,49.342007446901015,D,77.0,224.0,1985-02-27,CAN,2003.0,1.0,8.0,L,25,"[None, None, None, 59, 14]","[None, None, None, 98, 46]","[None, None, None, 39, 33]","[None, None, None, 'PHI', 'PHI']"
2010-2011,8471705,Brendan Mikkelson,CGY,D,50.4,37.5,28.4,,41.7,46.6,3.9,24.1,27.2,84.9,59.1,74.1,15.5,34.1,28.0,116,146,167,,113.0,125,216,177,170,33,96,61,197,154,168,232,130,192,Third Pair,24.0,341.48333333333335,0.0,2.0,2.0,0.718212566469813,36.36363636363637,43.35192477515387,D,75.0,210.0,1987-06-22,CAN,2005.0,2.0,31.0,L,23,"[None, None, None, 42, 60]","[None, None, None, 31, 42]","[None, None, None, 38, 28]","[None, None, None, 'ANA', 'CGY']"
2010-2011,8470613,Brent Burns,MIN,D,42.2,53.0,84.1,21.5,14.6,88.4,73.7,97.8,68.5,13.4,47.0,22.4,42.2,12.9,63.8,135,110,38,103.0,165.0,28,62,6,74,188,124,181,135,203,85,232,130,192,First Pair,80.0,2003.7833333333333,17.0,29.0,46.0,12.635252263196053,49.166666666666664,49.0853476417073,D,77.0,228.0,1985-03-09,CAN,2003.0,1.0,20.0,R,25,"[None, None, None, 33, 46]","[None, None, None, 35, 67]","[None, None, None, 33, 94]","[None, None, None, 'MIN', 'MIN']"
2010-2011,8470607,Brent Seabrook,CHI,D,60.8,31.0,89.2,43.8,14.1,8.2,36.2,72.8,82.3,56.0,85.8,71.6,30.6,100.0,87.9,92,161,26,74.0,166.0,214,149,64,42,94,34,67,162,1,29,232,130,192,First Pair,82.0,1999.7666666666669,9.0,39.0,48.0,7.94372337873689,49.137931034482754,52.586760584939576,D,75.0,220.0,1985-04-20,CAN,2003.0,1.0,14.0,R,25,"[None, None, None, 82, 40]","[None, None, None, 28, 30]","[None, None, None, 84, 88]","[None, None, None, 'CHI', 'CHI']"
2010-2011,8462176,Brent Sopel,MTL,D,61.6,69.8,40.1,,2.6,44.4,34.5,31.5,37.1,86.6,29.3,68.1,41.4,56.0,18.5,90,71,140,,188.0,130,153,160,147,30,165,75,137,103,190,232,130,192,Third Pair,71.0,1160.4,2.0,5.0,7.0,1.8445482519144116,50.0,43.373990966282314,D,74.0,205.0,1977-01-07,CAN,1995.0,6.0,144.0,R,33,"[None, None, None, 73, 52]","[None, None, None, 85, 47]","[None, None, None, 57, 31]","[None, None, None, 'CHI', 'MTL']"
2010-2011,8465122,Brett Clark,TBL,D,72.8,19.0,89.7,62.3,76.0,68.5,43.1,38.8,53.4,64.2,45.3,42.2,73.7,81.0,19.4,64,189,25,50.0,47.0,74,133,143,109,75,128,135,62,45,188,232,130,192,Second Pair,82.0,1548.3333333333333,9.0,22.0,31.0,6.940891137141591,57.47126436781609,56.94792104992927,D,72.0,194.0,1976-12-23,CAN,1996.0,6.0,154.0,L,33,"[None, None, None, 22, 90]","[None, None, None, 7, 28]","[None, None, None, 69, 93]","[None, None, None, 'COL', 'TBL']"
2010-2011,8471187,Brett Lebda,TOR,D,62.5,68.5,51.3,37.7,,19.4,35.8,71.6,17.7,64.9,34.5,93.1,6.9,19.0,6.0,88,74,114,82.0,,188,150,67,192,74,153,17,217,189,219,232,130,192,Third Pair,41.0,546.8666666666667,1.0,3.0,4.0,2.2562467592821727,34.146341463414636,45.34138081234024,D,69.0,195.0,1982-01-15,USA,,,,L,28,"[None, None, None, 70, 54]","[None, None, None, 71, 64]","[None, None, None, 78, 30]","[None, None, None, 'DET', 'TOR']"
2010-2011,8466285,Brian Campbell,CHI,D,98.3,85.8,94.8,83.8,84.4,31.0,55.6,82.3,79.3,98.3,15.1,90.1,75.9,99.6,11.2,5,34,13,22.0,31.0,161,104,42,49,5,198,24,57,2,207,232,130,192,First Pair,65.0,1493.8666666666666,5.0,22.0,27.0,5.214410989143313,66.66666666666666,54.9023397383888,D,70.0,192.0,1979-05-23,CAN,1997.0,6.0,156.0,L,31,"[None, None, None, 99, 96]","[None, None, None, 81, 85]","[None, None, None, 98, 84]","[None, None, None, 'CHI', 'CHI']"
2010-2011,8471683,Brian Lee,OTT,D,48.3,35.8,52.2,,52.1,47.0,61.6,11.6,3.0,63.8,81.9,67.7,4.7,25.4,19.8,121,150,112,,93.0,124,90,206,226,76,43,76,222,174,187,232,130,192,Third Pair,50.0,864.5666666666666,0.0,3.0,3.0,1.2207245451799489,40.0,48.50049501688781,D,75.0,200.0,1987-03-26,USA,2005.0,1.0,9.0,R,23,"[None, None, None, 52, 50]","[None, None, None, 31, 41]","[None, None, None, 50, 54]","[None, None, None, 'OTT', 'OTT']"
2010-2011,8467856,Brian Rafalski,DET,D,95.3,97.4,72.0,93.8,,24.6,58.6,37.9,97.8,59.5,27.2,78.9,57.8,90.1,66.4,12,7,66,9.0,,176,97,145,6,86,170,50,99,24,79,232,130,192,Second Pair,63.0,1286.6333333333334,4.0,44.0,48.0,4.676108716789517,56.310679611650485,53.72199337204479,D,70.0,194.0,1973-09-28,USA,,,,R,36,"[None, None, None, 96, 93]","[None, None, None, 96, 96]","[None, None, None, 82, 64]","[None, None, None, 'DET', 'DET']"
2010-2011,8468498,Brooks Orpik,PIT,D,35.3,16.8,66.8,,95.8,43.5,22.4,13.4,74.6,17.7,96.1,36.2,82.3,82.3,90.9,151,194,78,,9.0,132,181,202,60,178,10,149,42,42,22,232,130,192,Second Pair,63.0,1315.6,1.0,12.0,13.0,1.752582182303153,55.714285714285715,47.51286309373592,D,75.0,217.0,1980-09-26,USA,2000.0,1.0,18.0,L,29,"[None, None, None, 56, 21]","[None, None, None, 50, 5]","[None, None, None, 81, 56]","[None, None, None, 'PIT', 'PIT']"
2010-2011,8470774,Bruno Gervais,NYI,D,33.6,69.0,9.1,,18.2,11.6,13.4,62.5,58.6,64.9,25.9,33.2,9.1,22.4,33.6,155,73,212,,158.0,206,202,88,97,74,173,156,212,181,155,232,130,192,Third Pair,53.0,830.8,0.0,6.0,6.0,1.877348285125484,35.294117647058826,43.6300732776118,D,73.0,200.0,1984-10-03,CAN,2003.0,6.0,182.0,R,25,"[None, None, None, 35, 32]","[None, None, None, 84, 48]","[None, None, None, 10, 11]","[None, None, None, 'NYI', 'NYI']"
2010-2011,8467332,Bryan Allen,CAR,D,18.1,72.8,8.2,,55.7,39.2,40.1,30.6,59.1,19.4,73.3,16.4,49.6,12.5,48.7,191,64,214,,86.0,142,140,162,96,174,63,195,118,204,120,232,130,192,Second Pair,72.0,1319.2,4.0,13.0,17.0,2.011061565218193,48.57142857142857,50.497131027972216,D,77.0,223.0,1980-08-21,CAN,1998.0,1.0,4.0,L,30,"[None, None, None, 24, 17]","[None, None, None, 68, 72]","[None, None, None, 8, 9]","[None, None, None, 'FLA', 'CAR']"
2010-2011,8459462,Bryan McCabe,NYR,D,6.0,8.6,19.4,1.5,23.4,15.9,63.4,70.7,83.6,37.5,30.2,69.4,84.1,23.3,13.8,219,213,188,129.0,148.0,196,86,69,39,133,163,72,38,179,201,232,130,192,Second Pair,67.0,1311.0,7.0,21.0,28.0,7.052361165274833,53.333333333333336,50.64862693139216,D,74.0,223.0,1975-06-08,CAN,1993.0,2.0,40.0,L,35,"[None, None, None, 0, 26]","[None, None, None, 2, 24]","[None, None, None, 19, 29]","[None, None, None, 'FLA', 'NYR']"
2010-2011,8471216,Cam Barker,MIN,D,19.8,32.8,16.4,31.5,62.5,28.4,9.1,37.1,39.7,36.6,50.9,79.7,53.9,56.9,13.4,187,157,195,90.0,73.0,167,212,147,141,135,115,48,108,101,202,232,130,192,Third Pair,52.0,852.9166666666666,1.0,4.0,5.0,1.9888416968282827,40.0,42.25251122796829,D,75.0,223.0,1986-04-04,CAN,2004.0,1.0,3.0,L,24,"[None, None, None, 13, 32]","[None, None, None, 63, 19]","[None, None, None, 26, 16]","[None, None, None, 'MIN', 'MIN']"
2010-2011,8475764,Cam Fowler,ANA,D,26.3,5.6,15.5,90.8,,78.9,12.5,23.7,50.0,49.1,7.8,48.7,8.2,14.7,81.5,172,220,197,13.0,,50,204,178,117,109,215,120,214,199,44,232,130,192,First Pair,76.0,1681.8833333333334,10.0,30.0,40.0,6.501092218362919,35.95505617977528,43.06471569459057,D,74.0,213.0,1991-12-05,CAN,2010.0,1.0,12.0,L,18,"[None, None, None, None, 28]","[None, None, None, None, 11]","[None, None, None, None, 18]","[None, None, None, None, 'ANA']"
2010-2011,8474125,Carl Gunnarsson,TOR,D,40.5,4.3,55.2,26.2,11.5,79.3,74.6,24.6,75.9,87.9,51.3,50.4,72.0,29.7,30.2,139,223,105,97.0,171.0,49,60,176,57,27,114,116,66,164,163,232,130,192,Second Pair,68.0,1240.4833333333331,4.0,16.0,20.0,3.212262492797688,48.0,45.90022208615916,D,74.0,198.0,1986-11-09,SWE,2007.0,7.0,194.0,L,23,"[None, None, None, 52, 35]","[None, None, None, 21, 3]","[None, None, None, 64, 52]","[None, None, None, 'TOR', 'TOR']"
2010-2011,8469470,Carlo Colaiacovo,STL,D,87.1,84.5,82.8,29.2,,73.3,80.2,81.5,85.3,66.4,50.4,97.0,25.0,42.7,34.1,31,37,41,93.0,,63,47,44,35,71,116,8,175,134,154,232,130,192,Second Pair,65.0,1178.8,6.0,20.0,26.0,4.911087027674978,46.96969696969697,52.13535860630228,D,73.0,202.0,1983-01-27,CAN,2001.0,1.0,17.0,L,27,"[None, None, None, 91, 81]","[None, None, None, 93, 70]","[None, None, None, 84, 79]","[None, None, None, 'STL', 'STL']"
2010-2011,8471761,Chris Butler,BUF,D,50.9,71.1,43.5,83.1,53.1,34.1,44.0,53.0,24.6,30.2,20.3,38.8,45.3,60.3,46.6,115,68,132,23.0,91.0,154,131,110,176,149,186,143,128,93,125,232,130,192,Second Pair,49.0,890.1999999999999,2.0,7.0,9.0,2.4757099822391737,57.377049180327866,50.88386089780636,D,73.0,196.0,1986-10-27,USA,2005.0,4.0,96.0,L,23,"[None, None, None, 78, 34]","[None, None, None, 71, 70]","[None, None, None, 48, 42]","[None, None, None, 'BUF', 'BUF']"
2010-2011,8470329,Chris Campoli,CHI,D,94.0,96.6,80.2,6.2,89.1,39.7,51.7,67.7,77.6,86.0,69.4,75.9,15.9,54.3,6.5,15,9,47,123.0,22.0,141,113,76,53,31,72,57,196,107,218,232,130,192,Second Pair,77.0,1473.5333333333333,4.0,17.0,21.0,3.7604776129234874,51.06382978723404,54.90327927309634,D,72.0,200.0,1984-07-09,CAN,2004.0,7.0,227.0,L,26,"[None, None, None, 85, 97]","[None, None, None, 69, 99]","[None, None, None, 85, 77]","[None, None, None, 'OTT', 'CHI']"
2010-2011,8464956,Chris Phillips,OTT,D,7.8,2.6,41.8,,3.1,65.1,52.2,32.3,22.8,26.3,41.8,32.8,11.2,32.3,83.6,215,227,136,,187.0,82,112,158,180,158,136,157,207,158,39,232,130,192,Second Pair,82.0,1764.8166666666666,1.0,8.0,9.0,3.1752943957146584,35.18518518518518,43.53097890420929,D,75.0,219.0,1978-03-09,CAN,1996.0,1.0,1.0,L,32,"[None, None, None, 67, 0]","[None, None, None, 52, 1]","[None, None, None, 81, 15]","[None, None, None, 'OTT', 'OTT']"
2010-2011,8459424,Chris Pronger,PHI,D,57.8,70.3,88.8,56.9,92.7,71.1,53.0,70.3,76.7,8.2,13.4,53.0,75.4,96.6,69.0,99,70,27,57.0,15.0,68,110,70,55,199,202,110,58,9,73,232,130,192,First Pair,50.0,1124.9166666666667,4.0,21.0,25.0,6.282629379056257,57.377049180327866,50.83333437144507,D,78.0,220.0,1974-10-10,CAN,1993.0,1.0,2.0,L,35,"[None, None, None, 89, 31]","[None, None, None, 82, 55]","[None, None, None, 98, 65]","[None, None, None, 'PHI', 'PHI']"
2010-2011,8475690,Chris Tanev,VAN,D,85.8,62.5,70.7,,,49.1,3.9,9.9,0.6,95.7,75.0,5.2,19.0,44.8,14.7,34,88,69,,,119,216,210,231,11,59,221,189,129,199,232,130,192,Third Pair,29.0,399.93333333333334,0.0,1.0,1.0,0.728304051939742,50.0,57.13461094314019,D,75.0,200.0,1989-12-20,CAN,,,,R,20,"[None, None, None, None, 81]","[None, None, None, None, 65]","[None, None, None, None, 72]","[None, None, None, None, 'VAN']"
2010-2011,8469555,Christian Ehrhoff,VAN,D,100.0,95.7,81.0,97.7,98.4,97.8,94.4,92.2,46.1,88.4,12.1,97.8,98.3,78.9,37.9,1,11,45,4.0,4.0,6,14,19,126,26,205,6,5,50,145,232,130,192,First Pair,79.0,1895.3333333333333,14.0,36.0,50.0,11.602044508474355,59.813084112149525,54.27524899907913,D,74.0,201.0,1982-07-06,DEU,2001.0,4.0,106.0,L,28,"[None, None, None, 99, 99]","[None, None, None, 94, 92]","[None, None, None, 64, 85]","[None, None, None, 'VAN', 'VAN']"
2010-2011,8470886,Clayton Stoner,MIN,D,30.6,25.4,71.1,,86.5,79.7,54.7,5.2,28.9,12.1,97.0,0.9,94.8,1.3,97.4,162,174,68,,27.0,48,106,221,166,190,8,231,13,230,7,232,130,192,Third Pair,57.0,961.2,2.0,7.0,9.0,1.0961785536823565,51.06382978723404,45.554814848038546,D,76.0,216.0,1985-02-19,CAN,2004.0,3.0,79.0,L,25,"[None, None, None, None, 34]","[None, None, None, None, 26]","[None, None, None, None, 72]","[None, None, None, None, 'MIN']"
2010-2011,8471742,Cody Franson,NSH,D,71.6,77.2,59.9,61.5,,94.8,96.6,78.4,96.1,42.2,38.8,84.9,97.4,27.6,3.9,67,54,94,51.0,,13,9,51,10,123,143,36,7,169,224,232,130,192,Third Pair,80.0,1214.0,8.0,21.0,29.0,6.1350904589630435,58.82352941176471,50.73248955912464,D,77.0,224.0,1987-08-08,CAN,2005.0,3.0,79.0,R,23,"[None, None, None, 79, 61]","[None, None, None, 74, 77]","[None, None, None, 65, 60]","[None, None, None, 'NSH', 'NSH']"
2010-2011,8465005,Colin White,NJD,D,44.4,18.5,75.4,,74.5,50.4,15.1,1.3,14.2,35.3,71.6,13.8,28.0,84.5,68.1,130,190,58,,50.0,116,198,230,200,138,67,201,168,37,75,232,130,192,Second Pair,69.0,1301.0,0.0,6.0,6.0,1.1678316323224829,44.11764705882353,49.17884413131465,D,76.0,215.0,1977-12-12,CAN,1996.0,2.0,49.0,L,32,"[None, None, None, 69, 27]","[None, None, None, 44, 7]","[None, None, None, 74, 76]","[None, None, None, 'NJD', 'NJD']"
2010-2011,8464981,Cory Sarich,CGY,D,21.6,38.8,54.7,,93.8,75.9,41.8,37.5,56.5,7.3,93.5,47.4,67.2,94.0,20.3,183,143,106,,13.0,57,136,146,102,201,16,123,77,15,186,232,130,192,Third Pair,76.0,1358.7833333333333,4.0,13.0,17.0,2.5516769174643437,55.68181818181818,53.23085873931366,D,76.0,207.0,1978-08-16,CAN,1996.0,2.0,27.0,R,32,"[None, None, None, 7, 48]","[None, None, None, 69, 19]","[None, None, None, 55, 55]","[None, None, None, 'CGY', 'CGY']"
2010-2011,8459004,Craig Rivet,CBJ,D,36.2,53.9,62.9,20.8,45.3,42.7,69.0,54.3,33.2,17.2,36.2,89.7,10.3,44.4,34.5,149,108,87,104.0,106.0,134,73,107,156,179,149,25,209,130,153,232,130,192,Third Pair,37.0,543.0166666666667,2.0,2.0,4.0,1.4638325359357047,41.46341463414634,50.54667868000998,D,74.0,207.0,1974-09-13,CAN,1992.0,3.0,68.0,R,35,"[None, None, None, 25, 44]","[None, None, None, 58, 56]","[None, None, None, 67, 62]","[None, None, None, 'BUF', 'CBJ']"
2010-2011,8467096,Dan Boyle,SJS,D,98.7,97.0,92.2,100.0,79.2,1.7,84.9,97.0,87.9,15.9,5.2,45.7,73.3,87.5,65.1,4,8,19,1.0,41.0,229,36,8,29,182,221,127,63,30,82,232,130,192,First Pair,76.0,1994.0166666666669,9.0,41.0,50.0,14.94804358039819,54.54545454545454,56.67558398956088,D,71.0,194.0,1976-07-12,CAN,,,,R,34,"[None, None, None, 98, 99]","[None, None, None, 95, 94]","[None, None, None, 85, 92]","[None, None, None, 'SJS', 'SJS']"
2010-2011,8471958,Dan Girardi,NYR,D,13.8,83.2,2.2,76.9,45.8,38.4,47.0,44.8,65.5,47.0,82.8,34.9,36.2,71.1,90.1,201,40,228,31.0,105.0,144,124,129,81,114,41,152,149,68,24,232,130,192,First Pair,80.0,1966.1833333333336,4.0,27.0,31.0,6.141614418107116,46.788990825688074,50.742772586130336,D,73.0,212.0,1984-04-29,CAN,,,,R,26,"[None, None, None, 11, 24]","[None, None, None, 53, 90]","[None, None, None, 2, 2]","[None, None, None, 'NYR', 'NYR']"
2010-2011,8469465,Dan Hamhuis,VAN,D,73.3,86.2,26.7,13.1,89.6,50.9,53.4,64.2,53.0,62.5,43.1,45.3,59.9,78.0,78.0,63,33,171,114.0,21.0,115,109,84,110,79,133,128,94,52,52,232,130,192,First Pair,64.0,1451.4833333333331,6.0,17.0,23.0,4.7364905721165504,60.22727272727273,50.38810002381317,D,73.0,204.0,1982-12-13,CAN,2001.0,1.0,12.0,L,27,"[None, None, None, 85, 59]","[None, None, None, 82, 84]","[None, None, None, 47, 19]","[None, None, None, 'NSH', 'VAN']"
2010-2011,8468502,David Hale,OTT,D,49.6,34.1,51.7,,33.9,55.2,28.0,12.5,53.9,72.0,68.5,9.5,69.4,17.7,12.9,118,154,113,,128.0,105,168,204,108,58,74,211,72,192,203,232,130,192,Third Pair,25.0,407.81666666666666,1.0,4.0,5.0,0.6019222235589325,57.692307692307686,49.15211895936417,D,73.0,222.0,1981-06-18,USA,2000.0,1.0,22.0,L,29,"[None, None, None, 55, 52]","[None, None, None, 41, 30]","[None, None, None, 53, 51]","[None, None, None, 'TBL', 'OTT']"
2010-2011,8473673,David Schlemko,PHX,D,59.9,73.3,31.5,49.2,,81.9,95.7,83.2,69.0,55.6,60.3,91.4,89.7,87.1,9.1,94,63,160,67.0,,43,11,40,73,95,93,21,25,31,212,232,130,192,Third Pair,43.0,689.6,4.0,10.0,14.0,2.579094583302265,61.53846153846154,52.20161327560619,D,73.0,191.0,1987-05-07,CAN,,,,L,23,"[None, None, None, 63, 59]","[None, None, None, 63, 77]","[None, None, None, 34, 36]","[None, None, None, 'PHX', 'PHX']"
2010-2011,8474518,Davis Drewiske,LAK,D,66.4,31.5,68.5,,59.4,34.9,3.9,15.9,75.4,76.3,56.9,81.9,12.1,69.8,4.7,79,160,74,,79.0,152,216,196,58,50,101,43,205,71,222,232,130,192,Third Pair,38.0,545.3833333333333,0.0,5.0,5.0,0.9374555888626972,46.875,51.57805510681901,D,74.0,222.0,1984-11-22,USA,,,,L,25,"[None, None, None, 77, 53]","[None, None, None, 39, 24]","[None, None, None, 76, 66]","[None, None, None, 'LAK', 'LAK']"
2010-2011,8469619,Dennis Seidenberg,BOS,D,48.7,87.1,6.5,38.5,13.0,81.5,69.8,62.1,77.2,72.4,83.6,12.5,70.3,40.9,40.1,120,31,218,81.0,168.0,44,71,89,54,57,39,204,70,138,140,232,130,192,First Pair,81.0,1907.1166666666663,7.0,25.0,32.0,6.80584258137415,49.56521739130435,49.00771910201538,D,72.0,199.0,1981-07-18,DEU,2001.0,6.0,172.0,L,29,"[None, None, None, 78, 28]","[None, None, None, 74, 89]","[None, None, None, 41, 3]","[None, None, None, 'BOS', 'BOS']"
2010-2011,8469770,Dennis Wideman,WSH,D,62.9,80.6,39.2,44.6,6.8,30.2,37.1,68.1,38.8,60.3,40.9,62.1,9.5,53.9,45.7,87,46,142,73.0,180.0,163,147,75,143,84,138,89,211,108,127,232,130,192,First Pair,75.0,1798.65,10.0,30.0,40.0,10.137990369002983,42.98245614035088,48.36937865023832,D,72.0,202.0,1983-03-20,CAN,2002.0,8.0,241.0,R,27,"[None, None, None, 76, 50]","[None, None, None, 90, 72]","[None, None, None, 52, 33]","[None, None, None, 'BOS', 'WSH']"
2010-2011,8471810,Derek Joslin,CAR,D,59.1,52.6,34.1,46.9,50.5,56.9,22.8,23.3,34.5,78.9,40.1,38.4,87.5,65.9,65.5,96,111,154,70.0,96.0,101,180,179,153,44,140,144,30,80,81,232,130,192,Third Pair,34.0,518.9833333333333,2.0,7.0,9.0,1.1486406230659223,54.83870967741935,50.60407233390075,D,73.0,210.0,1987-03-17,CAN,2005.0,5.0,149.0,L,23,"[None, None, None, 47, 68]","[None, None, None, 48, 59]","[None, None, None, 30, 45]","[None, None, None, 'SJS', 'CAR']"
2010-2011,8464966,Derek Morris,PHX,D,16.4,14.2,29.3,23.1,66.7,84.5,56.0,25.4,41.4,22.0,22.4,61.6,59.1,92.2,74.1,195,200,165,101.0,65.0,37,103,174,137,168,181,90,96,19,61,232,130,192,Second Pair,77.0,1621.5,5.0,11.0,16.0,3.052536393582664,51.162790697674424,46.23976562124588,D,72.0,210.0,1978-08-24,CAN,1996.0,1.0,13.0,R,32,"[None, None, None, 45, 6]","[None, None, None, 49, 4]","[None, None, None, 87, 7]","[None, None, None, 'PHX', 'PHX']"
2010-2011,8468674,Deryk Engelland,PIT,D,15.9,6.5,22.8,,,90.9,81.5,7.8,49.6,34.7,97.8,90.9,29.3,52.2,47.4,196,218,180,,,22,44,215,118,139,6,22,165,112,123,232,130,192,Third Pair,63.0,840.4333333333333,3.0,7.0,10.0,1.13730667889286,45.09803921568628,45.40262689958626,D,74.0,212.0,1982-04-03,CAN,2000.0,6.0,194.0,R,28,"[None, None, None, None, 19]","[None, None, None, None, 13]","[None, None, None, None, 27]","[None, None, None, None, 'PIT']"
2010-2011,8470602,Dion Phaneuf,TOR,D,19.0,71.6,9.9,10.0,36.5,7.8,75.0,91.8,35.3,32.3,88.8,56.5,62.5,33.6,73.7,189,67,210,118.0,123.0,215,59,20,151,144,27,102,88,155,62,232,130,192,First Pair,66.0,1670.0166666666669,8.0,22.0,30.0,9.17468183077814,50.526315789473685,46.97078059504189,D,76.0,222.0,1985-04-10,CAN,2003.0,1.0,9.0,L,25,"[None, None, None, 50, 7]","[None, None, None, 91, 34]","[None, None, None, 4, 22]","[None, None, None, 'TOR', 'TOR']"
2010-2011,8475179,Dmitry Kulikov,FLA,D,27.6,68.1,17.7,2.3,15.6,72.0,69.4,43.5,67.7,49.6,77.6,72.8,51.7,8.2,26.3,169,75,192,128.0,163.0,66,72,132,76,108,53,64,113,214,172,232,130,192,Second Pair,72.0,1436.4333333333334,6.0,20.0,26.0,4.7618850019853225,48.35164835164835,52.09535073545079,D,73.0,212.0,1990-10-29,RUS,2009.0,1.0,14.0,L,19,"[None, None, None, 15, 47]","[None, None, None, 32, 78]","[None, None, None, 13, 32]","[None, None, None, 'FLA', 'FLA']"
2010-2011,8468114,Douglas Murray,SJS,D,47.0,37.1,73.7,,26.0,9.1,27.6,52.2,40.5,46.6,98.3,51.3,53.4,98.3,84.1,124,147,62,,143.0,212,169,112,139,115,5,114,109,5,38,232,130,192,Second Pair,73.0,1431.6666666666667,1.0,13.0,14.0,4.154677328988651,50.617283950617285,55.29034305460191,D,75.0,240.0,1980-03-12,SWE,1999.0,8.0,241.0,L,30,"[None, None, None, 22, 69]","[None, None, None, 54, 27]","[None, None, None, 38, 83]","[None, None, None, 'SJS', 'SJS']"
2010-2011,8474563,Drew Doughty,LAK,D,96.1,87.9,95.7,86.9,66.1,98.3,89.2,77.2,84.9,70.7,63.4,86.2,80.6,62.9,94.8,10,29,11,18.0,66.0,5,26,54,36,61,86,33,46,87,13,232,130,192,First Pair,76.0,1948.8666666666668,11.0,29.0,40.0,9.960173756995289,57.758620689655174,53.80245219057995,D,73.0,210.0,1989-12-08,CAN,2008.0,1.0,2.0,R,20,"[None, None, None, 96, 95]","[None, None, None, 78, 88]","[None, None, None, 91, 94]","[None, None, None, 'LAK', 'LAK']"
2010-2011,8470281,Duncan Keith,CHI,D,93.1,99.1,63.8,73.8,63.0,22.4,71.1,88.8,92.2,47.8,3.0,83.6,16.8,97.4,69.8,17,3,85,35.0,72.0,181,68,27,19,112,226,39,194,7,71,232,130,192,First Pair,82.0,2204.55,7.0,38.0,45.0,9.52356508279576,49.28571428571429,53.14576049023002,D,73.0,192.0,1983-07-16,CAN,2002.0,2.0,54.0,L,27,"[None, None, None, 93, 91]","[None, None, None, 99, 98]","[None, None, None, 85, 43]","[None, None, None, 'CHI', 'CHI']"
2010-2011,8470834,Dustin Byfuglien,ATL,D,95.7,100.0,93.5,22.3,,0.4,97.4,100.0,70.7,25.0,47.8,76.7,47.0,10.3,82.8,11,1,16,102.0,,232,7,1,69,161,122,55,124,209,41,232,130,192,First Pair,81.0,1887.6666666666667,20.0,33.0,53.0,20.703904618503714,55.118110236220474,53.65542467080891,D,77.0,260.0,1985-03-27,USA,2003.0,8.0,245.0,R,25,"[None, None, None, None, 94]","[None, None, None, None, 99]","[None, None, None, None, 89]","[None, None, None, None, 'ATL']"
2010-2011,8470798,Dylan Reese,NYI,D,53.4,44.8,32.3,,49.0,38.8,3.9,48.7,96.6,80.0,25.4,26.3,1.3,9.5,49.6,109,129,158,,99.0,143,216,120,9,43,174,172,230,211,118,232,130,192,Third Pair,27.0,400.0333333333333,0.0,6.0,6.0,0.9706655045446336,36.666666666666664,43.963677374136154,D,73.0,205.0,1984-08-29,USA,2003.0,7.0,209.0,R,26,"[None, None, None, None, 56]","[None, None, None, None, 50]","[None, None, None, None, 37]","[None, None, None, None, 'NYI']"
2010-2011,8460492,Ed Jovanovski,PHX,D,20.7,36.6,37.5,46.2,7.3,89.7,87.9,72.4,56.9,20.3,65.9,19.0,34.5,38.4,90.5,185,148,146,71.0,179.0,25,29,65,101,172,80,189,153,144,23,232,130,192,Second Pair,50.0,1023.9166666666666,5.0,9.0,14.0,3.1070619030286997,48.97959183673469,45.896007025152926,D,75.0,220.0,1976-06-26,CAN,1994.0,1.0,1.0,L,34,"[None, None, None, 23, 23]","[None, None, None, 50, 28]","[None, None, None, 54, 31]","[None, None, None, 'PHX', 'PHX']"
2010-2011,8466142,Eric Brewer,TBL,D,13.4,27.6,47.0,,20.3,99.1,98.7,75.0,12.5,8.6,42.2,52.2,24.1,43.5,74.6,202,169,124,,154.0,3,4,59,204,198,135,112,177,132,60,232,130,192,First Pair,76.0,1675.4,9.0,7.0,16.0,5.1650375978807945,51.42857142857142,50.355065825588866,D,76.0,216.0,1979-04-17,CAN,1997.0,1.0,5.0,L,31,"[None, None, None, 20, 14]","[None, None, None, 13, 37]","[None, None, None, 31, 58]","[None, None, None, 'STL', 'TBL']"
2010-2011,8473446,Erik Johnson,COL,D,33.2,86.6,6.9,74.6,26.6,18.1,64.2,92.7,40.1,25.9,28.9,94.4,23.7,34.9,46.1,156,32,217,34.0,142.0,191,84,18,140,159,166,14,178,152,126,232,130,192,First Pair,77.0,1757.3,8.0,21.0,29.0,8.589978752515636,42.42424242424242,48.74114203128643,D,76.0,225.0,1988-03-21,USA,2006.0,1.0,1.0,R,22,"[None, None, None, 38, 28]","[None, None, None, 86, 81]","[None, None, None, 11, 6]","[None, None, None, 'STL', 'COL']"
2010-2011,8474578,Erik Karlsson,OTT,D,63.8,60.3,30.6,3.1,69.8,96.1,92.7,91.4,44.8,88.8,11.6,92.7,4.3,18.1,37.5,85,93,162,127.0,59.0,10,18,21,129,25,206,18,223,191,146,232,130,192,First Pair,75.0,1763.7,13.0,32.0,45.0,9.011591610930113,39.80582524271845,47.02129760299372,D,72.0,185.0,1990-05-31,SWE,2008.0,1.0,15.0,R,20,"[None, None, None, 61, 66]","[None, None, None, 41, 69]","[None, None, None, 46, 25]","[None, None, None, 'OTT', 'OTT']"
2010-2011,8469492,Fedor Tyutin,CBJ,D,89.2,23.3,97.8,93.1,82.8,37.9,66.8,16.8,15.9,53.4,57.3,29.3,7.8,19.8,87.1,26,179,6,10.0,34.0,145,78,194,196,99,100,165,215,187,31,232,130,192,First Pair,80.0,1815.5666666666664,7.0,20.0,27.0,7.609977731723013,41.05263157894737,53.1547200776618,D,74.0,221.0,1983-07-19,RUS,2001.0,2.0,40.0,L,27,"[None, None, None, 48, 96]","[None, None, None, 6, 43]","[None, None, None, 89, 99]","[None, None, None, 'CBJ', 'CBJ']"
2010-2011,8462225,Filip Kuba,OTT,D,35.8,75.4,24.6,70.8,2.1,10.8,19.0,55.6,86.6,41.2,1.3,81.5,2.6,36.2,62.1,150,58,176,39.0,189.0,208,189,104,32,125,230,44,227,149,89,232,130,192,Second Pair,64.0,1326.7,2.0,14.0,16.0,4.644111884909949,37.2093023255814,48.96121318758748,D,76.0,225.0,1976-12-29,CZE,1995.0,8.0,192.0,L,33,"[None, None, None, 35, 35]","[None, None, None, 78, 72]","[None, None, None, 43, 19]","[None, None, None, 'OTT', 'OTT']"
2010-2011,8465914,Francis Bouillon,NSH,D,17.2,13.8,8.6,69.2,30.7,22.0,19.4,30.2,29.3,67.7,88.4,19.4,75.0,46.1,40.5,193,201,213,41.0,134.0,182,188,163,165,68,28,188,59,126,139,232,130,192,Second Pair,44.0,890.1833333333333,1.0,9.0,10.0,1.9702419257819,49.25373134328358,45.15803648983705,D,68.0,194.0,1975-10-17,USA,,,,L,34,"[None, None, None, 8, 34]","[None, None, None, 12, 18]","[None, None, None, 6, 13]","[None, None, None, 'NSH', 'NSH']"
2010-2011,8467400,Francois Beauchemin,ANA,D,75.4,35.3,92.7,8.5,4.2,6.5,26.3,57.8,18.1,93.1,29.7,46.1,14.2,40.5,67.2,58,151,18,120.0,185.0,218,172,99,191,17,164,126,200,139,77,232,130,192,First Pair,81.0,1868.9,5.0,12.0,17.0,5.1265338278185695,44.73684210526316,47.98068511193206,D,71.0,208.0,1980-06-04,CAN,1998.0,3.0,75.0,L,30,"[None, None, None, 86, 62]","[None, None, None, 75, 14]","[None, None, None, 57, 97]","[None, None, None, 'TOR', 'ANA']"
2010-2011,8471482,Grant Clitsome,CBJ,D,50.0,54.7,24.1,87.7,49.5,69.0,87.5,60.3,6.9,55.0,86.6,96.6,83.6,48.3,60.3,117,106,177,17.0,98.0,73,30,93,217,96,32,9,39,121,93,232,130,192,Second Pair,31.0,659.3333333333334,4.0,15.0,19.0,3.047016812350102,52.5,47.802927555092744,D,71.0,211.0,1985-04-14,CAN,2004.0,9.0,271.0,L,25,"[None, None, None, None, 53]","[None, None, None, None, 60]","[None, None, None, None, 30]","[None, None, None, None, 'CBJ']"
2010-2011,8468636,Greg Zanon,MIN,D,6.5,0.4,81.5,,97.9,19.8,7.8,2.6,5.6,22.8,74.6,1.3,50.0,26.7,80.6,218,232,44,,5.0,187,215,227,220,166,60,230,117,171,46,232,130,192,Second Pair,82.0,1766.55,0.0,7.0,7.0,2.308001197111736,45.16129032258064,40.695303711380674,D,71.0,201.0,1980-06-05,CAN,2000.0,5.0,156.0,L,30,"[None, None, None, 60, 1]","[None, None, None, 0, 0]","[None, None, None, 99, 23]","[None, None, None, 'MIN', 'MIN']"
2010-2011,8459628,Hal Gill,MTL,D,15.1,3.4,60.3,,95.3,72.4,38.8,4.7,6.0,11.2,28.4,15.5,19.8,34.5,62.5,198,225,93,,10.0,65,143,222,219,192,167,197,187,153,88,232,130,192,Second Pair,75.0,1486.4833333333331,2.0,7.0,9.0,1.948115207033804,43.20987654320987,49.28746169167773,D,79.0,243.0,1975-04-06,USA,1993.0,8.0,207.0,L,35,"[None, None, None, 5, 37]","[None, None, None, 3, 9]","[None, None, None, 52, 68]","[None, None, None, 'MTL', 'MTL']"
2010-2011,8466182,Henrik Tallinder,NJD,D,70.3,33.6,96.1,,33.3,80.6,66.4,50.0,31.0,31.5,21.6,31.9,18.5,50.0,82.3,70,155,10,,129.0,46,79,117,161,146,183,159,190,117,42,232,130,192,First Pair,82.0,1848.3166666666664,5.0,11.0,16.0,4.50101031216843,41.66666666666667,51.060316419818285,D,76.0,209.0,1979-01-10,SWE,1997.0,2.0,48.0,L,31,"[None, None, None, 53, 78]","[None, None, None, 46, 28]","[None, None, None, 74, 98]","[None, None, None, 'BUF', 'NJD']"
2010-2011,8474013,Ian Cole,STL,D,41.8,59.9,46.6,,55.2,52.6,56.9,72.0,2.6,28.0,72.0,74.6,91.4,62.5,86.6,136,94,125,,87.0,111,101,66,227,154,66,60,21,88,32,232,130,192,Third Pair,26.0,457.8,1.0,3.0,4.0,1.3679228545601965,58.06451612903226,50.95701271766095,D,73.0,237.0,1989-02-21,USA,2007.0,1.0,18.0,L,21,"[None, None, None, None, 43]","[None, None, None, None, 63]","[None, None, None, None, 47]","[None, None, None, None, 'STL']"
2010-2011,8470273,Ian White,SJS,D,53.9,81.5,54.3,10.8,28.1,90.1,77.6,75.9,61.6,26.7,8.6,69.8,46.1,66.8,44.4,108,44,107,117.0,139.0,24,53,57,90,157,213,71,126,78,130,232,130,192,Second Pair,78.0,1559.4,4.0,22.0,26.0,6.316810693675275,50.505050505050505,51.85548777207506,D,70.0,191.0,1984-06-04,CAN,2002.0,6.0,191.0,R,26,"[None, None, None, 79, 39]","[None, None, None, 90, 71]","[None, None, None, 66, 48]","[None, None, None, 'CGY', 'SJS']"
2010-2011,8474519,Jack Hillen,NYI,D,41.4,96.1,3.4,58.5,10.4,16.4,63.8,96.1,93.1,53.0,33.2,35.3,55.6,17.2,53.9,137,10,225,55.0,173.0,195,85,10,17,100,156,151,104,193,108,232,130,192,Second Pair,64.0,1204.35,4.0,18.0,22.0,4.356917445370356,48.86363636363637,47.407947414141475,D,70.0,190.0,1986-01-24,USA,,,,L,24,"[None, None, None, 41, 41]","[None, None, None, 89, 97]","[None, None, None, 5, 3]","[None, None, None, 'NYI', 'NYI']"
2010-2011,8471677,Jack Johnson,LAK,D,0.4,1.3,1.3,39.2,32.8,13.8,47.8,54.7,44.0,33.2,46.1,88.4,20.3,85.8,58.6,232,230,230,80.0,130.0,201,122,106,131,142,126,28,186,34,97,232,130,192,First Pair,82.0,1902.25,5.0,37.0,42.0,9.270888452301095,43.925233644859816,46.94917412825794,D,74.0,225.0,1987-01-13,USA,2005.0,1.0,3.0,L,23,"[None, None, None, 1, 0]","[None, None, None, 9, 1]","[None, None, None, 2, 1]","[None, None, None, 'LAK', 'LAK']"
2010-2011,8471693,Jakub Kindl,DET,D,11.6,41.4,22.0,,,66.4,79.7,69.4,6.5,12.7,44.0,99.6,9.9,50.9,5.6,206,137,182,,,79,48,72,218,189,131,2,210,115,220,232,130,192,Third Pair,48.0,653.2666666666667,2.0,2.0,4.0,2.0379391681904337,42.857142857142854,49.886737658621534,D,75.0,199.0,1987-02-10,CZE,2005.0,1.0,19.0,L,23,"[None, None, None, None, 17]","[None, None, None, None, 44]","[None, None, None, None, 26]","[None, None, None, None, 'DET']"
2010-2011,8470222,James Wisniewski,MTL,D,76.3,92.7,5.2,80.8,9.9,6.9,22.0,87.5,69.8,97.0,55.6,53.4,23.3,35.8,91.8,56,18,221,26.0,174.0,217,182,30,71,8,104,109,179,150,20,232,130,192,First Pair,75.0,1720.6166666666666,10.0,41.0,51.0,8.465628121545329,44.44444444444444,47.60294482409501,D,71.0,203.0,1984-02-21,USA,2002.0,5.0,156.0,R,26,"[None, None, None, 87, 64]","[None, None, None, 88, 90]","[None, None, None, 15, 4]","[None, None, None, 'ANA', 'MTL']"
2010-2011,8473571,Jamie McBain,CAR,D,86.6,87.5,52.6,14.6,,87.9,86.6,51.3,42.7,94.0,5.6,65.5,90.1,5.6,54.3,32,30,111,112.0,,29,32,114,134,15,220,81,24,220,107,232,130,192,Second Pair,76.0,1451.75,7.0,23.0,30.0,4.3906726205708875,46.0,50.93871646709805,D,73.0,195.0,1988-02-25,USA,2006.0,2.0,63.0,R,22,"[None, None, None, 81, 86]","[None, None, None, 61, 92]","[None, None, None, 33, 65]","[None, None, None, 'CAR', 'CAR']"
2010-2011,8470699,Jan Hejda,CBJ,D,51.7,18.1,56.9,,99.5,85.3,60.8,20.3,19.4,48.7,75.4,18.1,6.5,20.3,92.7,113,191,101,,2.0,35,92,186,188,110,58,191,218,186,18,232,130,192,Second Pair,77.0,1626.4,5.0,15.0,20.0,3.45129553830628,45.04504504504504,50.766831814354,D,76.0,230.0,1978-06-18,CZE,2003.0,4.0,106.0,L,32,"[None, None, None, 27, 76]","[None, None, None, 1, 53]","[None, None, None, 33, 74]","[None, None, None, 'CBJ', 'CBJ']"
2010-2011,8474716,Jared Spurgeon,MIN,D,90.1,50.4,74.1,67.7,,57.3,25.9,34.5,44.4,99.6,19.8,92.2,32.8,6.0,59.5,24,116,61,43.0,,100,173,153,130,2,187,19,157,219,95,232,130,192,Third Pair,53.0,798.8166666666667,4.0,8.0,12.0,2.362883781738186,44.44444444444444,50.17305448330157,D,69.0,166.0,1989-11-29,CAN,2008.0,6.0,156.0,R,20,"[None, None, None, None, 87]","[None, None, None, None, 55]","[None, None, None, None, 74]","[None, None, None, None, 'MIN']"
2010-2011,8467439,Jaroslav Spacek,MTL,D,40.1,36.2,49.6,75.4,56.2,15.1,23.3,33.6,31.9,29.7,24.1,25.4,74.6,25.9,63.4,140,149,118,33.0,85.0,198,179,155,159,150,177,174,60,173,86,232,130,192,Second Pair,59.0,1135.35,1.0,15.0,16.0,2.9844785232325104,53.84615384615385,46.96966137634663,D,72.0,210.0,1974-02-11,CZE,1998.0,5.0,117.0,L,36,"[None, None, None, 48, 29]","[None, None, None, 43, 32]","[None, None, None, 53, 49]","[None, None, None, 'MTL', 'MTL']"
2010-2011,8474218,Jason Demers,SJS,D,86.2,84.1,62.5,60.8,43.2,12.1,34.1,63.4,93.5,84.5,44.4,48.3,95.3,78.4,31.0,33,38,88,52.0,110.0,205,154,86,16,34,130,121,12,51,161,232,130,192,Second Pair,75.0,1462.3166666666666,2.0,22.0,24.0,5.563942777818816,60.24096385542169,59.07759165445046,D,73.0,195.0,1988-06-09,CAN,2008.0,7.0,186.0,R,22,"[None, None, None, 41, 93]","[None, None, None, 37, 93]","[None, None, None, 26, 79]","[None, None, None, 'SJS', 'SJS']"
2010-2011,8474520,Jason Garrison,FLA,D,44.8,20.3,87.1,66.2,68.8,35.8,50.9,34.9,76.3,19.8,62.5,21.1,83.2,15.9,71.6,129,186,31,45.0,61.0,150,115,152,56,173,88,184,40,196,67,232,130,192,First Pair,73.0,1627.4666666666667,5.0,13.0,18.0,5.16002158213076,48.64864864864865,49.15169991520384,D,73.0,218.0,1984-11-13,CAN,,,,L,25,"[None, None, None, 43, 44]","[None, None, None, 24, 17]","[None, None, None, 70, 91]","[None, None, None, 'FLA', 'FLA']"
2010-2011,8460555,Jason Strudwick,EDM,D,9.9,7.8,4.3,,22.4,43.1,3.9,0.4,5.2,90.9,37.5,63.4,5.2,0.9,65.9,210,215,223,,150.0,133,216,232,221,22,146,86,221,231,80,232,130,192,Third Pair,43.0,647.5166666666667,0.0,2.0,2.0,0.5543443803521414,26.31578947368421,39.46903325709546,D,76.0,226.0,1975-07-17,CAN,1994.0,3.0,63.0,L,35,"[None, None, None, 7, 21]","[None, None, None, 10, 12]","[None, None, None, 0, 8]","[None, None, None, 'EDM', 'EDM']"
2010-2011,8458543,Jassen Cullimore,CHI,D,46.1,40.9,36.6,,,40.1,3.9,15.1,94.4,62.1,62.9,81.0,58.2,75.4,1.3,126,138,148,,,140,216,198,14,80,87,45,98,58,230,232,130,192,Fringe,36.0,454.6666666666667,0.0,8.0,8.0,0.6731327320543293,54.54545454545454,50.06736852642481,D,77.0,235.0,1972-12-04,CAN,1991.0,2.0,29.0,L,37,"[None, None, None, None, 47]","[None, None, None, None, 44]","[None, None, None, None, 40]","[None, None, None, None, 'CHI']"
2010-2011,8470151,Jay Bouwmeester,CGY,D,40.9,66.8,95.3,9.2,8.9,3.0,25.0,44.4,19.0,9.5,9.9,47.0,31.9,66.4,68.5,138,78,12,119.0,176.0,226,175,130,189,196,210,124,159,79,74,232,130,192,First Pair,82.0,2130.9333333333334,4.0,20.0,24.0,6.328436177635226,50.0,53.86898544100814,D,76.0,206.0,1983-09-27,CAN,2002.0,1.0,3.0,L,26,"[None, None, None, 12, 69]","[None, None, None, 14, 83]","[None, None, None, 89, 94]","[None, None, None, 'CGY', 'CGY']"
2010-2011,8469531,Jay Harrison,CAR,D,34.5,51.7,34.9,,9.4,76.3,65.9,45.3,61.2,38.8,80.2,24.1,28.9,13.4,16.8,153,113,152,,175.0,56,80,128,91,130,47,177,166,202,194,232,130,192,Third Pair,72.0,1099.5,3.0,7.0,10.0,2.043940259157676,51.35135135135135,48.16255413575119,D,76.0,222.0,1982-11-03,CAN,2001.0,3.0,82.0,L,27,"[None, None, None, 40, 29]","[None, None, None, 38, 62]","[None, None, None, 56, 28]","[None, None, None, 'CAR', 'CAR']"
2010-2011,8473507,Jeff Petry,EDM,D,71.1,49.1,65.9,23.8,58.9,53.0,36.6,22.8,1.3,80.0,51.7,34.1,3.0,1.7,33.2,68,119,80,100.0,80.0,110,148,180,230,43,113,154,226,229,156,232,130,192,Second Pair,35.0,713.0833333333334,1.0,4.0,5.0,1.7677969045062465,39.130434782608695,47.12422542002493,D,75.0,208.0,1987-12-09,USA,2006.0,2.0,45.0,R,22,"[None, None, None, None, 70]","[None, None, None, None, 54]","[None, None, None, None, 67]","[None, None, None, None, 'EDM']"
2010-2011,8471240,Jeff Schultz,WSH,D,54.7,81.0,21.6,,69.3,72.8,29.7,1.7,33.6,42.7,16.4,33.6,98.7,86.2,42.2,106,45,183,,60.0,64,164,229,155,122,195,155,4,33,135,232,130,192,Second Pair,72.0,1423.9833333333331,1.0,9.0,10.0,1.0066909053844142,49.411764705882355,47.56868210176773,D,78.0,225.0,1986-02-25,CAN,2004.0,1.0,27.0,L,24,"[None, None, None, 74, 41]","[None, None, None, 97, 44]","[None, None, None, 44, 14]","[None, None, None, 'WSH', 'WSH']"
2010-2011,8469480,Jeff Woywitka,DAL,D,39.7,14.7,37.9,,,26.7,9.9,47.0,2.2,71.1,55.2,78.4,65.9,7.8,43.5,141,199,145,,,171,210,124,228,60,105,51,80,215,132,232,130,192,Third Pair,63.0,1130.5666666666666,2.0,9.0,11.0,2.6041954073955207,53.84615384615385,43.92806991418114,D,75.0,227.0,1983-09-01,CAN,2001.0,1.0,27.0,L,27,"[None, None, None, 65, 20]","[None, None, None, 47, 5]","[None, None, None, 34, 44]","[None, None, None, 'DAL', 'DAL']"
2010-2011,8468213,Jim Vandermeer,EDM,D,8.2,55.6,35.8,,20.8,76.7,75.4,56.9,51.7,3.4,82.3,37.1,24.6,9.9,31.9,214,104,150,,153.0,55,58,101,113,210,42,147,176,210,159,232,130,192,Second Pair,62.0,1128.45,2.0,12.0,14.0,2.53809998012294,40.54054054054054,43.396218653437714,D,73.0,210.0,1980-02-21,CAN,,,,L,30,"[None, None, None, 19, 6]","[None, None, None, 40, 67]","[None, None, None, 78, 13]","[None, None, None, 'PHX', 'EDM']"
2010-2011,8470086,Joe Callahan,FLA,D,65.1,45.7,57.8,,,40.5,3.9,18.1,11.2,75.0,84.5,70.3,30.2,16.4,53.0,82,127,99,,,139,216,191,207,52,37,70,163,195,110,232,130,192,Third Pair,27.0,428.73333333333335,0.0,1.0,1.0,0.8458047651577054,46.666666666666664,51.23831248494479,D,75.0,210.0,1982-12-20,USA,2002.0,3.0,70.0,R,27,"[None, None, None, None, 63]","[None, None, None, None, 51]","[None, None, None, None, 59]","[None, None, None, None, 'FLA']"
2010-2011,8466215,Joe Corvo,CAR,D,84.1,88.8,15.1,96.2,1.0,85.8,50.0,68.5,22.0,91.4,7.3,47.8,28.4,11.6,47.0,38,27,198,6.0,191.0,34,117,74,182,21,216,122,167,206,124,232,130,192,First Pair,82.0,2031.8333333333333,11.0,29.0,40.0,9.32565346589974,46.464646464646464,46.02355708925763,D,72.0,204.0,1977-06-20,USA,1997.0,4.0,83.0,R,33,"[None, None, None, 86, 78]","[None, None, None, 86, 82]","[None, None, None, 43, 7]","[None, None, None, 'WSH', 'CAR']"
2010-2011,8474590,John Carlson,WSH,D,83.6,82.3,44.4,76.2,96.4,83.2,83.2,89.2,62.5,67.2,34.9,30.6,97.0,77.6,56.0,39,42,130,32.0,8.0,40,40,26,88,69,152,162,8,53,103,232,130,192,First Pair,82.0,1856.7666666666669,7.0,30.0,37.0,8.032534166524268,57.42574257425742,50.68841259070423,D,75.0,220.0,1990-01-10,USA,2008.0,1.0,27.0,R,20,"[None, None, None, 68, 85]","[None, None, None, 66, 87]","[None, None, None, 56, 39]","[None, None, None, 'WSH', 'WSH']"
2010-2011,8467365,John Erskine,WSH,D,39.2,73.7,21.1,,64.6,83.6,70.3,28.4,22.4,20.7,92.2,77.6,84.9,77.2,10.3,142,62,184,,69.0,39,70,167,181,171,19,53,36,54,209,232,130,192,Third Pair,73.0,1082.5,4.0,7.0,11.0,1.6602023728791266,48.57142857142857,53.84842790812676,D,76.0,220.0,1980-06-26,CAN,1998.0,2.0,39.0,L,30,"[None, None, None, 36, 38]","[None, None, None, 57, 78]","[None, None, None, 15, 39]","[None, None, None, 'WSH', 'WSH']"
2010-2011,8468639,John-Michael Liles,COL,D,89.7,57.8,27.6,90.0,85.4,6.0,53.9,84.5,92.7,100.0,10.8,87.5,53.0,27.2,38.4,25,99,169,14.0,29.0,219,108,37,18,1,208,30,110,170,144,232,130,192,First Pair,76.0,1672.6666666666667,6.0,40.0,46.0,9.158618640834948,47.706422018348626,51.58757024639867,D,70.0,185.0,1980-11-25,USA,2000.0,5.0,159.0,L,29,"[None, None, None, 59, 95]","[None, None, None, 16, 78]","[None, None, None, 29, 34]","[None, None, None, 'COL', 'COL']"
2010-2011,8470187,Johnny Boychuk,BOS,D,91.8,75.0,90.1,59.2,61.5,36.2,84.5,86.2,39.2,94.8,87.1,56.0,68.1,76.3,57.3,20,59,24,54.0,75.0,149,37,33,142,13,31,103,75,56,100,232,130,192,Second Pair,69.0,1414.7333333333331,3.0,13.0,16.0,5.080907301530836,59.154929577464785,52.67744371087032,D,74.0,227.0,1984-01-19,CAN,2002.0,2.0,61.0,R,26,"[None, None, None, 92, 90]","[None, None, None, 58, 80]","[None, None, None, 93, 81]","[None, None, None, 'BOS', 'BOS']"
2010-2011,8469665,Johnny Oduya,ATL,D,24.1,9.5,15.9,32.3,13.5,59.1,46.1,21.1,34.9,83.6,31.5,41.4,32.3,15.5,54.7,177,211,196,89.0,167.0,96,126,184,152,36,160,137,158,197,106,232,130,192,Second Pair,82.0,1699.2833333333333,2.0,15.0,17.0,3.928209310563679,37.07865168539326,43.93222652591196,D,72.0,191.0,1981-10-01,SWE,2001.0,7.0,221.0,L,28,"[None, None, None, 22, 27]","[None, None, None, 19, 9]","[None, None, None, 39, 9]","[None, None, None, 'ATL', 'ATL']"
2010-2011,8474730,Jonas Holos,COL,D,55.6,46.1,31.0,36.9,25.5,25.9,3.9,36.2,4.3,90.3,23.7,18.5,61.6,29.3,30.6,104,126,161,83.0,144.0,173,216,149,223,23,178,190,90,165,162,232,130,192,Second Pair,39.0,704.0333333333333,0.0,6.0,6.0,1.7322964059135355,47.61904761904761,45.66780217229184,D,71.0,196.0,1987-08-27,NOR,2008.0,6.0,170.0,R,23,"[None, None, None, None, 58]","[None, None, None, None, 52]","[None, None, None, None, 35]","[None, None, None, None, 'COL']"
2010-2011,8470318,Jonathan Ericsson,DET,D,11.2,58.6,50.9,,34.4,32.3,54.3,67.2,42.2,5.6,47.4,82.8,8.6,86.6,25.4,207,97,115,,127.0,158,107,77,135,205,123,41,213,32,174,232,130,192,Second Pair,74.0,1394.2166666666667,3.0,12.0,15.0,3.1566665011966792,49.09090909090909,51.49219034068045,D,76.0,218.0,1984-03-02,SWE,2002.0,9.0,291.0,L,26,"[None, None, None, 23, 9]","[None, None, None, 25, 74]","[None, None, None, 42, 56]","[None, None, None, 'DET', 'DET']"
2010-2011,8474164,Jonathon Blum,NSH,D,66.8,56.9,33.6,52.3,,66.8,96.1,41.4,98.7,83.2,42.7,43.5,100.0,6.9,55.2,78,101,155,63.0,,78,10,137,4,37,134,132,1,217,105,232,130,192,Third Pair,23.0,408.3666666666667,3.0,5.0,8.0,1.6000149865147957,64.70588235294117,48.73628454925232,D,73.0,188.0,1989-01-30,USA,2007.0,1.0,23.0,R,21,"[None, None, None, None, 65]","[None, None, None, None, 62]","[None, None, None, None, 37]","[None, None, None, None, 'NSH']"
2010-2011,8470137,Joni Pitkanen,CAR,D,2.6,94.8,0.9,81.5,51.0,5.6,59.1,77.6,89.7,3.0,36.6,70.7,43.5,21.1,49.1,227,13,231,25.0,95.0,220,96,53,25,211,148,69,132,184,119,232,130,192,First Pair,72.0,1801.7333333333331,5.0,30.0,35.0,6.624305657750973,47.32142857142857,49.045013685036125,D,75.0,220.0,1983-09-19,FIN,2002.0,1.0,4.0,L,26,"[None, None, None, 5, 3]","[None, None, None, 89, 93]","[None, None, None, 1, 1]","[None, None, None, 'CAR', 'CAR']"
2010-2011,8472370,Jordan Hendry,CHI,D,74.1,47.8,46.1,,,58.6,78.0,85.8,4.7,96.1,90.9,96.1,21.6,95.7,0.9,61,122,126,,,97,52,34,222,10,22,10,183,11,231,232,130,192,Fringe,37.0,395.6,1.0,0.0,1.0,1.1925766484690463,48.0,47.33617954420154,D,72.0,194.0,1984-02-23,CAN,,,,L,26,"[None, None, None, 76, 70]","[None, None, None, 56, 45]","[None, None, None, 61, 36]","[None, None, None, 'CHI', 'CHI']"
2010-2011,8467917,Jordan Leopold,BUF,D,44.0,15.9,58.6,65.4,40.6,99.6,97.8,73.3,60.3,27.2,17.7,58.2,39.7,49.6,59.9,131,196,97,46.0,115.0,2,6,63,93,156,192,98,141,118,94,232,130,192,First Pair,71.0,1656.3333333333333,13.0,22.0,35.0,5.969690293161836,47.77777777777778,52.16057382625223,D,73.0,206.0,1980-08-03,USA,1999.0,2.0,44.0,L,30,"[None, None, None, 37, 46]","[None, None, None, 2, 39]","[None, None, None, 68, 54]","[None, None, None, 'PIT', 'BUF']"
2010-2011,8470324,Josh Gorges,MTL,D,65.9,17.7,80.6,,84.9,54.3,11.6,5.6,15.1,62.9,56.0,49.6,54.7,11.2,39.2,80,192,46,,30.0,107,206,220,198,78,103,118,106,207,142,232,130,192,Second Pair,36.0,762.2333333333333,1.0,6.0,7.0,1.0974419611258186,47.61904761904761,51.41786651082113,D,73.0,204.0,1984-08-14,CAN,,,,L,26,"[None, None, None, 45, 75]","[None, None, None, 3, 40]","[None, None, None, 89, 75]","[None, None, None, 'MTL', 'MTL']"
2010-2011,8474027,Justin Braun,SJS,D,73.7,54.3,64.7,63.8,54.7,28.0,3.9,85.3,97.0,80.0,63.8,86.6,15.1,97.0,19.0,62,107,83,48.0,88.0,168,216,35,8,43,85,32,198,8,189,232,130,192,Third Pair,28.0,462.0,2.0,9.0,11.0,2.214720617050309,48.148148148148145,58.168174775505136,D,74.0,205.0,1987-02-10,USA,2007.0,7.0,201.0,R,23,"[None, None, None, None, 72]","[None, None, None, None, 59]","[None, None, None, None, 64]","[None, None, None, None, 'SJS']"
2010-2011,8473992,Justin Falk,MIN,D,59.5,45.3,38.8,,57.3,54.7,3.9,0.9,90.5,80.0,66.4,0.4,68.5,2.2,29.3,95,128,143,,83.0,106,216,231,23,43,79,232,74,228,165,232,130,192,Third Pair,22.0,311.45,0.0,3.0,3.0,0.2534160314091048,40.909090909090914,42.612249440611464,D,77.0,223.0,1988-10-11,CAN,2007.0,4.0,110.0,L,21,"[None, None, None, None, 59]","[None, None, None, None, 51]","[None, None, None, None, 42]","[None, None, None, None, 'MIN']"
2010-2011,8473991,Karl Alzner,WSH,D,58.2,19.8,73.3,,80.7,59.5,14.7,11.2,72.0,66.8,39.7,15.9,66.8,84.1,34.9,98,187,63,,38.0,95,199,207,66,70,141,196,78,38,152,232,130,192,Second Pair,82.0,1641.35,2.0,10.0,12.0,1.9767881630808948,53.84615384615385,49.88317208068145,D,75.0,213.0,1988-09-24,CAN,2007.0,1.0,5.0,L,21,"[None, None, None, 63, 56]","[None, None, None, 48, 9]","[None, None, None, 50, 82]","[None, None, None, 'WSH', 'WSH']"
2010-2011,8467519,Karlis Skrastins,DAL,D,7.3,6.0,13.8,,6.2,70.3,52.6,15.5,27.6,40.1,31.9,57.8,62.1,41.8,58.2,216,219,201,,181.0,70,111,197,169,127,159,99,89,136,98,232,130,192,Third Pair,74.0,1328.3166666666666,3.0,5.0,8.0,1.729483158178268,46.15384615384615,45.79426391794165,D,74.0,208.0,1974-07-09,LVA,1998.0,9.0,230.0,L,36,"[None, None, None, 14, 7]","[None, None, None, 25, 3]","[None, None, None, 13, 19]","[None, None, None, 'DAL', 'DAL']"
2010-2011,8474184,Keaton Ellerby,FLA,D,52.6,30.6,59.1,,,32.8,21.1,29.7,62.1,75.0,90.5,73.3,1.7,30.6,73.3,111,162,96,,,157,184,164,89,52,23,63,229,162,63,232,130,192,Third Pair,54.0,869.05,2.0,10.0,12.0,2.0795968262403677,36.53846153846153,50.522162725952505,D,77.0,220.0,1988-11-05,CAN,2007.0,1.0,10.0,L,21,"[None, None, None, None, 55]","[None, None, None, None, 32]","[None, None, None, None, 61]","[None, None, None, None, 'FLA']"
2010-2011,8474048,Keith Aulie,TOR,D,10.3,12.5,11.2,,54.2,77.6,74.1,7.3,0.6,43.5,91.4,4.7,96.1,15.1,98.7,209,204,207,,89.0,53,61,216,231,121,21,222,10,198,4,232,130,192,Second Pair,40.0,765.0333333333333,2.0,0.0,2.0,1.099468936834607,52.17391304347826,42.47927677103888,D,78.0,222.0,1989-06-11,CAN,2007.0,4.0,116.0,L,21,"[None, None, None, None, 15]","[None, None, None, None, 17]","[None, None, None, None, 11]","[None, None, None, None, 'TOR']"
2010-2011,8470054,Keith Ballard,VAN,D,12.9,15.5,12.5,,8.3,89.2,77.2,25.0,8.6,53.9,76.3,6.9,91.8,30.2,39.7,203,197,204,,177.0,26,54,175,213,98,56,217,20,163,141,232,130,192,Third Pair,65.0,1033.9166666666667,2.0,5.0,7.0,2.118078687081078,57.407407407407405,47.17365209605614,D,71.0,204.0,1982-11-26,USA,2002.0,1.0,11.0,L,27,"[None, None, None, 17, 16]","[None, None, None, 29, 12]","[None, None, None, 9, 20]","[None, None, None, 'FLA', 'VAN']"
2010-2011,8471735,Keith Yandle,PHX,D,97.0,98.7,40.5,7.7,,56.5,91.8,99.6,95.7,99.1,0.9,90.5,93.1,31.5,50.4,8,4,139,121.0,,102,20,2,11,3,231,23,17,160,116,232,130,192,First Pair,82.0,1999.0666666666664,11.0,48.0,59.0,13.42720303969626,55.65217391304348,49.096041678121125,D,73.0,192.0,1986-09-09,USA,2005.0,4.0,105.0,L,23,"[None, None, None, 100, 89]","[None, None, None, 99, 98]","[None, None, None, 86, 10]","[None, None, None, 'PHX', 'PHX']"
2010-2011,8467478,Kent Huskins,SJS,D,32.3,4.7,70.3,,67.7,80.2,62.1,10.3,75.0,33.6,22.8,60.3,88.8,93.1,9.5,158,222,70,,63.0,47,89,209,59,141,180,93,27,17,211,232,130,192,Third Pair,50.0,830.7833333333333,2.0,8.0,10.0,1.5423033880344594,59.09090909090909,52.89427637252122,D,76.0,210.0,1979-05-04,CAN,1998.0,6.0,156.0,L,31,"[None, None, None, 29, 36]","[None, None, None, 5, 10]","[None, None, None, 78, 69]","[None, None, None, 'SJS', 'SJS']"
2010-2011,8469598,Kevin Bieksa,VAN,D,31.0,46.6,40.9,12.3,24.5,40.9,71.6,90.1,65.9,39.7,40.5,17.2,78.9,83.6,41.8,161,125,138,115.0,146.0,138,67,24,80,128,139,193,50,39,136,232,130,192,First Pair,66.0,1482.9333333333334,6.0,16.0,22.0,5.362139061656568,62.35294117647059,49.52948989956233,D,73.0,197.0,1981-06-16,CAN,2001.0,5.0,151.0,R,29,"[None, None, None, 50, 20]","[None, None, None, 65, 35]","[None, None, None, 52, 34]","[None, None, None, 'VAN', 'VAN']"
2010-2011,8470630,Kevin Klein,NSH,D,28.9,10.3,50.4,,31.8,7.3,14.2,31.9,46.6,60.8,49.6,14.7,60.3,32.8,75.0,166,209,116,,132.0,216,200,159,125,83,118,199,93,157,59,232,130,192,Second Pair,81.0,1684.1333333333334,2.0,16.0,18.0,4.1140153079033,54.90196078431373,46.20514999817021,D,73.0,206.0,1984-12-13,CAN,2003.0,2.0,37.0,R,25,"[None, None, None, 41, 23]","[None, None, None, 24, 6]","[None, None, None, 72, 34]","[None, None, None, 'NSH', 'NSH']"
2010-2011,8474031,Kevin Shattenkirk,STL,D,67.7,62.9,76.3,15.4,,94.4,94.8,90.9,98.3,43.5,38.4,95.3,65.1,50.4,40.9,76,87,56,111.0,,14,13,22,5,121,144,12,82,116,138,232,130,192,Second Pair,72.0,1428.5333333333333,9.0,34.0,43.0,6.9205502257659575,53.06122448979592,53.6892123818004,D,72.0,203.0,1989-01-29,USA,2007.0,1.0,14.0,R,21,"[None, None, None, None, 65]","[None, None, None, None, 65]","[None, None, None, None, 75]","[None, None, None, None, 'STL']"
2010-2011,8459670,Kimmo Timonen,PHI,D,93.5,60.8,94.4,98.5,76.6,4.3,48.3,78.9,60.8,61.2,37.9,55.6,19.4,71.6,67.7,16,92,14,3.0,46.0,223,121,50,92,82,145,104,188,67,76,232,130,192,First Pair,82.0,1842.9333333333336,6.0,31.0,37.0,9.389404837427008,49.0,51.57905431776477,D,70.0,194.0,1975-03-18,FIN,1993.0,10.0,250.0,L,35,"[None, None, None, 95, 89]","[None, None, None, 83, 29]","[None, None, None, 79, 96]","[None, None, None, 'PHI', 'PHI']"
2010-2011,8471724,Kris Letang,PIT,D,78.4,98.3,23.3,3.8,82.3,0.9,45.3,96.6,89.2,57.8,77.2,56.9,35.3,60.8,76.7,51,5,179,126.0,35.0,231,128,9,26,90,54,101,151,92,55,232,130,192,First Pair,82.0,1970.75,8.0,42.0,50.0,13.72559511281965,53.77358490566038,52.10935176005604,D,72.0,199.0,1987-04-24,CAN,2005.0,3.0,62.0,R,23,"[None, None, None, 67, 82]","[None, None, None, 100, 97]","[None, None, None, 4, 63]","[None, None, None, 'PIT', 'PIT']"
2010-2011,8471729,Kris Russell,CBJ,D,72.0,50.9,71.6,16.9,,29.3,78.9,83.6,72.4,81.9,52.2,87.1,43.1,21.6,15.9,66,115,67,109.0,,165,50,39,65,40,112,31,133,183,196,232,130,192,Third Pair,73.0,1278.7333333333331,5.0,18.0,23.0,5.556756119280771,47.5,50.18949984250304,D,70.0,170.0,1987-05-02,CAN,2005.0,3.0,67.0,L,23,"[None, None, None, 75, 68]","[None, None, None, 47, 57]","[None, None, None, 81, 65]","[None, None, None, 'CBJ', 'CBJ']"
2010-2011,8468520,Kurtis Foster,EDM,D,37.1,42.7,28.9,86.2,,53.4,81.9,87.9,34.1,28.4,37.1,71.1,47.4,4.7,12.5,147,134,166,19.0,,109,43,29,154,153,147,68,123,222,204,232,130,192,Third Pair,74.0,1306.7833333333333,8.0,14.0,22.0,9.46494142733068,42.42424242424242,43.52864601908966,D,77.0,225.0,1981-11-24,CAN,2000.0,2.0,40.0,R,28,"[None, None, None, 56, 25]","[None, None, None, 34, 52]","[None, None, None, 68, 12]","[None, None, None, 'TBL', 'EDM']"
2010-2011,8471879,Kyle Cumiskey,COL,D,84.9,74.6,58.2,27.7,65.1,64.7,86.2,88.4,50.4,93.5,15.9,34.5,42.7,22.0,83.2,36,60,98,95.0,68.0,83,33,28,116,16,196,153,134,182,40,232,130,192,Second Pair,18.0,353.9666666666667,1.0,7.0,8.0,1.314632916846797,51.72413793103448,53.30963443417321,D,71.0,180.0,1986-12-02,CAN,2005.0,7.0,222.0,L,23,"[None, None, None, 93, 71]","[None, None, None, 79, 68]","[None, None, None, 72, 52]","[None, None, None, 'COL', 'COL']"
2010-2011,8470724,Kyle Quincey,COL,D,49.1,67.2,47.4,50.8,35.4,45.7,31.5,82.8,21.6,44.8,58.6,25.0,51.3,37.9,70.3,119,77,123,65.0,125.0,127,160,41,183,119,97,175,114,145,70,232,130,192,Second Pair,21.0,411.21666666666664,0.0,1.0,1.0,1.7427163956104623,48.148148148148145,50.31945604674222,D,74.0,210.0,1985-08-12,CAN,2003.0,4.0,132.0,L,25,"[None, None, None, 46, 54]","[None, None, None, 74, 61]","[None, None, None, 48, 49]","[None, None, None, 'COL', 'COL']"
2010-2011,8471222,Ladislav Smid,EDM,D,43.5,40.1,57.3,,18.8,28.9,9.5,4.3,29.7,47.4,69.0,20.3,41.8,3.9,77.6,132,140,100,,157.0,166,211,223,164,113,73,186,136,224,53,232,130,192,Second Pair,78.0,1581.5333333333333,0.0,10.0,10.0,2.1021590530407845,41.66666666666667,45.20396670721084,D,76.0,210.0,1986-02-01,CZE,2004.0,1.0,9.0,L,24,"[None, None, None, 73, 22]","[None, None, None, 41, 38]","[None, None, None, 59, 60]","[None, None, None, 'EDM', 'EDM']"
2010-2011,8468598,Lubomir Visnovsky,ANA,D,99.6,99.6,18.5,95.4,,100.0,99.6,94.0,70.3,89.4,3.9,23.7,70.7,24.6,88.8,2,2,190,7.0,,1,2,15,70,24,224,178,69,176,27,232,130,192,First Pair,81.0,1967.7166666666667,18.0,50.0,68.0,10.679266367914249,56.20437956204379,50.64135139042336,D,70.0,192.0,1976-08-11,SVK,2000.0,4.0,118.0,L,34,"[None, None, None, 94, 100]","[None, None, None, 95, 100]","[None, None, None, 22, 25]","[None, None, None, 'ANA', 'ANA']"
2010-2011,8474579,Luca Sbisa,ANA,D,16.8,15.1,5.6,71.5,16.7,12.5,18.1,55.2,51.3,82.3,98.7,77.2,13.4,12.1,8.2,194,198,220,38.0,161.0,204,191,105,114,39,4,54,202,205,214,232,130,192,Third Pair,68.0,1142.05,2.0,9.0,11.0,3.9470492337131575,36.666666666666664,42.65252938286232,D,75.0,206.0,1990-01-30,ITA,2008.0,1.0,19.0,L,20,"[None, None, None, None, 19]","[None, None, None, None, 20]","[None, None, None, None, 6]","[None, None, None, None, 'ANA']"
2010-2011,8474568,Luke Schenn,TOR,D,43.1,43.5,7.3,24.6,71.9,95.7,84.1,39.2,80.2,78.4,92.7,40.5,44.4,52.6,36.2,133,132,216,99.0,55.0,11,38,142,47,45,18,139,130,111,149,232,130,192,First Pair,82.0,1834.2833333333333,5.0,17.0,22.0,4.696799014729619,49.166666666666664,47.87364116867161,D,74.0,225.0,1989-11-02,CAN,2008.0,1.0,5.0,R,20,"[None, None, None, 32, 49]","[None, None, None, 51, 40]","[None, None, None, 5, 9]","[None, None, None, 'TOR', 'TOR']"
2010-2011,8470760,Marc Methot,CBJ,D,22.0,3.0,81.9,,74.0,20.3,16.4,18.5,52.2,15.1,81.0,19.8,40.9,20.7,86.2,182,226,43,,51.0,186,195,190,112,184,45,187,138,185,33,232,130,192,Second Pair,74.0,1471.8,0.0,15.0,15.0,2.445890074937222,51.13636363636363,49.3082362815592,D,76.0,230.0,1985-06-21,CAN,2003.0,6.0,168.0,L,25,"[None, None, None, 37, 16]","[None, None, None, 21, 2]","[None, None, None, 82, 80]","[None, None, None, 'CBJ', 'CBJ']"
2010-2011,8471686,Marc Staal,NYR,D,32.8,22.4,22.4,53.8,99.0,17.2,50.4,71.1,48.7,37.1,65.1,24.6,71.1,79.7,94.4,157,181,181,61.0,3.0,193,116,68,120,134,82,176,68,48,14,232,130,192,First Pair,77.0,1981.9166666666667,7.0,22.0,29.0,8.81446598962661,48.51485148514851,51.41071427220293,D,76.0,208.0,1987-01-13,CAN,2005.0,1.0,12.0,L,23,"[None, None, None, 28, 37]","[None, None, None, 4, 47]","[None, None, None, 45, 14]","[None, None, None, 'NYR', 'NYR']"
2010-2011,8469765,Marc-Andre Bergeron,TBL,D,54.3,40.5,28.0,33.8,,84.1,93.1,98.3,47.4,86.0,34.1,100.0,3.9,59.9,22.4,107,139,168,87.0,,38,17,5,123,31,154,1,224,94,181,232,130,192,Third Pair,23.0,329.4166666666667,2.0,6.0,8.0,2.1630290376824783,36.84210526315789,56.896524156370134,D,69.0,190.0,1980-10-13,CAN,,,,L,29,"[None, None, None, 57, 56]","[None, None, None, 30, 49]","[None, None, None, 21, 44]","[None, None, None, 'MTL', 'TBL']"
2010-2011,8471709,Marc-Edouard Vlasic,SJS,D,88.8,95.3,84.5,40.0,1.6,35.3,57.8,69.0,57.8,69.0,19.4,25.9,81.0,90.9,47.8,27,12,37,79.0,190.0,151,99,73,99,65,188,173,45,22,122,232,130,192,Second Pair,80.0,1669.0166666666669,4.0,14.0,18.0,6.666261470639583,53.92156862745098,56.921110638654426,D,73.0,205.0,1987-03-30,CAN,2005.0,2.0,35.0,L,23,"[None, None, None, 81, 90]","[None, None, None, 92, 91]","[None, None, None, 77, 85]","[None, None, None, 'SJS', 'SJS']"
2010-2011,8469623,Marek Zidlicky,MIN,D,34.1,24.1,69.8,5.4,79.7,75.0,83.6,41.8,84.5,24.6,23.3,9.9,50.4,5.2,79.7,154,177,71,124.0,40.0,59,39,136,37,162,179,210,116,221,48,232,130,192,Second Pair,46.0,1001.5333333333332,7.0,17.0,24.0,5.698665232963292,44.0,39.91547225172583,D,71.0,190.0,1977-02-03,CZE,2001.0,6.0,176.0,R,33,"[None, None, None, 68, 15]","[None, None, None, 18, 27]","[None, None, None, 93, 40]","[None, None, None, 'MIN', 'MIN']"
2010-2011,8467580,Mark Eaton,NYI,D,76.7,21.6,91.4,,80.2,69.8,27.2,26.3,12.1,69.4,13.8,10.3,27.6,40.1,95.7,55,183,21,,39.0,71,170,172,205,64,201,209,169,140,11,232,130,192,Second Pair,34.0,692.25,0.0,3.0,3.0,1.5300421691192378,43.58974358974359,43.19200380510526,D,73.0,215.0,1977-05-06,USA,,,,L,33,"[None, None, None, 77, 74]","[None, None, None, 20, 20]","[None, None, None, 97, 78]","[None, None, None, 'PIT', 'NYI']"
2010-2011,8471816,Mark Fayne,NJD,D,62.1,20.7,90.9,,,93.1,90.5,34.1,28.0,34.1,30.6,32.3,71.6,88.8,61.6,89,185,22,,,17,23,154,168,140,162,158,67,27,90,232,130,192,Third Pair,57.0,1016.65,4.0,10.0,14.0,2.6225522952509657,56.666666666666664,52.463559157461745,D,75.0,209.0,1987-05-15,USA,2005.0,5.0,155.0,R,23,"[None, None, None, None, 61]","[None, None, None, None, 22]","[None, None, None, None, 84]","[None, None, None, None, 'NJD']"
2010-2011,8471241,Mark Fistric,DAL,D,53.0,13.4,78.0,,42.7,67.2,44.4,6.0,8.2,70.3,100.0,66.4,90.9,24.1,23.7,110,202,52,,111.0,77,130,219,214,62,1,79,22,177,178,232,130,192,Third Pair,57.0,819.85,2.0,3.0,5.0,0.9248314899562255,41.53846153846154,44.25194015112571,D,74.0,225.0,1986-06-01,CAN,2004.0,1.0,28.0,L,24,"[None, None, None, 70, 45]","[None, None, None, 30, 7]","[None, None, None, 83, 72]","[None, None, None, 'DAL', 'DAL']"
2010-2011,8471748,Mark Fraser,NJD,D,52.2,10.8,72.4,,60.9,67.7,25.4,10.8,38.4,75.9,94.4,85.8,52.6,68.1,27.2,112,208,65,,76.0,76,174,208,144,51,14,34,111,75,170,232,130,192,Third Pair,26.0,363.4,0.0,2.0,2.0,0.56379851162259,50.0,53.20422929801366,D,76.0,220.0,1986-09-29,CAN,2005.0,3.0,84.0,L,23,"[None, None, None, 30, 73]","[None, None, None, 1, 41]","[None, None, None, 88, 59]","[None, None, None, 'NJD', 'NJD']"
2010-2011,8470966,Mark Giordano,CGY,D,99.1,69.4,100.0,80.0,87.5,42.2,57.3,57.3,35.8,65.5,74.1,55.2,63.4,62.1,20.7,3,72,1,27.0,25.0,135,100,100,150,73,61,105,86,89,185,232,130,192,First Pair,82.0,1897.55,8.0,35.0,43.0,8.74001362423748,51.51515151515152,56.764894213129494,D,72.0,202.0,1983-10-03,CAN,,,,L,26,"[None, None, None, 98, 98]","[None, None, None, 37, 79]","[None, None, None, 100, 100]","[None, None, None, 'CGY', 'CGY']"
2010-2011,8470614,Mark Stuart,ATL,D,29.3,31.9,25.0,,67.2,48.7,46.6,47.8,23.7,45.3,85.3,58.6,38.8,47.8,9.9,165,159,175,,64.0,120,125,122,178,118,35,97,143,122,210,232,130,192,Third Pair,54.0,845.4333333333333,2.0,4.0,6.0,2.1044961741414023,47.16981132075472,47.32081709511864,D,74.0,215.0,1984-04-27,USA,2003.0,1.0,21.0,L,26,"[None, None, None, 7, 57]","[None, None, None, 15, 47]","[None, None, None, 32, 24]","[None, None, None, 'BOS', 'ATL']"
2010-2011,8467931,Matt Carkner,OTT,D,34.9,72.4,88.4,,47.4,41.8,30.6,20.7,36.2,2.6,80.6,40.1,25.4,56.5,2.2,152,65,28,,102.0,136,162,185,149,212,46,140,174,102,228,232,130,192,Third Pair,50.0,744.1999999999999,1.0,6.0,7.0,0.9750043110619108,51.11111111111111,55.59251095377612,D,77.0,229.0,1980-11-03,CAN,1999.0,2.0,58.0,R,29,"[None, None, None, 54, 22]","[None, None, None, 46, 79]","[None, None, None, 95, 77]","[None, None, None, 'OTT', 'OTT']"
2010-2011,8470640,Matt Carle,PHI,D,96.6,97.8,69.0,78.5,90.6,2.2,32.3,79.3,97.4,89.4,11.2,31.0,94.0,88.4,57.8,9,6,73,29.0,19.0,228,158,49,7,24,207,161,15,28,99,232,130,192,Second Pair,82.0,1803.3,1.0,39.0,40.0,6.28072595668464,61.65413533834586,53.92265865108348,D,72.0,197.0,1984-09-25,USA,2003.0,2.0,47.0,L,25,"[None, None, None, 97, 94]","[None, None, None, 96, 97]","[None, None, None, 71, 73]","[None, None, None, 'PHI', 'PHI']"
2010-2011,8475118,Matt Gilroy,NYR,D,77.6,94.4,10.3,41.5,,55.6,88.4,97.4,57.3,85.3,41.4,91.8,60.8,92.7,3.0,53,14,209,77.0,,104,28,7,100,32,137,20,92,18,226,232,130,192,Third Pair,58.0,822.25,3.0,8.0,11.0,4.1936182108967675,56.00000000000001,56.678274428593966,D,73.0,199.0,1984-07-20,USA,,,,R,26,"[None, None, None, 83, 72]","[None, None, None, 91, 90]","[None, None, None, 10, 12]","[None, None, None, 'NYR', 'NYR']"
2010-2011,8470121,Matt Greene,LAK,D,14.2,9.9,93.1,,77.1,73.7,42.2,9.5,58.2,1.7,99.6,54.7,58.6,57.8,28.9,200,210,17,,45.0,62,135,211,98,214,2,106,97,99,166,232,130,192,Third Pair,71.0,1205.3166666666666,2.0,9.0,11.0,1.4209488858895152,53.2258064516129,51.79772724161259,D,75.0,236.0,1983-05-13,USA,2002.0,2.0,44.0,R,27,"[None, None, None, 16, 18]","[None, None, None, 11, 14]","[None, None, None, 92, 86]","[None, None, None, 'LAK', 'LAK']"
2010-2011,8471436,Matt Hunwick,COL,D,2.2,11.6,3.9,35.4,16.1,18.5,45.7,61.6,32.8,39.2,27.6,67.2,26.7,61.2,15.1,228,206,224,85.0,162.0,190,127,90,157,129,169,77,171,91,198,232,130,192,Second Pair,73.0,1351.4,1.0,12.0,13.0,4.4823061144786935,43.83561643835616,44.90604256760333,D,71.0,194.0,1985-05-21,USA,2004.0,7.0,224.0,L,25,"[None, None, None, 3, 3]","[None, None, None, 23, 8]","[None, None, None, 3, 5]","[None, None, None, 'BOS', 'COL']"
2010-2011,8471702,Matt Niskanen,PIT,D,58.6,26.7,97.0,70.0,,15.5,41.4,48.3,9.1,16.8,91.8,76.3,45.7,16.8,23.3,97,171,8,40.0,,197,137,121,212,180,20,56,127,194,179,232,130,192,Third Pair,63.0,1041.2666666666669,1.0,9.0,10.0,3.778538486495552,53.333333333333336,49.44317387242012,D,73.0,203.0,1986-12-06,USA,2005.0,1.0,28.0,R,23,"[None, None, None, 90, 31]","[None, None, None, 45, 15]","[None, None, None, 97, 92]","[None, None, None, 'DAL', 'PIT']"
2010-2011,8475060,Matt Taormina,NJD,D,81.9,44.4,55.6,51.5,,70.7,99.1,95.7,21.1,97.4,6.9,98.7,3.4,82.8,89.7,43,130,104,64.0,,69,3,11,184,7,217,4,225,41,25,232,130,192,Second Pair,17.0,351.3833333333333,3.0,2.0,5.0,1.987263420401114,42.10526315789473,52.299606739163195,D,70.0,188.0,1986-10-20,USA,,,,L,23,"[None, None, None, None, 79]","[None, None, None, None, 50]","[None, None, None, None, 57]","[None, None, None, None, 'NJD']"
2010-2011,8460503,Mattias Ohlund,TBL,D,6.9,22.8,78.4,,40.1,14.7,3.9,6.5,18.5,2.2,78.0,2.2,26.3,64.7,78.4,217,180,51,,116.0,199,216,218,190,213,52,228,172,83,51,232,130,192,Second Pair,72.0,1348.1666666666667,0.0,5.0,5.0,1.2766401681588615,46.06741573033708,51.29652998754193,D,76.0,233.0,1976-09-09,SWE,1994.0,1.0,13.0,L,33,"[None, None, None, 19, 4]","[None, None, None, 52, 12]","[None, None, None, 65, 82]","[None, None, None, 'TBL', 'TBL']"
2010-2011,8474584,Michael Del Zotto,NYR,D,69.8,93.1,4.7,92.3,,62.1,43.5,80.2,14.7,74.1,78.4,78.0,21.1,80.2,17.7,71,17,222,11.0,,89,132,47,199,53,51,52,184,47,192,232,130,192,Second Pair,47.0,915.8166666666668,2.0,9.0,11.0,5.325927410324004,47.540983606557376,52.749576768883976,D,72.0,195.0,1990-06-24,CAN,2008.0,1.0,20.0,L,20,"[None, None, None, 83, 55]","[None, None, None, 93, 87]","[None, None, None, 1, 6]","[None, None, None, 'NYR', 'NYR']"
2010-2011,8471714,Michael Sauer,NYR,D,87.5,53.4,98.3,,39.6,12.9,34.9,76.7,72.8,59.1,56.5,75.4,95.7,93.5,52.2,30,109,5,,117.0,203,152,55,64,87,102,58,11,16,112,232,130,192,Third Pair,76.0,1331.2666666666669,3.0,12.0,15.0,3.9967608419009633,61.33333333333333,57.67026131337576,D,75.0,213.0,1987-08-07,USA,2005.0,2.0,40.0,R,23,"[None, None, None, None, 83]","[None, None, None, None, 58]","[None, None, None, None, 95]","[None, None, None, None, 'NYR']"
2010-2011,8465058,Michal Rozsival,PHX,D,81.5,91.4,85.3,11.5,72.9,81.0,65.5,17.2,66.4,18.1,84.9,35.8,86.6,55.2,75.9,44,21,35,116.0,53.0,45,81,193,79,177,36,150,32,105,57,232,130,192,Second Pair,65.0,1365.15,6.0,15.0,21.0,3.244664595164239,56.97674418604651,54.371929981800946,D,73.0,210.0,1978-09-03,CZE,1996.0,4.0,105.0,R,31,"[None, None, None, 48, 88]","[None, None, None, 70, 95]","[None, None, None, 74, 87]","[None, None, None, 'NYR', 'PHX']"
2010-2011,8467915,Mike Commodore,CBJ,D,5.6,26.3,14.7,43.1,64.1,69.4,94.0,65.9,3.4,9.9,71.1,60.8,2.2,25.0,79.3,220,172,199,75.0,70.0,72,15,80,225,195,68,92,228,175,49,232,130,192,Second Pair,20.0,371.2,2.0,4.0,6.0,1.8758678413819911,27.77777777777778,42.70210466304725,D,76.0,227.0,1979-11-07,CAN,1999.0,2.0,42.0,R,30,"[None, None, None, 3, 13]","[None, None, None, 13, 34]","[None, None, None, 11, 27]","[None, None, None, 'CBJ', 'CBJ']"
2010-2011,8471242,Mike Green,WSH,D,87.9,66.4,12.1,96.9,42.2,96.6,90.9,93.1,94.8,97.8,72.4,62.5,90.5,94.4,29.7,29,79,205,5.0,112.0,9,22,17,13,6,65,88,23,14,164,232,130,192,First Pair,49.0,1234.45,8.0,16.0,24.0,8.508263649473898,49.18032786885246,49.638077068500685,D,73.0,210.0,1985-10-12,CAN,2004.0,1.0,29.0,R,24,"[None, None, None, 96, 75]","[None, None, None, 77, 57]","[None, None, None, 8, 18]","[None, None, None, 'WSH', 'WSH']"
2010-2011,8469460,Mike Komisarek,TOR,D,26.7,49.6,38.4,,25.0,21.6,10.8,44.0,55.2,23.7,94.8,11.6,12.5,70.7,32.3,171,118,144,,145.0,183,208,131,105,164,13,206,204,69,158,232,130,192,Third Pair,75.0,1022.3333333333334,1.0,9.0,10.0,2.241631022743683,42.857142857142854,44.18045865826263,D,76.0,235.0,1982-01-19,USA,2001.0,1.0,7.0,R,28,"[None, None, None, 54, 15]","[None, None, None, 70, 31]","[None, None, None, 67, 22]","[None, None, None, 'TOR', 'TOR']"
2010-2011,8471314,Mike Lundin,TBL,D,51.3,1.7,83.6,,27.1,57.8,47.4,19.8,32.3,81.0,8.2,2.6,35.8,67.2,35.8,114,229,39,,141.0,99,123,187,158,42,214,227,150,77,150,232,130,192,Second Pair,69.0,1407.8666666666666,1.0,11.0,12.0,1.978247476720044,50.0,50.47099696102483,D,74.0,190.0,1984-09-24,USA,2004.0,4.0,102.0,L,25,"[None, None, None, 71, 42]","[None, None, None, 11, 2]","[None, None, None, 90, 78]","[None, None, None, 'TBL', 'TBL']"
2010-2011,8466309,Mike Mottau,NYI,D,68.1,44.0,77.2,36.2,100.0,56.0,17.2,43.1,11.6,31.0,28.0,30.2,0.9,31.9,78.9,75,131,54,84.0,1.0,103,193,133,206,147,168,163,231,159,50,232,130,192,Second Pair,20.0,406.6666666666667,0.0,3.0,3.0,1.3755368897577485,19.047619047619047,42.506660108913195,D,72.0,195.0,1978-03-19,USA,1997.0,7.0,182.0,L,32,"[None, None, None, 88, 49]","[None, None, None, 54, 40]","[None, None, None, 94, 51]","[None, None, None, 'NJD', 'NYI']"
2010-2011,8468478,Mike Weaver,FLA,D,88.4,70.7,79.7,,91.7,60.8,21.6,3.9,41.8,84.1,33.6,3.4,61.2,38.8,81.9,28,69,48,,17.0,92,183,224,136,35,155,225,91,143,43,232,130,192,Second Pair,82.0,1706.1666666666667,2.0,11.0,13.0,1.8675884614646503,47.674418604651166,50.24372264941247,D,70.0,186.0,1978-05-02,CAN,,,,R,32,"[None, None, None, 89, 87]","[None, None, None, 61, 75]","[None, None, None, 60, 86]","[None, None, None, 'STL', 'FLA']"
2010-2011,8473426,Mike Weber,BUF,D,38.8,34.5,77.6,,70.8,78.4,81.0,65.5,69.4,12.7,97.4,66.8,89.2,45.7,41.4,143,153,53,,57.0,51,45,81,72,189,7,78,26,127,137,232,130,192,Third Pair,58.0,979.8166666666668,4.0,13.0,17.0,2.9347541038270064,56.451612903225815,50.10139766525894,D,74.0,217.0,1987-12-16,USA,2006.0,2.0,57.0,L,22,"[None, None, None, None, 39]","[None, None, None, None, 38]","[None, None, None, None, 75]","[None, None, None, None, 'BUF']"
2010-2011,8469684,Milan Jurcina,NYI,D,28.0,63.4,20.3,64.6,75.5,47.4,56.5,69.8,88.8,19.0,89.7,31.5,72.4,37.5,44.0,168,86,186,47.0,48.0,123,102,71,27,175,25,160,65,146,131,232,130,192,Second Pair,46.0,831.1166666666667,4.0,13.0,17.0,3.630869297838583,44.61538461538462,41.159244569649054,D,76.0,253.0,1983-06-07,SVK,2001.0,8.0,241.0,R,27,"[None, None, None, 62, 13]","[None, None, None, 76, 49]","[None, None, None, 59, 10]","[None, None, None, 'CBJ', 'NYI']"
2010-2011,8466145,Nick Boynton,PHI,D,20.3,32.3,49.1,,56.8,33.6,13.8,19.0,63.8,14.7,59.5,59.9,57.3,72.4,18.1,186,158,119,,84.0,155,201,189,85,185,95,94,100,65,191,232,130,192,Third Pair,51.0,746.9833333333333,1.0,7.0,8.0,1.3729750246112462,49.2063492063492,51.77773080580786,D,73.0,218.0,1979-01-14,CAN,1999.0,1.0,21.0,R,31,"[None, None, None, 15, 30]","[None, None, None, 33, 29]","[None, None, None, 40, 56]","[None, None, None, 'CHI', 'PHI']"
2010-2011,8475181,Nick Leddy,CHI,D,64.2,34.9,37.1,,,88.8,98.3,49.1,1.7,90.3,14.2,93.5,22.0,98.7,6.9,84,152,147,,,27,5,119,229,23,200,16,182,4,217,232,130,192,Third Pair,46.0,658.3666666666667,4.0,3.0,7.0,1.4835327654285189,49.15254237288136,51.39947002514121,D,72.0,205.0,1991-03-20,USA,2009.0,1.0,16.0,L,19,"[None, None, None, None, 63]","[None, None, None, None, 39]","[None, None, None, None, 41]","[None, None, None, None, 'CHI']"
2010-2011,8468513,Nick Schultz,MIN,D,36.6,16.4,61.6,,78.6,25.4,24.1,22.0,67.2,37.9,54.7,7.8,69.8,44.0,72.4,148,195,90,,42.0,174,177,182,77,132,106,215,71,131,65,232,130,192,Second Pair,74.0,1496.3166666666666,3.0,14.0,17.0,2.113293439777965,49.48453608247423,46.366678973386,D,73.0,203.0,1982-08-25,CAN,2000.0,2.0,33.0,L,28,"[None, None, None, 52, 25]","[None, None, None, 6, 31]","[None, None, None, 91, 26]","[None, None, None, 'MIN', 'MIN']"
2010-2011,8471269,Nicklas Grossmann,DAL,D,25.0,8.2,60.8,,38.5,31.5,11.2,3.4,45.3,32.8,94.0,3.9,86.2,80.6,100.0,175,214,92,,119.0,160,207,225,128,143,15,224,33,46,1,232,130,192,Second Pair,59.0,1073.6666666666667,1.0,9.0,10.0,1.298448063131093,54.54545454545454,48.95804198644497,D,76.0,230.0,1985-01-22,SWE,2004.0,2.0,56.0,L,25,"[None, None, None, 18, 33]","[None, None, None, 9, 13]","[None, None, None, 55, 68]","[None, None, None, 'DAL', 'DAL']"
2010-2011,8457063,Nicklas Lidstrom,DET,D,94.8,90.9,75.9,99.2,81.8,87.1,62.9,50.9,66.8,35.8,1.7,54.3,50.9,96.1,99.1,13,22,57,2.0,36.0,31,87,115,78,137,229,107,115,10,3,232,130,192,First Pair,82.0,1924.4166666666667,16.0,46.0,62.0,10.7871413344218,50.877192982456144,50.34117570481155,D,73.0,192.0,1970-04-28,SWE,1989.0,3.0,53.0,L,40,"[None, None, None, 97, 92]","[None, None, None, 92, 86]","[None, None, None, 86, 67]","[None, None, None, 'DET', 'DET']"
2010-2011,8468577,Niclas Wallin,SJS,D,30.2,29.7,41.4,,44.8,25.0,31.9,60.8,13.8,44.4,79.3,59.5,25.9,76.7,16.4,163,164,137,,107.0,175,159,92,201,120,49,95,173,55,195,232,130,192,Third Pair,74.0,1171.8833333333332,3.0,5.0,8.0,3.3119261238610154,47.82608695652174,53.039322574590855,D,75.0,220.0,1975-02-20,SWE,2000.0,4.0,97.0,L,35,"[None, None, None, 66, 12]","[None, None, None, 53, 16]","[None, None, None, 67, 24]","[None, None, None, 'SJS', 'SJS']"
2010-2011,8471348,Nikita Nikitin,STL,D,47.4,23.7,48.7,56.2,58.3,49.6,39.7,32.8,9.5,69.8,46.6,63.8,49.1,59.1,55.6,123,178,120,58.0,81.0,118,141,157,211,63,125,85,119,96,104,232,130,192,Third Pair,41.0,672.0833333333334,1.0,8.0,9.0,1.648944370597198,51.21951219512195,48.7819463579334,D,76.0,217.0,1986-06-16,RUS,2004.0,5.0,136.0,L,24,"[None, None, None, None, 50]","[None, None, None, None, 25]","[None, None, None, None, 50]","[None, None, None, None, 'STL']"
2010-2011,8471769,Niklas Hjalmarsson,CHI,D,90.5,43.1,98.7,,73.4,62.9,32.8,12.1,30.6,68.1,39.2,42.7,40.5,99.1,27.6,23,133,4,,52.0,87,157,205,162,67,142,134,139,3,169,232,130,192,Second Pair,80.0,1478.1333333333334,3.0,7.0,10.0,2.1330041312171484,56.79012345679012,53.50806520574842,D,75.0,197.0,1987-06-06,SWE,2005.0,4.0,108.0,L,23,"[None, None, None, 94, 84]","[None, None, None, 73, 21]","[None, None, None, 96, 98]","[None, None, None, 'CHI', 'CHI']"
2010-2011,8468509,Niklas Kronwall,DET,D,94.4,92.2,86.2,73.1,96.9,86.6,88.8,93.5,48.3,58.2,45.7,72.0,33.6,59.5,51.3,14,19,33,36.0,7.0,32,27,16,121,89,127,66,155,95,114,232,130,192,First Pair,77.0,1760.8833333333334,11.0,26.0,37.0,9.224064830670304,50.0,54.047088046561775,D,72.0,194.0,1981-01-12,SWE,2000.0,1.0,29.0,L,29,"[None, None, None, 82, 98]","[None, None, None, 70, 96]","[None, None, None, 73, 88]","[None, None, None, 'DET', 'DET']"
2010-2011,8475171,Oliver Ekman-Larsson,PHX,D,67.2,63.8,45.3,50.0,59.9,26.3,31.0,84.1,90.1,75.0,54.3,64.2,76.7,72.0,2.6,77,85,128,66.0,78.0,172,161,38,24,52,107,84,55,66,227,232,130,192,Third Pair,48.0,721.7,1.0,10.0,11.0,2.689187019128234,54.71698113207547,52.616727793561694,D,74.0,190.0,1991-07-17,SWE,2009.0,1.0,6.0,L,19,"[None, None, None, None, 65]","[None, None, None, None, 66]","[None, None, None, None, 47]","[None, None, None, None, 'PHX']"
2010-2011,8474056,P.K. Subban,MTL,D,90.9,84.9,84.9,79.2,37.5,97.0,78.4,78.0,64.2,58.6,53.4,50.0,14.7,41.4,70.7,22,36,36,28.0,121.0,8,51,52,84,88,109,117,199,137,69,232,130,192,First Pair,77.0,1714.6833333333334,14.0,24.0,38.0,9.720084083689544,48.31460674157304,51.972402170071796,D,72.0,210.0,1989-05-13,CAN,2007.0,2.0,43.0,R,21,"[None, None, None, None, 87]","[None, None, None, None, 81]","[None, None, None, None, 80]","[None, None, None, None, 'MTL']"
2010-2011,8466144,Paul Mara,MTL,D,5.2,28.0,6.0,34.6,22.9,31.9,12.1,17.7,10.8,23.3,61.6,39.7,36.6,10.8,53.4,221,168,219,86.0,149.0,159,205,192,208,165,90,141,148,208,109,232,130,192,Second Pair,53.0,968.8333333333334,1.0,5.0,6.0,2.31397223859111,48.07692307692308,38.981025159254074,D,76.0,211.0,1979-09-07,USA,1997.0,1.0,7.0,L,30,"[None, None, None, 24, 3]","[None, None, None, 36, 21]","[None, None, None, 37, 3]","[None, None, None, 'MTL', 'MTL']"
2010-2011,8468542,Paul Martin,PIT,D,92.2,78.0,86.6,66.9,91.1,9.9,20.3,21.6,94.0,92.7,10.3,89.2,56.5,39.2,56.5,19,52,32,44.0,18.0,210,186,183,15,18,209,26,102,142,102,232,130,192,First Pair,77.0,1799.1333333333334,3.0,21.0,24.0,6.225551135493207,52.80898876404494,53.077163314903295,D,73.0,200.0,1981-03-05,USA,2000.0,2.0,62.0,L,29,"[None, None, None, 84, 94]","[None, None, None, 44, 86]","[None, None, None, 73, 89]","[None, None, None, 'NJD', 'PIT']"
2010-2011,8465210,Pavel Kubina,TBL,D,22.8,79.7,69.4,4.6,32.3,44.8,67.2,53.4,74.1,4.3,50.0,28.4,64.7,69.0,25.9,180,48,72,125.0,131.0,129,77,109,61,208,117,167,83,73,173,232,130,192,Second Pair,79.0,1518.8166666666666,4.0,19.0,23.0,4.350032924028221,52.27272727272727,57.58682002803247,D,76.0,258.0,1977-04-15,CZE,1996.0,7.0,179.0,R,33,"[None, None, None, 6, 53]","[None, None, None, 87, 73]","[None, None, None, 17, 91]","[None, None, None, 'ATL', 'TBL']"
2010-2011,8468101,Radek Martinek,NYI,D,21.1,42.2,23.7,,30.2,19.0,58.2,66.8,25.0,27.6,20.7,5.6,18.1,23.7,80.2,184,135,178,,135.0,189,98,78,175,155,185,220,191,178,47,232,130,192,Second Pair,64.0,1334.1166666666666,3.0,13.0,16.0,4.400372701275601,45.23809523809524,44.68968702014576,D,72.0,205.0,1976-08-31,CZE,1999.0,8.0,228.0,R,34,"[None, None, None, 55, 8]","[None, None, None, 52, 36]","[None, None, None, 37, 20]","[None, None, None, 'NYI', 'NYI']"
2010-2011,8470905,Randy Jones,TBL,D,81.0,90.5,33.2,,81.2,53.9,61.2,56.5,86.2,68.5,21.1,65.9,7.3,79.3,14.2,45,23,156,,37.0,108,91,102,33,66,184,80,216,49,200,232,130,192,Third Pair,61.0,1040.5333333333333,1.0,12.0,13.0,1.9749753747064456,45.20547945205479,60.04986267355727,D,74.0,210.0,1981-07-23,CAN,,,,L,29,"[None, None, None, 33, 91]","[None, None, None, 67, 94]","[None, None, None, 23, 53]","[None, None, None, 'LAK', 'TBL']"
2010-2011,8467452,Rob Scuderi,LAK,D,70.7,67.7,75.0,,28.6,51.3,12.9,3.0,73.3,56.5,15.5,53.9,77.6,51.3,87.5,69,76,59,,138.0,114,203,226,63,93,197,108,53,114,30,232,130,192,Second Pair,82.0,1663.7666666666669,2.0,13.0,15.0,1.6850186994055738,51.041666666666664,51.01614144923155,D,73.0,216.0,1978-12-30,USA,1998.0,5.0,134.0,L,31,"[None, None, None, 74, 67]","[None, None, None, 80, 50]","[None, None, None, 58, 81]","[None, None, None, 'LAK', 'LAK']"
2010-2011,8467344,Robyn Regehr,CGY,D,9.1,0.9,91.8,,12.5,37.5,18.5,6.9,30.2,10.8,67.2,41.8,44.8,83.2,93.5,212,231,20,,169.0,146,190,217,163,193,77,136,129,40,16,232,130,192,Second Pair,79.0,1697.25,2.0,15.0,17.0,2.31374192058012,49.549549549549546,50.580780287856506,D,75.0,222.0,1980-04-19,BRA,1998.0,1.0,19.0,L,30,"[None, None, None, 11, 10]","[None, None, None, 7, 0]","[None, None, None, 70, 95]","[None, None, None, 'CGY', 'CGY']"
2010-2011,8458938,Roman Hamrlik,MTL,D,12.1,19.4,72.8,89.2,38.0,20.7,37.9,49.6,62.9,3.9,9.1,27.6,47.8,26.3,71.1,205,188,64,15.0,120.0,185,145,118,87,209,212,169,122,172,68,232,130,192,First Pair,79.0,1760.0833333333333,5.0,29.0,34.0,6.374932118338319,51.61290322580645,49.81811531459051,D,74.0,206.0,1974-04-12,CZE,1992.0,1.0,1.0,L,36,"[None, None, None, 10, 24]","[None, None, None, 4, 37]","[None, None, None, 80, 69]","[None, None, None, 'MTL', 'MTL']"
2010-2011,8471392,Roman Polak,STL,D,19.4,28.9,64.2,,21.9,84.9,76.7,46.1,36.6,11.6,64.2,1.7,55.2,28.9,91.4,188,166,84,,151.0,36,55,126,148,191,84,229,105,166,21,232,130,192,Second Pair,55.0,1097.6166666666666,3.0,9.0,12.0,2.5653589196053717,48.10126582278481,47.050637291941655,D,74.0,240.0,1986-04-28,CZE,2004.0,6.0,180.0,R,24,"[None, None, None, 39, 11]","[None, None, None, 15, 36]","[None, None, None, 96, 21]","[None, None, None, 'STL', 'STL']"
2010-2011,8468493,Ron Hainsey,ATL,D,37.5,12.9,63.4,,17.7,50.0,49.1,40.5,59.9,52.2,6.0,14.2,66.4,9.1,64.2,146,203,86,,159.0,117,119,139,94,102,219,200,79,212,84,232,130,192,Second Pair,82.0,1482.9666666666667,3.0,16.0,19.0,3.4960141788846055,50.53763440860215,48.20753780429989,D,75.0,201.0,1981-03-24,USA,2000.0,1.0,13.0,L,29,"[None, None, None, 40, 33]","[None, None, None, 8, 19]","[None, None, None, 69, 61]","[None, None, None, 'ATL', 'ATL']"
2010-2011,8468484,Rostislav Klesla,PHX,D,18.5,24.6,35.3,,12.0,74.6,85.8,40.1,24.1,25.4,70.7,11.2,37.9,13.8,89.2,190,176,151,,170.0,60,34,140,177,160,69,207,145,201,26,232,130,192,Second Pair,61.0,1163.5,4.0,7.0,11.0,3.039731045049124,50.0,46.55180769091025,D,75.0,215.0,1982-03-21,CZE,2000.0,1.0,4.0,L,28,"[None, None, None, 34, 10]","[None, None, None, 22, 23]","[None, None, None, 54, 28]","[None, None, None, 'CBJ', 'PHX']"
2010-2011,8464962,Ruslan Salei,DET,D,8.6,12.1,27.2,,72.4,14.2,35.3,62.9,7.8,13.8,52.6,99.1,22.8,87.9,4.3,213,205,170,,54.0,200,151,87,215,187,111,3,180,29,223,232,130,192,Third Pair,75.0,1347.45,2.0,8.0,10.0,3.3106945562240724,48.19277108433735,50.94747023514332,D,73.0,212.0,1974-11-02,BLR,1996.0,1.0,9.0,L,35,"[None, None, None, None, 9]","[None, None, None, None, 16]","[None, None, None, None, 32]","[None, None, None, None, 'DET']"
2010-2011,8474151,Ryan McDonagh,NYR,D,79.3,79.3,44.8,,68.2,46.1,28.9,40.9,59.5,77.6,35.3,51.7,97.8,97.8,76.3,49,49,129,,62.0,126,166,138,95,47,151,113,6,6,56,232,130,192,Second Pair,40.0,749.5833333333334,1.0,8.0,9.0,1.535468788704635,61.016949152542374,57.53533700440027,D,73.0,216.0,1989-06-13,USA,2007.0,1.0,12.0,L,21,"[None, None, None, None, 78]","[None, None, None, None, 80]","[None, None, None, None, 46]","[None, None, None, None, 'NYR']"
2010-2011,8470672,Ryan O'Byrne,COL,D,3.0,9.1,62.1,,78.1,24.1,10.3,8.6,17.2,0.9,93.1,10.8,34.9,19.4,50.9,226,212,89,,43.0,177,209,213,193,216,17,208,152,188,115,232,130,192,Second Pair,67.0,1350.5166666666669,0.0,10.0,10.0,1.7123910131611657,45.67901234567901,49.211057321877064,D,77.0,234.0,1984-07-19,CAN,2003.0,3.0,79.0,R,26,"[None, None, None, 4, 4]","[None, None, None, 23, 6]","[None, None, None, 36, 76]","[None, None, None, 'MTL', 'COL']"
2010-2011,8470600,Ryan Suter,NSH,D,78.0,80.2,97.4,88.5,77.6,2.6,29.3,59.1,79.7,6.9,4.7,16.8,80.2,64.2,97.8,52,47,7,16.0,44.0,227,165,96,48,202,222,194,47,84,6,232,130,192,First Pair,70.0,1764.1,4.0,35.0,39.0,6.913212817512095,57.30337078651685,54.949233681099216,D,73.0,201.0,1985-01-21,USA,2003.0,1.0,7.0,L,25,"[None, None, None, 46, 86]","[None, None, None, 55, 88]","[None, None, None, 95, 96]","[None, None, None, 'NSH', 'NSH']"
2010-2011,8470309,Ryan Whitney,EDM,D,24.6,76.3,11.6,72.3,10.9,13.4,15.9,28.9,99.6,24.1,12.9,44.4,99.1,2.6,97.0,176,56,206,37.0,172.0,202,196,166,2,163,203,130,3,227,8,232,130,192,First Pair,35.0,886.8333333333334,2.0,25.0,27.0,3.308456472140303,61.702127659574465,42.65940113101816,D,76.0,209.0,1983-02-19,USA,2002.0,1.0,5.0,L,27,"[None, None, None, 16, 37]","[None, None, None, 85, 65]","[None, None, None, 9, 15]","[None, None, None, 'EDM', 'EDM']"
2010-2011,8473700,Ryan Wilson,COL,D,57.3,33.2,59.5,28.5,39.1,34.5,44.8,50.4,82.8,77.2,81.5,9.1,79.3,18.5,17.2,100,156,95,94.0,118.0,153,129,116,41,48,44,212,49,190,193,232,130,192,Second Pair,67.0,1327.0,3.0,13.0,16.0,3.1713741468303693,44.565217391304344,49.203490549791674,D,73.0,210.0,1987-02-03,CAN,,,,L,23,"[None, None, None, 80, 40]","[None, None, None, 49, 25]","[None, None, None, 48, 69]","[None, None, None, 'COL', 'COL']"
2010-2011,8471279,Sami Lepisto,CBJ,D,69.4,48.3,90.5,,37.0,45.3,60.3,74.6,45.7,41.2,48.3,64.7,92.2,70.3,26.7,72,121,23,,122.0,128,93,60,127,125,121,83,19,70,171,232,130,192,Third Pair,70.0,1228.8833333333334,4.0,12.0,16.0,3.378177226205624,57.14285714285714,51.25146400177773,D,73.0,193.0,1984-10-17,FIN,2004.0,3.0,66.0,L,25,"[None, None, None, 66, 72]","[None, None, None, 55, 48]","[None, None, None, 88, 87]","[None, None, None, 'PHX', 'CBJ']"
2010-2011,8465202,Sami Salo,VAN,D,38.4,28.4,26.3,55.4,46.9,91.4,87.1,27.2,28.4,54.3,3.4,73.7,67.7,81.5,38.8,144,167,172,59.0,103.0,21,31,170,167,97,225,62,76,44,143,232,130,192,Second Pair,27.0,549.25,3.0,4.0,7.0,1.6248985578914887,42.30769230769231,43.96058507096353,D,75.0,215.0,1974-09-02,FIN,1996.0,9.0,239.0,R,35,"[None, None, None, 37, 36]","[None, None, None, 16, 34]","[None, None, None, 30, 29]","[None, None, None, 'VAN', 'VAN']"
2010-2011,8466158,Scott Hannan,WSH,D,56.5,55.2,67.7,,85.9,23.3,17.7,22.4,20.3,36.2,12.5,12.9,56.0,57.3,72.8,102,105,76,,28.0,179,192,181,186,136,204,203,103,100,64,232,130,192,Second Pair,78.0,1543.35,1.0,10.0,11.0,2.916395270771686,51.08695652173913,55.97212081760545,D,73.0,215.0,1979-01-23,CAN,1997.0,1.0,23.0,L,31,"[None, None, None, 17, 81]","[None, None, None, 4, 84]","[None, None, None, 14, 90]","[None, None, None, 'COL', 'WSH']"
2010-2011,8458637,Sean O'Donnell,PHI,D,1.7,2.2,18.1,,19.8,63.4,20.7,2.2,65.1,6.0,22.0,6.5,88.4,67.7,32.8,229,228,191,,155.0,86,185,228,82,204,182,218,28,76,157,232,130,192,Third Pair,81.0,1259.3166666666666,1.0,17.0,18.0,1.17618613622457,50.602409638554214,46.10227156973089,D,74.0,238.0,1971-10-13,CAN,1991.0,6.0,123.0,L,38,"[None, None, None, 4, 1]","[None, None, None, 5, 4]","[None, None, None, 62, 8]","[None, None, None, 'LAK', 'PHI']"
2010-2011,8458951,Sergei Gonchar,OTT,D,82.8,78.4,61.2,94.6,21.4,91.8,68.5,66.4,37.9,45.7,19.0,65.1,12.9,45.3,61.2,41,51,91,8.0,152.0,20,74,79,145,117,189,82,203,128,91,232,130,192,First Pair,67.0,1553.8666666666668,7.0,20.0,27.0,6.1015576701148655,41.77215189873418,49.29088670701856,D,74.0,210.0,1974-04-13,RUS,1992.0,1.0,14.0,L,36,"[None, None, None, 69, 84]","[None, None, None, 85, 69]","[None, None, None, 47, 71]","[None, None, None, 'PIT', 'OTT']"
2010-2011,8470839,Shane O'Brien,NSH,D,1.3,7.3,14.2,,43.8,23.7,16.8,28.0,9.9,1.3,73.7,39.2,84.5,63.4,15.5,230,216,200,,109.0,178,194,168,210,215,62,142,37,86,197,232,130,192,Third Pair,80.0,1369.3166666666666,2.0,7.0,9.0,2.6574803661589255,50.0,47.97604977653886,D,75.0,230.0,1983-08-09,CAN,2003.0,8.0,250.0,L,27,"[None, None, None, 0, 2]","[None, None, None, 18, 6]","[None, None, None, 16, 17]","[None, None, None, 'VAN', 'NSH']"
2010-2011,8469472,Shaone Morrisonn,BUF,D,27.2,61.6,36.2,,57.8,27.2,8.6,14.2,20.7,16.4,95.3,49.1,44.0,73.7,22.0,170,90,149,,82.0,170,213,200,185,181,12,119,131,62,182,232,130,192,Third Pair,62.0,1002.7666666666668,1.0,4.0,5.0,2.0913774850375746,45.16129032258064,48.52828375083839,D,76.0,210.0,1982-12-23,CAN,2001.0,1.0,19.0,L,27,"[None, None, None, 27, 31]","[None, None, None, 81, 33]","[None, None, None, 32, 45]","[None, None, None, 'WSH', 'BUF']"
2010-2011,8470642,Shea Weber,NSH,D,80.2,37.9,85.8,85.4,83.3,97.4,97.0,99.1,81.5,41.8,67.7,15.1,48.3,91.8,96.6,47,145,34,20.0,33.0,7,8,3,44,124,76,198,121,20,9,232,130,192,First Pair,82.0,2076.15,16.0,32.0,48.0,14.956954063280683,51.32743362831859,51.92713919267196,D,76.0,230.0,1985-08-14,CAN,2003.0,2.0,49.0,R,25,"[None, None, None, 75, 79]","[None, None, None, 62, 23]","[None, None, None, 75, 87]","[None, None, None, 'NSH', 'NSH']"
2010-2011,8469992,Sheldon Brookbank,ANA,D,25.4,38.4,19.8,,29.2,21.1,3.9,25.9,31.5,46.1,87.5,95.7,29.7,4.3,5.2,174,144,187,,137.0,184,216,173,160,116,30,11,164,223,221,232,130,192,Third Pair,40.0,533.05,0.0,0.0,0.0,0.9832276448698152,29.166666666666668,44.1179156230793,D,73.0,202.0,1980-10-03,CAN,,,,R,29,"[None, None, None, 11, 44]","[None, None, None, 33, 42]","[None, None, None, 12, 41]","[None, None, None, 'ANA', 'ANA']"
2010-2011,8462196,Stephane Robidas,DAL,D,68.5,39.2,99.1,26.9,87.0,77.2,49.6,35.3,49.1,9.1,95.7,13.4,37.1,35.3,99.6,74,142,3,96.0,26.0,54,118,151,119,197,11,202,147,151,2,232,130,192,First Pair,81.0,1987.15,5.0,25.0,30.0,6.315725968728213,49.56521739130435,50.29791539165483,D,71.0,190.0,1977-03-03,CAN,1995.0,7.0,164.0,R,33,"[None, None, None, 28, 83]","[None, None, None, 48, 33]","[None, None, None, 94, 99]","[None, None, None, 'DAL', 'DAL']"
2010-2011,8470192,Steve Eminger,NYR,D,25.9,25.9,10.8,,24.0,78.0,73.3,39.7,13.4,73.7,89.2,69.0,74.1,75.0,22.8,173,173,208,,147.0,52,63,141,202,54,26,73,61,59,180,232,130,192,Third Pair,65.0,1030.35,2.0,4.0,6.0,2.5263437334132357,46.15384615384615,54.63758552856742,D,74.0,207.0,1983-10-31,CAN,2002.0,1.0,12.0,R,26,"[None, None, None, 12, 43]","[None, None, None, 12, 35]","[None, None, None, 7, 17]","[None, None, None, 'ANA', 'NYR']"
2010-2011,8468927,Steve Montador,BUF,D,82.3,82.8,82.3,,88.0,65.9,82.8,95.3,88.4,28.9,35.8,80.2,64.2,39.7,42.7,42,41,42,,24.0,80,41,12,28,152,150,47,84,141,134,232,130,192,Second Pair,73.0,1439.75,5.0,21.0,26.0,5.145500976598004,56.12244897959183,52.88770689011608,D,72.0,210.0,1979-12-21,CAN,,,,R,30,"[None, None, None, 74, 82]","[None, None, None, 43, 91]","[None, None, None, 93, 70]","[None, None, None, 'BUF', 'BUF']"
2010-2011,8458541,Steve Staios,CGY,D,45.3,47.4,34.5,,,37.1,48.7,26.7,83.2,63.4,44.8,80.6,48.7,53.4,24.6,128,123,153,,,147,120,171,40,77,129,46,120,109,176,232,130,192,Third Pair,39.0,574.0,3.0,7.0,10.0,1.1891829789990067,58.69565217391305,56.66270932747239,D,73.0,200.0,1973-07-28,CAN,1991.0,2.0,27.0,R,37,"[None, None, None, 21, 67]","[None, None, None, 64, 37]","[None, None, None, 15, 62]","[None, None, None, 'CGY', 'CGY']"
2010-2011,8474000,Steven Kampfer,BOS,D,83.2,47.0,68.1,25.4,,94.0,100.0,79.7,7.3,94.4,62.1,12.1,92.7,94.8,8.6,40,124,75,98.0,,15,1,48,216,14,89,205,18,13,213,232,130,192,Third Pair,38.0,673.8333333333334,5.0,5.0,10.0,2.8424069765376094,59.61538461538461,52.59508116947982,D,71.0,198.0,1988-09-24,USA,2007.0,4.0,93.0,R,21,"[None, None, None, None, 80]","[None, None, None, None, 53]","[None, None, None, None, 70]","[None, None, None, None, 'BOS']"
2010-2011,8473525,Theo Peckham,EDM,D,0.9,5.2,3.0,,7.8,74.1,64.7,31.0,23.3,15.5,96.6,8.6,34.1,3.4,81.0,231,221,226,,178.0,61,83,161,179,183,9,213,154,225,45,232,130,192,Second Pair,71.0,1320.25,3.0,10.0,13.0,2.5242869554203216,42.168674698795186,42.551754234705705,D,74.0,246.0,1987-11-10,CAN,2006.0,3.0,75.0,L,22,"[None, None, None, None, 2]","[None, None, None, None, 10]","[None, None, None, None, 4]","[None, None, None, None, 'EDM']"
2010-2011,8469476,Tim Gleason,CAR,D,17.7,78.9,2.6,33.1,5.2,71.6,51.3,16.4,43.5,76.7,75.9,20.7,62.9,14.2,85.3,192,50,227,88.0,183.0,67,114,195,132,49,57,185,87,200,35,232,130,192,Second Pair,82.0,1719.15,2.0,14.0,16.0,3.137007456084259,47.95918367346938,46.25010590921416,D,72.0,217.0,1983-01-29,USA,2001.0,1.0,23.0,L,27,"[None, None, None, 42, 8]","[None, None, None, 56, 84]","[None, None, None, 11, 0]","[None, None, None, 'CAR', 'CAR']"
2010-2011,8470828,Toby Enstrom,ATL,D,31.5,90.1,7.8,0.8,35.9,92.2,75.9,45.7,95.3,31.9,6.5,57.3,38.4,58.6,48.3,160,24,215,130.0,124.0,19,57,127,12,145,218,100,144,97,121,232,130,192,First Pair,72.0,1705.3666666666666,10.0,41.0,51.0,5.378370990182809,49.03846153846153,49.29455924063439,D,70.0,180.0,1984-11-05,SWE,2003.0,8.0,239.0,L,25,"[None, None, None, 67, 12]","[None, None, None, 89, 81]","[None, None, None, 35, 5]","[None, None, None, 'ATL', 'ATL']"
2010-2011,8470104,Tom Gilbert,EDM,D,29.7,81.9,39.7,18.5,0.5,9.5,38.4,81.0,78.9,29.3,17.2,22.8,17.7,0.4,94.0,164,43,141,107.0,192.0,211,144,45,50,151,193,180,192,232,15,232,130,192,First Pair,79.0,1935.8333333333333,6.0,20.0,26.0,7.241514111562742,41.73913043478261,45.914736386429475,D,74.0,210.0,1983-01-10,USA,2002.0,4.0,129.0,R,27,"[None, None, None, 44, 22]","[None, None, None, 76, 83]","[None, None, None, 31, 50]","[None, None, None, 'EDM', 'EDM']"
2010-2011,8465012,Tom Poti,WSH,D,80.6,88.4,65.5,63.1,31.2,52.2,91.4,58.2,99.1,50.9,0.4,28.9,76.3,85.3,66.8,46,28,81,49.0,133.0,112,21,98,3,105,232,166,56,35,78,232,130,192,Second Pair,21.0,385.5833333333333,2.0,5.0,7.0,0.9895752636116024,48.0,55.38760358412613,D,75.0,190.0,1977-03-22,USA,1996.0,3.0,59.0,L,33,"[None, None, None, 84, 75]","[None, None, None, 94, 73]","[None, None, None, 77, 59]","[None, None, None, 'WSH', 'WSH']"
2010-2011,8465200,Tomas Kaberle,BOS,D,75.0,89.7,50.0,54.6,,16.8,59.9,42.7,90.9,50.4,2.6,61.2,63.8,47.4,37.1,59,25,117,60.0,,194,94,134,22,106,227,91,85,123,147,232,130,192,First Pair,82.0,1813.1,4.0,43.0,47.0,7.874310098366778,56.43564356435643,48.47882906594205,D,73.0,212.0,1978-03-02,CZE,1996.0,8.0,204.0,L,32,"[None, None, None, 78, 69]","[None, None, None, 96, 69]","[None, None, None, 60, 44]","[None, None, None, 'TOR', 'BOS']"
2010-2011,8465042,Toni Lydman,ANA,D,37.9,6.9,83.2,,93.2,82.8,72.0,33.2,73.7,14.2,53.0,28.0,96.6,91.4,88.4,145,217,40,,14.0,41,66,156,62,186,110,168,9,21,28,232,130,192,First Pair,78.0,1729.3333333333333,3.0,22.0,25.0,3.8183827133061343,60.17699115044248,49.18454221896828,D,74.0,213.0,1977-09-25,FIN,1996.0,4.0,89.0,L,32,"[None, None, None, 29, 42]","[None, None, None, 30, 3]","[None, None, None, 35, 93]","[None, None, None, 'BUF', 'ANA']"
2010-2011,8474612,Travis Hamonic,NYI,D,45.7,94.0,13.4,19.2,62.0,61.2,70.7,74.1,87.1,18.5,70.3,27.2,40.1,8.6,98.3,127,15,202,106.0,74.0,91,69,61,31,176,70,170,140,213,5,232,130,192,Second Pair,62.0,1337.5,5.0,21.0,26.0,4.830725680123252,48.837209302325576,47.60927502404474,D,73.0,193.0,1990-08-16,CAN,2008.0,2.0,53.0,R,20,"[None, None, None, None, 47]","[None, None, None, None, 89]","[None, None, None, None, 15]","[None, None, None, None, 'NYI']"
2010-2011,8470110,Trevor Daley,DAL,D,4.7,52.2,0.4,82.3,5.7,41.4,79.3,90.5,54.3,61.6,2.2,62.9,87.9,31.0,59.1,222,112,232,24.0,182.0,137,49,23,107,81,228,87,29,161,96,232,130,192,First Pair,82.0,1843.8166666666664,8.0,19.0,27.0,9.686097674908702,51.42857142857142,45.03198198362598,D,71.0,199.0,1983-10-09,CAN,2002.0,2.0,43.0,L,26,"[None, None, None, 8, 6]","[None, None, None, 51, 56]","[None, None, None, 3, 0]","[None, None, None, 'DAL', 'DAL']"
2010-2011,8473501,Ty Wishart,NYI,D,60.3,64.2,53.4,,53.6,47.8,3.9,27.6,54.7,57.3,58.2,36.6,65.5,22.8,51.7,93,84,109,,90.0,122,216,169,106,91,98,148,81,180,113,232,130,192,Third Pair,20.0,336.35,1.0,4.0,5.0,1.283268158041549,53.84615384615385,54.510132100595584,D,76.0,225.0,1988-05-19,CAN,2006.0,1.0,16.0,L,22,"[None, None, None, None, 60]","[None, None, None, None, 66]","[None, None, None, None, 53]","[None, None, None, None, 'NYI']"
2010-2011,8474574,Tyler Myers,BUF,D,78.9,91.8,47.8,45.4,15.1,92.7,85.3,75.4,85.8,51.3,25.0,37.5,56.9,49.1,69.4,50,20,122,72.0,164.0,18,35,58,34,104,175,146,101,119,72,232,130,192,First Pair,80.0,1796.6333333333332,10.0,27.0,37.0,6.337674642756553,52.293577981651374,53.41056108930067,D,80.0,229.0,1990-02-01,USA,2008.0,1.0,12.0,R,20,"[None, None, None, 90, 66]","[None, None, None, 79, 95]","[None, None, None, 18, 71]","[None, None, None, 'BUF', 'BUF']"
2010-2011,8468846,Tyler Sloan,WSH,D,42.7,27.2,29.7,,,59.9,76.3,38.4,43.1,72.8,84.1,68.5,17.2,75.9,7.8,134,170,164,,,94,56,144,133,56,38,74,193,57,215,232,130,192,Fringe,33.0,412.5,1.0,5.0,6.0,0.6024805182216629,33.33333333333333,45.31979786146738,D,76.0,214.0,1981-03-15,CAN,,,,L,29,"[None, None, None, 33, 48]","[None, None, None, 28, 22]","[None, None, None, 27, 40]","[None, None, None, 'WSH', 'WSH']"
2010-2011,8470729,Tyson Strachan,STL,D,63.4,41.8,44.0,,41.1,33.2,3.9,73.7,16.4,87.5,68.1,82.3,0.4,54.7,45.3,86,136,131,,114.0,156,216,62,195,28,75,42,232,106,128,232,130,192,Fringe,29.0,352.06666666666666,0.0,1.0,1.0,1.028867090057603,30.76923076923077,46.21907469984829,D,75.0,210.0,1984-10-30,CAN,2003.0,5.0,137.0,R,25,"[None, None, None, None, 62]","[None, None, None, None, 45]","[None, None, None, None, 46]","[None, None, None, None, 'STL']"
2010-2011,8475167,Victor Hedman,TBL,D,61.2,85.3,74.6,13.8,94.3,63.8,67.7,61.2,84.1,10.3,14.7,44.8,52.2,72.8,31.5,91,35,60,113.0,12.0,85,76,91,38,194,199,129,112,64,160,232,130,192,Second Pair,79.0,1659.7,3.0,23.0,26.0,4.348747975715485,54.95495495495496,57.82572965163638,D,79.0,244.0,1990-12-18,SWE,2009.0,1.0,2.0,L,19,"[None, None, None, 36, 77]","[None, None, None, 83, 82]","[None, None, None, 26, 90]","[None, None, None, 'TBL', 'TBL']"
2010-2011,8465185,Willie Mitchell,LAK,D,69.0,21.1,87.5,,48.4,90.5,90.1,47.4,15.5,65.9,18.1,29.7,81.9,89.7,96.1,73,184,30,,100.0,23,24,123,197,72,191,164,43,25,10,232,130,192,Second Pair,57.0,1243.45,5.0,5.0,10.0,2.611453171526027,51.28205128205128,51.049970408829395,D,75.0,210.0,1977-04-23,CAN,1996.0,8.0,199.0,L,33,"[None, None, None, 57, 77]","[None, None, None, 26, 15]","[None, None, None, 83, 84]","[None, None, None, 'VAN', 'LAK']"
2010-2011,8474134,Yannick Weber,MTL,D,65.5,77.6,19.0,47.7,44.3,8.6,39.2,98.7,50.9,82.8,59.9,94.0,54.3,43.1,21.6,81,53,189,69.0,108.0,213,142,4,115,38,94,15,107,133,183,232,130,192,Third Pair,41.0,678.9,1.0,10.0,11.0,3.752365165578037,52.94117647058824,50.27958768624677,D,71.0,200.0,1988-09-23,CHE,2007.0,3.0,73.0,R,21,"[None, None, None, None, 64]","[None, None, None, None, 75]","[None, None, None, None, 23]","[None, None, None, None, 'MTL']"
2010-2011,8474567,Zach Bogosian,ATL,D,4.3,61.2,1.7,60.0,19.3,22.8,72.4,89.7,10.3,50.0,57.8,21.6,11.6,7.3,36.6,223,91,229,53.0,156.0,180,65,25,209,107,99,183,206,216,148,232,130,192,First Pair,71.0,1590.6666666666667,5.0,12.0,17.0,6.834369255581454,35.869565217391305,44.82634938051983,D,75.0,231.0,1990-07-15,USA,2008.0,1.0,3.0,R,20,"[None, None, None, 9, 5]","[None, None, None, 73, 46]","[None, None, None, 0, 2]","[None, None, None, 'ATL', 'ATL']"
2010-2011,8469760,Zbynek Michalek,PIT,D,10.8,17.2,32.8,20.0,27.6,68.1,37.5,19.4,55.6,21.6,49.1,46.6,39.2,65.1,85.8,208,193,157,105.0,140.0,75,146,188,104,169,119,125,142,82,34,232,130,192,Second Pair,73.0,1594.2166666666667,5.0,14.0,19.0,3.314507596244612,47.61904761904761,50.52003539949467,D,74.0,210.0,1982-12-23,CZE,,,,R,27,"[None, None, None, 6, 30]","[None, None, None, 8, 25]","[None, None, None, 20, 55]","[None, None, None, 'PHX', 'PIT']"
2010-2011,8465009,Zdeno Chara,BOS,D,97.4,93.5,99.6,53.1,97.4,3.4,65.1,94.8,87.5,40.5,53.9,17.7,93.5,90.5,84.5,7,16,2,62.0,6.0,225,82,13,30,126,108,192,16,23,37,232,130,192,First Pair,81.0,2060.2166666666667,14.0,30.0,44.0,12.395702750642595,64.34782608695652,52.549191425896126,D,81.0,250.0,1977-03-18,SVK,1996.0,3.0,56.0,L,33,"[None, None, None, 95, 97]","[None, None, None, 87, 94]","[None, None, None, 99, 97]","[None, None, None, 'BOS', 'BOS']"
