Season,Player,Team,Position,ovr_pct,evo_pct,evd_pct,ppl_pct,pkl_pct,fin_pct,gol_pct,xgl_pct,ast_pct,pen_pct,hit_pct,ozs_pct,pdo_pct,tmt_pct,cmp_pct,ovr_rank,evo_rank,evd_rank,ppl_rank,pkl_rank,fin_rank,gol_rank,xgl_rank,ast_rank,pen_rank,hit_rank,ozs_rank,pdo_rank,tmt_rank,cmp_rank,all_players,ppl_players,pkl_players,Role,GP,TOI,Goals,Total Assists,Total Points,ixG,GF%,xGF%,Player ID,Specific Position,Height (in),Weight (lbs),Date of Birth,Birth Country,Draft Year,Draft Round,Overall Draft Position,Shoots Catches,Age,ovr_history,evo_history,evd_history,team_history
2011-2012,Aaron Johnson,CBJ,D,64.4,75.5,19.7,38.4,42.1,54.9,64.8,65.2,91.4,90.6,83.7,14.6,15.5,12.9,49.8,84,58,188,78.0,104.0,106,83,82,21,20,39,200,198,204,118,233,125,178,Third Pair,56.0,924.4,3.0,13.0,16.0,3.0758671057446967,43.93939393939394,50.660442996060226,8469534,D,73.0,204.0,1983-04-30,CAN,2001.0,3.0,85.0,L,28,"[None, None, 33, None, 69]","[None, None, 66, None, 72]","[None, None, 19, None, 24]","[None, None, 'EDM', None, 'CBJ']"
2011-2012,Aaron Rome,VAN,D,12.4,24.5,27.5,,,51.5,63.5,58.8,6.9,16.7,82.8,12.0,26.2,67.0,13.7,205,177,170,,,114,86,97,218,181,41,206,173,78,202,233,125,178,Third Pair,43.0,654.7333333333333,4.0,6.0,10.0,2.1288667921377495,44.44444444444444,51.23210013758478,8470310,D,73.0,220.0,1983-09-27,CAN,2002.0,4.0,104.0,L,27,"[None, None, 18, 6, 26]","[None, None, 38, 20, 26]","[None, None, 18, 20, 39]","[None, None, 'VAN', 'VAN', 'VAN']"
2011-2012,Adam Larsson,NJD,D,61.4,60.9,65.2,52.8,,72.5,34.8,6.9,45.5,37.6,57.9,55.4,33.5,79.0,35.2,91,92,82,60.0,,65,153,218,128,135,99,105,156,50,152,233,125,178,Second Pair,65.0,1340.3333333333333,2.0,16.0,18.0,2.2980262200621273,48.31460674157304,51.554975272198554,8476457,D,75.0,207.0,1992-11-12,SWE,2011.0,1.0,4.0,R,18,"[None, None, None, None, 58]","[None, None, None, None, 60]","[None, None, None, None, 67]","[None, None, None, None, 'NJD']"
2011-2012,Adam McQuaid,BOS,D,80.7,36.1,85.4,,72.5,79.8,60.1,20.2,50.2,73.8,81.5,19.7,99.6,60.9,9.4,46,150,35,,50.0,48,94,187,117,53,44,188,2,92,212,233,125,178,Third Pair,72.0,1076.5666666666666,2.0,8.0,10.0,1.5371264125622448,59.72222222222222,49.96735204635211,8471717,D,76.0,210.0,1986-10-12,CAN,2005.0,2.0,55.0,R,24,"[None, None, None, 89, 62]","[None, None, None, 53, 28]","[None, None, None, 87, 82]","[None, None, None, 'BOS', 'BOS']"
2011-2012,Adam Pardy,DAL,D,67.4,48.9,67.8,,56.2,46.8,16.7,32.2,27.9,69.1,73.8,60.1,7.7,56.2,3.9,77,120,76,,79.0,125,195,159,169,64,62,94,216,103,225,233,125,178,Third Pair,36.0,592.9,0.0,3.0,3.0,0.9462951134462216,40.909090909090914,46.3470083826742,8471385,D,76.0,227.0,1984-03-29,CAN,2004.0,6.0,173.0,L,27,"[None, None, 68, 72, 63]","[None, None, 61, 59, 44]","[None, None, 85, 72, 64]","[None, None, 'CGY', 'CGY', 'DAL']"
2011-2012,Adrian Aucoin,PHX,D,23.2,67.0,58.4,,15.2,22.3,36.1,48.9,24.5,7.3,26.6,30.9,91.8,60.5,78.5,180,78,98,,152.0,182,150,120,177,201,172,162,20,93,51,233,125,178,Second Pair,64.0,1295.8666666666666,2.0,7.0,9.0,2.9843388862910567,57.534246575342465,48.44938927382674,8459053,D,74.0,215.0,1973-07-03,CAN,1992.0,5.0,117.0,R,38,"[None, None, 68, 28, 18]","[None, None, 74, 71, 59]","[None, None, 90, 41, 58]","[None, None, 'PHX', 'PHX', 'PHX']"
2011-2012,Alec Martinez,LAK,D,76.4,70.4,73.8,35.2,,84.5,94.4,92.7,20.6,68.2,79.0,89.3,20.6,86.7,4.3,56,70,62,82.0,,37,14,18,186,66,50,26,186,32,224,233,125,178,Third Pair,51.0,750.7166666666667,6.0,6.0,12.0,4.369145343526819,50.0,59.58550537966504,8474166,D,73.0,210.0,1987-07-26,USA,2007.0,4.0,95.0,L,24,"[None, None, None, 56, 88]","[None, None, None, 64, 73]","[None, None, None, 69, 78]","[None, None, None, 'LAK', 'LAK']"
2011-2012,Alex Goligoski,DAL,D,98.7,96.1,84.5,88.0,65.7,98.3,95.3,72.5,61.8,91.0,18.0,78.1,51.1,50.2,82.4,4,10,37,16.0,62.0,5,12,65,90,19,192,52,115,117,42,233,125,178,First Pair,71.0,1616.7666666666669,9.0,21.0,30.0,6.924716410201823,51.02040816326531,56.18943374375066,8471274,D,71.0,173.0,1985-07-30,USA,2004.0,2.0,61.0,L,26,"[None, None, 92, 94, 100]","[None, None, 78, 87, 98]","[None, None, 39, 56, 92]","[None, None, 'PIT', 'DAL', 'DAL']"
2011-2012,Alex Pietrangelo,STL,D,97.9,93.6,77.3,77.6,98.3,44.2,86.3,97.0,88.0,96.1,28.8,74.2,75.5,76.8,92.7,6,16,54,29.0,4.0,131,33,8,29,9,167,61,58,55,18,233,125,178,First Pair,81.0,2003.2333333333331,12.0,39.0,51.0,13.055473549933131,56.25,54.74411935628691,8474565,D,75.0,215.0,1990-01-18,CAN,2008.0,1.0,4.0,R,21,"[None, None, None, 97, 96]","[None, None, None, 75, 95]","[None, None, None, 81, 70]","[None, None, None, 'STL', 'STL']"
2011-2012,Alexander Edler,VAN,D,42.5,18.9,52.8,80.8,75.8,79.0,74.7,85.4,88.8,40.3,75.5,97.4,63.1,86.3,59.7,135,190,111,25.0,44.0,50,60,35,27,129,58,7,87,33,95,233,125,178,First Pair,82.0,1956.9,11.0,38.0,49.0,11.035259828530211,46.42857142857143,46.02108577857885,8471303,D,76.0,210.0,1986-04-21,SWE,2004.0,3.0,91.0,L,25,"[None, None, 37, 65, 30]","[None, None, 23, 72, 7]","[None, None, 65, 44, 53]","[None, None, 'VAN', 'VAN', 'VAN']"
2011-2012,Alexander Sulzer,BUF,D,69.1,54.9,46.8,,,73.0,90.6,70.8,44.6,90.1,34.8,66.1,95.3,40.3,23.6,73,106,125,,,64,23,69,130,21,153,80,12,140,179,233,125,178,Third Pair,27.0,481.23333333333335,3.0,6.0,9.0,1.7907937212131917,62.5,50.377027634118235,8470685,D,73.0,198.0,1984-05-30,DEU,2003.0,3.0,92.0,L,27,"[None, None, None, 74, 62]","[None, None, None, 52, 63]","[None, None, None, 44, 43]","[None, None, None, 'FLA', 'BUF']"
2011-2012,Alexei Emelin,MTL,D,89.3,44.6,32.2,,54.5,65.2,42.9,19.7,6.0,100.0,99.6,22.7,1.3,8.6,18.0,26,130,159,,82.0,82,134,188,220,1,2,181,231,214,192,233,125,178,Third Pair,67.0,1158.7666666666669,3.0,4.0,7.0,2.8705615577949426,37.07865168539326,45.21962123572718,8471296,D,74.0,218.0,1986-04-25,RUS,2004.0,3.0,84.0,L,25,"[None, None, None, None, 83]","[None, None, None, None, 45]","[None, None, None, None, 32]","[None, None, None, None, 'MTL']"
2011-2012,Andreas Lilja,PHI,D,10.7,12.9,37.3,,71.3,39.1,7.7,12.4,46.4,14.6,72.1,45.9,71.7,23.2,24.0,209,204,147,,52.0,143,216,205,126,184,66,127,67,180,178,233,125,178,Third Pair,46.0,629.6166666666667,0.0,6.0,6.0,0.9476095778446881,65.71428571428571,48.27954434501579,8468534,D,75.0,220.0,1975-07-13,SWE,2000.0,2.0,54.0,L,36,"[None, None, None, 20, 9]","[None, None, None, 7, 21]","[None, None, None, 55, 21]","[None, None, None, 'ANA', 'PHI']"
2011-2012,Andrej Meszaros,PHI,D,32.2,80.3,36.1,8.8,61.2,53.2,81.1,88.8,98.3,9.4,77.3,18.0,83.3,65.2,41.6,159,47,150,115.0,70.0,110,45,27,5,196,54,192,40,82,137,233,125,178,Second Pair,62.0,1281.2,7.0,18.0,25.0,5.867790376997478,53.93258426966292,51.6740345345376,8471236,D,74.0,223.0,1985-10-13,SVK,2004.0,1.0,23.0,L,25,"[None, None, 8, 44, 31]","[None, None, 13, 87, 80]","[None, None, 52, 55, 20]","[None, None, 'TBL', 'PHI', 'PHI']"
2011-2012,Andrej Sekera,BUF,D,75.1,40.8,76.4,75.2,86.0,27.0,56.2,65.7,52.8,73.0,37.3,51.1,70.8,47.6,79.8,59,139,56,32.0,26.0,171,103,81,111,55,147,115,69,123,48,233,125,178,Second Pair,69.0,1352.5833333333333,3.0,10.0,13.0,4.482155560980689,52.38095238095239,49.538552132169265,8471284,D,72.0,200.0,1986-06-08,SVK,2004.0,3.0,71.0,L,25,"[None, None, 71, 78, 77]","[None, None, 59, 69, 22]","[None, None, 25, 59, 86]","[None, None, 'BUF', 'BUF', 'BUF']"
2011-2012,Andrew Alberts,VAN,D,30.5,44.2,51.5,,50.0,70.8,61.8,6.4,24.0,19.3,96.1,2.1,97.4,41.6,8.6,163,131,114,,90.0,69,90,219,178,175,10,229,7,137,214,233,125,178,Third Pair,44.0,629.05,2.0,1.0,3.0,0.6853319205711045,55.00000000000001,45.79110446176612,8469626,D,77.0,218.0,1981-06-30,USA,2001.0,6.0,179.0,L,30,"[None, None, 45, 15, 40]","[None, None, 84, 32, 45]","[None, None, 49, 40, 54]","[None, None, 'VAN', 'VAN', 'VAN']"
2011-2012,Andrew Ference,BOS,D,34.3,14.6,30.5,,78.1,87.6,65.7,45.9,60.1,66.1,42.5,46.8,95.7,85.4,20.2,154,200,163,,40.0,30,81,127,94,71,135,125,11,35,187,233,125,178,Second Pair,72.0,1359.95,6.0,18.0,24.0,3.7957212598095826,53.191489361702125,46.52522134019218,8466333,D,71.0,182.0,1979-03-17,CAN,1997.0,8.0,208.0,L,32,"[None, None, 78, 66, 14]","[None, None, 38, 58, 5]","[None, None, 75, 65, 9]","[None, None, 'BOS', 'BOS', 'BOS']"
2011-2012,Andrew MacDonald,NYI,D,23.6,13.3,16.3,22.4,16.9,58.8,50.2,49.4,21.0,94.4,15.9,26.6,53.6,64.4,86.3,179,203,196,98.0,149.0,97,117,119,185,13,197,172,109,84,33,233,125,178,First Pair,75.0,1753.1166666666666,5.0,14.0,19.0,5.224855350335079,46.236559139784944,48.231645888100715,8473584,D,73.0,204.0,1986-09-07,CAN,2006.0,6.0,160.0,L,24,"[None, None, 28, 18, 33]","[None, None, 9, 16, 18]","[None, None, 53, 19, 15]","[None, None, 'NYI', 'NYI', 'NYI']"
2011-2012,Andy Greene,NJD,D,74.2,10.3,94.4,,84.8,30.5,19.3,22.7,83.3,71.7,14.6,72.5,28.8,80.7,67.4,61,210,14,,28.0,163,189,181,40,58,200,65,167,46,77,233,125,178,Second Pair,56.0,1092.3,1.0,15.0,16.0,2.4769014808506,52.5,49.19640497025988,8472382,D,71.0,190.0,1982-10-30,USA,,,,L,28,"[None, None, 90, 78, 71]","[None, None, 28, 19, 9]","[None, None, 91, 97, 87]","[None, None, 'NJD', 'NJD', 'NJD']"
2011-2012,Andy Sutton,EDM,D,13.7,78.1,30.0,,35.4,76.4,60.9,47.2,29.6,1.3,85.0,46.4,70.4,2.1,30.0,202,52,164,,116.0,56,92,124,165,215,36,126,70,229,164,233,125,178,Third Pair,53.0,867.5666666666667,3.0,7.0,10.0,1.7694785056586473,54.54545454545454,48.676383692278115,8467304,D,78.0,245.0,1975-03-10,CAN,,,,L,36,"[None, None, 12, 11, 21]","[None, None, 82, 62, 84]","[None, None, 26, 39, 26]","[None, None, 'OTT', 'ANA', 'EDM']"
2011-2012,Anton Babchuk,CGY,D,37.8,41.2,30.9,44.8,,66.5,63.1,53.6,94.0,57.1,7.3,92.7,97.9,34.3,0.9,146,138,162,70.0,,79,87,109,15,90,217,18,6,154,232,233,125,178,Third Pair,32.0,463.65,2.0,8.0,10.0,2.254042583235569,59.09090909090909,46.16697045272205,8470265,D,77.0,200.0,1984-05-06,UKR,2002.0,1.0,21.0,R,27,"[None, None, None, 34, 43]","[None, None, None, 60, 31]","[None, None, None, 30, 33]","[None, None, None, 'CGY', 'CGY']"
2011-2012,Anton Stralman,NYR,D,51.1,50.2,56.2,80.0,,18.9,30.5,67.4,64.8,46.8,56.2,65.2,42.5,63.5,52.8,115,117,103,26.0,,190,163,77,83,114,103,82,135,86,111,233,125,178,Third Pair,53.0,906.2666666666668,2.0,16.0,18.0,3.5917071674034853,56.60377358490566,53.54743435636966,8471873,D,71.0,193.0,1986-08-01,SWE,2005.0,7.0,216.0,R,25,"[None, None, 69, 59, 45]","[None, None, 24, 56, 54]","[None, None, 81, 34, 63]","[None, None, 'CBJ', 'CBJ', 'NYR']"
2011-2012,Anton Volchenkov,NJD,D,78.5,46.8,91.4,,83.7,21.5,31.3,48.1,44.2,34.8,92.7,37.3,16.3,70.0,36.9,51,125,21,,30.0,184,161,122,131,141,18,147,196,71,148,233,125,178,Third Pair,72.0,1294.4833333333331,2.0,9.0,11.0,2.5874440435878356,47.76119402985074,55.2868058740543,8468501,D,73.0,220.0,1982-02-25,RUS,2000.0,1.0,21.0,L,29,"[None, None, 85, 54, 85]","[None, None, 71, 37, 50]","[None, None, 70, 81, 96]","[None, None, 'OTT', 'NJD', 'NJD']"
2011-2012,Barret Jackman,STL,D,52.4,68.7,18.9,,90.4,7.3,5.6,16.3,36.9,64.8,36.1,12.4,69.1,78.5,79.4,112,74,190,,18.0,217,221,196,148,73,150,205,73,51,49,233,125,178,Second Pair,81.0,1674.9666666666667,1.0,12.0,13.0,2.872844027150116,60.526315789473685,52.646397423814726,8467890,D,72.0,203.0,1981-03-05,CAN,1999.0,1.0,17.0,L,30,"[None, None, 16, 48, 63]","[None, None, 60, 59, 73]","[None, None, 18, 13, 28]","[None, None, 'STL', 'STL', 'STL']"
2011-2012,Ben Lovejoy,PIT,D,54.1,58.8,56.7,,,67.0,76.8,91.4,87.1,45.1,68.7,95.3,51.5,82.8,11.6,108,97,102,,,78,55,21,31,118,74,12,114,41,207,233,125,178,Third Pair,34.0,450.5,1.0,4.0,5.0,1.7460451537231012,51.85185185185185,58.74954102898516,8473933,D,73.0,205.0,1984-02-20,USA,,,,R,27,"[None, None, None, 53, 55]","[None, None, None, 63, 57]","[None, None, None, 49, 62]","[None, None, None, 'PIT', 'PIT']"
2011-2012,Brad Stuart,DET,D,44.2,56.2,20.6,,3.4,29.2,54.1,63.5,72.5,94.0,74.7,70.8,67.0,95.7,86.7,131,103,186,,173.0,166,108,86,65,14,60,69,78,11,32,233,125,178,Second Pair,81.0,1705.4333333333334,6.0,15.0,21.0,4.6683256429358915,56.88073394495413,51.62224441465247,8467331,D,74.0,215.0,1979-11-06,CAN,1998.0,1.0,3.0,L,31,"[None, None, 32, 52, 43]","[None, None, 74, 78, 30]","[None, None, 4, 48, 18]","[None, None, 'DET', 'DET', 'DET']"
2011-2012,Brayden McNabb,BUF,D,73.8,51.1,62.2,,41.6,40.3,1.9,26.6,93.1,96.8,85.4,56.2,92.3,18.0,6.0,62,115,89,,105.0,140,226,172,17,8,35,103,19,192,220,233,125,178,Third Pair,25.0,445.96666666666664,1.0,7.0,8.0,0.8694064569963283,53.84615384615385,51.59959264476439,8475188,D,76.0,215.0,1991-01-21,CAN,2009.0,3.0,66.0,L,20,"[None, None, None, None, 75]","[None, None, None, None, 51]","[None, None, None, None, 64]","[None, None, None, None, 'BUF']"
2011-2012,Braydon Coburn,PHI,D,30.0,70.0,27.0,,37.1,21.9,50.6,59.7,69.5,20.2,71.7,47.2,36.5,90.1,88.4,164,71,171,,113.0,183,116,95,72,173,67,124,149,24,28,233,125,178,First Pair,81.0,1785.5333333333333,4.0,20.0,24.0,4.768787241614358,50.0,51.35745224972047,8470601,D,77.0,224.0,1985-02-27,CAN,2003.0,1.0,8.0,L,26,"[None, None, 72, 30, 23]","[None, None, 98, 46, 62]","[None, None, 39, 31, 26]","[None, None, 'PHI', 'PHI', 'PHI']"
2011-2012,Brendan Mikkelson,TBL,D,42.9,30.5,31.8,34.4,,48.5,15.9,42.1,12.0,83.7,62.2,82.4,14.6,22.3,39.5,134,163,160,83.0,,121,197,136,206,34,89,42,200,182,142,233,125,178,Third Pair,41.0,590.4166666666666,1.0,2.0,3.0,1.5430098771466272,44.44444444444444,48.08761923931309,8471705,D,75.0,210.0,1987-06-22,CAN,2005.0,2.0,31.0,L,24,"[None, None, 37, 57, 35]","[None, None, 31, 43, 27]","[None, None, 37, 28, 34]","[None, None, 'ANA', 'CGY', 'TBL']"
2011-2012,Brent Burns,SJS,D,85.0,85.4,85.0,17.6,12.4,92.3,88.0,97.4,78.1,38.2,20.6,64.4,48.5,58.4,66.1,36,35,36,104.0,157.0,19,29,7,52,134,186,84,121,98,80,233,125,178,First Pair,81.0,1825.65,11.0,26.0,37.0,10.375153173426177,54.83870967741935,55.21719453279269,8470613,D,77.0,228.0,1985-03-09,CAN,2003.0,1.0,20.0,R,26,"[None, None, 29, 67, 91]","[None, None, 36, 69, 91]","[None, None, 34, 97, 77]","[None, None, 'MIN', 'MIN', 'SJS']"
2011-2012,Brent Seabrook,CHI,D,84.1,75.1,90.6,10.4,3.9,73.8,70.8,75.5,73.0,63.9,80.7,73.0,31.8,99.1,97.0,38,59,23,113.0,172.0,62,69,58,64,75,46,64,160,3,8,233,125,178,First Pair,78.0,1928.5166666666669,9.0,25.0,34.0,7.782958291091981,53.333333333333336,55.16478033301221,8470607,D,75.0,220.0,1985-04-20,CAN,2003.0,1.0,14.0,R,26,"[None, None, 73, 46, 92]","[None, None, 30, 30, 88]","[None, None, 82, 87, 91]","[None, None, 'CHI', 'CHI', 'CHI']"
2011-2012,Brett Clark,TBL,D,46.4,6.4,79.0,52.0,70.8,68.2,42.5,20.6,48.9,59.2,54.9,12.9,27.0,58.8,39.9,126,219,50,61.0,53.0,75,135,186,120,85,106,204,171,97,141,233,125,178,Second Pair,82.0,1506.8,2.0,13.0,15.0,2.5458696761634685,40.0,44.46315207702975,8465122,D,72.0,194.0,1976-12-23,CAN,1996.0,6.0,154.0,L,34,"[None, None, 27, 90, 15]","[None, None, 8, 28, 3]","[None, None, 68, 93, 58]","[None, None, 'COL', 'TBL', 'TBL']"
2011-2012,Brett Lebda,CBJ,D,46.8,58.4,44.2,36.0,,36.1,46.8,74.2,12.4,55.8,29.6,50.6,36.1,13.3,32.2,125,98,131,81.0,,150,125,61,205,93,165,116,150,203,159,233,125,178,Third Pair,30.0,494.3,1.0,3.0,4.0,1.670285066870943,50.0,44.98025884649084,8471187,D,69.0,195.0,1982-01-15,USA,,,,L,29,"[None, None, 67, 47, 44]","[None, None, 72, 64, 52]","[None, None, 76, 26, 46]","[None, None, 'DET', 'TOR', 'CBJ']"
2011-2012,Brian Campbell,FLA,D,99.1,90.6,92.3,90.4,64.6,17.6,47.6,60.5,71.2,98.7,13.3,86.3,65.7,73.0,35.6,3,23,19,13.0,64.0,193,123,93,68,4,203,33,81,64,151,233,125,178,First Pair,82.0,2205.516666666667,4.0,49.0,53.0,7.392367369809979,48.888888888888886,50.45504657050704,8466285,D,70.0,192.0,1979-05-23,CAN,1997.0,6.0,156.0,L,32,"[None, None, 99, 93, 99]","[None, None, 80, 83, 92]","[None, None, 97, 83, 92]","[None, None, 'CHI', 'CHI', 'FLA']"
2011-2012,Brian Lee,TBL,D,14.2,16.7,50.6,,33.1,37.8,29.2,17.6,68.7,18.0,89.7,39.9,27.9,10.3,10.3,201,195,116,,120.0,146,166,193,74,178,25,141,169,210,210,233,125,178,Third Pair,55.0,854.4,1.0,15.0,16.0,1.5288165782063399,47.27272727272727,43.205996515652586,8471683,D,75.0,200.0,1987-03-26,USA,2005.0,1.0,9.0,R,24,"[None, None, 48, 47, 6]","[None, None, 32, 42, 10]","[None, None, 49, 52, 42]","[None, None, 'OTT', 'OTT', 'TBL']"
2011-2012,Brooks Orpik,PIT,D,58.4,35.6,73.4,,96.1,59.2,26.6,6.0,59.2,21.0,94.8,41.6,72.5,89.3,91.4,98,151,63,,8.0,96,172,220,96,171,13,137,65,26,21,233,125,178,First Pair,73.0,1646.3333333333333,2.0,16.0,18.0,1.5632157241995635,53.17460317460318,53.97903366835195,8468498,D,75.0,217.0,1980-09-26,USA,2000.0,1.0,18.0,L,30,"[None, None, 62, 23, 78]","[None, None, 50, 5, 67]","[None, None, 78, 59, 78]","[None, None, 'PIT', 'PIT', 'PIT']"
2011-2012,Bruno Gervais,TBL,D,35.6,48.1,20.2,,26.4,81.1,91.0,77.3,63.1,61.8,41.2,84.1,10.3,9.9,29.2,151,122,187,,132.0,45,22,54,87,80,138,38,210,211,166,233,125,178,Third Pair,50.0,713.3666666666667,6.0,7.0,13.0,2.9366030882758056,46.42857142857143,48.814743613143754,8470774,D,73.0,200.0,1984-10-03,CAN,2003.0,6.0,182.0,R,26,"[None, None, 23, 26, 49]","[None, None, 83, 48, 38]","[None, None, 8, 10, 40]","[None, None, 'NYI', 'NYI', 'TBL']"
2011-2012,Bryan Allen,CAR,D,3.9,66.5,16.7,,55.1,14.6,28.3,27.9,51.1,0.4,70.8,6.9,36.9,3.0,61.8,225,79,195,,81.0,200,168,169,115,217,69,218,148,227,90,233,125,178,Second Pair,82.0,1571.15,1.0,13.0,14.0,3.071675461042993,43.87755102040816,46.51296809763837,8467332,D,77.0,223.0,1980-08-21,CAN,1998.0,1.0,4.0,L,31,"[None, None, 26, 14, 4]","[None, None, 68, 72, 60]","[None, None, 9, 10, 31]","[None, None, 'FLA', 'CAR', 'CAR']"
2011-2012,Bryce Salvador,NJD,D,4.3,0.4,87.1,,95.5,23.6,9.4,4.7,15.5,6.4,53.6,24.5,60.5,93.6,53.6,224,233,31,,9.0,179,212,223,198,203,109,177,93,16,109,233,125,178,Second Pair,82.0,1657.3333333333333,0.0,9.0,9.0,1.8504925341926424,49.333333333333336,48.67412301687439,8460626,D,75.0,215.0,1976-02-11,CAN,1994.0,6.0,138.0,L,35,"[None, None, 14, None, 6]","[None, None, 0, None, 0]","[None, None, 96, None, 83]","[None, None, 'NJD', None, 'NJD']"
2011-2012,Cam Barker,EDM,D,15.5,25.3,18.5,40.0,,37.3,33.0,21.9,3.0,33.5,48.1,44.2,57.5,20.6,33.9,198,175,191,76.0,,147,157,183,227,144,122,131,100,186,155,233,125,178,Second Pair,25.0,459.01666666666665,2.0,0.0,2.0,2.1384204849495903,43.75,39.68544046151546,8471216,D,75.0,223.0,1986-04-04,CAN,2004.0,1.0,3.0,L,25,"[None, None, 8, 19, 22]","[None, None, 61, 18, 27]","[None, None, 27, 17, 22]","[None, None, 'MIN', 'MIN', 'EDM']"
2011-2012,Cam Fowler,ANA,D,19.7,17.6,9.0,92.0,,8.2,9.9,21.0,51.5,55.4,8.6,44.6,2.6,73.8,83.7,188,193,213,11.0,,215,211,185,114,94,214,130,228,62,39,233,125,178,First Pair,82.0,1907.3666666666663,5.0,24.0,29.0,5.735149062559027,41.32231404958678,50.35137424669259,8475764,D,74.0,213.0,1991-12-05,CAN,2010.0,1.0,12.0,L,19,"[None, None, None, 28, 20]","[None, None, None, 9, 33]","[None, None, None, 14, 8]","[None, None, None, 'ANA', 'ANA']"
2011-2012,Carl Gunnarsson,TOR,D,43.8,3.9,78.1,31.2,10.1,86.7,71.2,34.8,43.3,88.4,60.9,20.2,55.8,31.3,71.7,132,225,52,87.0,161.0,32,68,153,133,24,92,187,104,161,67,233,125,178,Second Pair,76.0,1649.4333333333334,4.0,15.0,19.0,4.455251469417178,48.0,49.71351654427362,8474125,D,74.0,198.0,1986-11-09,SWE,2007.0,7.0,194.0,L,24,"[None, None, 38, 25, 61]","[None, None, 21, 3, 7]","[None, None, 63, 52, 85]","[None, None, 'TOR', 'TOR', 'TOR']"
2011-2012,Carlo Colaiacovo,STL,D,82.0,79.8,83.7,60.0,,40.8,51.1,55.8,73.4,42.9,45.9,74.7,30.9,82.4,69.5,43,48,39,51.0,,139,115,104,63,123,127,60,162,42,72,233,125,178,Second Pair,64.0,1216.25,2.0,17.0,19.0,3.862698257744795,52.54237288135594,54.06150206665915,8469470,D,73.0,202.0,1983-01-27,CAN,2001.0,1.0,17.0,L,28,"[None, None, 89, 82, 77]","[None, None, 93, 72, 79]","[None, None, 83, 78, 82]","[None, None, 'STL', 'STL', 'STL']"
2011-2012,Chris Butler,CGY,D,67.0,84.5,33.5,,47.2,60.1,42.1,27.5,15.0,45.5,21.0,22.3,58.4,42.9,92.3,78,37,156,,95.0,94,136,170,199,117,185,182,98,134,19,233,125,178,Second Pair,68.0,1469.3333333333333,2.0,13.0,15.0,2.516546977701232,47.19101123595505,48.118676861182074,8471761,D,73.0,196.0,1986-10-27,USA,2005.0,4.0,96.0,L,24,"[None, None, 84, 51, 70]","[None, None, 73, 70, 89]","[None, None, 50, 42, 25]","[None, None, 'BUF', 'BUF', 'CGY']"
2011-2012,Chris Campoli,MTL,D,92.3,88.8,73.0,7.2,,69.5,67.8,29.2,57.1,97.9,60.1,68.2,41.2,21.9,7.7,19,27,64,117.0,,72,76,166,101,6,94,75,138,183,216,233,125,178,Third Pair,43.0,739.6333333333333,2.0,9.0,11.0,2.2651675130068187,46.666666666666664,45.51679434755155,8470329,D,72.0,200.0,1984-07-09,CAN,2004.0,7.0,227.0,L,27,"[None, None, 81, 97, 84]","[None, None, 70, 99, 65]","[None, None, 86, 77, 68]","[None, None, 'OTT', 'CHI', 'MTL']"
2011-2012,Chris Phillips,OTT,D,18.5,10.7,33.9,,7.3,13.3,18.9,32.6,26.2,74.2,60.5,36.1,23.2,30.9,49.4,191,209,155,,166.0,203,190,158,173,52,93,150,180,162,119,233,125,178,Second Pair,80.0,1528.6833333333334,5.0,14.0,19.0,3.546558376793153,51.19047619047619,49.04872677095371,8464956,D,75.0,219.0,1978-03-09,CAN,1996.0,1.0,1.0,L,33,"[None, None, 77, 1, 57]","[None, None, 48, 1, 39]","[None, None, 81, 18, 35]","[None, None, 'OTT', 'OTT', 'OTT']"
2011-2012,Chris Tanev,VAN,D,86.3,62.2,74.7,,48.9,49.4,1.9,5.6,3.4,95.7,65.7,8.6,79.0,59.7,38.6,33,89,60,,92.0,119,226,221,226,10,81,214,50,95,144,233,125,178,Third Pair,25.0,418.1,0.0,2.0,2.0,0.4162894937511292,66.66666666666666,58.58841708129962,8475690,D,75.0,200.0,1989-12-20,CAN,,,,R,21,"[None, None, None, 81, 82]","[None, None, None, 66, 62]","[None, None, None, 72, 76]","[None, None, None, 'VAN', 'VAN']"
2011-2012,Christian Ehrhoff,BUF,D,98.3,95.3,67.0,96.8,94.4,95.3,83.7,61.8,56.7,86.7,9.4,94.0,89.3,53.2,50.2,5,12,78,5.0,11.0,12,39,90,102,28,212,15,26,110,117,233,125,178,First Pair,66.0,1521.8166666666666,5.0,27.0,32.0,8.199679224529598,51.9607843137255,51.000893459353755,8469555,D,74.0,201.0,1982-07-06,DEU,2001.0,4.0,106.0,L,29,"[None, None, 99, 99, 92]","[None, None, 96, 93, 91]","[None, None, 65, 85, 46]","[None, None, 'VAN', 'VAN', 'BUF']"
2011-2012,Clayton Stoner,MIN,D,40.3,31.3,80.3,,77.0,55.4,36.5,18.9,9.9,10.3,86.3,1.3,86.7,3.4,58.4,140,161,47,,42.0,105,149,190,211,194,33,231,32,226,98,233,125,178,Third Pair,52.0,897.3166666666666,1.0,4.0,5.0,1.7358559147273271,50.0,52.30577758400884,8470886,D,76.0,216.0,1985-02-19,CAN,2004.0,3.0,79.0,L,26,"[None, None, None, 32, 49]","[None, None, None, 26, 41]","[None, None, None, 70, 81]","[None, None, None, 'MIN', 'MIN']"
2011-2012,Cody Franson,TOR,D,70.4,77.7,57.9,58.4,,92.7,90.1,69.1,95.3,44.2,65.2,80.7,71.2,16.7,6.9,70,53,99,53.0,,18,24,73,12,120,82,46,68,195,218,233,125,178,Third Pair,57.0,922.85,5.0,16.0,21.0,3.3838211432894614,47.05882352941176,50.225708345482424,8471742,D,77.0,224.0,1987-08-08,CAN,2005.0,3.0,79.0,R,24,"[None, None, 80, 61, 73]","[None, None, 75, 79, 71]","[None, None, 62, 57, 60]","[None, None, 'NSH', 'NSH', 'TOR']"
2011-2012,Colin White,SJS,D,40.8,9.4,80.7,,73.0,45.9,15.0,3.4,6.4,36.5,71.2,38.2,12.4,85.8,31.3,139,212,46,,49.0,127,199,226,219,137,68,145,205,34,161,233,125,178,Third Pair,54.0,807.1666666666666,1.0,3.0,4.0,1.0157571372713328,44.44444444444444,52.289420491553514,8465005,D,76.0,215.0,1977-12-12,CAN,1996.0,2.0,49.0,L,33,"[None, None, 82, 24, 46]","[None, None, 43, 6, 13]","[None, None, 73, 76, 79]","[None, None, 'NJD', 'NJD', 'SJS']"
2011-2012,Colten Teubert,EDM,D,37.3,54.5,45.5,,,47.6,1.9,39.1,18.9,31.3,99.1,58.8,12.0,0.4,0.4,147,107,128,,,123,226,143,190,148,3,97,206,233,233,233,125,178,Fringe,24.0,303.4,0.0,1.0,1.0,0.6128881816984195,38.095238095238095,47.573488956858654,8474575,D,76.0,195.0,1990-03-08,CAN,2008.0,1.0,13.0,R,21,"[None, None, None, None, 34]","[None, None, None, None, 54]","[None, None, None, None, 42]","[None, None, None, None, 'EDM']"
2011-2012,Corey Potter,EDM,D,55.8,24.0,42.9,49.6,56.7,74.2,70.0,66.1,30.5,93.1,38.6,88.0,4.3,2.6,76.4,104,178,134,64.0,78.0,61,71,80,163,15,144,29,224,228,56,233,125,178,Second Pair,62.0,1236.75,4.0,17.0,21.0,4.650496077139964,39.50617283950617,44.38190212944992,8470714,D,75.0,204.0,1984-01-05,USA,2003.0,4.0,122.0,R,27,"[None, None, None, None, 53]","[None, None, None, None, 21]","[None, None, None, None, 41]","[None, None, None, None, 'EDM']"
2011-2012,Cory Sarich,CGY,D,38.2,43.3,66.5,,86.5,77.3,35.6,12.0,31.8,7.7,95.7,48.9,66.5,71.2,18.9,145,133,79,,25.0,54,151,206,160,200,11,120,79,68,190,233,125,178,Third Pair,62.0,998.7333333333332,1.0,6.0,7.0,1.2079417704502258,51.85185185185185,53.92733622027499,8464981,D,76.0,207.0,1978-08-16,CAN,1996.0,2.0,27.0,R,33,"[None, None, 30, 45, 36]","[None, None, 70, 22, 56]","[None, None, 55, 56, 73]","[None, None, 'CGY', 'CGY', 'CGY']"
2011-2012,Dan Boyle,SJS,D,99.6,87.6,93.6,100.0,82.6,1.3,71.7,99.1,79.4,61.4,6.9,79.4,63.5,97.0,89.3,2,30,16,1.0,32.0,231,67,3,49,81,218,49,86,8,26,233,125,178,First Pair,81.0,2072.233333333333,9.0,39.0,48.0,15.898329113579727,54.78260869565217,53.26731657922931,8467096,D,71.0,194.0,1976-07-12,CAN,,,,R,35,"[None, None, 98, 100, 97]","[None, None, 95, 95, 74]","[None, None, 86, 92, 91]","[None, None, 'SJS', 'SJS', 'SJS']"
2011-2012,Dan Girardi,NYR,D,12.0,80.7,2.1,76.8,38.8,35.6,38.2,35.2,42.1,44.6,79.8,19.3,45.1,97.4,96.6,206,46,229,30.0,110.0,151,145,152,136,119,48,189,129,7,9,233,125,178,First Pair,82.0,2152.3333333333335,5.0,24.0,29.0,5.815624092126264,51.32743362831859,51.46447143357381,8471958,D,73.0,212.0,1984-04-29,CAN,,,,R,27,"[None, None, 16, 10, 16]","[None, None, 55, 89, 69]","[None, None, 1, 2, 2]","[None, None, 'NYR', 'NYR', 'NYR']"
2011-2012,Dan Hamhuis,VAN,D,75.5,85.0,41.6,27.2,91.0,15.0,47.2,68.7,74.7,67.8,34.3,35.2,96.1,73.4,80.7,58,36,137,92.0,17.0,199,124,74,60,67,154,152,10,63,46,233,125,178,First Pair,82.0,1921.1833333333336,4.0,33.0,37.0,6.2414381568489485,62.06896551724138,51.1282214652052,8469465,D,73.0,204.0,1982-12-13,CAN,2001.0,1.0,12.0,L,28,"[None, None, 80, 73, 79]","[None, None, 81, 83, 85]","[None, None, 46, 22, 54]","[None, None, 'NSH', 'VAN', 'VAN']"
2011-2012,David Rundblad,PHX,D,54.5,63.5,36.5,59.2,,31.3,1.9,78.1,79.0,65.5,67.4,98.7,0.4,23.6,2.1,107,86,149,52.0,,161,226,52,50,72,77,4,233,179,229,233,125,178,Third Pair,30.0,450.28333333333336,1.0,6.0,7.0,1.9785787478287578,36.11111111111111,49.17147866525622,8475182,D,74.0,187.0,1990-10-08,SWE,2009.0,1.0,17.0,R,20,"[None, None, None, None, 52]","[None, None, None, None, 61]","[None, None, None, None, 36]","[None, None, None, None, 'PHX']"
2011-2012,David Savard,CBJ,D,45.1,39.1,58.8,56.8,,43.8,1.9,8.2,75.1,37.6,41.6,54.9,82.0,9.0,15.9,129,143,97,55.0,,132,226,215,59,135,137,106,43,213,197,233,125,178,Third Pair,31.0,513.8166666666666,2.0,8.0,10.0,1.2775065506702727,51.72413793103448,49.50717931831898,8475233,D,73.0,235.0,1990-10-22,CAN,2009.0,4.0,94.0,R,20,"[None, None, None, None, 41]","[None, None, None, None, 37]","[None, None, None, None, 61]","[None, None, None, None, 'CBJ']"
2011-2012,David Schlemko,PHX,D,59.7,78.5,25.3,,36.5,60.5,81.5,70.4,66.5,62.2,64.8,38.6,80.3,59.2,72.1,95,51,175,,114.0,93,44,70,79,79,83,144,47,96,66,233,125,178,Second Pair,46.0,844.4166666666666,1.0,10.0,11.0,2.1074461857111846,51.66666666666667,45.7470097966482,8473673,D,73.0,191.0,1987-05-07,CAN,,,,L,24,"[None, None, 57, 55, 60]","[None, None, 62, 78, 81]","[None, None, 36, 37, 20]","[None, None, 'PHX', 'PHX', 'PHX']"
2011-2012,Dennis Seidenberg,BOS,D,36.1,88.4,9.4,64.0,6.7,54.5,52.8,49.8,41.6,30.0,80.3,43.3,49.4,77.3,30.5,150,28,212,46.0,167.0,107,111,118,137,150,47,133,119,54,163,233,125,178,First Pair,80.0,1923.1333333333337,5.0,18.0,23.0,6.203952176152914,52.17391304347826,53.16018105197129,8469619,D,72.0,199.0,1981-07-18,DEU,2001.0,6.0,172.0,L,30,"[None, None, 70, 16, 50]","[None, None, 75, 86, 90]","[None, None, 32, 3, 31]","[None, None, 'BOS', 'BOS', 'BOS']"
2011-2012,Dennis Wideman,WSH,D,22.7,81.5,32.6,6.4,9.0,10.7,45.5,71.7,70.4,11.6,47.2,54.5,24.0,45.9,46.4,181,44,158,118.0,163.0,209,128,67,70,191,124,107,178,127,126,233,125,178,First Pair,82.0,1960.2666666666669,11.0,35.0,46.0,10.619002349848017,49.07407407407408,49.65192577930794,8469770,D,72.0,202.0,1983-03-20,CAN,2002.0,8.0,241.0,R,28,"[None, None, 87, 40, 10]","[None, None, 92, 74, 83]","[None, None, 54, 33, 29]","[None, None, 'BOS', 'WSH', 'WSH']"
2011-2012,Derek Joslin,CAR,D,50.2,47.2,39.1,,,60.9,76.4,82.0,25.8,77.7,66.1,75.5,9.4,33.5,13.3,117,124,143,,,92,56,43,174,48,80,58,212,156,203,233,125,178,Fringe,44.0,465.68333333333334,2.0,2.0,4.0,2.056246847986075,28.57142857142857,44.80151852754502,8471810,D,73.0,210.0,1987-03-17,CAN,2005.0,5.0,149.0,L,24,"[None, None, 43, 65, 45]","[None, None, 47, 61, 43]","[None, None, 29, 46, 33]","[None, None, 'SJS', 'CAR', 'CAR']"
2011-2012,Derek Morris,PHX,D,5.2,16.3,10.3,,28.1,82.0,55.4,25.3,21.5,23.2,39.5,78.5,37.8,74.7,73.8,222,196,210,,129.0,43,105,175,184,166,142,51,146,60,62,233,125,178,Second Pair,59.0,1120.35,2.0,9.0,11.0,2.2473273047582407,41.42857142857143,44.693590068923385,8464966,D,72.0,210.0,1978-08-24,CAN,1996.0,1.0,13.0,R,33,"[None, None, 62, 5, 6]","[None, None, 51, 5, 22]","[None, None, 84, 6, 10]","[None, None, 'PHX', 'PHX', 'PHX']"
2011-2012,Derek Smith,CGY,D,49.8,30.0,57.1,41.6,,63.5,70.4,69.5,88.4,65.5,17.6,39.1,47.2,5.2,6.4,118,164,101,74.0,,86,70,72,28,72,193,143,124,222,219,233,125,178,Third Pair,47.0,748.9833333333333,2.0,9.0,11.0,2.4939101355550024,46.808510638297875,49.571530894912776,8473953,D,73.0,197.0,1984-10-13,CAN,,,,L,26,"[None, None, None, None, 47]","[None, None, None, None, 29]","[None, None, None, None, 59]","[None, None, None, None, 'CGY']"
2011-2012,Deryk Engelland,PIT,D,10.3,5.2,12.4,,51.1,91.8,83.3,37.8,62.2,48.9,96.6,85.8,56.2,90.6,41.2,210,222,205,,88.0,20,40,146,89,109,9,34,103,23,138,233,125,178,Third Pair,73.0,1178.8333333333333,4.0,13.0,17.0,3.0910054268144185,54.65116279069767,48.902316010249855,8468674,D,74.0,212.0,1982-04-03,CAN,2000.0,6.0,194.0,R,29,"[None, None, None, 13, 12]","[None, None, None, 13, 8]","[None, None, None, 26, 10]","[None, None, None, 'PIT', 'PIT']"
2011-2012,Dion Phaneuf,TOR,D,47.2,76.0,23.2,4.0,38.2,33.5,68.2,81.5,56.2,73.4,84.5,32.2,34.8,29.6,91.0,124,57,180,121.0,111.0,156,75,44,103,54,37,159,153,165,22,233,125,178,First Pair,82.0,2073.7166666666667,12.0,34.0,46.0,9.990918826390244,45.37815126050421,49.494917078049546,8470602,D,76.0,222.0,1985-04-10,CAN,2003.0,1.0,9.0,L,26,"[None, None, 71, 14, 71]","[None, None, 90, 32, 83]","[None, None, 5, 25, 37]","[None, None, 'TOR', 'TOR', 'TOR']"
2011-2012,Dmitry Kulikov,FLA,D,28.3,51.5,49.8,1.6,23.6,69.1,57.9,48.5,91.8,42.1,82.4,54.1,54.1,15.9,39.1,168,114,118,124.0,137.0,73,99,121,20,125,42,108,108,197,143,233,125,178,Second Pair,58.0,1267.6333333333334,4.0,24.0,28.0,5.384854137626842,48.64864864864865,48.54357617343501,8475179,D,73.0,212.0,1990-10-29,RUS,2009.0,1.0,14.0,L,20,"[None, None, 7, 37, 29]","[None, None, 29, 78, 30]","[None, None, 15, 37, 61]","[None, None, 'FLA', 'FLA', 'FLA']"
2011-2012,Dmitry Orlov,WSH,D,60.9,47.6,26.2,,,81.5,74.2,45.1,83.7,93.1,68.2,67.4,68.7,43.8,17.2,92,123,173,,,44,61,129,39,15,75,77,74,132,194,233,125,178,Third Pair,60.0,1012.4833333333332,3.0,16.0,19.0,2.6166459867826353,52.38095238095239,49.363708892398705,8475200,D,71.0,215.0,1991-07-23,RUS,2009.0,2.0,55.0,L,20,"[None, None, None, None, 57]","[None, None, None, None, 48]","[None, None, None, None, 29]","[None, None, None, None, 'WSH']"
2011-2012,Douglas Murray,SJS,D,20.2,9.0,55.8,,27.5,2.6,7.3,52.4,26.6,52.8,93.6,52.8,56.7,100.0,89.7,187,213,104,,130.0,228,217,112,172,100,16,111,102,1,25,233,125,178,Second Pair,60.0,1102.8833333333332,0.0,4.0,4.0,2.4393038686343114,50.90909090909091,48.47240334410927,8468114,D,75.0,240.0,1980-03-12,SWE,1999.0,8.0,241.0,L,31,"[None, None, 37, 64, 8]","[None, None, 49, 23, 4]","[None, None, 34, 84, 28]","[None, None, 'SJS', 'SJS', 'SJS']"
2011-2012,Drew Doughty,LAK,D,94.4,94.4,94.0,76.0,37.6,85.4,89.3,96.6,82.8,35.2,54.5,67.0,44.6,88.4,93.1,14,14,15,31.0,112.0,35,26,9,41,140,107,78,130,28,17,233,125,178,First Pair,77.0,1917.25,10.0,26.0,36.0,12.466096014150988,50.0,54.30527989050733,8474563,D,73.0,210.0,1989-12-08,CAN,2008.0,1.0,2.0,R,21,"[None, None, 94, 95, 93]","[None, None, 79, 90, 94]","[None, None, 90, 94, 88]","[None, None, 'LAK', 'LAK', 'LAK']"
2011-2012,Duncan Keith,CHI,D,80.3,98.7,21.0,78.4,30.3,2.1,51.5,84.5,86.7,34.3,6.0,76.8,22.7,98.7,94.4,47,4,185,28.0,125.0,229,114,37,32,142,220,55,181,4,14,233,125,178,First Pair,74.0,1990.2,4.0,36.0,40.0,8.025712031686988,50.0,52.6989199374343,8470281,D,73.0,192.0,1983-07-16,CAN,2002.0,2.0,54.0,L,28,"[None, None, 96, 90, 48]","[None, None, 100, 98, 96]","[None, None, 85, 38, 9]","[None, None, 'CHI', 'CHI', 'CHI']"
2011-2012,Dustin Byfuglien,WPG,D,88.4,100.0,75.5,73.6,,1.7,96.1,100.0,89.7,3.9,40.3,71.7,25.3,45.1,55.8,28,1,58,34.0,,230,10,1,25,209,140,67,175,129,104,233,125,178,First Pair,66.0,1591.6,12.0,41.0,53.0,14.19003330220118,47.41379310344828,52.009755803084815,8470834,D,77.0,260.0,1985-03-27,USA,2003.0,8.0,245.0,R,26,"[None, None, None, 92, 69]","[None, None, None, 99, 97]","[None, None, None, 89, 55]","[None, None, None, 'ATL', 'WPG']"
2011-2012,Dylan Olsen,CHI,D,60.1,39.9,46.4,,48.3,46.4,1.9,15.0,0.4,89.1,91.4,97.0,8.2,91.8,48.1,94,141,126,,93.0,126,226,199,233,23,21,8,215,20,122,233,125,178,Third Pair,28.0,364.76666666666665,0.0,1.0,1.0,0.5332379537343396,39.130434782608695,46.48978824134174,8475153,D,74.0,223.0,1991-01-03,USA,2009.0,1.0,28.0,L,20,"[None, None, None, None, 56]","[None, None, None, None, 38]","[None, None, None, None, 45]","[None, None, None, None, 'CHI']"
2011-2012,Dylan Reese,NYI,D,56.2,54.1,43.8,,,49.8,22.3,45.5,94.4,69.5,30.9,34.3,5.6,48.1,50.6,103,108,132,,,118,182,128,14,63,162,154,221,122,116,233,125,178,Third Pair,28.0,478.3833333333333,1.0,6.0,7.0,1.4632016847541918,50.0,54.22236222951797,8470798,D,73.0,205.0,1984-08-29,USA,2003.0,7.0,209.0,R,27,"[None, None, None, 49, 58]","[None, None, None, 49, 64]","[None, None, None, 36, 47]","[None, None, None, 'NYI', 'NYI']"
2011-2012,Ed Jovanovski,FLA,D,24.0,21.9,24.9,33.6,8.4,84.1,75.5,39.5,48.1,67.4,63.1,42.1,33.0,24.0,16.7,178,183,176,84.0,164.0,38,58,142,122,68,87,136,157,178,195,233,125,178,Third Pair,66.0,1101.85,3.0,10.0,13.0,1.9225208412467718,44.26229508196721,43.45336336207732,8460492,D,75.0,220.0,1976-06-26,CAN,1994.0,1.0,1.0,L,35,"[None, None, 35, 34, 21]","[None, None, 57, 30, 16]","[None, None, 59, 29, 21]","[None, None, 'PHX', 'PHX', 'FLA']"
2011-2012,Eric Brewer,TBL,D,6.0,21.0,35.2,24.8,2.8,88.0,78.5,54.9,24.9,12.0,63.5,2.6,42.9,37.3,81.1,220,185,152,95.0,174.0,29,51,106,176,190,86,228,134,147,45,233,125,178,First Pair,82.0,1907.9833333333331,1.0,20.0,21.0,3.920464134060219,47.44525547445255,46.82655521649684,8466142,D,76.0,216.0,1979-04-17,CAN,1997.0,1.0,5.0,L,32,"[None, None, 25, 36, 2]","[None, None, 15, 43, 17]","[None, None, 30, 59, 22]","[None, None, 'STL', 'TBL', 'TBL']"
2011-2012,Erik Gudbranson,FLA,D,33.0,45.5,39.5,,,57.1,44.6,36.1,22.7,31.3,97.4,42.9,3.9,6.9,1.7,157,128,142,,,101,130,150,181,148,7,134,225,218,230,233,125,178,Third Pair,72.0,1022.25,2.0,6.0,8.0,2.3702341782839147,38.80597014925373,46.602093594946666,8475790,D,77.0,222.0,1992-01-07,CAN,2010.0,1.0,3.0,R,19,"[None, None, None, None, 29]","[None, None, None, None, 46]","[None, None, None, None, 38]","[None, None, None, None, 'FLA']"
2011-2012,Erik Gustafsson,PHI,D,73.4,67.4,50.2,,,58.4,49.8,24.9,5.6,96.8,25.3,84.5,99.1,76.0,27.5,63,77,117,,,98,118,176,221,8,175,37,3,57,170,233,125,178,Third Pair,30.0,503.98333333333335,1.0,4.0,5.0,0.8988626145568843,61.904761904761905,51.57915785348,8475640,D,70.0,180.0,1988-12-15,SWE,,,,L,22,"[None, None, None, None, 74]","[None, None, None, None, 64]","[None, None, None, None, 48]","[None, None, None, None, 'PHI']"
2011-2012,Erik Johnson,COL,D,62.2,92.3,5.2,67.2,15.7,12.9,59.2,90.1,33.0,89.7,44.6,95.7,19.7,50.6,62.7,89,19,222,42.0,151.0,204,96,24,157,22,130,11,188,116,88,233,125,178,Second Pair,73.0,1521.4,4.0,22.0,26.0,7.31206657370758,49.46236559139785,51.16809604505884,8473446,D,76.0,225.0,1988-03-21,USA,2006.0,1.0,1.0,R,23,"[None, None, 42, 39, 76]","[None, None, 88, 82, 92]","[None, None, 10, 6, 5]","[None, None, 'STL', 'COL', 'COL']"
2011-2012,Erik Karlsson,OTT,D,86.7,91.4,38.6,0.8,,100.0,100.0,98.3,94.8,45.9,8.2,93.6,22.3,21.5,55.4,32,21,144,125.0,,1,1,5,13,116,215,16,182,184,105,233,125,178,First Pair,81.0,2050.6666666666665,19.0,59.0,78.0,13.471781568456505,54.7945205479452,52.02116898834607,8474578,D,72.0,185.0,1990-05-31,SWE,2008.0,1.0,15.0,R,21,"[None, None, 53, 38, 95]","[None, None, 48, 69, 98]","[None, None, 47, 22, 44]","[None, None, 'OTT', 'OTT', 'OTT']"
2011-2012,Fedor Tyutin,CBJ,D,92.7,39.5,98.7,91.2,89.9,83.3,64.4,40.8,28.3,28.8,55.4,28.3,3.4,30.5,96.1,18,142,4,12.0,19.0,40,84,139,168,153,105,168,226,163,10,233,125,178,First Pair,66.0,1593.4166666666667,5.0,21.0,26.0,7.30275327502536,43.18181818181818,52.60134172117985,8469492,D,74.0,221.0,1983-07-19,RUS,2001.0,2.0,40.0,L,28,"[None, None, 50, 96, 91]","[None, None, 6, 42, 54]","[None, None, 89, 99, 97]","[None, None, 'CBJ', 'CBJ', 'CBJ']"
2011-2012,Filip Kuba,OTT,D,26.6,82.4,14.6,65.6,1.1,32.2,26.2,26.2,60.9,30.5,1.7,88.8,29.6,62.2,57.5,172,42,200,44.0,177.0,159,173,173,92,149,230,27,165,89,100,233,125,178,First Pair,73.0,1723.8,6.0,26.0,32.0,3.290698743626775,57.391304347826086,50.883609986275346,8462225,D,76.0,225.0,1976-12-29,CZE,1995.0,8.0,192.0,L,34,"[None, None, 30, 33, 24]","[None, None, 78, 70, 88]","[None, None, 43, 17, 14]","[None, None, 'OTT', 'OTT', 'OTT']"
2011-2012,Francis Bouillon,NSH,D,18.0,37.3,6.4,,,36.9,45.1,57.5,20.2,63.5,77.7,25.3,69.5,27.5,47.6,192,147,219,,,148,129,100,187,76,53,175,72,170,123,233,125,178,Third Pair,66.0,1158.0333333333333,4.0,7.0,11.0,3.7310746701241837,47.91666666666667,49.14134537866667,8465914,D,68.0,194.0,1975-10-17,USA,,,,L,35,"[None, None, 7, 29, 19]","[None, None, 11, 17, 67]","[None, None, 6, 13, 4]","[None, None, 'NSH', 'NSH', 'NSH']"
2011-2012,Francois Beauchemin,ANA,D,83.7,53.2,95.7,20.0,18.5,72.1,58.4,54.5,8.2,58.8,42.1,27.9,7.3,43.3,85.4,39,110,11,101.0,146.0,66,98,107,215,86,136,169,217,133,35,233,125,178,First Pair,82.0,2095.383333333333,8.0,14.0,22.0,6.104198262005196,42.10526315789473,50.42703311632795,8467400,D,71.0,208.0,1980-06-04,CAN,1998.0,3.0,75.0,L,31,"[None, None, 58, 58, 90]","[None, None, 72, 12, 79]","[None, None, 54, 95, 91]","[None, None, 'TOR', 'ANA', 'ANA']"
2011-2012,Grant Clitsome,WPG,D,22.3,34.3,33.0,79.2,49.4,78.5,84.5,56.7,30.0,18.5,75.1,83.7,61.8,38.2,28.3,182,154,157,27.0,91.0,51,37,102,164,177,59,39,90,145,168,233,125,178,Third Pair,63.0,1071.2,4.0,13.0,17.0,4.005823053959606,44.230769230769226,45.533060239232285,8471482,D,71.0,211.0,1985-04-14,CAN,2004.0,9.0,271.0,L,26,"[None, None, None, 45, 15]","[None, None, None, 57, 23]","[None, None, None, 29, 37]","[None, None, None, 'CBJ', 'WPG']"
2011-2012,Greg Zanon,BOS,D,12.9,0.9,78.5,,89.3,62.7,41.2,8.6,2.1,29.6,78.5,10.7,52.8,36.9,45.9,204,232,51,,20.0,88,138,214,229,151,51,209,111,148,127,233,125,178,Third Pair,56.0,996.65,3.0,5.0,8.0,1.486185976060991,52.38095238095239,53.61867895992523,8468636,D,71.0,201.0,1980-06-05,CAN,2000.0,5.0,156.0,L,31,"[None, None, 50, 1, 42]","[None, None, 0, 0, 6]","[None, None, 99, 18, 85]","[None, None, 'MIN', 'MIN', 'BOS']"
2011-2012,Hal Gill,NSH,D,42.1,7.7,81.5,,97.8,42.9,11.6,2.1,18.0,19.7,28.3,14.2,26.6,33.0,87.1,136,216,44,,5.0,134,207,229,192,174,168,201,172,157,31,233,125,178,Third Pair,76.0,1302.35,1.0,12.0,13.0,1.6960320936834041,46.42857142857143,48.164925700419175,8459628,D,79.0,243.0,1975-04-06,USA,1993.0,8.0,207.0,L,36,"[None, None, 4, 47, 55]","[None, None, 2, 8, 15]","[None, None, 55, 69, 84]","[None, None, 'MTL', 'MTL', 'NSH']"
2011-2012,Henrik Tallinder,NJD,D,68.2,33.9,89.3,,57.9,50.2,21.5,34.3,45.9,27.9,22.3,16.7,3.0,78.1,67.8,75,155,26,,76.0,117,184,154,127,155,182,195,227,52,76,233,125,178,Second Pair,39.0,831.0666666666667,0.0,6.0,6.0,1.906901174295458,38.775510204081634,52.159020949814206,8466182,D,76.0,209.0,1979-01-10,SWE,1997.0,2.0,48.0,L,32,"[None, None, 52, 76, 64]","[None, None, 42, 24, 47]","[None, None, 74, 98, 79]","[None, None, 'BUF', 'NJD', 'NJD']"
2011-2012,Ian Cole,STL,D,60.5,60.1,48.1,,,54.1,59.7,60.9,7.7,70.8,51.5,88.4,96.6,74.2,45.5,93,94,122,,,108,95,92,216,60,114,28,9,61,128,233,125,178,Third Pair,26.0,413.6666666666667,1.0,5.0,6.0,1.1719466478964713,60.86956521739131,52.32902189226473,8474013,D,73.0,237.0,1989-02-21,USA,2007.0,1.0,18.0,L,22,"[None, None, None, 50, 66]","[None, None, None, 62, 63]","[None, None, None, 45, 45]","[None, None, None, 'STL', 'STL']"
2011-2012,Ian White,DET,D,59.2,76.8,63.5,8.0,24.2,96.1,85.0,77.7,55.4,40.8,7.7,91.4,85.0,95.3,69.1,96,55,86,116.0,136.0,10,36,53,105,128,216,21,36,12,73,233,125,178,First Pair,77.0,1769.6333333333334,7.0,25.0,32.0,9.358744691635582,62.5,55.39141570224586,8470273,D,70.0,191.0,1984-06-04,CAN,2002.0,6.0,191.0,R,27,"[None, None, 74, 35, 67]","[None, None, 89, 71, 69]","[None, None, 64, 51, 73]","[None, None, 'CGY', 'SJS', 'DET']"
2011-2012,Jack Hillen,NSH,D,32.6,92.7,3.9,,21.9,35.2,69.1,92.3,70.0,41.6,47.6,57.5,93.1,10.7,24.9,158,18,225,,140.0,152,73,19,71,126,123,100,17,209,176,233,125,178,Third Pair,55.0,773.4833333333333,2.0,4.0,6.0,2.1587630706736434,56.86274509803921,46.69826480214934,8474519,D,70.0,190.0,1986-01-24,USA,,,,L,25,"[None, None, 19, 31, 35]","[None, None, 89, 97, 82]","[None, None, 5, 3, 6]","[None, None, 'NYI', 'NYI', 'NSH']"
2011-2012,Jack Johnson,CBJ,D,0.4,1.7,0.9,40.8,32.0,94.0,82.0,62.7,37.8,47.2,35.6,63.9,29.2,91.0,74.2,233,230,232,75.0,122.0,15,43,88,146,113,151,85,166,22,61,233,125,178,First Pair,82.0,1949.15,12.0,26.0,38.0,9.522531115880987,46.236559139784944,44.75465563412572,8471677,D,74.0,225.0,1987-01-13,USA,2005.0,1.0,3.0,L,24,"[None, None, 3, 0, 0]","[None, None, 10, 1, 1]","[None, None, 2, 0, 0]","[None, None, 'LAK', 'LAK', 'CBJ']"
2011-2012,Jake Gardiner,TOR,D,39.9,72.5,4.7,51.2,58.4,97.4,93.1,51.5,90.6,84.3,24.0,92.3,94.8,5.6,25.3,141,65,223,62.0,75.0,7,17,114,23,33,178,19,13,221,175,233,125,178,Second Pair,75.0,1618.85,8.0,23.0,31.0,4.658920012298136,51.5873015873016,47.29046428814041,8474581,D,74.0,203.0,1990-07-04,USA,2008.0,1.0,17.0,L,21,"[None, None, None, None, 39]","[None, None, None, None, 70]","[None, None, None, None, 3]","[None, None, None, None, 'TOR']"
2011-2012,Jakub Kindl,DET,D,27.5,36.5,27.9,,,38.6,51.9,63.9,77.3,39.9,54.1,98.3,37.3,70.8,1.3,170,149,169,,,144,113,85,54,130,108,5,147,69,231,233,125,178,Third Pair,55.0,772.95,1.0,12.0,13.0,2.3474017359230612,58.333333333333336,52.26688829894476,8471693,D,75.0,199.0,1987-02-10,CZE,2005.0,1.0,19.0,L,24,"[None, None, None, 9, 51]","[None, None, None, 46, 35]","[None, None, None, 27, 30]","[None, None, None, 'DET', 'DET']"
2011-2012,James Wisniewski,CBJ,D,50.6,86.7,5.6,69.6,19.1,11.6,40.3,70.0,84.1,85.0,31.8,33.0,16.7,14.2,95.3,116,32,221,39.0,145.0,207,140,71,38,32,160,157,195,201,12,233,125,178,First Pair,48.0,1190.2833333333333,6.0,21.0,27.0,6.8026299252205895,41.7910447761194,44.24293738687657,8470222,D,71.0,203.0,1984-02-21,USA,2002.0,5.0,156.0,R,27,"[None, None, 52, 77, 30]","[None, None, 89, 92, 78]","[None, None, 16, 4, 9]","[None, None, 'ANA', 'MTL', 'CBJ']"
2011-2012,Jamie McBain,CAR,D,89.7,96.6,24.0,19.2,,52.4,67.0,58.4,62.7,91.4,2.6,66.5,60.1,8.2,29.6,25,9,178,102.0,,112,78,98,88,18,228,79,94,215,165,233,125,178,Second Pair,76.0,1504.55,8.0,19.0,27.0,7.969240265310207,47.57281553398058,48.497814435359714,8473571,D,73.0,195.0,1988-02-25,USA,2006.0,2.0,63.0,R,23,"[None, None, 70, 84, 89]","[None, None, 63, 90, 97]","[None, None, 31, 63, 11]","[None, None, 'CAR', 'CAR', 'CAR']"
2011-2012,Jan Hejda,COL,D,70.8,12.0,68.7,,100.0,91.0,66.5,31.3,33.9,72.5,70.4,3.9,6.9,31.8,90.6,69,206,74,,1.0,22,79,161,155,56,70,225,218,160,23,233,125,178,Second Pair,81.0,1675.3,5.0,14.0,19.0,3.217539457556519,39.77272727272727,45.55209018279399,8470699,D,76.0,230.0,1978-06-18,CZE,2003.0,4.0,106.0,L,33,"[None, None, 21, 80, 72]","[None, None, 1, 58, 8]","[None, None, 33, 74, 72]","[None, None, 'CBJ', 'CBJ', 'COL']"
2011-2012,Jared Cowen,OTT,D,5.6,11.6,19.3,,30.9,82.8,56.7,13.3,23.6,15.5,97.9,90.6,17.6,39.1,18.5,221,207,189,,124.0,41,102,203,179,183,6,23,193,143,191,233,125,178,Second Pair,82.0,1549.2,5.0,12.0,17.0,2.5873272352614616,45.744680851063826,46.85543724037701,8475174,D,77.0,238.0,1991-01-25,CAN,2009.0,1.0,9.0,L,20,"[None, None, None, None, 9]","[None, None, None, None, 14]","[None, None, None, None, 23]","[None, None, None, None, 'OTT']"
2011-2012,Jared Spurgeon,MIN,D,85.8,28.8,79.8,68.8,62.9,21.0,17.2,33.0,57.5,99.1,12.4,60.5,55.4,6.0,78.1,34,167,48,40.0,67.0,185,194,157,100,3,205,93,105,220,52,233,125,178,Second Pair,70.0,1511.95,3.0,20.0,23.0,4.45340864580255,49.15254237288136,47.73692365225171,8474716,D,69.0,166.0,1989-11-29,CAN,2008.0,6.0,156.0,R,21,"[None, None, None, 82, 81]","[None, None, None, 57, 18]","[None, None, None, 73, 80]","[None, None, None, 'MIN', 'MIN']"
2011-2012,Jaroslav Spacek,CAR,D,64.8,56.7,41.2,74.4,,53.6,53.6,29.6,80.7,81.5,27.5,81.1,85.8,32.6,10.7,83,102,138,33.0,,109,109,165,46,39,170,45,34,158,209,233,125,178,Third Pair,46.0,739.85,5.0,10.0,15.0,2.223487686133205,57.446808510638306,49.883604241986376,8467439,D,72.0,210.0,1974-02-11,CZE,1998.0,5.0,117.0,L,37,"[None, None, 44, 42, 78]","[None, None, 42, 35, 71]","[None, None, 52, 45, 32]","[None, None, 'MTL', 'MTL', 'CAR']"
2011-2012,Jason Demers,SJS,D,79.0,79.0,43.3,62.4,,26.2,48.5,64.8,58.4,95.3,39.9,86.7,46.4,87.6,12.4,50,50,133,48.0,,173,121,83,98,11,141,32,126,30,205,233,125,178,Third Pair,57.0,960.0833333333334,4.0,9.0,13.0,4.19373101445897,45.90163934426229,48.58281712767628,8474218,D,73.0,195.0,1988-06-09,CAN,2008.0,7.0,186.0,R,23,"[None, None, 41, 92, 63]","[None, None, 39, 93, 60]","[None, None, 26, 80, 16]","[None, None, 'SJS', 'SJS', 'SJS']"
2011-2012,Jason Garrison,FLA,D,85.4,21.5,91.8,71.2,83.1,93.1,79.8,57.1,34.3,51.9,62.7,45.5,57.1,55.4,81.5,35,184,20,37.0,31.0,17,48,101,154,102,88,128,101,105,44,233,125,178,First Pair,77.0,1824.8333333333333,16.0,17.0,33.0,8.511505804851838,51.28205128205128,51.710482103566626,8474520,D,73.0,218.0,1984-11-13,CAN,,,,L,26,"[None, None, 34, 63, 93]","[None, None, 23, 15, 32]","[None, None, 69, 91, 94]","[None, None, 'FLA', 'FLA', 'FLA']"
2011-2012,Jay Bouwmeester,CGY,D,69.5,30.9,93.1,9.6,7.9,27.9,36.9,37.3,40.8,60.9,11.2,29.6,38.2,49.4,93.6,72,162,17,114.0,165.0,169,148,147,139,82,208,165,145,119,16,233,125,178,First Pair,82.0,2128.516666666667,5.0,24.0,29.0,6.246135356684012,43.80952380952381,47.20327768707608,8470151,D,76.0,206.0,1983-09-27,CAN,2002.0,1.0,3.0,L,27,"[None, None, 23, 77, 70]","[None, None, 11, 80, 12]","[None, None, 89, 94, 88]","[None, None, 'CGY', 'CGY', 'CGY']"
2011-2012,Jay Harrison,CAR,D,29.2,76.4,12.9,64.8,5.6,97.0,91.4,64.4,39.1,26.6,66.5,48.1,30.0,11.6,37.3,166,56,204,45.0,169.0,8,21,84,143,158,79,122,164,207,147,233,125,178,Second Pair,72.0,1479.8,9.0,14.0,23.0,6.266757100485519,44.57831325301205,48.16197376449448,8469531,D,76.0,222.0,1982-11-03,CAN,2001.0,3.0,82.0,L,28,"[None, None, 47, 23, 31]","[None, None, 41, 63, 84]","[None, None, 58, 25, 8]","[None, None, 'CAR', 'CAR', 'CAR']"
2011-2012,Jeff Petry,EDM,D,78.1,74.7,71.7,32.8,39.3,5.6,33.9,71.2,74.2,87.6,50.2,39.5,14.2,1.3,59.2,52,60,67,85.0,109.0,221,155,68,61,26,117,142,201,231,96,233,125,178,Second Pair,73.0,1588.5166666666669,3.0,24.0,27.0,5.9508611386182215,49.532710280373834,49.11507595300424,8473507,D,75.0,208.0,1987-12-09,USA,2006.0,2.0,45.0,R,23,"[None, None, None, 68, 82]","[None, None, None, 53, 82]","[None, None, None, 66, 75]","[None, None, None, 'EDM', 'EDM']"
2011-2012,Jeff Schultz,WSH,D,44.6,61.4,29.6,,69.7,64.4,25.8,0.9,23.2,48.5,20.2,49.4,80.7,67.8,34.8,130,91,165,,55.0,84,174,232,180,110,187,119,46,76,153,233,125,178,Third Pair,54.0,825.75,1.0,5.0,6.0,0.8323776996344936,46.808510638297875,49.92431718680909,8471240,D,78.0,225.0,1986-02-25,CAN,2004.0,1.0,27.0,L,25,"[None, None, 86, 34, 41]","[None, None, 98, 44, 52]","[None, None, 45, 14, 39]","[None, None, 'WSH', 'WSH', 'WSH']"
2011-2012,Joe Corvo,BOS,D,84.5,91.8,11.6,95.2,,15.9,57.5,87.1,52.4,94.8,4.3,70.0,49.8,46.8,20.6,37,20,207,7.0,,197,100,31,112,12,224,71,118,125,186,233,125,178,Second Pair,75.0,1410.7333333333331,4.0,21.0,25.0,7.773184515015985,54.90196078431373,52.82371021231245,8466215,D,72.0,204.0,1977-06-20,USA,1997.0,4.0,83.0,R,34,"[None, None, 89, 75, 83]","[None, None, 85, 82, 93]","[None, None, 44, 7, 17]","[None, None, 'WSH', 'CAR', 'BOS']"
2011-2012,John Carlson,WSH,D,87.1,82.0,48.5,61.6,94.9,71.7,78.1,89.3,76.0,85.4,23.6,23.2,57.9,60.1,67.0,31,43,121,49.0,10.0,67,52,26,57,31,179,180,99,94,78,233,125,178,Second Pair,82.0,1792.3833333333332,9.0,23.0,32.0,7.8971884573337565,45.689655172413794,48.901118413772835,8474590,D,75.0,220.0,1990-01-10,USA,2008.0,1.0,27.0,R,21,"[None, None, 65, 86, 82]","[None, None, 65, 88, 78]","[None, None, 56, 35, 51]","[None, None, 'WSH', 'WSH', 'WSH']"
2011-2012,John Erskine,WSH,D,31.3,64.4,40.3,,,75.5,32.6,18.0,16.3,12.4,85.8,87.1,87.1,66.5,9.0,161,84,140,,,58,158,192,196,189,34,31,31,79,213,233,125,178,Fringe,28.0,338.75,0.0,2.0,2.0,0.5175415921722359,55.00000000000001,50.528620045335295,8467365,D,76.0,220.0,1980-06-26,CAN,1998.0,2.0,39.0,L,31,"[None, None, 30, 42, 25]","[None, None, 55, 77, 51]","[None, None, 15, 43, 42]","[None, None, 'WSH', 'WSH', 'WSH']"
2011-2012,John Moore,CBJ,D,14.6,4.3,17.6,,25.8,39.9,46.4,54.1,10.3,84.3,25.8,9.4,1.7,13.7,54.9,200,224,193,,133.0,141,126,108,210,33,174,212,230,202,106,233,125,178,Third Pair,67.0,1060.05,2.0,5.0,7.0,2.393501124444762,33.33333333333333,42.24099181804733,8475186,D,75.0,207.0,1990-11-19,USA,2009.0,1.0,21.0,L,20,"[None, None, None, None, 15]","[None, None, None, None, 9]","[None, None, None, None, 19]","[None, None, None, None, 'CBJ']"
2011-2012,John-Michael Liles,TOR,D,76.8,42.1,42.5,89.6,,18.5,58.8,76.0,70.8,98.3,21.9,77.7,15.0,28.3,42.9,55,136,135,14.0,,191,97,57,69,5,183,53,199,168,134,233,125,178,Second Pair,66.0,1409.0333333333333,7.0,20.0,27.0,7.4334320511523915,43.02325581395349,49.59354211162337,8468639,D,70.0,185.0,1980-11-25,USA,2000.0,5.0,159.0,L,30,"[None, None, 48, 89, 68]","[None, None, 16, 75, 26]","[None, None, 28, 33, 51]","[None, None, 'COL', 'COL', 'TOR']"
2011-2012,Johnny Boychuk,BOS,D,95.7,87.1,96.1,,63.5,24.9,77.7,94.0,54.1,79.8,79.4,61.8,75.1,94.8,63.5,11,31,10,,66.0,176,53,15,108,43,49,90,59,13,86,233,125,178,Second Pair,77.0,1587.2833333333333,5.0,10.0,15.0,6.007497931321661,58.620689655172406,57.952144564011085,8470187,D,74.0,227.0,1984-01-19,CAN,2002.0,2.0,61.0,R,27,"[None, None, 91, 87, 98]","[None, None, 60, 81, 90]","[None, None, 93, 82, 97]","[None, None, 'BOS', 'BOS', 'BOS']"
2011-2012,Johnny Oduya,CHI,D,29.6,19.3,26.6,23.2,11.2,26.6,33.5,30.9,55.8,88.0,32.2,36.9,20.2,36.5,60.5,165,189,172,97.0,159.0,172,156,162,104,25,159,148,187,149,93,233,125,178,Second Pair,81.0,1657.3333333333333,3.0,15.0,18.0,3.791980847890409,47.674418604651166,51.5860228096751,8469665,D,72.0,191.0,1981-10-01,SWE,2001.0,7.0,221.0,L,29,"[None, None, 21, 18, 42]","[None, None, 18, 11, 34]","[None, None, 41, 8, 50]","[None, None, 'ATL', 'ATL', 'CHI']"
2011-2012,Jonathan Ericsson,DET,D,17.2,63.9,54.1,,60.7,16.7,30.9,50.2,49.8,3.0,58.4,91.8,47.6,88.0,21.5,194,85,108,,71.0,195,162,117,118,211,98,20,123,29,184,233,125,178,Third Pair,69.0,1179.2666666666669,1.0,10.0,11.0,2.5955109047223504,59.154929577464785,53.56777816314726,8470318,D,76.0,218.0,1984-03-02,SWE,2002.0,9.0,291.0,L,27,"[None, None, 18, 10, 27]","[None, None, 26, 75, 59]","[None, None, 44, 56, 55]","[None, None, 'DET', 'DET', 'DET']"
2011-2012,Jonathon Blum,NSH,D,51.9,40.3,34.8,48.0,34.8,77.7,98.3,18.5,82.0,85.8,24.5,31.3,94.0,7.3,21.9,113,140,153,66.0,117.0,53,5,191,43,30,177,161,15,217,183,233,125,178,Third Pair,33.0,591.9666666666667,3.0,4.0,7.0,1.4070159505965636,35.714285714285715,41.05582623997184,8474164,D,73.0,188.0,1989-01-30,USA,2007.0,1.0,23.0,R,22,"[None, None, None, 56, 48]","[None, None, None, 62, 29]","[None, None, None, 37, 30]","[None, None, None, 'NSH', 'NSH']"
2011-2012,Joni Pitkanen,CAR,D,11.6,84.1,3.4,84.0,51.7,67.8,91.8,84.1,85.0,8.2,45.1,67.8,18.0,48.5,64.8,207,38,226,21.0,87.0,76,20,38,36,199,129,76,192,121,83,233,125,178,First Pair,30.0,669.1333333333333,5.0,12.0,17.0,2.987158940817193,40.476190476190474,46.583304118002175,8470137,D,75.0,220.0,1983-09-19,FIN,2002.0,1.0,4.0,L,27,"[None, None, 4, 3, 34]","[None, None, 90, 91, 67]","[None, None, 0, 1, 13]","[None, None, 'CAR', 'CAR', 'CAR']"
2011-2012,Jordan Leopold,BUF,D,53.6,23.2,55.4,28.0,29.8,99.6,99.1,73.4,33.5,59.7,19.3,57.1,64.8,48.9,54.1,109,180,105,91.0,126.0,2,3,63,156,84,189,101,83,120,108,233,125,178,First Pair,79.0,1767.2833333333333,10.0,14.0,24.0,5.546289089971801,53.09734513274337,48.690840697869106,8467917,D,73.0,206.0,1980-08-03,USA,1999.0,2.0,44.0,L,31,"[None, None, 39, 60, 52]","[None, None, 2, 33, 28]","[None, None, 72, 57, 50]","[None, None, 'PIT', 'BUF', 'BUF']"
2011-2012,Josh Gorges,MTL,D,81.5,8.6,97.4,,99.4,33.9,6.9,4.3,40.3,42.5,61.4,17.2,84.5,25.3,66.5,44,214,7,,2.0,155,218,224,140,124,91,194,37,175,79,233,125,178,First Pair,82.0,1855.7166666666667,2.0,14.0,16.0,3.0181475260186947,58.0952380952381,50.94880890406973,8470324,D,73.0,204.0,1984-08-14,CAN,,,,L,27,"[None, None, 55, 72, 88]","[None, None, 4, 41, 3]","[None, None, 91, 75, 100]","[None, None, 'MTL', 'MTL', 'MTL']"
2011-2012,Justin Braun,SJS,D,82.8,61.8,83.3,70.4,52.8,9.0,8.2,73.8,87.6,77.3,48.9,68.7,11.6,87.1,14.2,41,90,40,38.0,85.0,213,215,62,30,49,120,74,207,31,201,233,125,178,Third Pair,66.0,1092.0833333333333,2.0,9.0,11.0,4.922056027297732,48.27586206896552,55.47601741759147,8474027,D,74.0,205.0,1987-02-10,USA,2007.0,7.0,201.0,R,24,"[None, None, None, 71, 86]","[None, None, None, 61, 66]","[None, None, None, 65, 88]","[None, None, None, 'SJS', 'SJS']"
2011-2012,Justin Falk,MIN,D,25.8,20.2,31.3,,68.5,32.6,1.9,5.2,68.2,51.5,67.8,4.7,18.9,6.4,60.1,174,187,161,,57.0,158,226,222,75,103,76,223,190,219,94,233,125,178,Second Pair,47.0,916.15,1.0,8.0,9.0,1.7259406254271348,36.84210526315789,39.9596576716795,8473992,D,77.0,223.0,1988-10-11,CAN,2007.0,4.0,110.0,L,22,"[None, None, None, 56, 13]","[None, None, None, 50, 13]","[None, None, None, 41, 24]","[None, None, None, 'MIN', 'MIN']"
2011-2012,Justin Faulk,CAR,D,41.6,41.6,15.5,68.0,31.5,62.2,37.8,16.7,5.2,76.0,70.0,77.3,35.6,9.4,38.2,137,137,198,41.0,123.0,89,146,195,222,50,71,54,151,212,145,233,125,178,First Pair,66.0,1507.7166666666667,8.0,14.0,22.0,6.137398360690912,46.75324675324675,45.972232964742794,8475753,D,72.0,208.0,1992-03-20,USA,2010.0,2.0,37.0,R,19,"[None, None, None, None, 39]","[None, None, None, None, 44]","[None, None, None, None, 18]","[None, None, None, None, 'CAR']"
2011-2012,Karl Alzner,WSH,D,49.4,2.1,88.4,,75.3,42.1,12.9,3.9,39.9,53.6,33.0,7.7,76.4,68.2,73.0,119,229,28,,45.0,136,204,225,141,98,157,216,56,75,64,233,125,178,Second Pair,82.0,1711.6833333333334,1.0,16.0,17.0,1.7268898291160224,52.12765957446809,48.65586508722215,8473991,D,75.0,213.0,1988-09-24,CAN,2007.0,1.0,5.0,L,22,"[None, None, 60, 64, 38]","[None, None, 51, 10, 1]","[None, None, 50, 83, 93]","[None, None, 'WSH', 'WSH', 'WSH']"
2011-2012,Keaton Ellerby,FLA,D,55.4,32.2,59.2,,39.9,20.2,6.4,38.2,34.8,78.1,94.4,65.7,2.1,15.0,26.6,105,159,96,,108.0,187,219,145,153,47,14,81,229,199,172,233,125,178,Third Pair,40.0,615.5166666666667,0.0,5.0,5.0,1.2383775652576203,43.58974358974359,49.117693232788035,8474184,D,77.0,220.0,1988-11-05,CAN,2007.0,1.0,10.0,L,22,"[None, None, None, 48, 59]","[None, None, None, 31, 37]","[None, None, None, 61, 59]","[None, None, None, 'FLA', 'FLA']"
2011-2012,Keith Aulie,TBL,D,7.7,15.0,15.9,,50.6,61.8,27.0,9.4,0.9,24.9,95.3,1.7,67.4,17.6,57.1,216,199,197,,89.0,90,171,212,232,162,12,230,77,193,101,233,125,178,Third Pair,36.0,483.6166666666667,0.0,3.0,3.0,0.6887189875777551,41.02564102564102,44.857124537925735,8474048,D,78.0,222.0,1989-06-11,CAN,2007.0,4.0,116.0,L,22,"[None, None, None, 9, 13]","[None, None, None, 17, 20]","[None, None, None, 11, 27]","[None, None, None, 'TOR', 'TBL']"
2011-2012,Keith Ballard,VAN,D,26.2,22.7,17.2,,17.4,52.8,48.1,66.5,4.3,80.3,81.1,8.2,79.8,51.9,22.3,173,181,194,,148.0,111,122,79,224,42,45,215,48,113,182,233,125,178,Third Pair,47.0,731.1,1.0,6.0,7.0,2.7223006034260377,47.5,47.012139769110085,8470054,D,71.0,204.0,1982-11-26,USA,2002.0,1.0,11.0,L,28,"[None, None, 26, 22, 30]","[None, None, 33, 12, 36]","[None, None, 10, 20, 24]","[None, None, 'FLA', 'VAN', 'VAN']"
2011-2012,Keith Yandle,PHX,D,91.4,99.1,23.6,3.2,,97.9,97.0,99.6,96.6,79.0,0.4,89.7,86.3,17.2,62.2,21,3,179,122.0,,6,8,2,9,45,233,25,33,194,89,233,125,178,First Pair,82.0,1831.7166666666667,11.0,32.0,43.0,10.250377261905138,53.91304347826087,49.402526598928034,8471735,D,73.0,192.0,1986-09-09,USA,2005.0,4.0,105.0,L,24,"[None, None, 100, 85, 81]","[None, None, 99, 98, 97]","[None, None, 87, 9, 27]","[None, None, 'PHX', 'PHX', 'PHX']"
2011-2012,Kent Huskins,STL,D,43.3,17.2,66.1,,,76.8,88.4,14.2,38.2,56.2,21.5,70.4,98.7,92.7,24.5,133,194,80,,,55,28,201,145,92,184,70,4,18,177,233,125,178,Third Pair,25.0,386.7,2.0,5.0,7.0,0.8603975237564916,65.21739130434783,54.65633724571598,8467478,D,76.0,210.0,1979-05-04,CAN,1998.0,6.0,156.0,L,32,"[None, None, 20, 36, 57]","[None, None, 7, 11, 30]","[None, None, 77, 69, 65]","[None, None, 'SJS', 'SJS', 'STL']"
2011-2012,Kevin Bieksa,VAN,D,30.9,38.6,35.6,11.2,44.9,45.5,77.3,93.6,82.4,49.8,49.4,27.0,83.7,84.5,68.7,162,144,151,112.0,99.0,128,54,16,42,107,119,171,39,37,74,233,125,178,First Pair,78.0,1843.9166666666667,8.0,36.0,44.0,8.399228677456433,53.78151260504202,49.25649794410374,8469598,D,73.0,197.0,1981-06-16,CAN,2001.0,5.0,151.0,R,30,"[None, None, 43, 21, 37]","[None, None, 64, 35, 42]","[None, None, 51, 32, 34]","[None, None, 'VAN', 'VAN', 'VAN']"
2011-2012,Kevin Klein,NSH,D,28.8,8.2,51.9,,19.7,22.7,55.8,74.7,81.5,81.1,43.3,13.3,58.8,18.5,61.4,167,215,113,,144.0,181,104,60,44,40,133,203,97,191,91,233,125,178,Second Pair,66.0,1316.1166666666666,4.0,17.0,21.0,4.376751640330842,44.0,46.066766490369616,8470630,D,73.0,206.0,1984-12-13,CAN,2003.0,2.0,37.0,R,26,"[None, None, 57, 12, 38]","[None, None, 26, 6, 12]","[None, None, 74, 35, 53]","[None, None, 'NSH', 'NSH', 'NSH']"
2011-2012,Kevin Shattenkirk,STL,D,77.3,74.2,86.7,57.6,69.1,31.8,82.8,94.8,97.9,29.2,38.2,93.1,84.1,63.9,43.3,54,61,32,54.0,56.0,160,41,13,6,152,145,17,38,85,133,233,125,178,Second Pair,81.0,1749.6833333333334,9.0,34.0,43.0,9.643121653213083,62.33766233766234,53.87497266429213,8474031,D,72.0,203.0,1989-01-29,USA,2007.0,1.0,14.0,R,22,"[None, None, None, 62, 85]","[None, None, None, 67, 77]","[None, None, None, 75, 89]","[None, None, None, 'STL', 'STL']"
2011-2012,Kimmo Timonen,PHI,D,96.1,73.0,96.6,99.2,53.4,4.3,15.5,57.9,97.0,38.6,33.5,63.1,31.3,72.5,82.0,10,64,9,2.0,84.0,224,198,99,8,133,156,87,161,65,43,233,125,178,Second Pair,76.0,1614.1,4.0,39.0,43.0,5.823454715733683,54.32098765432099,58.44898912047215,8459670,D,70.0,194.0,1975-03-18,FIN,1993.0,10.0,250.0,L,36,"[None, None, 93, 91, 97]","[None, None, 84, 34, 82]","[None, None, 80, 95, 97]","[None, None, 'PHI', 'PHI', 'PHI']"
2011-2012,Kris Letang,PIT,D,88.0,97.0,28.3,15.2,81.5,7.7,63.9,93.1,99.6,68.7,73.0,63.5,88.4,88.8,83.3,29,8,168,107.0,34.0,216,85,17,2,65,64,86,28,27,40,233,125,178,First Pair,51.0,1266.7666666666669,10.0,32.0,42.0,8.305138244871156,62.10526315789474,54.04883751041347,8471724,D,72.0,199.0,1987-04-24,CAN,2005.0,3.0,62.0,R,24,"[None, None, 75, 81, 88]","[None, None, 99, 97, 94]","[None, None, 4, 62, 21]","[None, None, 'PIT', 'PIT', 'PIT']"
2011-2012,Kris Russell,STL,D,81.1,69.1,77.7,21.6,,85.8,94.0,72.1,58.8,82.8,46.4,91.0,62.7,53.6,27.0,45,73,53,99.0,,34,15,66,97,36,126,22,88,109,171,233,125,178,Third Pair,55.0,935.7166666666668,6.0,6.0,12.0,3.4275575833869545,59.64912280701754,55.71179036303001,8471729,D,70.0,170.0,1987-05-02,CAN,2005.0,3.0,67.0,L,24,"[None, None, 76, 63, 87]","[None, None, 50, 55, 76]","[None, None, 80, 65, 79]","[None, None, 'CBJ', 'CBJ', 'STL']"
2011-2012,Kurtis Foster,MIN,D,21.0,31.8,21.9,85.6,,59.7,75.1,88.0,3.9,25.8,39.1,96.6,24.5,25.8,33.0,185,160,183,19.0,,95,59,29,225,160,143,9,177,174,157,233,125,178,Third Pair,51.0,810.5166666666667,4.0,10.0,14.0,3.9308093054362874,42.857142857142854,46.79127789629823,8468520,D,77.0,225.0,1981-11-24,CAN,2000.0,2.0,40.0,R,29,"[None, None, 53, 25, 18]","[None, None, 34, 51, 23]","[None, None, 70, 12, 27]","[None, None, 'TBL', 'EDM', 'MIN']"
2011-2012,Kyle Quincey,DET,D,11.2,48.5,61.4,20.8,33.7,10.3,27.9,80.3,19.3,2.1,51.1,80.3,34.3,57.1,72.5,208,121,91,100.0,119.0,210,169,47,189,213,115,47,154,101,65,233,125,178,Second Pair,72.0,1573.9,7.0,19.0,26.0,8.200343555489207,51.162790697674424,50.94740746067966,8470724,D,74.0,210.0,1985-08-12,CAN,2003.0,4.0,132.0,L,26,"[None, None, 48, 57, 2]","[None, None, 73, 59, 36]","[None, None, 51, 47, 69]","[None, None, 'COL', 'COL', 'DET']"
2011-2012,Ladislav Smid,EDM,D,53.2,43.8,65.7,,11.8,83.7,49.4,7.7,13.7,56.7,76.8,15.9,46.8,4.3,88.8,110,132,81,,158.0,39,119,216,202,91,55,197,125,224,27,233,125,178,Second Pair,78.0,1630.5333333333333,5.0,10.0,15.0,1.9855426388184971,51.45631067961165,48.57720200997188,8471222,D,76.0,210.0,1986-02-01,CZE,2004.0,1.0,9.0,L,25,"[None, None, 73, 27, 68]","[None, None, 39, 38, 53]","[None, None, 62, 53, 73]","[None, None, 'EDM', 'EDM', 'EDM']"
2011-2012,Lubomir Visnovsky,ANA,D,93.6,97.4,45.1,96.0,,99.1,97.4,83.7,78.5,27.5,10.3,33.9,88.0,46.4,84.1,16,7,129,6.0,,3,7,39,51,156,210,155,29,126,38,233,125,178,Second Pair,68.0,1413.6,6.0,21.0,27.0,6.847767347407748,54.65116279069767,49.75187201006593,8468598,D,70.0,192.0,1976-08-11,SVK,2000.0,4.0,118.0,L,35,"[None, None, 95, 99, 72]","[None, None, 93, 100, 88]","[None, None, 20, 24, 62]","[None, None, 'ANA', 'ANA', 'ANA']"
2011-2012,Luca Sbisa,ANA,D,4.7,6.0,7.3,,10.7,55.8,53.2,59.2,67.0,58.4,97.0,62.7,25.8,44.6,19.3,223,220,217,,160.0,104,110,96,78,87,8,88,174,130,189,233,125,178,Third Pair,80.0,1434.35,5.0,19.0,24.0,4.319505710365166,45.55555555555556,47.04958261023544,8474579,D,75.0,206.0,1990-01-30,ITA,2008.0,1.0,19.0,L,21,"[None, None, None, 19, 5]","[None, None, None, 20, 4]","[None, None, None, 7, 11]","[None, None, None, 'ANA', 'ANA']"
2011-2012,Luke Schenn,TOR,D,7.3,37.8,3.0,,61.8,65.7,48.9,46.8,89.3,62.7,98.3,57.9,61.4,26.6,31.8,217,146,227,,69.0,81,120,125,26,78,5,99,91,172,160,233,125,178,Third Pair,79.0,1266.7833333333333,2.0,20.0,22.0,3.3751517697112994,46.90265486725664,44.166507659624656,8474568,D,74.0,225.0,1989-11-02,CAN,2008.0,1.0,5.0,R,21,"[None, None, 46, 39, 3]","[None, None, 52, 39, 39]","[None, None, 7, 11, 1]","[None, None, 'TOR', 'TOR', 'TOR']"
2011-2012,Marc Methot,CBJ,D,19.3,2.6,81.1,,66.9,25.8,13.7,13.7,48.5,20.6,78.1,17.6,19.3,21.0,84.5,189,228,45,,60.0,174,202,202,121,172,52,193,189,185,37,233,125,178,Second Pair,46.0,922.4,1.0,6.0,7.0,1.63074959374957,34.78260869565217,44.32207219740997,8470760,D,76.0,230.0,1985-06-21,CAN,2003.0,6.0,168.0,L,26,"[None, None, 61, 21, 17]","[None, None, 21, 2, 6]","[None, None, 82, 81, 75]","[None, None, 'CBJ', 'CBJ', 'CBJ']"
2011-2012,Marc Staal,NYR,D,34.8,20.6,22.7,,93.8,6.0,28.8,82.8,12.9,64.4,53.2,43.8,30.5,79.8,85.8,153,186,181,,12.0,220,167,41,204,74,110,132,163,48,34,233,125,178,Second Pair,46.0,915.0333333333332,2.0,3.0,5.0,3.450097011623585,44.642857142857146,50.20975555012086,8471686,D,76.0,208.0,1987-01-13,CAN,2005.0,1.0,12.0,L,24,"[None, None, 22, 35, 36]","[None, None, 5, 51, 17]","[None, None, 45, 12, 30]","[None, None, 'NYR', 'NYR', 'NYR']"
2011-2012,Marc-Andre Bergeron,TBL,D,38.6,32.6,38.2,24.0,,80.7,92.3,91.8,91.0,63.1,30.0,100.0,17.2,51.5,25.8,144,158,145,96.0,,46,19,20,22,77,164,1,194,114,174,233,125,178,Second Pair,43.0,832.2166666666667,4.0,20.0,24.0,3.6351784034790335,56.25,47.896156006530305,8469765,D,69.0,190.0,1980-10-13,CAN,,,,L,30,"[None, None, 41, 51, 32]","[None, None, 33, 48, 24]","[None, None, 21, 44, 36]","[None, None, 'MTL', 'TBL', 'TBL']"
2011-2012,Marc-Andre Bourdon,PHI,D,35.2,59.7,48.9,,,91.4,97.9,79.4,1.3,15.5,87.6,11.6,59.7,96.1,53.2,152,95,120,,,21,6,49,231,183,30,207,95,10,110,233,125,178,Third Pair,45.0,728.6,4.0,3.0,7.0,2.2874100700090385,52.72727272727272,50.5073631499384,8474631,D,72.0,206.0,1989-09-17,CAN,2008.0,3.0,67.0,L,21,"[None, None, None, None, 33]","[None, None, None, None, 57]","[None, None, None, None, 48]","[None, None, None, None, 'PHI']"
2011-2012,Marc-Andre Gragnani,VAN,D,9.9,45.9,14.2,16.8,,51.9,25.3,12.9,28.8,9.9,9.0,99.1,90.6,36.1,15.0,211,127,201,105.0,,113,175,204,167,195,213,3,23,150,199,233,125,178,Third Pair,58.0,936.3166666666668,2.0,13.0,15.0,2.0185672888245465,58.490566037735846,48.53079725499671,8471752,D,75.0,205.0,1987-03-11,CAN,2005.0,3.0,87.0,L,24,"[None, None, None, None, 12]","[None, None, None, None, 46]","[None, None, None, None, 18]","[None, None, None, None, 'VAN']"
2011-2012,Marc-Edouard Vlasic,SJS,D,94.0,81.1,97.9,,2.2,3.0,52.4,83.3,54.9,91.8,14.2,16.3,52.4,96.6,70.8,15,45,6,,175.0,227,112,40,106,17,201,196,112,9,69,233,125,178,First Pair,82.0,1898.9166666666667,4.0,19.0,23.0,6.762361026003979,54.054054054054056,54.75637608218141,8471709,D,73.0,205.0,1987-03-30,CAN,2005.0,2.0,35.0,L,24,"[None, None, 92, 88, 94]","[None, None, 91, 90, 56]","[None, None, 78, 84, 99]","[None, None, 'SJS', 'SJS', 'SJS']"
2011-2012,Marco Scandella,MIN,D,27.0,7.3,21.5,54.4,74.7,15.5,14.6,31.8,2.6,89.1,16.7,21.9,4.7,28.8,90.1,171,217,184,58.0,46.0,198,200,160,228,23,195,183,223,167,24,233,125,178,Second Pair,63.0,1372.2833333333333,3.0,9.0,12.0,3.9831244257693714,33.33333333333333,45.56073880897591,8474618,D,75.0,212.0,1990-02-23,CAN,2008.0,2.0,55.0,L,21,"[None, None, None, None, 27]","[None, None, None, None, 9]","[None, None, None, None, 25]","[None, None, None, None, 'MIN']"
2011-2012,Marek Zidlicky,NJD,D,45.5,52.8,70.8,2.4,,33.0,45.9,38.6,92.7,33.9,26.2,47.6,44.2,12.0,64.4,128,111,69,123.0,,157,127,144,18,143,173,123,131,206,84,233,125,178,Second Pair,63.0,1343.8333333333333,2.0,20.0,22.0,4.220253373298989,49.275362318840585,54.273036326993264,8469623,D,71.0,190.0,1977-02-03,CZE,2001.0,6.0,176.0,R,34,"[None, None, 59, 25, 60]","[None, None, 15, 24, 79]","[None, None, 93, 40, 76]","[None, None, 'MIN', 'MIN', 'NJD']"
2011-2012,Mark Eaton,NYI,D,65.7,28.3,72.1,,67.4,20.6,5.2,46.4,9.4,79.4,29.2,15.0,9.0,20.2,65.7,81,168,66,,59.0,186,222,126,212,44,166,199,213,187,81,233,125,178,Third Pair,62.0,995.1333333333332,1.0,3.0,4.0,2.1263946315394713,34.92063492063492,46.652021637805866,8467580,D,73.0,215.0,1977-05-06,USA,,,,L,34,"[None, None, 83, 80, 44]","[None, None, 18, 19, 40]","[None, None, 98, 79, 57]","[None, None, 'PIT', 'NYI', 'NYI']"
2011-2012,Mark Fayne,NJD,D,63.9,6.9,94.8,12.8,62.4,89.7,73.0,28.8,18.5,41.2,36.9,21.0,50.6,89.7,70.0,85,218,13,110.0,68.0,25,64,167,191,127,148,185,116,25,71,233,125,178,Second Pair,82.0,1655.5333333333333,4.0,13.0,17.0,3.464074840729854,49.03846153846153,50.86918287856149,8471816,D,75.0,209.0,1987-05-15,USA,2005.0,5.0,155.0,R,24,"[None, None, None, 75, 51]","[None, None, None, 22, 3]","[None, None, None, 84, 95]","[None, None, None, 'NJD', 'NJD']"
2011-2012,Mark Fistric,DAL,D,39.5,4.7,84.1,,41.0,47.2,16.3,2.6,1.7,48.1,100.0,42.5,62.2,27.9,30.9,142,223,38,,106.0,124,196,228,230,111,1,135,89,169,162,233,125,178,Third Pair,60.0,990.5833333333334,0.0,2.0,2.0,1.039548052724026,46.808510638297875,49.53916437172844,8471241,D,74.0,225.0,1986-06-01,CAN,2004.0,1.0,28.0,L,25,"[None, None, 61, 37, 40]","[None, None, 29, 8, 5]","[None, None, 83, 70, 86]","[None, None, 'DAL', 'DAL', 'DAL']"
2011-2012,Mark Flood,WPG,D,48.5,62.7,34.3,46.4,52.2,63.9,93.6,97.9,21.9,60.3,3.9,51.9,41.6,51.1,3.0,121,88,154,68.0,86.0,85,16,6,183,83,225,113,137,115,227,233,125,178,Third Pair,33.0,506.5,3.0,4.0,7.0,2.4483168468501644,48.0,51.29583578169641,8470780,D,73.0,195.0,1984-09-29,CAN,2003.0,6.0,188.0,R,26,"[None, None, None, None, 46]","[None, None, None, None, 61]","[None, None, None, None, 35]","[None, None, None, None, 'WPG']"
2011-2012,Mark Giordano,CGY,D,95.3,59.2,100.0,84.8,87.1,28.3,68.7,75.1,63.9,28.3,67.0,51.5,60.9,12.4,68.2,12,96,1,20.0,24.0,168,74,59,85,154,78,114,92,205,75,233,125,178,First Pair,61.0,1404.2333333333331,9.0,18.0,27.0,5.867643428608016,51.28205128205128,49.408376461191146,8470966,D,72.0,202.0,1983-10-03,CAN,,,,L,27,"[None, None, 98, 97, 91]","[None, None, 33, 76, 48]","[None, None, 100, 100, 98]","[None, None, 'CGY', 'CGY', 'CGY']"
2011-2012,Mark Streit,NYI,D,93.1,99.6,44.6,97.6,,0.9,19.7,87.6,96.1,22.7,31.3,64.8,12.9,32.2,77.3,17,2,130,4.0,,232,188,30,10,167,161,83,204,159,54,233,125,178,First Pair,82.0,1917.0666666666664,7.0,40.0,47.0,8.895575581693688,45.76271186440678,50.9136698101273,8468309,D,71.0,186.0,1977-12-11,CHE,2004.0,9.0,262.0,L,33,"[None, None, 82, None, 94]","[None, None, 97, None, 100]","[None, None, 22, None, 51]","[None, None, 'NYI', None, 'NYI']"
2011-2012,Mark Stuart,WPG,D,8.6,15.9,9.9,,29.2,23.2,32.2,41.6,35.2,47.6,91.0,58.4,24.9,52.4,14.6,214,197,211,,127.0,180,159,137,152,112,22,98,176,112,200,233,125,178,Third Pair,80.0,1376.15,3.0,11.0,14.0,2.697660333686006,42.857142857142854,47.02565640005123,8470614,D,74.0,215.0,1984-04-27,USA,2003.0,1.0,21.0,L,27,"[None, None, 13, 55, 3]","[None, None, 10, 45, 12]","[None, None, 35, 22, 6]","[None, None, 'BOS', 'ATL', 'WPG']"
2011-2012,Matt Carkner,OTT,D,47.6,57.9,76.0,,55.6,56.2,54.9,19.3,11.6,12.9,93.1,32.6,50.2,38.6,8.2,123,99,57,,80.0,103,106,189,207,188,17,158,117,144,215,233,125,178,Fringe,29.0,345.35,1.0,2.0,3.0,0.5648862650245257,50.0,41.82271540743825,8467931,D,77.0,229.0,1980-11-03,CAN,1999.0,2.0,58.0,R,30,"[None, None, 59, 49, 45]","[None, None, 46, 80, 34]","[None, None, 93, 77, 68]","[None, None, 'OTT', 'OTT', 'OTT']"
2011-2012,Matt Carle,PHI,D,97.0,97.9,87.6,88.8,92.7,0.4,14.2,76.8,98.7,53.2,19.7,28.8,81.5,75.1,60.9,8,6,30,15.0,14.0,233,201,55,4,99,188,167,44,59,92,233,125,178,First Pair,82.0,1887.6833333333336,4.0,34.0,38.0,7.53972458986479,52.13675213675214,54.203867970971544,8470640,D,72.0,197.0,1984-09-25,USA,2003.0,2.0,47.0,L,26,"[None, None, 96, 94, 98]","[None, None, 95, 97, 96]","[None, None, 67, 68, 94]","[None, None, 'PHI', 'PHI', 'PHI']"
2011-2012,Matt Gilroy,OTT,D,63.5,89.7,10.7,,45.5,76.0,80.7,81.1,80.3,57.9,37.8,76.4,74.7,54.9,16.3,86,25,209,,98.0,57,46,45,47,88,146,56,60,106,196,233,125,178,Third Pair,67.0,1172.9666666666667,3.0,17.0,20.0,3.040182516561651,53.333333333333336,49.2102422797073,8475118,D,73.0,199.0,1984-07-20,USA,,,,R,27,"[None, None, 84, 69, 54]","[None, None, 92, 91, 87]","[None, None, 11, 12, 15]","[None, None, 'NYR', 'NYR', 'OTT']"
2011-2012,Matt Greene,LAK,D,51.5,14.2,92.7,,92.1,90.1,67.4,24.0,57.9,4.7,98.7,52.4,23.6,70.4,19.7,114,201,18,,15.0,24,77,178,99,207,4,112,179,70,188,233,125,178,Third Pair,82.0,1367.15,4.0,11.0,15.0,2.515222542443441,47.69230769230769,53.17485298877504,8470121,D,75.0,236.0,1983-05-13,USA,2002.0,2.0,44.0,R,28,"[None, None, 25, 26, 76]","[None, None, 11, 14, 20]","[None, None, 92, 86, 93]","[None, None, 'LAK', 'LAK', 'LAK']"
2011-2012,Matt Hunwick,COL,D,6.4,22.3,6.0,32.0,23.0,34.3,86.7,89.7,15.9,54.9,18.9,83.3,13.7,57.9,12.0,219,182,220,86.0,138.0,154,32,25,197,95,190,40,202,99,206,233,125,178,Second Pair,33.0,595.9333333333334,3.0,3.0,6.0,2.3737831965392937,42.857142857142854,51.0084541198595,8471436,D,71.0,194.0,1985-05-21,USA,2004.0,7.0,224.0,L,26,"[None, None, 1, 4, 23]","[None, None, 24, 9, 43]","[None, None, 3, 5, 14]","[None, None, 'BOS', 'COL', 'COL']"
2011-2012,Matt Niskanen,PIT,D,63.1,46.4,91.0,72.0,,8.6,20.6,56.2,19.7,9.0,87.1,87.6,59.2,69.1,26.2,87,126,22,36.0,,214,186,103,188,197,31,30,96,73,173,233,125,178,Third Pair,75.0,1345.4166666666667,4.0,17.0,21.0,5.601842729364909,56.666666666666664,54.84446571614934,8471702,D,73.0,203.0,1986-12-06,USA,2005.0,1.0,28.0,R,24,"[None, None, 88, 43, 65]","[None, None, 47, 16, 70]","[None, None, 97, 92, 87]","[None, None, 'DAL', 'PIT', 'PIT']"
2011-2012,Matt Taormina,NJD,D,72.5,42.5,60.5,,,66.1,88.8,60.1,46.8,97.4,10.7,94.4,40.8,83.7,57.9,65,135,93,,,80,27,94,125,7,209,14,139,39,99,233,125,178,Third Pair,30.0,496.03333333333336,1.0,6.0,7.0,1.0872864580105834,62.96296296296296,53.5620823884644,8475060,D,70.0,188.0,1986-10-20,USA,,,,L,24,"[None, None, None, 78, 73]","[None, None, None, 50, 45]","[None, None, None, 58, 65]","[None, None, None, 'NJD', 'NJD']"
2011-2012,Michael Del Zotto,NYR,D,48.1,94.0,2.6,93.6,53.9,93.6,87.1,90.6,43.8,39.5,73.4,71.2,74.2,83.3,28.8,122,15,228,9.0,83.0,16,31,23,132,131,63,68,61,40,167,233,125,178,First Pair,77.0,1727.7333333333331,10.0,31.0,41.0,7.77345555402157,57.14285714285714,51.72799467976655,8474584,D,72.0,195.0,1990-06-24,CAN,2008.0,1.0,20.0,L,21,"[None, None, 69, 52, 42]","[None, None, 93, 86, 91]","[None, None, 2, 6, 2]","[None, None, 'NYR', 'NYR', 'NYR']"
2011-2012,Michael Sauer,NYR,D,72.1,49.4,86.3,,43.3,27.5,60.5,73.0,47.6,54.5,49.8,29.2,100.0,81.5,21.0,66,119,33,,102.0,170,93,64,123,96,118,166,1,44,185,233,125,178,Second Pair,19.0,355.9166666666667,1.0,2.0,3.0,1.0766602959813316,69.56521739130434,53.140970150134194,8471714,D,75.0,213.0,1987-08-07,USA,2005.0,2.0,40.0,R,24,"[None, None, None, 79, 67]","[None, None, None, 54, 49]","[None, None, None, 96, 69]","[None, None, None, 'NYR', 'NYR']"
2011-2012,Michal Rozsival,PHX,D,79.8,88.0,82.8,,76.4,64.8,44.2,21.5,76.4,13.3,76.0,31.8,91.0,54.5,76.8,48,29,41,,43.0,83,131,184,56,187,57,160,22,107,55,233,125,178,Second Pair,54.0,1043.7833333333333,1.0,12.0,13.0,1.9297875986177901,54.6875,51.4142084016496,8465058,D,73.0,210.0,1978-09-03,CZE,1996.0,4.0,105.0,R,32,"[None, None, 29, 91, 67]","[None, None, 69, 95, 81]","[None, None, 73, 89, 76]","[None, None, 'NYR', 'PHX', 'PHX']"
2011-2012,Mike Commodore,TBL,D,13.3,27.0,29.2,,57.3,56.7,62.7,53.2,9.0,16.3,86.7,25.8,53.2,44.2,22.7,203,171,166,,77.0,102,88,110,213,182,32,174,110,131,181,233,125,178,Fringe,31.0,378.0833333333333,0.0,2.0,2.0,0.6912167124153963,66.66666666666666,52.69012713851762,8467915,D,76.0,227.0,1979-11-07,CAN,1999.0,2.0,42.0,R,31,"[None, None, 2, 15, 24]","[None, None, 14, 36, 27]","[None, None, 11, 30, 38]","[None, None, 'CBJ', 'CBJ', 'TBL']"
2011-2012,Mike Green,WSH,D,66.1,71.2,15.0,92.8,40.4,38.2,39.5,96.1,53.2,74.7,52.8,79.0,88.8,68.7,15.5,80,68,199,10.0,107.0,145,142,10,110,51,111,50,27,74,198,233,125,178,Second Pair,32.0,673.3833333333333,3.0,4.0,7.0,3.9216389485927885,57.14285714285714,51.200625130200685,8471242,D,73.0,210.0,1985-10-12,CAN,2004.0,1.0,29.0,R,25,"[None, None, 91, 72, 50]","[None, None, 76, 60, 74]","[None, None, 11, 21, 19]","[None, None, 'WSH', 'WSH', 'WSH']"
2011-2012,Mike Komisarek,TOR,D,21.5,27.5,53.2,,22.5,34.8,18.5,22.3,36.5,24.0,94.0,6.4,6.4,42.1,36.5,184,170,110,,139.0,153,191,182,149,164,15,219,219,136,149,233,125,178,Third Pair,45.0,749.5333333333333,1.0,4.0,5.0,0.8619240779795817,38.59649122807017,47.21204943348099,8469460,D,76.0,235.0,1982-01-19,USA,2001.0,1.0,7.0,R,29,"[None, None, 74, 7, 28]","[None, None, 71, 36, 19]","[None, None, 71, 27, 63]","[None, None, 'TOR', 'TOR', 'TOR']"
2011-2012,Mike Lundin,MIN,D,56.7,12.4,72.5,,28.7,48.1,10.7,25.8,14.2,86.3,5.2,0.4,33.9,49.8,52.4,102,205,65,,128.0,122,209,174,201,29,222,233,155,118,112,233,125,178,Second Pair,17.0,343.51666666666665,0.0,2.0,2.0,0.5926149018886492,42.10526315789473,51.684427549915824,8471314,D,74.0,190.0,1984-09-24,USA,2004.0,4.0,102.0,L,26,"[None, None, 66, 38, 64]","[None, None, 12, 2, 36]","[None, None, 88, 78, 66]","[None, None, 'TBL', 'TBL', 'MIN']"
2011-2012,Mike Mottau,BOS,D,62.7,35.2,59.7,,88.2,45.1,4.3,28.3,7.3,66.5,52.4,55.8,0.9,29.2,32.6,88,152,95,,22.0,129,224,168,217,70,112,104,232,166,158,233,125,178,Third Pair,35.0,492.85,0.0,2.0,2.0,0.8308839749892505,38.23529411764706,45.085203831688894,8466309,D,72.0,195.0,1978-03-19,USA,1997.0,7.0,182.0,L,33,"[None, None, 94, 58, 48]","[None, None, 59, 39, 33]","[None, None, 96, 50, 54]","[None, None, 'NJD', 'NYI', 'BOS']"
2011-2012,Mike Weaver,FLA,D,90.6,29.6,85.8,,88.8,24.5,8.6,3.0,42.5,99.6,58.8,3.0,51.9,26.2,77.7,23,165,34,,21.0,177,214,227,135,2,97,227,113,173,53,233,125,178,Second Pair,82.0,1666.8833333333332,0.0,16.0,16.0,2.0792671831373855,46.15384615384615,46.32372339760058,8468478,D,70.0,186.0,1978-05-02,CAN,,,,R,33,"[None, None, 79, 96, 80]","[None, None, 63, 74, 11]","[None, None, 60, 86, 85]","[None, None, 'STL', 'FLA', 'FLA']"
2011-2012,Mike Weber,BUF,D,25.3,23.6,69.5,,74.2,43.3,31.8,35.6,27.0,8.6,90.6,35.6,9.9,35.2,51.5,175,179,72,,47.0,133,160,151,171,198,23,151,211,152,114,233,125,178,Second Pair,51.0,947.35,1.0,4.0,5.0,1.839718065700167,32.142857142857146,43.842563602535904,8473426,D,74.0,217.0,1987-12-16,USA,2006.0,2.0,57.0,L,23,"[None, None, None, 29, 26]","[None, None, None, 38, 18]","[None, None, None, 75, 67]","[None, None, None, 'BUF', 'BUF']"
2011-2012,Milan Jurcina,NYI,D,9.4,51.9,6.9,53.6,70.2,4.7,37.3,80.7,64.4,25.3,88.8,56.7,5.2,52.8,48.5,212,113,218,59.0,54.0,223,147,46,84,161,27,102,222,111,121,233,125,178,Second Pair,65.0,1220.5,3.0,8.0,11.0,5.281018085796884,32.142857142857146,45.53537813843172,8469684,D,76.0,253.0,1983-06-07,SVK,2001.0,8.0,241.0,R,28,"[None, None, 63, 17, 7]","[None, None, 77, 54, 48]","[None, None, 57, 9, 3]","[None, None, 'CBJ', 'NYI', 'NYI']"
2011-2012,Nate Prosser,MIN,D,24.9,33.5,40.8,44.0,73.6,57.9,22.7,1.3,41.2,24.5,51.9,5.6,6.0,7.7,43.8,176,156,139,71.0,48.0,99,181,231,138,163,113,221,220,216,132,233,125,178,Second Pair,51.0,981.6166666666668,1.0,11.0,12.0,1.7679036493480487,36.84210526315789,41.9736536291452,8475613,D,74.0,201.0,1986-05-07,USA,,,,R,25,"[None, None, None, None, 25]","[None, None, None, None, 33]","[None, None, None, None, 39]","[None, None, None, None, 'MIN']"
2011-2012,Nick Leddy,CHI,D,39.1,25.8,37.8,55.2,16.3,61.4,82.4,39.9,47.2,82.4,15.0,81.5,13.3,99.6,36.1,143,174,146,57.0,150.0,91,42,141,124,37,199,44,203,2,150,233,125,178,First Pair,82.0,1810.7666666666669,3.0,34.0,37.0,4.44581873046191,47.15447154471545,51.219614051981544,8475181,D,72.0,205.0,1991-03-20,USA,2009.0,1.0,16.0,L,20,"[None, None, None, 62, 27]","[None, None, None, 44, 19]","[None, None, None, 39, 36]","[None, None, None, 'CHI', 'CHI']"
2011-2012,Nick Schultz,EDM,D,8.2,15.5,47.6,,77.5,16.3,12.0,15.9,31.3,5.6,44.2,10.3,54.9,37.8,65.2,215,198,123,,41.0,196,206,197,161,205,131,210,106,146,82,233,125,178,Second Pair,82.0,1616.0666666666666,1.0,6.0,7.0,3.1434325977062527,42.64705882352941,48.30755090131127,8468513,D,73.0,203.0,1982-08-25,CAN,2000.0,2.0,33.0,L,29,"[None, None, 44, 17, 7]","[None, None, 4, 33, 15]","[None, None, 92, 25, 41]","[None, None, 'MIN', 'MIN', 'EDM']"
2011-2012,Nicklas Grossmann,PHI,D,16.3,3.0,63.9,,32.6,18.0,4.7,1.7,39.5,39.1,91.8,4.3,64.4,45.5,97.4,196,227,85,,121.0,192,223,230,142,132,20,224,84,128,7,233,125,178,Second Pair,74.0,1392.35,0.0,11.0,11.0,1.6383246184579088,46.51162790697674,44.56148615891297,8471269,D,76.0,230.0,1985-01-22,SWE,2004.0,2.0,56.0,L,26,"[None, None, 17, 41, 12]","[None, None, 8, 13, 2]","[None, None, 56, 67, 67]","[None, None, 'DAL', 'DAL', 'PHI']"
2011-2012,Nicklas Lidstrom,DET,D,96.6,94.8,79.4,98.4,66.3,94.8,85.4,63.1,35.6,22.3,0.9,85.0,77.7,98.3,98.7,9,13,49,3.0,61.0,13,35,87,151,168,232,36,53,5,4,233,125,178,First Pair,70.0,1663.95,11.0,23.0,34.0,8.310267555156024,61.702127659574465,56.960360467683024,8457063,D,73.0,192.0,1970-04-28,SWE,1989.0,3.0,53.0,L,41,"[None, None, 96, 93, 96]","[None, None, 91, 84, 95]","[None, None, 87, 68, 81]","[None, None, 'DET', 'DET', 'DET']"
2011-2012,Nikita Nikitin,CBJ,D,79.4,38.2,74.2,81.6,79.8,85.0,69.5,42.9,53.6,78.5,22.7,36.5,21.9,62.7,82.8,49,145,61,24.0,37.0,36,72,134,109,46,181,149,183,88,41,233,125,178,First Pair,61.0,1415.0166666666669,7.0,25.0,32.0,6.033452793188285,47.05882352941176,53.91562926180892,8471348,D,76.0,217.0,1986-06-16,RUS,2004.0,5.0,136.0,L,25,"[None, None, None, 53, 90]","[None, None, None, 25, 57]","[None, None, None, 51, 83]","[None, None, None, 'STL', 'CBJ']"
2011-2012,Niklas Hjalmarsson,CHI,D,91.0,19.7,99.1,,59.6,50.6,27.5,10.3,54.5,70.4,35.2,53.2,45.5,94.4,54.5,22,188,3,,73.0,116,170,210,107,61,152,110,128,14,107,233,125,178,Second Pair,69.0,1392.4,1.0,14.0,15.0,1.9050539546257677,52.4390243902439,52.685219384836614,8471769,D,75.0,197.0,1987-06-06,SWE,2005.0,4.0,108.0,L,24,"[None, None, 93, 90, 85]","[None, None, 74, 23, 16]","[None, None, 95, 98, 98]","[None, None, 'CHI', 'CHI', 'CHI']"
2011-2012,Niklas Kronwall,DET,D,97.4,90.1,88.8,82.4,98.9,96.6,95.7,94.4,29.2,43.8,46.8,79.8,39.1,72.1,56.7,7,24,27,23.0,3.0,9,11,14,166,121,125,48,143,66,102,233,125,178,First Pair,82.0,1874.9833333333331,15.0,21.0,36.0,8.489833539887407,53.63636363636364,53.50573759217592,8468509,D,72.0,194.0,1981-01-12,SWE,2000.0,1.0,29.0,L,30,"[None, None, 85, 98, 97]","[None, None, 69, 96, 86]","[None, None, 75, 90, 89]","[None, None, 'DET', 'DET', 'DET']"
2011-2012,Oliver Ekman-Larsson,PHX,D,77.7,73.4,62.7,25.6,36.0,98.7,92.7,88.4,66.1,71.2,59.7,45.1,78.5,57.5,47.2,53,63,88,94.0,115.0,4,18,28,80,59,95,129,51,100,124,233,125,178,First Pair,82.0,1813.0,13.0,19.0,32.0,8.47806393466165,52.47524752475248,49.32743430059259,8475171,D,74.0,190.0,1991-07-17,SWE,2009.0,1.0,6.0,L,20,"[None, None, None, 61, 86]","[None, None, None, 65, 77]","[None, None, None, 46, 71]","[None, None, None, 'PHX', 'PHX']"
2011-2012,P.K. Subban,MTL,D,87.6,65.2,95.3,83.2,80.3,14.2,39.1,52.8,81.1,33.0,40.8,20.6,76.8,41.2,75.5,30,82,12,22.0,36.0,201,143,111,45,145,139,186,55,138,58,233,125,178,First Pair,81.0,1968.4666666666667,7.0,29.0,36.0,9.491774617361134,59.61538461538461,50.016590130178805,8474056,D,72.0,210.0,1989-05-13,CAN,2007.0,2.0,43.0,R,22,"[None, None, None, 84, 80]","[None, None, None, 84, 24]","[None, None, None, 79, 96]","[None, None, None, 'MTL', 'MTL']"
2011-2012,Paul Martin,PIT,D,94.8,93.1,82.0,39.2,96.6,6.4,18.0,47.6,76.8,87.1,5.6,82.0,15.9,79.4,58.8,13,17,43,77.0,7.0,219,192,123,55,27,221,43,197,49,97,233,125,178,First Pair,73.0,1679.1666666666667,2.0,25.0,27.0,4.47222041919032,50.0,54.665184697619566,8468542,D,73.0,200.0,1981-03-05,USA,2000.0,2.0,62.0,L,30,"[None, None, 85, 95, 95]","[None, None, 46, 85, 94]","[None, None, 71, 87, 74]","[None, None, 'NJD', 'PIT', 'PIT']"
2011-2012,Pavel Kubina,PHI,D,31.8,70.8,68.2,5.6,20.2,82.4,61.4,30.0,65.2,6.9,69.5,24.9,39.9,55.8,40.3,160,69,75,119.0,143.0,42,91,164,82,202,72,176,141,104,140,233,125,178,Second Pair,69.0,1329.7166666666667,3.0,12.0,15.0,2.8956024874734227,47.0,47.52984925650948,8465210,D,76.0,258.0,1977-04-15,CZE,1996.0,7.0,179.0,R,34,"[None, None, 12, 70, 18]","[None, None, 86, 73, 55]","[None, None, 15, 90, 57]","[None, None, 'ATL', 'TBL', 'PHI']"
2011-2012,Philip Larsen,DAL,D,52.8,53.6,45.9,16.0,,19.7,17.6,40.3,45.1,76.0,61.8,69.1,85.4,80.3,33.5,111,109,127,106.0,,188,193,140,129,50,90,73,35,47,156,233,125,178,Third Pair,55.0,987.55,3.0,8.0,11.0,2.7647283281000368,53.62318840579711,52.28508104781769,8474707,D,73.0,185.0,1989-12-07,DNK,2008.0,5.0,149.0,R,21,"[None, None, None, None, 51]","[None, None, None, None, 53]","[None, None, None, None, 43]","[None, None, None, None, 'DAL']"
2011-2012,Randy Jones,WPG,D,73.0,82.8,49.4,,65.2,51.1,43.8,30.5,27.5,72.1,23.2,62.2,54.5,61.4,4.7,64,41,119,,63.0,115,132,163,170,57,180,89,107,91,223,233,125,178,Third Pair,39.0,577.7666666666667,1.0,1.0,2.0,1.0010469755708433,55.55555555555556,49.67238919023767,8470905,D,74.0,210.0,1981-07-23,CAN,,,,L,30,"[None, None, 31, 87, 66]","[None, None, 68, 94, 66]","[None, None, 25, 53, 48]","[None, None, 'LAK', 'TBL', 'WPG']"
2011-2012,Raphael Diaz,MTL,D,48.9,60.5,53.6,28.8,64.0,88.8,80.3,17.2,13.3,31.3,13.7,7.3,32.2,11.2,51.9,120,93,109,90.0,65.0,27,47,194,203,148,202,217,159,208,113,233,125,178,Second Pair,59.0,1062.2666666666669,3.0,13.0,16.0,2.475049416924556,44.44444444444444,46.07838099218217,8476244,D,71.0,197.0,1986-01-09,CHE,,,,R,25,"[None, None, None, None, 47]","[None, None, None, None, 58]","[None, None, None, None, 56]","[None, None, None, None, 'MTL']"
2011-2012,Rob Scuderi,LAK,D,68.7,67.8,70.0,,43.8,48.9,12.4,0.4,32.6,52.4,12.9,34.8,38.6,91.4,88.0,74,76,71,,101.0,120,205,233,158,101,204,153,144,21,29,233,125,178,Second Pair,82.0,1690.05,1.0,8.0,9.0,1.772848622678039,46.15384615384615,51.08518317937908,8467452,D,73.0,216.0,1978-12-30,USA,1998.0,5.0,134.0,L,32,"[None, None, 79, 74, 60]","[None, None, 80, 40, 75]","[None, None, 58, 80, 63]","[None, None, 'LAK', 'LAK', 'LAK']"
2011-2012,Robyn Regehr,BUF,D,6.9,1.3,88.0,,9.6,28.8,13.3,7.3,10.7,17.2,83.3,27.5,39.5,63.1,91.8,218,231,29,,162.0,167,203,217,209,180,40,170,142,87,20,233,125,178,Second Pair,76.0,1415.55,1.0,4.0,5.0,1.8376653655461368,43.28358208955223,45.563928781112786,8467344,D,75.0,222.0,1980-04-19,BRA,1998.0,1.0,19.0,L,31,"[None, None, 7, 20, 8]","[None, None, 6, 0, 0]","[None, None, 68, 94, 82]","[None, None, 'CGY', 'CGY', 'BUF']"
2011-2012,Roman Hamrlik,WSH,D,24.5,18.5,76.8,,42.7,24.0,35.2,36.5,49.4,5.2,17.2,40.8,81.1,42.5,34.3,177,191,55,,103.0,178,152,149,119,206,194,139,45,135,154,233,125,178,Second Pair,68.0,1306.8333333333333,2.0,11.0,13.0,2.8197514628812455,55.91397849462365,51.53380847920802,8458938,D,74.0,206.0,1974-04-12,CZE,1992.0,1.0,1.0,L,37,"[None, None, 11, 19, 36]","[None, None, 3, 27, 21]","[None, None, 81, 72, 77]","[None, None, 'MTL', 'MTL', 'WSH']"
2011-2012,Roman Josi,NSH,D,54.9,50.6,51.1,37.6,59.0,89.3,94.8,78.5,38.6,60.3,18.5,3.4,94.4,18.9,76.0,106,116,115,79.0,74.0,26,13,51,144,83,191,226,14,190,57,233,125,178,Second Pair,52.0,956.3166666666668,5.0,11.0,16.0,3.858727914029729,50.0,48.38701049386891,8474600,D,73.0,201.0,1990-06-01,CHE,2008.0,2.0,38.0,L,21,"[None, None, None, None, 53]","[None, None, None, None, 50]","[None, None, None, None, 49]","[None, None, None, None, 'NSH']"
2011-2012,Roman Polak,STL,D,20.6,26.6,64.8,,13.5,3.4,29.6,67.0,25.3,18.9,82.0,11.2,35.2,64.8,63.1,186,172,83,,155.0,226,165,78,175,176,43,208,152,83,87,233,125,178,Second Pair,77.0,1452.7166666666667,0.0,11.0,11.0,4.005434573994619,50.0,53.25393877849,8471392,D,74.0,240.0,1986-04-28,CZE,2004.0,6.0,180.0,R,25,"[None, None, 56, 16, 22]","[None, None, 16, 34, 25]","[None, None, 96, 23, 74]","[None, None, 'STL', 'STL', 'STL']"
2011-2012,Ron Hainsey,WPG,D,27.9,26.2,67.4,,14.6,12.0,10.3,36.9,67.8,23.6,9.9,26.2,73.4,24.5,42.5,169,173,77,,153.0,206,210,148,76,165,211,173,63,177,135,233,125,178,Second Pair,56.0,1181.4833333333331,0.0,10.0,10.0,2.7585074998896215,54.054054054054056,51.12272193348291,8468493,D,75.0,201.0,1981-03-24,USA,2000.0,1.0,13.0,L,30,"[None, None, 22, 27, 32]","[None, None, 13, 21, 39]","[None, None, 72, 63, 71]","[None, None, 'ATL', 'ATL', 'WPG']"
2011-2012,Rostislav Klesla,PHX,D,15.9,42.9,12.0,,5.1,39.5,73.8,79.8,30.9,50.2,72.5,9.0,82.4,33.9,97.9,197,134,206,,170.0,142,62,48,162,106,65,213,42,155,6,233,125,178,Second Pair,65.0,1258.3,3.0,10.0,13.0,3.938378627887513,55.00000000000001,47.1321074337414,8468484,D,75.0,215.0,1982-03-21,CZE,2000.0,1.0,4.0,L,29,"[None, None, 28, 12, 21]","[None, None, 22, 21, 68]","[None, None, 55, 32, 7]","[None, None, 'CBJ', 'PHX', 'PHX']"
2011-2012,Ryan Ellis,NSH,D,71.7,57.5,54.9,36.8,,57.5,57.1,41.2,99.1,93.1,63.9,96.1,98.3,3.9,2.6,67,100,106,80.0,,100,101,138,3,15,85,10,5,225,228,233,125,178,Third Pair,32.0,474.48333333333335,3.0,8.0,11.0,1.642734098953381,58.06451612903226,49.03197881009584,8475176,D,70.0,180.0,1991-01-03,CAN,2009.0,1.0,11.0,R,20,"[None, None, None, None, 73]","[None, None, None, None, 55]","[None, None, None, None, 57]","[None, None, None, None, 'NSH']"
2011-2012,Ryan McDonagh,NYR,D,91.8,95.7,75.1,,79.2,63.1,62.2,76.4,77.7,36.9,27.9,21.5,92.7,85.0,95.7,20,11,59,,38.0,87,89,56,53,136,169,184,18,36,11,233,125,178,First Pair,82.0,2028.6833333333336,7.0,25.0,32.0,8.153449250886874,55.35714285714286,53.12820989554245,8474151,D,73.0,216.0,1989-06-13,USA,2007.0,1.0,12.0,L,22,"[None, None, None, 76, 94]","[None, None, None, 79, 99]","[None, None, None, 49, 84]","[None, None, None, 'NYR', 'NYR']"
2011-2012,Ryan O'Byrne,COL,D,3.0,3.4,57.5,,93.3,19.3,9.0,11.2,17.2,0.9,88.0,0.9,43.3,35.6,74.7,227,226,100,,13.0,189,213,208,194,216,29,232,133,151,60,233,125,178,Second Pair,74.0,1395.2333333333331,1.0,6.0,7.0,2.105445930764089,47.22222222222222,44.35761746618404,8470672,D,77.0,234.0,1984-07-19,CAN,2003.0,3.0,79.0,R,27,"[None, None, 15, 6, 5]","[None, None, 22, 6, 2]","[None, None, 37, 76, 47]","[None, None, 'MTL', 'COL', 'COL']"
2011-2012,Ryan Suter,NSH,D,90.1,72.1,97.0,87.2,71.9,9.4,40.8,67.8,51.9,17.6,1.3,24.0,82.8,66.1,99.1,24,66,8,17.0,51.0,212,139,76,113,179,231,178,41,80,3,233,125,178,First Pair,79.0,2093.9166666666665,7.0,39.0,46.0,8.563750039559373,52.77777777777778,49.838831047238905,8470600,D,73.0,201.0,1985-01-21,USA,2003.0,1.0,7.0,L,26,"[None, None, 67, 88, 84]","[None, None, 52, 88, 47]","[None, None, 95, 96, 95]","[None, None, 'NSH', 'NSH', 'NSH']"
2011-2012,Ryan Whitney,EDM,D,21.9,69.5,8.6,56.0,20.8,30.0,3.9,15.5,97.4,43.3,6.4,48.5,93.6,1.7,71.2,183,72,214,56.0,142.0,164,225,198,7,122,219,121,16,230,68,233,125,178,Second Pair,51.0,1069.1166666666666,3.0,17.0,20.0,2.918027011402148,40.98360655737705,44.65405788084141,8470309,D,76.0,209.0,1983-02-19,USA,2002.0,1.0,5.0,L,28,"[None, None, 39, 31, 17]","[None, None, 85, 66, 63]","[None, None, 12, 19, 6]","[None, None, 'EDM', 'EDM', 'EDM']"
2011-2012,Ryan Wilson,COL,D,66.5,55.4,60.9,,44.4,17.2,24.0,43.3,92.3,80.7,76.4,41.2,63.9,34.8,37.8,79,105,92,,100.0,194,178,133,19,41,56,138,85,153,146,233,125,178,Second Pair,59.0,1105.3166666666666,1.0,20.0,21.0,2.2456114424562945,56.060606060606055,53.711363899259936,8473700,D,73.0,210.0,1987-02-03,CAN,,,,L,24,"[None, None, 66, 33, 79]","[None, None, 44, 27, 76]","[None, None, 48, 67, 60]","[None, None, 'COL', 'COL', 'COL']"
2011-2012,Sami Salo,VAN,D,36.9,9.9,39.9,60.8,60.1,70.4,72.1,33.5,16.7,83.3,3.0,85.4,66.1,71.7,51.1,148,211,141,50.0,72.0,70,66,156,195,35,227,35,80,67,115,233,125,178,Second Pair,69.0,1410.9,9.0,16.0,25.0,6.526704593298811,51.42857142857142,47.22656693177209,8465202,D,75.0,215.0,1974-09-02,FIN,1996.0,9.0,239.0,R,36,"[None, None, 40, 37, 37]","[None, None, 17, 34, 6]","[None, None, 29, 28, 49]","[None, None, 'VAN', 'VAN', 'VAN']"
2011-2012,Scott Hannan,CGY,D,18.9,33.0,25.8,,84.3,41.2,21.9,11.6,14.6,13.7,11.6,23.6,42.1,56.7,73.4,190,157,174,,29.0,138,183,207,200,186,207,179,136,102,63,233,125,178,Second Pair,78.0,1587.7333333333331,2.0,10.0,12.0,2.107480744122687,44.14414414414414,46.36591354269078,8466158,D,73.0,215.0,1979-01-23,CAN,1997.0,1.0,23.0,L,32,"[None, None, 15, 83, 4]","[None, None, 4, 84, 14]","[None, None, 9, 91, 4]","[None, None, 'COL', 'WSH', 'CGY']"
2011-2012,Sean O'Donnell,CHI,D,2.6,11.2,11.2,,21.3,36.5,6.0,10.7,72.1,14.2,32.6,53.6,28.3,81.1,9.9,228,208,208,,141.0,149,220,209,66,185,158,109,168,45,211,233,125,178,Third Pair,51.0,689.1,0.0,7.0,7.0,1.2675397310098806,42.0,49.051722729265464,8458637,D,74.0,238.0,1971-10-13,CAN,1991.0,6.0,123.0,L,39,"[None, None, 5, 2, 11]","[None, None, 5, 3, 25]","[None, None, 64, 9, 12]","[None, None, 'LAK', 'PHI', 'CHI']"
2011-2012,Sergei Gonchar,OTT,D,67.8,66.1,63.1,94.4,34.3,29.6,38.6,44.2,84.5,27.0,16.3,59.7,18.5,22.7,40.8,76,80,87,8.0,118.0,165,144,131,37,157,196,95,191,181,139,233,125,178,First Pair,74.0,1646.7166666666667,5.0,32.0,37.0,6.3462479721021925,47.12643678160919,47.940845172305266,8458951,D,74.0,210.0,1974-04-13,RUS,1992.0,1.0,14.0,L,37,"[None, None, 81, 85, 39]","[None, None, 85, 65, 58]","[None, None, 42, 71, 60]","[None, None, 'PIT', 'OTT', 'OTT']"
2011-2012,Shane O'Brien,COL,D,2.1,55.8,7.7,,47.8,9.9,24.9,50.6,69.1,2.6,69.1,82.8,45.9,61.8,44.6,229,104,216,,94.0,211,176,116,73,212,73,41,127,90,130,233,125,178,Second Pair,76.0,1460.7,3.0,17.0,20.0,3.9561101726870853,48.48484848484848,50.30937604077066,8470839,D,75.0,230.0,1983-08-09,CAN,2003.0,8.0,250.0,L,28,"[None, None, 0, 3, 10]","[None, None, 20, 7, 87]","[None, None, 17, 19, 5]","[None, None, 'VAN', 'NSH', 'COL']"
2011-2012,Shea Weber,NSH,D,88.8,63.1,89.7,86.4,82.0,79.4,89.7,98.7,85.8,26.2,64.4,15.5,77.3,75.5,100.0,27,87,25,18.0,33.0,49,25,4,34,159,84,198,54,58,1,233,125,178,First Pair,78.0,2040.5666666666664,19.0,30.0,49.0,13.637365901713734,56.481481481481474,51.54019887842907,8470642,D,76.0,230.0,1985-08-14,CAN,2003.0,2.0,49.0,R,26,"[None, None, 88, 81, 87]","[None, None, 66, 26, 80]","[None, None, 74, 88, 90]","[None, None, 'NSH', 'NSH', 'NSH']"
2011-2012,Sheldon Brookbank,ANA,D,15.0,18.0,18.0,,24.7,68.7,30.0,24.5,17.6,51.1,84.1,76.0,65.2,14.6,23.2,199,192,192,,135.0,74,164,177,193,104,38,57,82,200,180,233,125,178,Third Pair,80.0,1248.4333333333334,3.0,11.0,14.0,1.9581485562720837,55.38461538461539,45.17820817478514,8469992,D,73.0,202.0,1980-10-03,CAN,,,,R,30,"[None, None, 9, 53, 9]","[None, None, 34, 47, 11]","[None, None, 13, 43, 12]","[None, None, 'ANA', 'ANA', 'ANA']"
2011-2012,Sheldon Souray,DAL,D,17.6,77.3,42.1,13.6,80.9,78.1,84.1,86.7,37.3,1.7,15.5,37.8,48.1,54.1,98.3,193,54,136,109.0,35.0,52,38,32,147,214,198,146,122,108,5,233,125,178,Second Pair,64.0,1309.6166666666668,6.0,15.0,21.0,6.4627745656685,51.94805194805194,47.18625896019621,8460561,D,76.0,231.0,1976-07-13,CAN,1994.0,3.0,71.0,L,35,"[None, None, 78, None, 11]","[None, None, 67, None, 75]","[None, None, 66, None, 33]","[None, None, 'EDM', None, 'DAL']"
2011-2012,Slava Voynov,LAK,D,82.4,86.3,47.2,50.4,,95.7,98.7,95.3,90.1,76.0,57.5,97.9,87.6,97.9,46.8,42,33,124,63.0,,11,4,12,24,50,100,6,30,6,125,233,125,178,Second Pair,54.0,1000.8666666666668,8.0,12.0,20.0,6.523961431963053,60.71428571428571,54.67643494995925,8474594,D,72.0,194.0,1990-01-15,RUS,2008.0,2.0,32.0,R,21,"[None, None, None, None, 79]","[None, None, None, None, 86]","[None, None, None, None, 45]","[None, None, None, None, 'LAK']"
2011-2012,Stefan Elliott,COL,D,57.1,36.9,52.4,47.2,,86.3,96.6,85.8,60.5,76.0,4.7,99.6,67.8,40.8,5.2,101,148,112,67.0,,33,9,34,93,50,223,2,76,139,222,233,125,178,Third Pair,39.0,668.5333333333333,4.0,9.0,13.0,3.1447112660539593,56.41025641025641,49.9187823412053,8475206,D,73.0,190.0,1991-01-30,CAN,2009.0,2.0,49.0,R,20,"[None, None, None, None, 54]","[None, None, None, None, 35]","[None, None, None, None, 52]","[None, None, None, None, 'COL']"
2011-2012,Stephane Robidas,DAL,D,76.0,57.1,98.3,14.4,85.4,74.7,39.9,9.9,22.3,4.3,90.1,30.0,27.5,47.2,99.6,57,101,5,108.0,27.0,60,141,211,182,208,24,164,170,124,2,233,125,178,First Pair,75.0,1707.15,5.0,17.0,22.0,3.5672952761997396,45.65217391304348,50.36744447612169,8462196,D,71.0,190.0,1977-03-03,CAN,1995.0,7.0,164.0,R,34,"[None, None, 64, 83, 74]","[None, None, 48, 31, 73]","[None, None, 94, 99, 94]","[None, None, 'DAL', 'DAL', 'DAL']"
2011-2012,Steve Eminger,NYR,D,16.7,27.9,13.7,,25.3,73.4,79.0,27.0,4.7,46.4,88.4,72.1,73.0,82.0,5.6,195,169,202,,134.0,63,50,171,223,115,28,66,64,43,221,233,125,178,Third Pair,42.0,557.8166666666667,2.0,3.0,5.0,1.064697631540816,50.0,51.03880407753134,8470192,D,74.0,207.0,1983-10-31,CAN,2002.0,1.0,12.0,R,27,"[None, None, 2, 32, 20]","[None, None, 12, 31, 31]","[None, None, 7, 15, 23]","[None, None, 'ANA', 'NYR', 'NYR']"
2011-2012,Steve Montador,CHI,D,71.2,83.3,71.2,42.4,,71.2,79.4,85.0,71.7,21.9,50.6,90.1,48.9,65.7,12.9,68,40,68,73.0,,68,49,36,67,169,116,24,120,81,204,233,125,178,Third Pair,52.0,767.5166666666667,5.0,9.0,14.0,3.5838425360000623,52.94117647058824,53.91603020440902,8468927,D,72.0,210.0,1979-12-21,CAN,,,,R,31,"[None, None, 75, 84, 59]","[None, None, 49, 92, 76]","[None, None, 94, 73, 66]","[None, None, 'BUF', 'BUF', 'CHI']"
2011-2012,Steve Staios,NYI,D,9.0,34.8,22.3,,18.0,11.2,24.5,44.6,79.8,11.2,33.9,60.9,21.5,76.4,45.1,213,153,182,,147.0,208,177,130,48,192,155,92,184,56,129,233,125,178,Third Pair,65.0,1110.05,0.0,8.0,8.0,2.791941870863496,38.35616438356164,46.76166444243594,8458541,D,73.0,200.0,1973-07-28,CAN,1991.0,2.0,27.0,R,38,"[None, None, 11, 59, 3]","[None, None, 62, 37, 32]","[None, None, 16, 61, 13]","[None, None, 'CGY', 'CGY', 'NYI']"
2011-2012,Steven Kampfer,MIN,D,70.0,49.8,60.1,30.4,,88.4,99.6,68.2,50.6,82.0,55.8,73.4,76.0,67.4,7.3,71,118,94,88.0,,28,2,75,116,38,104,63,57,77,217,233,125,178,Third Pair,23.0,342.7166666666667,2.0,3.0,5.0,0.9237320812721849,48.38709677419355,46.34575527957853,8474000,D,71.0,198.0,1988-09-24,USA,2007.0,4.0,93.0,R,22,"[None, None, None, 79, 54]","[None, None, None, 56, 49]","[None, None, None, 71, 52]","[None, None, None, 'BOS', 'MIN']"
2011-2012,Stu Bickel,NYR,D,36.5,68.2,54.5,,,25.3,1.9,51.9,100.0,15.5,92.3,18.9,21.0,69.5,17.6,149,75,107,,,175,226,113,1,183,19,190,185,72,193,233,125,178,Fringe,51.0,532.4166666666666,0.0,9.0,9.0,1.2171695891060876,51.28205128205128,53.65123941910189,8474772,D,76.0,207.0,1986-10-02,USA,,,,R,24,"[None, None, None, None, 33]","[None, None, None, None, 65]","[None, None, None, None, 56]","[None, None, None, None, 'NYR']"
2011-2012,TJ Brodie,CGY,D,74.7,71.7,69.1,43.2,,41.6,23.6,23.6,32.2,76.0,45.5,69.5,97.0,15.5,3.4,60,67,73,72.0,,137,179,179,159,50,128,72,8,198,226,233,125,178,Third Pair,54.0,889.8666666666667,2.0,12.0,14.0,2.1783178531919694,59.25925925925925,55.637621015431606,8474673,D,74.0,187.0,1990-06-07,CAN,2008.0,4.0,114.0,L,21,"[None, None, None, None, 76]","[None, None, None, None, 68]","[None, None, None, None, 70]","[None, None, None, None, 'CGY']"
2011-2012,Theo Peckham,EDM,D,0.9,5.6,4.3,,6.2,67.4,41.6,14.6,8.6,3.4,89.3,50.2,79.4,4.7,48.9,232,221,224,,168.0,77,137,200,214,210,26,117,49,223,120,233,125,178,Third Pair,54.0,911.3,1.0,2.0,3.0,1.0631459280707005,49.2063492063492,41.84701144402425,8473525,D,74.0,246.0,1987-11-10,CAN,2006.0,3.0,75.0,L,23,"[None, None, None, 0, 1]","[None, None, None, 9, 10]","[None, None, None, 3, 7]","[None, None, None, 'EDM', 'EDM']"
2011-2012,Tim Gleason,CAR,D,1.7,79.4,0.4,,1.7,42.5,23.2,9.0,63.5,50.6,56.7,5.2,73.8,19.7,79.0,230,49,233,,176.0,135,180,213,86,105,102,222,62,188,50,233,125,178,Second Pair,82.0,1698.2166666666667,1.0,17.0,18.0,2.027328914324973,50.0,44.46177408657573,8469476,D,72.0,217.0,1983-01-29,USA,2001.0,1.0,23.0,L,28,"[None, None, 34, 7, 0]","[None, None, 56, 85, 72]","[None, None, 8, 1, 0]","[None, None, 'CAR', 'CAR', 'CAR']"
2011-2012,Toby Enstrom,WPG,D,41.2,91.0,8.2,4.8,27.0,90.6,76.0,42.5,95.7,32.2,12.0,59.2,32.6,84.1,44.2,138,22,215,120.0,131.0,23,57,135,11,147,206,96,158,38,131,233,125,178,First Pair,62.0,1478.3833333333332,6.0,27.0,33.0,5.334608917292642,51.9607843137255,54.21997893220165,8470828,D,70.0,180.0,1984-11-05,SWE,2003.0,8.0,239.0,L,26,"[None, None, 56, 15, 61]","[None, None, 88, 81, 93]","[None, None, 33, 5, 16]","[None, None, 'ATL', 'ATL', 'WPG']"
2011-2012,Tom Gilbert,MIN,D,61.8,52.4,70.4,48.8,0.6,6.9,21.0,55.4,59.7,92.3,24.9,13.7,8.6,0.9,87.6,90,112,70,65.0,178.0,218,185,105,95,16,176,202,214,232,30,233,125,178,First Pair,67.0,1612.3333333333333,3.0,19.0,22.0,3.896451341588525,42.5,45.72831095184956,8470104,D,74.0,210.0,1983-01-10,USA,2002.0,4.0,129.0,R,28,"[None, None, 64, 54, 65]","[None, None, 77, 87, 15]","[None, None, 35, 53, 80]","[None, None, 'EDM', 'EDM', 'MIN']"
2011-2012,Tomas Kaberle,MTL,D,45.9,64.8,24.5,72.8,,75.1,54.5,33.9,73.8,57.5,2.1,73.8,72.1,30.0,27.9,127,83,177,35.0,,59,107,155,62,89,229,62,66,164,169,233,125,178,Third Pair,72.0,1275.8333333333333,3.0,28.0,31.0,5.255795412165766,46.75324675324675,44.41103865595019,8465200,D,73.0,212.0,1978-03-02,CZE,1996.0,8.0,204.0,L,33,"[None, None, 78, 68, 28]","[None, None, 96, 68, 41]","[None, None, 59, 42, 15]","[None, None, 'TOR', 'BOS', 'MTL']"
2011-2012,Toni Lydman,ANA,D,33.5,13.7,82.4,,91.6,30.9,20.2,23.2,61.4,6.0,59.2,9.9,90.1,77.7,94.0,156,202,42,,16.0,162,187,180,91,204,96,211,24,53,15,233,125,178,Second Pair,74.0,1398.6833333333334,0.0,13.0,13.0,2.071121101810939,48.31460674157304,48.44218095037539,8465042,D,74.0,213.0,1977-09-25,FIN,1996.0,4.0,89.0,L,33,"[None, None, 31, 59, 19]","[None, None, 31, 4, 24]","[None, None, 36, 93, 72]","[None, None, 'BUF', 'ANA', 'ANA']"
2011-2012,Travis Hamonic,NYI,D,57.9,89.3,28.8,18.4,46.1,5.2,34.3,61.4,75.5,32.6,74.2,33.5,43.8,16.3,94.8,99,26,167,103.0,97.0,222,154,91,58,146,61,156,132,196,13,233,125,178,First Pair,73.0,1637.1833333333334,2.0,22.0,24.0,5.725556935396956,50.505050505050505,49.99088530880187,8474612,D,73.0,193.0,1990-08-16,CAN,2008.0,2.0,53.0,R,21,"[None, None, None, 41, 70]","[None, None, None, 89, 89]","[None, None, None, 15, 44]","[None, None, None, 'NYI', 'NYI']"
2011-2012,Trevor Daley,DAL,D,1.3,45.1,1.3,66.4,4.5,13.7,65.2,91.0,65.7,49.4,3.4,40.3,70.0,27.0,70.4,231,129,231,43.0,171.0,202,82,22,81,108,226,140,71,171,70,233,125,178,Second Pair,79.0,1710.1666666666667,4.0,21.0,25.0,6.354664650994752,47.95918367346938,45.33852730417138,8470110,D,71.0,199.0,1983-10-09,CAN,2002.0,2.0,43.0,L,27,"[None, None, 5, 4, 1]","[None, None, 52, 55, 42]","[None, None, 3, 0, 1]","[None, None, 'DAL', 'DAL', 'DAL']"
2011-2012,Tyler Myers,BUF,D,58.8,85.8,36.9,29.6,14.0,87.1,85.8,82.4,86.3,36.1,36.5,49.8,89.7,39.9,75.1,97,34,148,89.0,154.0,31,34,42,33,138,149,118,25,141,59,233,125,178,First Pair,55.0,1236.95,8.0,15.0,23.0,5.746879783424035,56.92307692307692,46.60621333666156,8474574,D,80.0,229.0,1990-02-01,USA,2008.0,1.0,12.0,R,21,"[None, None, 77, 86, 24]","[None, None, 78, 94, 70]","[None, None, 19, 74, 17]","[None, None, 'BUF', 'BUF', 'BUF']"
2011-2012,Victor Hedman,TBL,D,65.2,83.7,64.4,12.0,87.6,80.3,72.5,62.2,67.4,10.7,30.5,6.0,40.3,39.5,56.2,82,39,84,111.0,23.0,47,65,89,77,193,163,220,140,142,103,233,125,178,First Pair,61.0,1409.0666666666666,5.0,18.0,23.0,4.78264688277851,48.45360824742268,48.35895279351058,8475167,D,79.0,244.0,1990-12-18,SWE,2009.0,1.0,2.0,L,20,"[None, None, 65, 75, 56]","[None, None, 82, 81, 85]","[None, None, 23, 90, 40]","[None, None, 'TBL', 'TBL', 'TBL']"
2011-2012,Willie Mitchell,LAK,D,83.3,24.9,90.1,,68.0,94.4,87.6,51.1,11.2,67.0,27.0,75.1,78.1,93.1,85.0,40,176,24,,58.0,14,30,115,208,69,171,59,52,17,36,233,125,178,First Pair,76.0,1689.4333333333334,5.0,19.0,24.0,3.735900680626647,56.94444444444444,52.78591635328704,8465185,D,75.0,210.0,1977-04-23,CAN,1996.0,8.0,199.0,L,34,"[None, None, 60, 70, 89]","[None, None, 25, 14, 42]","[None, None, 84, 85, 90]","[None, None, 'VAN', 'LAK', 'LAK']"
2011-2012,Yannick Weber,MTL,D,33.9,65.7,13.3,45.6,46.6,12.4,11.2,86.3,85.4,54.1,42.9,94.8,68.2,24.9,11.2,155,81,203,69.0,96.0,205,208,33,35,97,134,13,75,176,208,233,125,178,Third Pair,60.0,937.1333333333332,4.0,14.0,18.0,4.68602860734221,47.82608695652174,42.12774135680834,8474134,D,71.0,200.0,1988-09-23,CHE,2007.0,3.0,73.0,R,22,"[None, None, None, 62, 16]","[None, None, None, 77, 51]","[None, None, None, 23, 12]","[None, None, None, 'MTL', 'MTL']"
2011-2012,Zach Bogosian,WPG,D,3.4,73.8,1.7,63.2,12.9,70.0,73.4,79.0,36.1,35.6,48.5,30.5,10.7,19.3,42.1,226,62,230,47.0,156.0,71,63,50,150,139,121,163,209,189,136,233,125,178,First Pair,65.0,1515.55,5.0,25.0,30.0,7.977347870652765,47.05882352941176,50.42339297150408,8474567,D,75.0,231.0,1990-07-15,USA,2008.0,1.0,3.0,R,21,"[None, None, 10, 3, 14]","[None, None, 70, 40, 85]","[None, None, 1, 2, 3]","[None, None, 'ATL', 'ATL', 'WPG']"
2011-2012,Zbynek Michalek,PIT,D,57.5,29.2,61.8,,78.7,44.6,43.3,43.8,42.9,70.0,43.8,61.4,11.2,92.3,63.9,100,166,90,,39.0,130,133,132,134,62,132,91,208,19,85,233,125,178,Second Pair,62.0,1342.2833333333333,2.0,11.0,13.0,2.862210747929455,46.73913043478261,55.128750205515566,8469760,D,74.0,210.0,1982-12-23,CZE,,,,R,28,"[None, None, 6, 46, 75]","[None, None, 7, 29, 40]","[None, None, 24, 58, 70]","[None, None, 'PHX', 'PIT', 'PIT']"
2011-2012,Zdeno Chara,BOS,D,100.0,98.3,99.6,26.4,97.2,3.9,66.1,95.7,93.6,21.5,57.1,18.5,91.4,94.0,80.3,1,5,2,93.0,6.0,225,80,11,16,170,101,191,21,15,47,233,125,178,First Pair,79.0,1975.4,12.0,40.0,52.0,9.743847520023358,60.15625,57.80259147648245,8465009,D,81.0,250.0,1977-03-18,SVK,1996.0,3.0,56.0,L,34,"[None, None, 97, 98, 99]","[None, None, 87, 94, 99]","[None, None, 99, 97, 99]","[None, None, 'BOS', 'BOS', 'BOS']"
