Season,Player,Team,Position,ovr_pct,evo_pct,evd_pct,ppl_pct,pkl_pct,fin_pct,gol_pct,xgl_pct,ast_pct,pen_pct,hit_pct,ozs_pct,pdo_pct,tmt_pct,cmp_pct,ovr_rank,evo_rank,evd_rank,ppl_rank,pkl_rank,fin_rank,gol_rank,xgl_rank,ast_rank,pen_rank,hit_rank,ozs_rank,pdo_rank,tmt_rank,cmp_rank,all_players,ppl_players,pkl_players,Role,GP,TOI,Goals,Total Assists,Total Points,ixG,GF%,xGF%,Player ID,Specific Position,Height (in),Weight (lbs),Date of Birth,Birth Country,Draft Year,Draft Round,Overall Draft Position,Shoots Catches,Age,ovr_history,evo_history,evd_history,team_history
2013-2014,Aaron Rome,DAL,D,22.4,26.3,28.9,,32.2,53.4,9.9,15.1,53.0,49.1,70.3,51.7,13.8,28.9,11.6,181,172,166,,121.0,109,210,198,110,102,70,113,201,166,206,232,126,177,Third Pair,25.0,327.2,0.0,1.0,1.0,0.5881399251935233,39.285714285714285,49.03156854219054,8470310,D,73.0,220.0,1983-09-27,CAN,2002.0,4.0,104.0,L,29,"[18, 6, 26, 8, 36]","[38, 20, 26, 10, 33]","[18, 20, 39, 18, 33]","['VAN', 'VAN', 'VAN', 'DAL', 'DAL']"
2013-2014,Adam Larsson,NJD,D,50.0,28.4,63.8,,46.3,54.3,27.6,3.4,56.0,61.2,55.6,85.8,12.5,86.6,37.1,117,167,85,,96.0,107,169,225,103,77,104,34,204,32,147,232,126,177,Third Pair,26.0,462.4,1.0,2.0,3.0,0.5350764894160092,43.47826086956522,58.08968237253646,8476457,D,75.0,207.0,1992-11-12,SWE,2011.0,1.0,4.0,R,20,"[None, None, 58, 30, 53]","[None, None, 60, 6, 35]","[None, None, 67, 62, 65]","[None, None, 'NJD', 'NJD', 'NJD']"
2013-2014,Adam McQuaid,BOS,D,51.3,33.2,75.4,,68.9,62.1,48.7,13.8,46.1,28.4,83.2,53.9,96.1,69.8,19.4,114,156,58,,56.0,89,120,201,126,146,40,108,10,71,188,232,126,177,Third Pair,30.0,481.43333333333334,1.0,5.0,6.0,0.5322203954654721,66.66666666666666,56.76027229831673,8471717,D,76.0,210.0,1986-10-12,CAN,2005.0,2.0,55.0,R,26,"[None, 89, 62, 47, 50]","[None, 53, 28, 19, 36]","[None, 87, 82, 77, 75]","[None, 'BOS', 'BOS', 'BOS', 'BOS']"
2013-2014,Adam Pardy,WPG,D,56.9,51.7,73.3,,48.0,15.1,2.4,27.6,37.5,36.6,72.8,49.6,85.3,27.6,12.1,101,113,63,,93.0,198,223,169,146,128,64,118,35,169,205,232,126,177,Third Pair,60.0,865.25,0.0,6.0,6.0,2.5635886943517736,53.57142857142857,56.16169501687737,8471385,D,76.0,227.0,1984-03-29,CAN,2004.0,6.0,173.0,L,29,"[68, 72, 63, 39, 62]","[61, 59, 44, 27, 63]","[85, 72, 64, 58, 80]","['CGY', 'CGY', 'DAL', 'BUF', 'WPG']"
2013-2014,Alec Martinez,LAK,D,81.5,52.2,81.0,73.0,,94.0,94.8,86.2,11.6,78.9,79.7,91.8,19.8,87.9,3.4,44,112,45,35.0,,15,13,33,206,44,48,20,187,29,225,232,126,177,Third Pair,61.0,956.6166666666668,11.0,11.0,22.0,6.6303362127322165,62.0,56.964194895703265,8474166,D,73.0,210.0,1987-07-26,USA,2007.0,4.0,95.0,L,26,"[None, 56, 88, 66, 84]","[None, 64, 73, 52, 51]","[None, 69, 78, 77, 81]","[None, 'LAK', 'LAK', 'LAK', 'LAK']"
2013-2014,Alex Goligoski,DAL,D,99.1,96.1,90.9,96.0,73.4,58.2,69.8,79.3,94.4,87.9,31.5,37.9,81.9,50.0,88.8,3,10,22,6.0,48.0,98,71,49,14,25,160,145,43,117,27,232,126,177,First Pair,81.0,1969.3833333333332,6.0,36.0,42.0,8.755015214395378,54.95495495495496,52.480672713273755,8471274,D,71.0,173.0,1985-07-30,USA,2004.0,2.0,61.0,L,28,"[92, 94, 100, 99, 98]","[78, 87, 98, 97, 93]","[39, 56, 92, 89, 89]","['PIT', 'DAL', 'DAL', 'DAL', 'DAL']"
2013-2014,Alex Pietrangelo,STL,D,97.4,100.0,62.1,8.7,98.9,17.7,67.7,89.2,95.7,88.4,7.3,67.2,74.1,80.6,95.3,7,1,89,116.0,3.0,192,76,26,11,24,216,77,61,46,12,232,126,177,First Pair,81.0,2054.0833333333335,8.0,43.0,51.0,9.962789734615821,60.0,56.08215372144863,8474565,D,75.0,215.0,1990-01-18,CAN,2008.0,1.0,4.0,R,23,"[None, 97, 96, 98, 96]","[None, 75, 95, 90, 100]","[None, 81, 70, 83, 51]","[None, 'STL', 'STL', 'STL', 'STL']"
2013-2014,Alexander Edler,VAN,D,22.0,15.5,33.6,50.8,95.5,42.2,74.6,83.2,21.1,25.0,73.3,81.5,3.0,71.1,81.0,182,197,155,63.0,9.0,135,60,40,184,154,63,44,226,68,45,232,126,177,First Pair,63.0,1467.05,7.0,15.0,22.0,8.238655188770416,30.64516129032258,47.89141329259267,8471303,D,76.0,210.0,1986-04-21,SWE,2004.0,3.0,91.0,L,27,"[37, 65, 30, 55, 15]","[23, 72, 7, 64, 12]","[65, 44, 53, 13, 43]","['VAN', 'VAN', 'VAN', 'VAN', 'VAN']"
2013-2014,Alexander Sulzer,BUF,D,46.6,47.0,34.1,,37.9,63.4,92.2,19.4,0.9,69.6,15.9,29.7,75.9,8.6,63.8,125,124,154,,111.0,86,19,188,231,63,196,164,57,213,85,232,126,177,Second Pair,25.0,453.1333333333333,0.0,2.0,2.0,0.9720638446413522,42.10526315789473,44.547662850037895,8470685,D,73.0,198.0,1984-05-30,DEU,2003.0,3.0,92.0,L,29,"[None, 74, 62, 59, 40]","[None, 52, 63, 49, 44]","[None, 44, 43, 43, 34]","[None, 'FLA', 'BUF', 'BUF', 'BUF']"
2013-2014,Alexei Emelin,MTL,D,28.0,28.9,17.2,,12.4,67.7,53.9,24.6,58.2,89.7,92.2,3.0,58.6,48.7,43.5,168,166,193,,156.0,76,108,176,98,21,19,226,97,120,132,232,126,177,Second Pair,59.0,1136.1166666666666,3.0,14.0,17.0,2.4916328072347156,50.0,44.01013672836518,8471296,D,74.0,218.0,1986-04-25,RUS,2004.0,3.0,84.0,L,27,"[None, None, 83, 65, 13]","[None, None, 45, 37, 26]","[None, None, 32, 60, 7]","[None, None, 'MTL', 'MTL', 'MTL']"
2013-2014,Andre Benoit,COL,D,43.5,17.2,55.6,76.2,1.1,89.2,87.1,78.4,28.4,71.3,25.0,82.8,37.9,32.8,40.1,132,193,104,31.0,176.0,26,31,51,167,60,175,41,145,157,140,232,126,177,Second Pair,79.0,1596.75,7.0,21.0,28.0,5.5035710409613605,50.0,44.394690672706005,8470378,D,71.0,190.0,1984-01-06,CAN,,,,L,29,"[None, None, None, 77, 25]","[None, None, None, 74, 7]","[None, None, None, 72, 44]","[None, None, None, 'OTT', 'COL']"
2013-2014,Andrei Markov,MTL,D,77.2,91.4,33.2,81.7,1.7,64.2,50.9,31.9,62.9,84.7,2.2,14.7,52.2,55.2,42.2,54,21,156,24.0,175.0,84,115,159,87,32,228,199,112,105,135,232,126,177,First Pair,81.0,2044.3333333333333,7.0,36.0,43.0,7.948219277038276,54.08163265306123,49.08717898094597,8467496,D,72.0,200.0,1978-12-20,RUS,1998.0,6.0,162.0,L,34,"[55, None, None, 74, 78]","[81, None, None, 82, 93]","[14, None, None, 40, 31]","['MTL', None, None, 'MTL', 'MTL']"
2013-2014,Andrej Meszaros,BOS,D,19.4,46.1,11.2,23.8,48.6,93.5,90.5,75.0,96.6,39.7,54.3,63.8,47.4,47.8,14.2,188,126,207,97.0,92.0,16,23,59,9,121,107,85,123,122,200,232,126,177,Third Pair,52.0,924.8666666666668,7.0,15.0,22.0,3.8627393181312404,54.41176470588235,46.05469682309167,8471236,D,74.0,223.0,1985-10-13,SVK,2004.0,1.0,23.0,L,27,"[8, 44, 31, 46, 14]","[13, 87, 80, 31, 45]","[52, 55, 20, 39, 6]","['TBL', 'PHI', 'PHI', 'PHI', 'BOS']"
2013-2014,Andrej Sekera,CAR,D,75.9,89.7,19.4,78.6,80.2,75.0,76.7,74.6,81.9,69.6,16.8,41.4,66.4,10.8,76.7,57,25,188,28.0,36.0,59,55,60,43,63,194,137,79,208,55,232,126,177,First Pair,74.0,1752.2,11.0,33.0,44.0,7.125346987400588,50.86206896551724,47.908876058668085,8471284,D,72.0,200.0,1986-06-08,SVK,2004.0,3.0,71.0,L,27,"[71, 78, 77, 48, 82]","[59, 69, 22, 61, 95]","[25, 59, 86, 10, 12]","['BUF', 'BUF', 'BUF', 'BUF', 'CAR']"
2013-2014,Andrej Sustr,TBL,D,28.9,53.9,35.8,,58.2,50.9,29.3,18.5,1.3,20.3,23.3,39.7,25.0,41.8,93.5,166,108,150,,75.0,115,165,190,230,164,179,141,175,136,16,232,126,177,Third Pair,43.0,679.1166666666667,1.0,7.0,8.0,1.1226675147091822,45.714285714285715,47.43655560451256,8477205,D,79.0,217.0,1990-11-29,CZE,,,,R,22,"[None, None, None, None, 34]","[None, None, None, None, 54]","[None, None, None, None, 38]","[None, None, None, None, 'TBL']"
2013-2014,Andrew Ference,EDM,D,1.7,2.6,3.9,,57.1,73.7,56.9,38.4,51.7,25.4,65.5,28.4,56.5,28.0,57.3,229,227,224,,77.0,62,101,144,113,153,81,167,102,168,100,232,126,177,Second Pair,71.0,1495.3,3.0,15.0,18.0,2.423317511390351,41.66666666666667,40.08887220654025,8466333,D,71.0,182.0,1979-03-17,CAN,1997.0,8.0,208.0,L,34,"[78, 66, 14, 21, 0]","[38, 58, 5, 44, 1]","[75, 65, 9, 33, 2]","['BOS', 'BOS', 'BOS', 'BOS', 'EDM']"
2013-2014,Andrew MacDonald,PHI,D,3.0,6.0,7.8,24.6,4.5,32.8,33.6,23.3,8.6,53.9,12.5,30.2,26.3,59.1,75.4,226,219,215,96.0,170.0,157,155,179,213,91,204,163,172,96,58,232,126,177,First Pair,82.0,2019.5,4.0,24.0,28.0,6.555117072090522,43.24324324324324,44.95725086512978,8473584,D,73.0,204.0,1986-09-07,CAN,2006.0,6.0,160.0,L,26,"[28, 18, 33, 38, 1]","[9, 16, 18, 69, 2]","[53, 19, 15, 22, 6]","['NYI', 'NYI', 'NYI', 'NYI', 'PHI']"
2013-2014,Andy Greene,NJD,D,94.8,14.2,99.1,4.8,97.2,5.6,30.6,57.8,15.5,65.1,22.4,26.3,22.0,88.8,54.7,13,200,3,121.0,6.0,220,162,99,197,69,181,172,182,27,106,232,126,177,First Pair,82.0,2015.4166666666667,8.0,24.0,32.0,7.617261122981288,47.474747474747474,58.63144218476838,8472382,D,71.0,190.0,1982-10-30,USA,,,,L,30,"[90, 78, 71, 96, 93]","[28, 19, 9, 6, 24]","[91, 97, 87, 100, 99]","['NJD', 'NJD', 'NJD', 'NJD', 'NJD']"
2013-2014,Anton Belov,EDM,D,54.7,72.4,28.4,54.8,,41.4,20.7,10.8,4.3,56.7,62.1,19.0,17.7,9.9,84.1,106,65,167,58.0,,137,185,208,223,86,89,189,192,210,38,232,126,177,Third Pair,57.0,951.0,1.0,6.0,7.0,2.3998004727784523,43.93939393939394,47.97412352937447,8477289,D,76.0,218.0,1986-07-29,RUS,,,,L,27,"[None, None, None, None, 54]","[None, None, None, None, 71]","[None, None, None, None, 29]","[None, None, None, None, 'EDM']"
2013-2014,Anton Stralman,NYR,D,90.5,94.8,76.3,,67.2,12.9,56.0,67.7,32.8,52.6,56.0,77.2,50.0,77.6,26.7,23,13,56,,59.0,203,103,76,157,94,103,54,117,53,171,232,126,177,Second Pair,81.0,1572.2833333333333,1.0,12.0,13.0,4.100142603954503,52.57731958762887,55.74660988720483,8471873,D,71.0,193.0,1986-08-01,SWE,2005.0,7.0,216.0,R,27,"[69, 59, 45, 76, 93]","[24, 56, 54, 87, 98]","[81, 34, 63, 56, 83]","['CBJ', 'CBJ', 'NYR', 'NYR', 'NYR']"
2013-2014,Anton Volchenkov,NJD,D,80.6,61.2,87.9,,62.7,18.1,13.8,46.1,62.5,60.8,87.1,46.6,4.7,74.1,22.8,46,91,29,,67.0,191,201,126,88,78,31,125,222,61,180,232,126,177,Third Pair,56.0,939.8666666666668,0.0,8.0,8.0,1.4413025465923244,48.888888888888886,56.5542674644235,8468501,D,73.0,220.0,1982-02-25,RUS,2000.0,1.0,21.0,L,31,"[85, 54, 85, 53, 87]","[71, 37, 50, 75, 61]","[70, 81, 96, 81, 87]","['OTT', 'NJD', 'NJD', 'NJD', 'NJD']"
2013-2014,Barret Jackman,STL,D,45.3,53.4,53.4,,96.6,47.8,37.5,11.2,55.2,10.8,42.2,27.6,54.3,82.3,50.0,128,109,109,,7.0,122,146,207,105,185,135,169,107,42,117,232,126,177,Third Pair,79.0,1416.25,3.0,12.0,15.0,2.6869573341231385,51.041666666666664,53.304874344992115,8467890,D,72.0,203.0,1981-03-05,CAN,1999.0,1.0,17.0,L,32,"[16, 48, 63, 56, 38]","[60, 59, 73, 26, 61]","[18, 13, 28, 46, 60]","['STL', 'STL', 'STL', 'STL', 'STL']"
2013-2014,Ben Lovejoy,ANA,D,76.7,69.4,80.6,,80.8,87.5,51.7,50.0,60.8,34.1,89.7,56.9,71.1,67.2,72.8,55,72,46,,35.0,30,113,117,92,134,25,101,68,77,64,232,126,177,Second Pair,78.0,1512.9666666666667,5.0,13.0,18.0,3.806338959824396,58.0246913580247,50.462179157150835,8473933,D,73.0,205.0,1984-02-20,USA,,,,R,29,"[None, 53, 55, 71, 79]","[None, 63, 57, 83, 68]","[None, 49, 62, 81, 83]","[None, 'PIT', 'PIT', 'ANA', 'ANA']"
2013-2014,Brad Stuart,SJS,D,31.5,38.4,23.3,,14.1,35.8,26.3,29.7,31.9,78.4,69.0,47.4,70.7,97.4,62.5,160,144,179,,153.0,150,172,164,159,45,73,123,69,7,88,232,126,177,Second Pair,61.0,1168.9,3.0,8.0,11.0,2.626595706329566,52.85714285714286,53.97218426897796,8467331,D,74.0,215.0,1979-11-06,CAN,1998.0,1.0,3.0,L,33,"[32, 52, 43, 38, 29]","[74, 78, 30, 67, 31]","[4, 48, 18, 17, 25]","['DET', 'DET', 'DET', 'SJS', 'SJS']"
2013-2014,Braydon Coburn,PHI,D,17.2,30.6,27.2,,89.8,67.2,52.2,62.9,37.9,13.8,53.9,19.4,9.9,70.3,78.9,193,162,170,,19.0,77,112,87,145,178,108,188,210,70,50,232,126,177,First Pair,82.0,1840.3833333333332,5.0,12.0,17.0,5.063873051115218,44.24778761061947,50.6293418516761,8470601,D,77.0,224.0,1985-02-27,CAN,2003.0,1.0,8.0,L,28,"[72, 30, 23, 5, 34]","[98, 46, 62, 29, 26]","[39, 31, 26, 19, 36]","['PHI', 'PHI', 'PHI', 'PHI', 'PHI']"
2013-2014,Brendan Smith,DET,D,65.5,48.3,79.7,,38.4,57.8,36.2,58.2,67.7,44.8,37.1,93.1,22.8,46.6,35.3,81,121,48,,110.0,99,149,98,76,109,147,17,180,125,151,232,126,177,Second Pair,71.0,1305.5833333333333,5.0,14.0,19.0,4.230495013680011,51.08695652173913,51.477186992700595,8474090,D,74.0,200.0,1989-02-08,CAN,2007.0,1.0,27.0,L,24,"[None, None, None, 80, 56]","[None, None, None, 48, 50]","[None, None, None, 84, 77]","[None, None, None, 'DET', 'DET']"
2013-2014,Brenden Dillon,DAL,D,54.3,75.9,48.3,,8.5,83.6,71.1,56.5,17.7,33.6,75.9,17.7,57.3,69.4,94.4,107,57,121,,163.0,39,68,102,192,135,57,192,100,72,14,232,126,177,Second Pair,80.0,1687.4666666666667,6.0,11.0,17.0,3.4298303479926298,54.12844036697248,49.53980912116248,8475455,D,76.0,225.0,1990-11-13,CAN,,,,L,22,"[None, None, None, 45, 55]","[None, None, None, 88, 71]","[None, None, None, 65, 39]","[None, None, None, 'DAL', 'DAL']"
2013-2014,Brent Burns,SJS,D,82.8,90.9,56.0,66.7,,74.1,100.0,100.0,99.1,76.3,68.1,78.9,82.3,100.0,83.6,41,22,103,43.0,,61,1,1,3,50,75,50,42,1,39,232,126,177,Third Pair,69.0,1160.1333333333334,22.0,26.0,48.0,26.082748771514492,63.95348837209303,59.606913572547306,8470613,D,77.0,228.0,1985-03-09,CAN,2003.0,1.0,20.0,R,28,"[29, 67, 91, 71, 84]","[36, 69, 91, 85, 91]","[34, 97, 77, 58, 48]","['MIN', 'MIN', 'SJS', 'SJS', 'SJS']"
2013-2014,Brent Seabrook,CHI,D,86.2,93.1,86.6,7.9,7.3,16.8,77.2,79.7,84.5,42.2,72.4,79.7,63.8,95.7,61.6,33,17,32,117.0,165.0,194,54,48,37,115,65,48,85,11,90,232,126,177,First Pair,82.0,1825.6666666666667,7.0,34.0,41.0,7.836401428573125,56.92307692307692,58.12689445775172,8470607,D,75.0,220.0,1985-04-20,CAN,2003.0,1.0,14.0,R,28,"[73, 46, 92, 33, 91]","[30, 30, 88, 65, 96]","[82, 87, 91, 66, 87]","['CHI', 'CHI', 'CHI', 'CHI', 'CHI']"
2013-2014,Brett Bellemore,CAR,D,66.4,52.6,47.0,,85.9,66.8,40.1,17.7,11.2,78.0,97.0,18.1,40.1,86.2,96.1,79,111,124,,26.0,78,140,192,207,46,8,191,140,33,10,232,126,177,Third Pair,64.0,1118.2166666666667,2.0,6.0,8.0,1.7485288784013076,49.056603773584904,49.848257330710425,8474135,D,76.0,225.0,1988-06-25,CAN,2007.0,6.0,162.0,R,25,"[None, None, None, None, 65]","[None, None, None, None, 54]","[None, None, None, None, 46]","[None, None, None, None, 'CAR']"
2013-2014,Brian Campbell,FLA,D,98.7,88.8,97.4,95.2,66.7,66.4,47.8,28.9,34.9,82.8,3.9,69.4,5.2,14.7,49.6,4,27,7,7.0,60.0,79,122,166,152,36,224,72,221,199,118,232,126,177,First Pair,82.0,2210.5333333333333,7.0,30.0,37.0,7.4004958692674085,46.61016949152542,50.93128909766257,8466285,D,70.0,192.0,1979-05-23,CAN,1997.0,6.0,156.0,L,34,"[99, 93, 99, 97, 97]","[80, 83, 92, 91, 83]","[97, 83, 92, 85, 97]","['CHI', 'CHI', 'FLA', 'FLA', 'FLA']"
2013-2014,Brian Lashoff,DET,D,6.0,12.1,14.2,,20.3,27.2,14.2,9.9,30.2,25.9,40.5,97.4,18.1,52.6,5.2,219,205,200,,142.0,170,200,210,163,152,139,7,191,111,221,232,126,177,Third Pair,75.0,1082.4666666666667,1.0,5.0,6.0,2.2602830404897247,50.0,49.46431488766507,8474873,D,75.0,215.0,1990-07-16,USA,,,,L,23,"[None, None, None, 12, 5]","[None, None, None, 10, 13]","[None, None, None, 10, 18]","[None, None, None, 'DET', 'DET']"
2013-2014,Brian Strait,NYI,D,18.1,22.0,10.8,,61.0,52.2,28.4,37.5,26.3,73.3,76.7,73.3,46.1,31.0,45.3,191,182,208,,70.0,112,167,146,172,56,55,63,126,161,128,232,126,177,Third Pair,47.0,843.85,3.0,6.0,9.0,2.016777427328563,36.666666666666664,43.20758198834783,8473565,D,73.0,206.0,1988-01-04,USA,2006.0,3.0,65.0,L,25,"[None, None, None, 20, 16]","[None, None, None, 34, 20]","[None, None, None, 26, 6]","[None, None, None, 'NYI', 'NYI']"
2013-2014,Brooks Orpik,PIT,D,33.2,13.4,58.6,,88.1,56.5,17.7,1.7,29.7,45.3,86.6,3.4,80.6,77.2,74.6,156,202,97,,22.0,102,192,229,164,108,32,225,46,54,60,232,126,177,Second Pair,72.0,1526.2166666666667,2.0,11.0,13.0,1.8712677777431044,47.16981132075472,48.07357017429405,8468498,D,75.0,217.0,1980-09-26,USA,2000.0,1.0,18.0,L,32,"[62, 23, 78, 19, 33]","[50, 5, 67, 7, 11]","[78, 59, 78, 35, 59]","['PIT', 'PIT', 'PIT', 'PIT', 'PIT']"
2013-2014,Bryan Allen,ANA,D,9.9,64.7,15.5,,50.3,7.8,4.7,15.5,9.9,2.6,74.1,36.6,87.9,56.0,56.0,210,83,197,,89.0,215,222,197,210,204,61,148,29,103,103,232,126,177,Third Pair,68.0,1193.4166666666667,0.0,10.0,10.0,1.6691679909591788,58.75,51.33854196742501,8467332,D,77.0,223.0,1980-08-21,CAN,1998.0,1.0,4.0,L,33,"[26, 14, 4, 12, 13]","[68, 72, 60, 48, 73]","[9, 10, 31, 11, 14]","['FLA', 'CAR', 'CAR', 'ANA', 'ANA']"
2013-2014,Bryce Salvador,NJD,D,15.1,3.0,55.2,,87.0,34.9,12.1,4.7,28.0,44.0,37.9,16.4,21.6,85.8,12.9,198,226,105,,24.0,152,205,222,168,111,145,195,183,34,203,232,126,177,Second Pair,40.0,811.75,1.0,3.0,4.0,0.911828401320846,47.61904761904761,52.70352575989085,8460626,D,75.0,215.0,1976-02-11,CAN,1994.0,6.0,138.0,L,37,"[14, None, 6, 6, 32]","[0, None, 0, 2, 9]","[96, None, 83, 20, 58]","['NJD', None, 'NJD', 'NJD', 'NJD']"
2013-2014,Calvin de Haan,NYI,D,67.7,41.8,84.1,65.9,23.7,49.1,48.3,48.7,90.1,46.3,66.8,33.2,6.0,64.2,100.0,76,136,38,44.0,136.0,119,121,120,24,107,78,156,219,84,1,232,126,177,Second Pair,51.0,1072.2333333333331,3.0,13.0,16.0,2.9287694225318472,47.76119402985074,51.9638750201754,8475177,D,73.0,192.0,1991-05-09,CAN,2009.0,1.0,12.0,L,22,"[None, None, None, None, 65]","[None, None, None, None, 44]","[None, None, None, None, 79]","[None, None, None, None, 'NYI']"
2013-2014,Cam Fowler,ANA,D,55.2,35.8,59.1,92.1,4.0,8.2,8.6,42.2,53.9,70.3,6.5,52.2,77.6,78.0,87.9,105,150,96,11.0,171.0,214,213,135,108,62,218,112,53,52,29,232,126,177,First Pair,70.0,1670.4,6.0,30.0,36.0,7.1034467560777514,56.62650602409639,51.55476911321064,8475764,D,74.0,213.0,1991-12-05,CAN,2010.0,1.0,12.0,L,21,"[None, 28, 20, 52, 63]","[None, 9, 33, 12, 47]","[None, 14, 8, 30, 74]","[None, 'ANA', 'ANA', 'ANA', 'ANA']"
2013-2014,Carl Gunnarsson,TOR,D,30.2,3.9,90.1,,24.3,72.0,46.6,19.0,65.5,21.1,84.5,0.9,98.3,5.2,92.2,163,224,24,,135.0,66,125,189,81,163,37,231,5,221,19,232,126,177,Second Pair,80.0,1552.7833333333333,3.0,14.0,17.0,2.99104665599144,53.125,43.140091973857125,8474125,D,74.0,198.0,1986-11-09,SWE,2007.0,7.0,194.0,L,26,"[38, 25, 61, 29, 28]","[21, 3, 7, 6, 4]","[63, 52, 85, 88, 90]","['TOR', 'TOR', 'TOR', 'TOR', 'TOR']"
2013-2014,Carlo Colaiacovo,STL,D,63.8,63.4,63.4,50.0,,45.7,56.5,34.5,66.4,48.3,43.1,96.6,15.1,78.9,24.6,85,86,86,64.0,,127,102,153,79,104,133,9,198,50,176,232,126,177,Third Pair,25.0,378.81666666666666,1.0,3.0,4.0,0.8907064957501056,44.44444444444444,56.96055746294526,8469470,D,73.0,202.0,1983-01-27,CAN,2001.0,1.0,17.0,L,30,"[89, 82, 77, None, 60]","[93, 72, 79, None, 62]","[83, 78, 82, None, 56]","['STL', 'STL', 'STL', None, 'STL']"
2013-2014,Chad Ruhwedel,BUF,D,50.4,39.2,39.2,44.4,41.8,31.9,2.4,40.1,0.4,80.8,27.6,86.2,18.5,3.4,77.6,116,142,142,71.0,104.0,159,223,140,232,40,169,33,190,225,53,232,126,177,Third Pair,21.0,375.45,0.0,1.0,1.0,0.8850767758167323,38.46153846153847,44.74334791311379,8477244,D,71.0,189.0,1990-05-07,USA,,,,R,23,"[None, None, None, None, 50]","[None, None, None, None, 40]","[None, None, None, None, 40]","[None, None, None, None, 'BUF']"
2013-2014,Chris Butler,CGY,D,32.3,87.1,3.0,,88.7,11.6,9.5,20.7,64.7,57.8,30.6,5.6,7.8,18.5,57.8,158,31,226,,21.0,206,211,185,83,85,162,220,215,190,99,232,126,177,Second Pair,82.0,1661.8,2.0,14.0,16.0,3.163120798314671,37.37373737373738,44.8486736335454,8471761,D,73.0,196.0,1986-10-27,USA,2005.0,4.0,96.0,L,26,"[84, 51, 70, 51, 24]","[73, 70, 89, 85, 85]","[50, 42, 25, 9, 1]","['BUF', 'BUF', 'CGY', 'CGY', 'CGY']"
2013-2014,Chris Phillips,OTT,D,29.7,49.1,30.6,55.6,33.3,9.5,36.6,74.1,25.9,42.7,73.7,40.9,11.6,31.5,19.0,164,119,162,57.0,119.0,211,148,61,173,114,62,138,206,160,189,232,126,177,Second Pair,70.0,1345.9333333333334,1.0,14.0,15.0,3.608303998217552,41.86046511627907,48.66675176459411,8464956,D,75.0,219.0,1978-03-09,CAN,1996.0,1.0,1.0,L,35,"[77, 1, 57, 23, 30]","[48, 1, 39, 66, 45]","[81, 18, 35, 35, 30]","['OTT', 'OTT', 'OTT', 'OTT', 'OTT']"
2013-2014,Chris Tanev,VAN,D,92.7,44.0,92.7,,91.5,89.7,70.7,11.6,23.3,94.8,40.9,11.2,79.7,66.4,72.0,18,131,18,,16.0,25,69,206,179,13,138,207,48,79,66,232,126,177,Second Pair,64.0,1327.15,6.0,11.0,17.0,2.239215954563992,56.41025641025641,51.83862866340171,8475690,D,75.0,200.0,1989-12-20,CAN,,,,R,23,"[None, 81, 82, 91, 92]","[None, 66, 62, 49, 42]","[None, 72, 76, 93, 94]","[None, 'VAN', 'VAN', 'VAN', 'VAN']"
2013-2014,Christian Ehrhoff,BUF,D,91.8,94.0,61.2,97.6,59.9,12.5,49.1,59.1,80.2,64.4,9.1,34.1,29.7,1.3,69.0,20,15,91,4.0,72.0,204,119,96,47,70,212,154,164,230,73,232,126,177,First Pair,79.0,1889.05,6.0,27.0,33.0,7.84434134849923,40.5940594059406,46.04870409530732,8469555,D,74.0,201.0,1982-07-06,DEU,2001.0,4.0,106.0,L,31,"[99, 99, 92, 94, 89]","[96, 93, 91, 96, 90]","[65, 85, 46, 79, 58]","['VAN', 'VAN', 'BUF', 'BUF', 'BUF']"
2013-2014,Clayton Stoner,MIN,D,25.4,11.2,69.4,,78.0,30.6,12.5,12.9,22.0,19.0,84.1,6.5,44.0,43.5,20.7,174,207,72,,40.0,162,204,203,182,166,38,218,131,132,185,232,126,177,Third Pair,63.0,839.55,1.0,4.0,5.0,1.3138167530590896,42.22222222222222,46.82288747423584,8470886,D,76.0,216.0,1985-02-19,CAN,2004.0,3.0,79.0,L,28,"[None, 32, 49, 15, 31]","[None, 26, 41, 3, 16]","[None, 70, 81, 75, 66]","[None, 'MIN', 'MIN', 'MIN', 'MIN']"
2013-2014,Cody Ceci,OTT,D,65.1,79.3,38.4,19.8,56.5,43.5,68.5,85.3,81.0,67.2,49.6,83.2,27.6,13.8,40.5,82,49,144,102.0,78.0,132,74,35,45,66,118,40,169,201,139,232,126,177,Third Pair,49.0,843.0166666666667,3.0,6.0,9.0,3.118024014481942,47.368421052631575,52.296578393514935,8476879,D,75.0,210.0,1993-12-21,CAN,2012.0,1.0,15.0,R,19,"[None, None, None, None, 63]","[None, None, None, None, 75]","[None, None, None, None, 40]","[None, None, None, None, 'OTT']"
2013-2014,Cody Franson,TOR,D,71.6,36.2,73.7,39.7,39.0,86.2,60.3,18.1,90.5,86.2,92.7,16.8,83.6,4.3,14.7,67,149,62,77.0,109.0,33,93,191,23,29,18,194,39,223,199,232,126,177,Second Pair,79.0,1634.2666666666669,5.0,28.0,33.0,4.730265098308731,44.554455445544555,43.87379196294048,8471742,D,77.0,224.0,1987-08-08,CAN,2005.0,3.0,79.0,R,26,"[80, 61, 73, 92, 55]","[75, 79, 71, 79, 18]","[62, 57, 60, 74, 77]","['NSH', 'NSH', 'TOR', 'TOR', 'TOR']"
2013-2014,Connor Carrick,WSH,D,40.1,67.7,12.9,,35.6,55.2,40.5,25.0,6.9,67.2,67.7,20.7,33.6,21.1,37.9,140,76,203,,115.0,105,139,175,217,66,76,185,155,184,145,232,126,177,Third Pair,34.0,543.0666666666667,1.0,5.0,6.0,1.2507651446915429,37.83783783783784,44.97815099680034,8476941,D,70.0,198.0,1994-04-13,USA,2012.0,5.0,137.0,R,19,"[None, None, None, None, 45]","[None, None, None, None, 67]","[None, None, None, None, 16]","[None, None, None, None, 'WSH']"
2013-2014,Connor Murphy,PHX,D,66.8,54.7,58.2,,36.7,60.3,43.1,8.2,93.5,80.8,72.0,69.8,73.7,19.4,83.2,78,106,98,,113.0,93,133,214,16,40,66,71,62,188,40,232,126,177,Third Pair,30.0,539.4166666666666,1.0,7.0,8.0,0.9168925045745762,55.26315789473685,53.35900362405501,8476473,D,76.0,212.0,1993-03-26,USA,2011.0,1.0,20.0,R,20,"[None, None, None, None, 65]","[None, None, None, None, 55]","[None, None, None, None, 54]","[None, None, None, None, 'PHX']"
2013-2014,Cory Sarich,COL,D,22.8,12.5,69.8,,53.7,45.3,11.2,3.0,17.2,16.8,89.2,49.1,34.1,18.1,7.8,180,204,71,,83.0,128,207,226,193,171,26,119,154,191,215,232,126,177,Third Pair,54.0,922.7833333333332,1.0,9.0,10.0,1.3349683322004822,54.6875,47.38112226548207,8464981,D,76.0,207.0,1978-08-16,CAN,1996.0,2.0,27.0,R,35,"[30, 45, 36, 55, 15]","[70, 22, 56, 13, 8]","[55, 56, 73, 70, 71]","['CGY', 'CGY', 'CGY', 'CGY', 'COL']"
2013-2014,Dalton Prout,CBJ,D,60.3,39.7,65.1,,54.2,71.6,53.0,6.9,5.6,68.5,78.4,42.2,84.5,36.2,63.4,93,141,82,,82.0,67,110,217,220,65,51,135,37,149,86,232,126,177,Third Pair,49.0,843.0333333333333,2.0,4.0,6.0,1.616643742262896,42.0,52.79744254103799,8474774,D,75.0,215.0,1990-03-13,CAN,2010.0,6.0,154.0,R,23,"[None, None, None, 46, 67]","[None, None, None, 41, 37]","[None, None, None, 56, 69]","[None, None, None, 'CBJ', 'CBJ']"
2013-2014,Dan Boyle,SJS,D,97.0,93.5,83.6,100.0,,9.1,62.9,96.6,29.3,59.9,8.6,64.7,27.2,91.4,31.0,8,16,39,1.0,,212,87,9,165,80,213,83,170,21,161,232,126,177,Second Pair,75.0,1596.2,12.0,24.0,36.0,10.23835656150955,47.5609756097561,57.45802371559891,8467096,D,71.0,194.0,1976-07-12,CAN,,,,R,37,"[98, 100, 97, 99, 94]","[95, 95, 74, 98, 89]","[86, 92, 91, 97, 67]","['SJS', 'SJS', 'SJS', 'SJS', 'SJS']"
2013-2014,Dan Girardi,NYR,D,47.8,72.0,26.7,14.3,44.6,28.4,31.9,41.8,25.0,55.2,68.5,21.1,36.6,95.3,79.7,122,66,171,109.0,99.0,167,159,136,175,88,74,184,148,12,48,232,126,177,First Pair,81.0,1872.6833333333336,5.0,19.0,24.0,5.095148737721851,51.85185185185185,50.701199961643816,8471958,D,73.0,212.0,1984-04-29,CAN,,,,R,29,"[16, 10, 16, 63, 48]","[55, 89, 69, 72, 75]","[1, 2, 2, 53, 35]","['NYR', 'NYR', 'NYR', 'NYR', 'NYR']"
2013-2014,Dan Hamhuis,VAN,D,93.1,58.6,78.9,62.7,99.4,81.5,77.6,68.5,89.2,98.7,24.6,28.9,90.9,81.0,85.3,17,97,50,48.0,2.0,44,53,74,26,4,176,166,22,45,35,232,126,177,First Pair,79.0,1892.6,5.0,17.0,22.0,6.445484223136419,56.88073394495413,50.60575341376531,8469465,D,73.0,204.0,1982-12-13,CAN,2001.0,1.0,12.0,L,30,"[80, 73, 79, 84, 94]","[81, 83, 85, 42, 59]","[46, 22, 54, 87, 78]","['NSH', 'VAN', 'VAN', 'VAN', 'VAN']"
2013-2014,Danny DeKeyser,DET,D,40.9,28.0,50.4,21.4,45.8,25.9,16.8,50.4,42.7,72.8,36.2,75.0,93.1,54.3,62.1,138,168,116,100.0,97.0,173,194,116,134,57,149,59,17,107,89,232,126,177,Second Pair,65.0,1406.65,4.0,19.0,23.0,4.002896412082541,53.125,49.68075504230545,8477215,D,75.0,183.0,1990-03-07,USA,,,,L,23,"[None, None, None, 48, 35]","[None, None, None, 42, 22]","[None, None, None, 45, 52]","[None, None, None, 'DET', 'DET']"
2013-2014,David Savard,CBJ,D,26.3,10.8,71.6,,28.2,90.1,66.4,9.1,19.0,18.1,77.2,55.2,87.5,49.1,27.2,172,208,67,,128.0,24,79,212,189,168,54,105,30,119,170,232,126,177,Third Pair,70.0,1248.0166666666669,5.0,10.0,15.0,2.0875032145134256,54.054054054054056,49.73736173070092,8475233,D,73.0,235.0,1990-10-22,CAN,2009.0,4.0,94.0,R,22,"[None, None, 41, None, 31]","[None, None, 37, None, 15]","[None, None, 61, None, 72]","[None, None, 'CBJ', None, 'CBJ']"
2013-2014,David Schlemko,PHX,D,56.5,82.3,27.6,40.5,40.1,29.7,35.8,64.2,44.4,47.4,62.5,73.7,78.0,11.6,50.4,102,42,169,76.0,107.0,164,150,84,130,106,88,62,52,206,116,232,126,177,Third Pair,48.0,787.0666666666667,1.0,8.0,9.0,2.1799152781014617,54.34782608695651,51.82948567762813,8473673,D,73.0,191.0,1987-05-07,CAN,,,,L,26,"[57, 55, 60, 44, 59]","[62, 78, 81, 74, 84]","[36, 37, 20, 17, 39]","['PHX', 'PHX', 'PHX', 'PHX', 'PHX']"
2013-2014,Dennis Seidenberg,BOS,D,53.0,71.6,20.3,,42.9,79.3,58.2,14.7,79.3,62.1,77.6,24.1,91.8,85.3,6.9,110,67,186,,102.0,49,98,199,49,75,53,177,20,35,217,232,126,177,Second Pair,34.0,742.4833333333333,1.0,9.0,10.0,1.2573727090558038,56.00000000000001,46.02720646492639,8469619,D,72.0,199.0,1981-07-18,DEU,2001.0,6.0,172.0,L,32,"[70, 16, 50, 78, 39]","[75, 86, 90, 93, 50]","[32, 3, 31, 31, 15]","['BOS', 'BOS', 'BOS', 'BOS', 'BOS']"
2013-2014,Dennis Wideman,CGY,D,36.6,81.0,7.3,9.5,18.6,31.0,54.7,71.1,64.2,73.7,29.7,92.2,6.9,16.8,51.7,148,45,216,115.0,145.0,161,106,68,84,55,164,19,217,194,113,232,126,177,First Pair,46.0,1043.9,4.0,17.0,21.0,5.772212997876909,43.05555555555556,47.198300840477415,8469770,D,72.0,202.0,1983-03-20,CAN,2002.0,8.0,241.0,R,30,"[87, 40, 10, 50, 44]","[92, 74, 83, 92, 73]","[54, 33, 29, 0, 16]","['BOS', 'WSH', 'WSH', 'CGY', 'CGY']"
2013-2014,Derek Morris,PHX,D,4.7,27.2,8.2,,27.7,83.2,62.5,55.6,66.8,9.9,58.6,87.5,20.3,15.5,42.7,222,170,214,,129.0,40,88,104,78,187,97,30,186,197,134,232,126,177,Second Pair,63.0,1225.2666666666669,5.0,12.0,17.0,3.412360454415721,47.43589743589743,46.04586088630893,8464966,D,72.0,210.0,1978-08-24,CAN,1996.0,1.0,13.0,R,35,"[62, 5, 6, 3, 9]","[51, 5, 22, 46, 24]","[84, 6, 10, 6, 10]","['PHX', 'PHX', 'PHX', 'PHX', 'PHX']"
2013-2014,Deryk Engelland,PIT,D,16.8,11.6,31.9,,32.8,90.9,94.0,55.2,15.9,43.5,95.3,41.8,61.6,62.1,39.7,194,206,159,,120.0,22,15,105,196,112,12,136,90,89,141,232,126,177,Third Pair,56.0,730.4833333333333,6.0,6.0,12.0,2.159168271686504,44.89795918367347,45.77954097794859,8468674,D,74.0,212.0,1982-04-03,CAN,2000.0,6.0,194.0,R,31,"[None, 13, 12, 9, 28]","[None, 13, 8, 15, 14]","[None, 26, 10, 24, 44]","[None, 'PIT', 'PIT', 'PIT', 'PIT']"
2013-2014,Dion Phaneuf,TOR,D,7.3,35.3,25.9,13.5,19.8,88.8,88.4,70.7,40.1,4.7,83.6,0.4,95.3,6.0,94.0,216,151,173,110.0,143.0,27,28,69,140,199,39,232,12,219,15,232,126,177,First Pair,80.0,1885.15,8.0,23.0,31.0,8.212469886390434,52.38095238095239,42.48043646755408,8470602,D,76.0,222.0,1985-04-10,CAN,2003.0,1.0,9.0,L,28,"[71, 14, 71, 7, 6]","[90, 32, 83, 5, 40]","[5, 25, 37, 37, 22]","['TOR', 'TOR', 'TOR', 'TOR', 'TOR']"
2013-2014,Dmitry Kulikov,FLA,D,18.5,70.3,21.6,1.6,9.6,50.4,34.9,52.2,21.6,41.4,80.2,61.2,4.3,28.4,33.2,190,70,183,125.0,161.0,116,152,112,183,117,47,91,223,167,156,232,126,177,Second Pair,81.0,1757.15,8.0,11.0,19.0,7.361166435270752,39.49579831932773,48.46557772747982,8475179,D,73.0,212.0,1990-10-29,RUS,2009.0,1.0,14.0,L,22,"[7, 37, 29, 13, 22]","[29, 78, 30, 66, 79]","[15, 37, 61, 7, 23]","['FLA', 'FLA', 'FLA', 'FLA', 'FLA']"
2013-2014,Dmitry Orlov,WSH,D,81.0,60.3,67.2,,,78.4,70.3,44.8,42.2,97.0,48.7,31.0,40.5,27.2,54.3,45,93,77,,,51,70,129,135,8,120,161,139,170,107,232,126,177,Second Pair,54.0,1058.2833333333333,3.0,8.0,11.0,2.9436560675453753,47.82608695652174,50.141768371617054,8475200,D,71.0,215.0,1991-07-23,RUS,2009.0,2.0,55.0,L,22,"[None, None, 57, None, 81]","[None, None, 48, None, 64]","[None, None, 29, None, 73]","[None, None, 'WSH', None, 'WSH']"
2013-2014,Dougie Hamilton,BOS,D,46.1,74.6,51.3,64.3,,64.7,85.3,97.0,91.8,9.1,50.0,65.9,92.2,93.1,44.0,126,60,114,46.0,,83,35,8,20,189,117,80,19,17,131,232,126,177,Second Pair,64.0,1222.5833333333333,7.0,18.0,25.0,6.638639219224901,66.15384615384615,55.79457593264176,8476462,D,78.0,230.0,1993-06-17,CAN,2011.0,1.0,9.0,R,20,"[None, None, None, 26, 52]","[None, None, None, 74, 75]","[None, None, None, 21, 61]","[None, None, None, 'BOS', 'BOS']"
2013-2014,Douglas Murray,MTL,D,8.2,7.8,17.7,,46.9,26.3,9.1,10.3,3.9,44.4,97.8,53.0,11.2,53.4,13.4,214,215,192,,95.0,172,212,209,224,110,6,110,207,109,202,232,126,177,Third Pair,53.0,760.6333333333333,0.0,2.0,2.0,0.8831941807125108,32.432432432432435,42.21560451133016,8468114,D,75.0,240.0,1980-03-12,SWE,1999.0,8.0,241.0,L,33,"[37, 64, 8, 11, 10]","[49, 23, 4, 5, 10]","[34, 84, 28, 32, 13]","['SJS', 'SJS', 'SJS', 'PIT', 'MTL']"
2013-2014,Drew Doughty,LAK,D,88.4,85.8,94.4,48.4,75.7,2.2,61.2,95.7,54.7,22.4,71.1,71.1,37.1,94.0,77.2,28,34,14,66.0,44.0,228,91,11,106,160,68,68,147,15,54,232,126,177,First Pair,78.0,2005.5833333333333,10.0,27.0,37.0,12.660637192756786,57.446808510638306,56.10052364842792,8474563,D,73.0,210.0,1989-12-08,CAN,2008.0,1.0,2.0,R,23,"[94, 95, 93, 94, 80]","[79, 90, 94, 87, 78]","[90, 94, 88, 98, 91]","['LAK', 'LAK', 'LAK', 'LAK', 'LAK']"
2013-2014,Duncan Keith,CHI,D,65.9,97.4,24.6,57.9,36.2,1.7,32.3,83.6,98.3,18.5,3.4,79.3,75.0,99.6,69.4,80,7,176,54.0,114.0,229,158,39,5,167,225,49,59,2,72,232,126,177,First Pair,79.0,1947.3333333333337,6.0,55.0,61.0,9.634346353059613,57.03703703703704,58.244367621147,8470281,D,73.0,192.0,1983-07-16,CAN,2002.0,2.0,54.0,L,30,"[96, 90, 48, 49, 73]","[100, 98, 96, 93, 97]","[85, 38, 9, 14, 34]","['CHI', 'CHI', 'CHI', 'CHI', 'CHI']"
2013-2014,Dustin Byfuglien,WPG,D,59.1,95.7,15.1,93.7,45.2,54.7,96.6,99.6,85.8,3.4,60.8,55.6,3.9,59.5,81.5,96,11,198,9.0,98.0,106,9,2,34,202,92,104,224,95,44,232,126,177,First Pair,78.0,1800.7,20.0,36.0,56.0,18.536096400376312,40.98360655737705,48.86529205941663,8470834,D,77.0,260.0,1985-03-27,USA,2003.0,8.0,245.0,R,28,"[None, 92, 69, 61, 56]","[None, 99, 97, 99, 89]","[None, 89, 55, 15, 12]","[None, 'ATL', 'WPG', 'WPG', 'WPG']"
2013-2014,Dylan Olsen,FLA,D,53.9,49.6,41.4,,31.6,81.0,83.2,49.6,79.7,72.0,91.4,84.9,10.8,40.9,31.9,108,118,137,,122.0,45,40,118,48,59,21,36,208,138,159,232,126,177,Third Pair,44.0,679.2166666666667,3.0,9.0,12.0,1.7750547601805777,46.2962962962963,48.588312574394536,8475153,D,74.0,223.0,1991-01-03,USA,2009.0,1.0,28.0,L,22,"[None, None, 56, None, 53]","[None, None, 38, None, 53]","[None, None, 45, None, 42]","[None, None, 'CHI', None, 'FLA']"
2013-2014,Ed Jovanovski,FLA,D,3.9,22.8,9.1,25.4,11.3,59.1,45.7,35.8,12.9,16.4,29.3,59.5,34.5,22.4,3.0,224,180,212,95.0,158.0,96,127,150,203,172,165,95,153,181,226,232,126,177,Third Pair,37.0,598.2833333333333,1.0,4.0,5.0,1.728158932180331,44.18604651162791,42.25541352666251,8460492,D,75.0,220.0,1976-06-26,CAN,1994.0,1.0,1.0,L,37,"[35, 34, 21, None, 6]","[57, 30, 16, None, 30]","[59, 29, 21, None, 11]","['PHX', 'PHX', 'FLA', None, 'FLA']"
2013-2014,Eric Brewer,TBL,D,8.6,36.6,34.5,,25.4,52.6,72.4,73.7,59.5,3.0,65.1,25.9,56.0,26.7,16.8,213,148,153,,133.0,111,65,62,95,203,82,173,103,171,194,232,126,177,Third Pair,77.0,1351.5833333333333,4.0,13.0,17.0,4.587647759227135,49.29577464788733,50.29886757965002,8466142,D,76.0,216.0,1979-04-17,CAN,1997.0,1.0,5.0,L,34,"[25, 36, 2, 2, 21]","[15, 43, 17, 8, 53]","[30, 59, 22, 22, 45]","['STL', 'TBL', 'TBL', 'TBL', 'TBL']"
2013-2014,Eric Gelinas,NJD,D,23.3,19.8,47.4,59.5,,13.4,54.3,90.9,83.6,38.8,76.3,98.7,38.4,92.2,75.0,179,187,123,52.0,,202,107,22,39,123,56,4,144,19,59,232,126,177,Third Pair,60.0,1015.4333333333332,7.0,22.0,29.0,6.325982750055823,49.2063492063492,51.105413977295925,8475199,D,76.0,215.0,1991-05-08,CAN,2009.0,2.0,54.0,L,22,"[None, None, None, None, 29]","[None, None, None, None, 28]","[None, None, None, None, 47]","[None, None, None, None, 'NJD']"
2013-2014,Eric Gryba,OTT,D,51.7,57.3,52.2,,70.6,61.2,65.5,68.1,34.1,37.1,94.0,10.8,69.4,23.7,59.1,113,100,112,,53.0,91,81,75,154,127,15,208,72,178,96,232,126,177,Third Pair,57.0,998.7,2.0,9.0,11.0,1.774731330441243,57.14285714285714,49.03948264861584,8473468,D,76.0,222.0,1988-04-14,CAN,2006.0,3.0,68.0,R,25,"[None, None, None, 16, 66]","[None, None, None, 35, 67]","[None, None, None, 36, 59]","[None, None, None, 'OTT', 'OTT']"
2013-2014,Erik Gudbranson,FLA,D,25.9,32.3,40.5,33.3,16.9,24.6,37.9,72.0,4.7,53.0,97.4,65.5,1.7,14.2,7.3,173,158,139,85.0,148.0,176,145,66,222,93,7,81,229,200,216,232,126,177,Third Pair,65.0,1168.7666666666669,3.0,6.0,9.0,4.308525480097667,45.0,47.91925838603548,8475790,D,77.0,222.0,1992-01-07,CAN,2010.0,1.0,3.0,R,21,"[None, None, 29, 10, 44]","[None, None, 46, 22, 31]","[None, None, 38, 12, 55]","[None, None, 'FLA', 'FLA', 'FLA']"
2013-2014,Erik Gustafsson,PHI,D,73.7,67.2,53.9,,,68.1,80.6,42.7,49.6,91.4,25.4,32.3,94.0,39.7,32.3,62,77,108,,,75,46,134,118,17,174,158,15,141,158,232,126,177,Third Pair,31.0,543.15,2.0,8.0,10.0,1.7645106073016557,58.536585365853654,50.97142888428115,8475640,D,70.0,180.0,1988-12-15,SWE,,,,L,24,"[None, None, 74, 86, 68]","[None, None, 64, 77, 68]","[None, None, 48, 62, 52]","[None, None, 'PHI', 'PHI', 'PHI']"
2013-2014,Erik Johnson,COL,D,64.7,94.4,9.5,58.7,51.4,70.3,43.5,66.8,56.9,40.5,44.8,20.3,39.7,24.6,95.7,83,14,211,53.0,87.0,70,132,78,101,119,129,186,141,176,11,232,126,177,First Pair,80.0,1840.55,9.0,30.0,39.0,7.5940875158828565,52.88461538461539,48.96019694214432,8473446,D,76.0,225.0,1988-03-21,USA,2006.0,1.0,1.0,R,25,"[42, 39, 76, 31, 70]","[88, 82, 92, 73, 97]","[10, 6, 5, 30, 8]","['STL', 'COL', 'COL', 'COL', 'COL']"
2013-2014,Erik Karlsson,OTT,D,98.3,98.7,32.3,74.6,76.8,100.0,99.1,99.1,97.4,95.7,18.1,89.2,40.9,25.0,46.1,5,4,158,33.0,42.0,1,3,3,7,11,191,26,138,175,126,232,126,177,First Pair,82.0,2219.983333333333,20.0,54.0,74.0,13.409596401653886,48.29931972789115,49.921750304346375,8474578,D,72.0,185.0,1990-05-31,SWE,2008.0,1.0,15.0,R,23,"[53, 38, 95, 81, 99]","[48, 69, 98, 63, 99]","[47, 22, 44, 64, 22]","['OTT', 'OTT', 'OTT', 'OTT', 'OTT']"
2013-2014,Fedor Tyutin,CBJ,D,76.3,41.4,92.2,85.7,86.4,75.9,66.8,40.9,76.3,11.2,48.3,6.0,70.3,35.8,86.2,56,137,19,19.0,25.0,57,78,138,56,184,121,219,70,150,33,232,126,177,Second Pair,69.0,1477.35,4.0,22.0,26.0,5.798875824421118,49.411764705882355,51.62127015036025,8469492,D,74.0,221.0,1983-07-19,RUS,2001.0,2.0,40.0,L,30,"[50, 96, 91, 58, 77]","[6, 42, 54, 55, 34]","[89, 99, 97, 91, 91]","['CBJ', 'CBJ', 'CBJ', 'CBJ', 'CBJ']"
2013-2014,Francis Bouillon,MTL,D,13.8,24.6,20.7,52.4,,53.0,27.2,6.5,18.5,31.0,59.5,50.9,39.2,52.2,15.9,201,176,185,61.0,,110,170,218,190,140,95,115,142,112,196,232,126,177,Third Pair,52.0,919.7166666666668,2.0,4.0,6.0,1.3823283798557593,40.98360655737705,43.732573643894995,8465914,D,68.0,194.0,1975-10-17,USA,,,,L,37,"[7, 29, 19, 58, 8]","[11, 17, 67, 70, 12]","[6, 13, 4, 50, 19]","['NSH', 'NSH', 'NSH', 'MTL', 'MTL']"
2013-2014,Francois Beauchemin,ANA,D,61.6,58.2,70.3,27.0,16.4,69.8,64.7,47.4,40.5,50.4,41.8,48.3,93.5,74.6,65.5,90,98,70,93.0,149.0,71,83,123,139,99,136,121,16,60,81,232,126,177,First Pair,70.0,1616.95,4.0,13.0,17.0,5.495476835324132,56.91056910569105,50.78963819421677,8467400,D,71.0,208.0,1980-06-04,CAN,1998.0,3.0,75.0,L,33,"[58, 58, 90, 70, 47]","[72, 12, 79, 71, 51]","[54, 95, 91, 85, 56]","['TOR', 'ANA', 'ANA', 'ANA', 'ANA']"
2013-2014,Grant Clitsome,WPG,D,20.7,43.5,11.6,54.0,55.4,72.8,78.0,40.5,92.7,40.1,64.2,56.0,44.8,67.7,73.3,185,132,206,59.0,80.0,64,52,139,18,120,84,103,129,76,63,232,126,177,Second Pair,32.0,633.1833333333334,2.0,10.0,12.0,2.3094440616367273,43.39622641509434,48.45798551033783,8471482,D,71.0,211.0,1985-04-14,CAN,2004.0,9.0,271.0,L,28,"[None, 45, 15, 16, 27]","[None, 57, 23, 51, 48]","[None, 29, 37, 3, 18]","[None, 'CBJ', 'WPG', 'WPG', 'WPG']"
2013-2014,Hampus Lindholm,ANA,D,89.7,99.1,31.5,53.2,,91.8,83.6,69.4,99.6,46.3,19.0,67.7,99.1,75.9,92.7,25,3,160,60.0,,20,39,72,2,107,189,76,3,57,18,232,126,177,Second Pair,78.0,1515.6666666666667,6.0,24.0,30.0,5.690742653961958,63.33333333333333,53.80611883385246,8476854,D,76.0,217.0,1994-01-20,SWE,2012.0,1.0,6.0,L,19,"[None, None, None, None, 87]","[None, None, None, None, 97]","[None, None, None, None, 33]","[None, None, None, None, 'ANA']"
2013-2014,Henrik Tallinder,BUF,D,36.2,23.7,79.3,,47.5,61.6,37.1,14.2,8.2,12.9,26.7,30.6,2.2,10.3,44.4,149,178,49,,94.0,90,147,200,214,180,171,162,228,209,130,232,126,177,Second Pair,64.0,1215.9833333333331,2.0,6.0,8.0,1.67010423211175,32.857142857142854,42.06918533689652,8466182,D,76.0,209.0,1979-01-10,SWE,1997.0,2.0,48.0,L,34,"[52, 76, 64, 78, 18]","[42, 24, 47, 56, 17]","[74, 98, 79, 90, 74]","['BUF', 'NJD', 'NJD', 'NJD', 'BUF']"
2013-2014,Ian Cole,STL,D,58.2,55.6,56.5,,,62.5,39.2,27.2,22.8,60.3,20.3,57.3,65.1,60.3,18.5,98,104,102,,,88,142,170,180,79,186,100,82,93,190,232,126,177,Third Pair,46.0,693.8666666666667,3.0,8.0,11.0,2.0428614322467507,67.56756756756756,54.09860124561243,8474013,D,73.0,237.0,1989-02-21,USA,2007.0,1.0,18.0,L,24,"[None, 50, 66, 33, 64]","[None, 62, 63, 34, 64]","[None, 45, 45, 50, 60]","[None, 'STL', 'STL', 'STL', 'STL']"
2013-2014,Jack Johnson,CBJ,D,0.4,4.7,2.2,46.0,7.9,5.2,34.5,66.4,47.8,38.4,53.4,2.6,62.9,79.7,80.2,232,222,228,69.0,164.0,221,153,79,122,124,109,227,87,48,47,232,126,177,First Pair,82.0,2023.7166666666667,5.0,28.0,33.0,9.186494146097269,49.56521739130435,50.49458691867815,8471677,D,74.0,225.0,1987-01-13,USA,2005.0,1.0,3.0,L,26,"[3, 0, 0, 1, 2]","[10, 1, 1, 0, 13]","[2, 0, 0, 2, 3]","['LAK', 'LAK', 'CBJ', 'CBJ', 'CBJ']"
2013-2014,Jacob Trouba,WPG,D,79.3,80.6,22.4,15.9,57.6,84.5,95.3,98.7,77.6,100.0,39.2,7.8,28.0,61.6,94.8,49,46,181,107.0,76.0,37,12,4,53,1,142,215,168,90,13,232,126,177,First Pair,65.0,1458.3666666666666,10.0,19.0,29.0,8.312730831942392,47.95918367346938,49.217152078995944,8476885,D,75.0,212.0,1994-02-26,USA,2012.0,1.0,9.0,R,19,"[None, None, None, None, 77]","[None, None, None, None, 76]","[None, None, None, None, 24]","[None, None, None, None, 'WPG']"
2013-2014,Jake Gardiner,TOR,D,62.1,40.5,15.9,81.0,,96.6,75.4,54.3,45.7,98.3,42.7,23.7,87.1,4.7,18.1,89,139,196,25.0,,9,58,107,127,5,134,178,31,222,191,232,126,177,Second Pair,80.0,1686.1,10.0,21.0,31.0,7.096028186238983,52.12765957446809,44.49993067703074,8474581,D,74.0,203.0,1990-07-04,USA,2008.0,1.0,17.0,L,23,"[None, None, 39, 40, 72]","[None, None, 70, 46, 34]","[None, None, 3, 19, 20]","[None, None, 'TOR', 'TOR', 'TOR']"
2013-2014,Jake Muzzin,LAK,D,88.8,84.9,91.8,84.9,,4.7,78.9,82.3,84.1,35.3,87.5,94.0,68.1,99.1,71.1,27,36,20,20.0,,222,50,42,38,131,30,15,75,3,68,232,126,177,Second Pair,76.0,1446.3166666666666,5.0,20.0,25.0,7.813586413589614,56.57894736842105,59.22429615992936,8474162,D,75.0,227.0,1989-02-21,CAN,2007.0,5.0,141.0,L,24,"[None, None, None, 90, 88]","[None, None, None, 86, 83]","[None, None, None, 87, 94]","[None, None, None, 'LAK', 'LAK']"
2013-2014,Jakub Kindl,DET,D,42.2,56.5,26.3,27.8,,44.0,63.4,69.8,73.7,65.5,35.3,97.8,90.1,34.5,0.9,135,102,172,92.0,,131,86,71,62,68,151,6,24,153,231,232,126,177,Third Pair,66.0,1137.2166666666667,2.0,17.0,19.0,4.931809936776495,53.84615384615385,50.24615182452787,8471693,D,75.0,199.0,1987-02-10,CZE,2005.0,1.0,19.0,L,26,"[None, 9, 51, 54, 37]","[None, 46, 35, 84, 49]","[None, 27, 30, 34, 26]","[None, 'DET', 'DET', 'DET', 'DET']"
2013-2014,James Wisniewski,CBJ,D,74.1,88.4,59.5,61.1,60.5,33.2,49.6,51.3,87.1,40.9,47.4,31.5,56.9,50.4,59.9,61,28,95,50.0,71.0,156,118,114,31,118,123,160,101,116,94,232,126,177,First Pair,75.0,1696.6333333333332,7.0,44.0,51.0,8.951671897561052,54.65116279069767,54.981857355993114,8470222,D,71.0,203.0,1984-02-21,USA,2002.0,5.0,156.0,R,29,"[52, 77, 30, 67, 80]","[89, 92, 78, 84, 88]","[16, 4, 9, 18, 78]","['ANA', 'MTL', 'CBJ', 'CBJ', 'CBJ']"
2013-2014,Jamie McBain,BUF,D,27.6,84.5,3.4,2.4,22.6,51.7,46.1,44.4,38.8,86.6,4.7,52.6,42.7,2.6,20.3,169,37,225,124.0,138.0,113,126,130,143,28,222,111,134,227,186,232,126,177,Second Pair,69.0,1391.4666666666667,6.0,11.0,17.0,5.645511666879211,40.98360655737705,39.0530326526276,8473571,D,73.0,195.0,1988-02-25,USA,2006.0,2.0,63.0,R,25,"[70, 84, 89, 85, 7]","[63, 90, 97, 97, 53]","[31, 63, 11, 5, 2]","['CAR', 'CAR', 'CAR', 'CAR', 'BUF']"
2013-2014,Jan Hejda,COL,D,21.6,5.2,62.5,,84.7,93.1,69.0,25.9,27.2,31.9,62.9,8.6,59.9,53.0,97.4,183,221,88,,28.0,17,73,173,170,138,87,213,94,110,7,232,126,177,First Pair,78.0,1741.4,6.0,11.0,17.0,3.390784848889114,53.63636363636364,46.48535800652858,8470699,D,76.0,230.0,1978-06-18,CZE,2003.0,4.0,106.0,L,35,"[21, 80, 72, 62, 12]","[1, 58, 8, 13, 5]","[33, 74, 72, 82, 50]","['CBJ', 'CBJ', 'COL', 'COL', 'COL']"
2013-2014,Jared Cowen,OTT,D,7.8,29.3,13.4,,78.5,97.8,91.4,36.2,19.8,3.9,94.8,56.5,72.0,55.6,64.7,215,165,202,,39.0,6,21,149,187,201,13,102,66,104,83,232,126,177,Second Pair,68.0,1394.8333333333333,6.0,9.0,15.0,3.5240962037872037,52.22222222222223,47.925877017514054,8475174,D,77.0,238.0,1991-01-25,CAN,2009.0,1.0,9.0,L,22,"[None, None, 9, None, 14]","[None, None, 14, None, 38]","[None, None, 23, None, 15]","[None, None, 'OTT', None, 'OTT']"
2013-2014,Jared Spurgeon,MIN,D,90.9,70.7,84.5,75.4,70.1,43.1,39.7,43.1,74.6,95.3,31.9,72.0,86.6,72.4,75.9,22,69,37,32.0,54.0,133,141,133,60,12,159,66,32,65,57,232,126,177,First Pair,67.0,1516.95,5.0,21.0,26.0,5.09997845170106,63.52941176470588,54.12274696494473,8474716,D,69.0,166.0,1989-11-29,CAN,2008.0,6.0,156.0,R,23,"[None, 82, 81, 93, 90]","[None, 57, 18, 68, 81]","[None, 73, 80, 82, 85]","[None, 'MIN', 'MIN', 'MIN', 'MIN']"
2013-2014,Jarred Tinordi,MTL,D,42.7,40.9,50.0,,29.4,46.6,2.4,28.0,3.0,56.7,93.1,33.6,9.5,32.3,11.2,134,138,117,,126.0,125,223,168,226,86,17,155,211,158,207,232,126,177,Third Pair,22.0,319.68333333333334,0.0,2.0,2.0,0.5753960502135563,42.857142857142854,47.6130207111171,8475797,D,78.0,229.0,1992-02-20,USA,2010.0,1.0,22.0,L,21,"[None, None, None, None, 45]","[None, None, None, None, 43]","[None, None, None, None, 48]","[None, None, None, None, 'MTL']"
2013-2014,Jason Demers,SJS,D,78.0,80.2,46.6,57.1,82.5,65.5,72.0,75.4,78.4,83.6,50.4,68.1,19.4,94.8,17.2,52,47,125,55.0,32.0,81,66,58,51,34,116,75,188,13,193,232,126,177,Second Pair,75.0,1461.55,5.0,29.0,34.0,6.157492066561757,54.90196078431373,58.28257675120641,8474218,D,73.0,195.0,1988-06-09,CAN,2008.0,7.0,186.0,R,25,"[41, 92, 63, 39, 89]","[39, 93, 60, 36, 87]","[26, 80, 16, 42, 55]","['SJS', 'SJS', 'SJS', 'SJS', 'SJS']"
2013-2014,Jason Garrison,VAN,D,40.5,31.0,75.9,42.1,77.4,85.3,80.2,45.3,65.1,7.8,23.7,40.1,76.3,63.8,73.7,139,161,57,74.0,41.0,35,47,128,82,192,178,140,56,85,62,232,126,177,Second Pair,81.0,1692.6333333333332,7.0,26.0,33.0,8.915830602057293,48.38709677419355,47.53392623907334,8474520,D,73.0,218.0,1984-11-13,CAN,,,,L,28,"[34, 63, 93, 64, 18]","[23, 15, 32, 14, 34]","[69, 91, 94, 97, 53]","['FLA', 'FLA', 'FLA', 'VAN', 'VAN']"
2013-2014,Jay Bouwmeester,STL,D,68.5,25.9,89.2,3.2,75.1,6.5,75.0,85.8,86.6,76.7,9.9,36.2,68.5,90.9,96.6,74,173,26,123.0,45.0,218,59,34,32,49,210,149,74,22,9,232,126,177,First Pair,82.0,1971.9833333333331,4.0,33.0,37.0,7.090976074220876,58.97435897435898,54.62636373378565,8470151,D,76.0,206.0,1983-09-27,CAN,2002.0,1.0,3.0,L,29,"[23, 77, 70, 60, 72]","[11, 80, 12, 32, 28]","[89, 94, 88, 86, 88]","['CGY', 'CGY', 'CGY', 'STL', 'STL']"
2013-2014,Jay Harrison,CAR,D,2.6,44.8,0.9,70.6,,69.0,59.5,58.6,37.1,15.9,69.4,90.5,31.9,15.1,22.0,227,129,231,38.0,,73,95,97,147,173,72,23,159,198,182,232,126,177,Third Pair,68.0,1130.6,4.0,11.0,15.0,4.139175493318917,49.31506849315068,42.03639904514702,8469531,D,76.0,222.0,1982-11-03,CAN,2001.0,3.0,82.0,L,30,"[47, 23, 31, 4, 2]","[41, 63, 84, 81, 25]","[58, 25, 8, 4, 0]","['CAR', 'CAR', 'CAR', 'CAR', 'CAR']"
2013-2014,Jeff Petry,EDM,D,59.5,83.6,36.2,19.0,13.6,31.5,57.8,72.4,57.3,59.5,65.9,15.1,49.1,7.3,89.2,95,39,149,103.0,154.0,160,99,65,100,81,80,198,119,216,26,232,126,177,Second Pair,80.0,1726.7833333333333,7.0,10.0,17.0,5.43558975437756,40.77669902912621,46.34427217031127,8473507,D,75.0,208.0,1987-12-09,USA,2006.0,2.0,45.0,R,25,"[None, 68, 82, 43, 59]","[None, 53, 82, 41, 87]","[None, 66, 75, 29, 31]","[None, 'EDM', 'EDM', 'EDM', 'EDM']"
2013-2014,Joe Corvo,OTT,D,62.5,73.7,22.0,82.5,,76.7,98.7,92.7,68.1,77.6,11.2,65.1,21.1,11.2,27.6,88,62,182,23.0,,55,4,18,75,47,207,82,184,207,169,232,126,177,Third Pair,25.0,438.05,3.0,7.0,10.0,2.2608304835256092,43.333333333333336,47.05694723264379,8466215,D,72.0,204.0,1977-06-20,USA,1997.0,4.0,83.0,R,36,"[89, 75, 83, 72, 52]","[85, 82, 93, 89, 58]","[44, 7, 17, 12, 27]","['WSH', 'CAR', 'BOS', 'CAR', 'OTT']"
2013-2014,John Carlson,WSH,D,84.1,77.6,40.9,96.8,26.0,82.3,88.8,84.5,34.5,85.8,21.6,29.3,75.4,30.2,78.4,38,53,138,5.0,132.0,42,27,37,153,30,183,165,58,163,51,232,126,177,First Pair,82.0,2010.1333333333332,10.0,27.0,37.0,10.04483118661851,47.42268041237113,47.19514578767951,8474590,D,75.0,220.0,1990-01-10,USA,2008.0,1.0,27.0,R,23,"[65, 86, 82, 90, 78]","[65, 88, 78, 50, 84]","[56, 35, 51, 89, 17]","['WSH', 'WSH', 'WSH', 'WSH', 'WSH']"
2013-2014,John Erskine,WSH,D,27.2,44.4,40.1,,17.5,65.9,72.8,45.7,24.6,32.5,82.8,14.2,86.2,25.4,6.5,170,130,140,,147.0,80,64,127,176,137,41,200,33,174,218,232,126,177,Third Pair,37.0,577.1,1.0,3.0,4.0,1.3214633805274756,44.680851063829785,46.65935288642677,8467365,D,76.0,220.0,1980-06-26,CAN,1998.0,2.0,39.0,L,33,"[30, 42, 25, 30, 30]","[55, 77, 51, 71, 36]","[15, 43, 42, 16, 53]","['WSH', 'WSH', 'WSH', 'WSH', 'WSH']"
2013-2014,John Moore,NYR,D,29.3,45.3,12.1,65.1,,14.2,61.6,93.1,76.7,79.3,55.2,97.0,69.8,43.1,3.9,165,128,205,45.0,,200,90,17,55,43,105,8,71,133,224,232,126,177,Third Pair,74.0,1134.3166666666666,4.0,11.0,15.0,6.25204496823446,53.333333333333336,50.929618342213026,8475186,D,75.0,207.0,1990-11-19,USA,2009.0,1.0,21.0,L,22,"[None, None, 15, 28, 36]","[None, None, 9, 24, 66]","[None, None, 19, 23, 9]","[None, None, 'CBJ', 'NYR', 'NYR']"
2013-2014,John-Michael Liles,CAR,D,71.1,43.1,60.3,69.8,,40.5,32.8,44.0,59.9,92.2,52.6,46.1,69.0,38.4,36.2,68,133,93,39.0,,139,157,131,94,15,111,126,73,144,149,232,126,177,Second Pair,41.0,805.8333333333333,2.0,7.0,9.0,2.547353932716985,56.52173913043478,52.54014131694535,8468639,D,70.0,185.0,1980-11-25,USA,2000.0,5.0,159.0,L,32,"[48, 89, 68, 68, 73]","[16, 75, 26, 13, 60]","[28, 33, 51, 64, 62]","['COL', 'COL', 'TOR', 'TOR', 'CAR']"
2013-2014,Johnny Boychuk,BOS,D,96.6,92.2,96.6,,29.9,86.6,65.1,65.1,67.2,63.8,81.0,50.0,72.8,87.1,30.6,9,19,9,,125.0,32,82,82,77,71,45,117,64,31,162,232,126,177,Second Pair,75.0,1589.4166666666667,5.0,18.0,23.0,3.9090397998971467,59.29203539823009,57.2734110363344,8470187,D,74.0,227.0,1984-01-19,CAN,2002.0,2.0,61.0,R,29,"[91, 87, 98, 87, 97]","[60, 81, 90, 82, 94]","[93, 82, 97, 80, 96]","['BOS', 'BOS', 'BOS', 'BOS', 'BOS']"
2013-2014,Johnny Oduya,CHI,D,41.4,20.3,74.6,,42.4,76.3,59.9,29.3,32.3,28.9,24.1,37.5,47.0,97.8,88.4,137,186,60,,103.0,56,94,165,158,145,177,146,124,6,28,232,126,177,Second Pair,77.0,1548.2833333333333,3.0,13.0,16.0,2.562090228233581,53.191489361702125,52.22283952722323,8469665,D,72.0,191.0,1981-10-01,SWE,2001.0,7.0,221.0,L,31,"[21, 18, 42, 81, 25]","[18, 11, 34, 72, 11]","[41, 8, 50, 83, 76]","['ATL', 'ATL', 'CHI', 'CHI', 'CHI']"
2013-2014,Jon Merrill,NJD,D,50.9,64.2,30.2,17.5,,36.6,19.8,15.9,56.5,67.2,17.2,77.6,23.3,94.4,33.6,115,84,163,105.0,,148,187,196,102,66,193,53,179,14,155,232,126,177,Second Pair,52.0,999.7666666666668,2.0,9.0,11.0,2.088825915006768,45.65217391304348,52.81165994352284,8475750,D,75.0,204.0,1992-02-03,USA,2010.0,2.0,38.0,L,21,"[None, None, None, None, 50]","[None, None, None, None, 65]","[None, None, None, None, 32]","[None, None, None, None, 'NJD']"
2013-2014,Jonas Brodin,MIN,D,69.8,1.3,96.1,12.7,14.7,85.8,35.3,3.9,2.2,90.5,1.7,59.1,43.5,84.1,82.3,71,230,10,111.0,152.0,34,151,224,228,19,229,96,132,38,42,232,126,177,First Pair,79.0,1888.2,8.0,11.0,19.0,3.6719659682121235,46.06741573033708,48.194717242466275,8476463,D,74.0,196.0,1993-07-12,SWE,2011.0,1.0,10.0,L,20,"[None, None, None, 84, 60]","[None, None, None, 39, 0]","[None, None, None, 95, 95]","[None, None, None, 'MIN', 'MIN']"
2013-2014,Jonathan Ericsson,DET,D,48.3,56.9,59.9,,66.1,35.3,30.2,24.1,65.9,23.3,37.5,72.8,41.4,71.6,68.1,121,101,94,,61.0,151,163,177,80,158,146,64,137,67,75,232,126,177,Second Pair,48.0,1019.8333333333334,1.0,10.0,11.0,1.8989653333616965,47.22222222222222,49.30322526201907,8470318,D,76.0,218.0,1984-03-02,SWE,2002.0,9.0,291.0,L,29,"[18, 10, 27, 77, 41]","[26, 75, 59, 87, 40]","[44, 56, 55, 73, 57]","['DET', 'DET', 'DET', 'DET', 'DET']"
2013-2014,Jordan Leopold,STL,D,49.6,37.9,43.1,28.6,,79.7,76.3,82.8,41.8,79.7,16.4,87.1,53.4,56.9,15.5,118,145,133,91.0,,48,56,41,136,42,195,31,109,101,197,232,126,177,Third Pair,27.0,421.1666666666667,1.0,5.0,6.0,1.6121218814063851,57.89473684210527,53.28250496202629,8467917,D,73.0,206.0,1980-08-03,USA,1999.0,2.0,44.0,L,33,"[39, 60, 52, 32, 53]","[2, 33, 28, 40, 38]","[72, 57, 50, 44, 43]","['PIT', 'BUF', 'BUF', 'STL', 'STL']"
2013-2014,Jordie Benn,DAL,D,64.2,47.4,81.9,,62.1,16.4,12.9,32.8,85.3,39.2,61.6,37.1,62.1,42.7,69.8,84,123,43,,68.0,195,203,157,35,122,90,147,89,134,71,232,126,177,Second Pair,78.0,1494.1166666666666,3.0,17.0,20.0,3.8850846477017456,56.81818181818182,51.71988328821499,8474818,D,74.0,201.0,1987-07-26,CAN,,,,L,26,"[None, None, None, 53, 69]","[None, None, None, 20, 58]","[None, None, None, 65, 86]","[None, None, None, 'DAL', 'DAL']"
2013-2014,Josh Gorges,MTL,D,80.2,2.2,94.8,,100.0,37.5,15.5,2.6,71.1,75.0,60.3,3.9,84.9,57.3,64.2,47,228,13,,1.0,146,197,227,68,52,93,224,36,100,84,232,126,177,Second Pair,66.0,1401.9833333333331,1.0,13.0,14.0,1.6993848506591964,53.73134328358209,48.0013697938412,8470324,D,73.0,204.0,1984-08-14,CAN,,,,L,29,"[55, 72, 88, 89, 75]","[4, 41, 3, 3, 5]","[91, 75, 100, 98, 88]","['MTL', 'MTL', 'MTL', 'MTL', 'MTL']"
2013-2014,Justin Braun,SJS,D,93.5,81.9,90.5,68.3,53.1,13.8,23.7,52.6,47.0,88.8,51.7,24.6,37.5,96.6,61.2,16,43,23,41.0,84.0,201,178,111,124,23,113,176,146,9,91,232,126,177,Second Pair,82.0,1720.85,4.0,13.0,17.0,4.743849774452255,56.25,58.24475649033709,8474027,D,74.0,205.0,1987-02-10,USA,2007.0,7.0,201.0,R,26,"[None, 71, 86, 75, 94]","[None, 61, 66, 23, 90]","[None, 65, 88, 69, 93]","[None, 'SJS', 'SJS', 'SJS', 'SJS']"
2013-2014,Justin Faulk,CAR,D,12.9,47.8,5.6,73.8,6.8,30.2,64.2,59.9,39.2,53.4,40.1,47.8,32.8,37.9,65.9,203,122,220,34.0,166.0,163,84,94,142,92,140,122,157,145,80,232,126,177,First Pair,76.0,1779.2833333333333,5.0,27.0,32.0,7.3446790324907925,46.72131147540984,46.57695724232539,8475753,D,72.0,208.0,1992-03-20,USA,2010.0,2.0,37.0,R,21,"[None, None, 39, 40, 7]","[None, None, 44, 29, 56]","[None, None, 18, 15, 4]","[None, None, 'CAR', 'CAR', 'CAR']"
2013-2014,Justin Schultz,EDM,D,10.8,59.1,0.4,41.3,43.5,96.1,97.4,97.8,44.0,71.3,5.2,22.8,28.9,6.9,85.8,208,96,232,75.0,101.0,10,7,6,131,60,221,180,166,217,34,232,126,177,First Pair,74.0,1727.65,11.0,22.0,33.0,8.496859553982807,43.11926605504588,43.212967684467934,8474602,D,74.0,190.0,1990-07-06,CAN,2008.0,2.0,43.0,R,23,"[None, None, None, 10, 12]","[None, None, None, 60, 60]","[None, None, None, 1, 0]","[None, None, None, 'EDM', 'EDM']"
2013-2014,Karl Alzner,WSH,D,67.2,6.5,93.5,,11.9,10.3,24.6,34.9,16.8,80.2,32.3,25.0,32.3,30.6,76.3,77,218,16,,157.0,209,176,152,194,41,158,175,158,162,56,232,126,177,Second Pair,82.0,1683.8833333333334,2.0,16.0,18.0,3.8646007437155374,44.565217391304344,48.149283685170616,8473991,D,75.0,213.0,1988-09-24,CAN,2007.0,1.0,5.0,L,24,"[60, 64, 38, 58, 74]","[51, 10, 1, 12, 6]","[50, 83, 93, 92, 94]","['WSH', 'WSH', 'WSH', 'WSH', 'WSH']"
2013-2014,Keaton Ellerby,WPG,D,43.1,21.1,37.5,,,34.1,10.8,16.4,13.8,87.5,88.8,70.7,53.9,68.5,21.1,133,184,146,,,154,208,195,201,26,27,69,108,74,184,232,126,177,Third Pair,51.0,709.35,2.0,4.0,6.0,1.271897851984624,52.27272727272727,52.07340674451568,8474184,D,77.0,220.0,1988-11-05,CAN,2007.0,1.0,10.0,L,24,"[None, 48, 59, 7, 61]","[None, 31, 37, 3, 33]","[None, 61, 59, 47, 34]","[None, 'FLA', 'FLA', 'LAK', 'WPG']"
2013-2014,Keith Ballard,MIN,D,39.2,22.4,36.6,,,40.9,45.3,56.9,20.7,83.2,66.4,12.1,8.2,44.4,8.2,142,181,148,,,138,128,101,185,35,79,205,214,130,214,232,126,177,Third Pair,45.0,612.45,2.0,7.0,9.0,1.6143199617934403,39.130434782608695,46.21010126578821,8470054,D,71.0,204.0,1982-11-26,USA,2002.0,1.0,11.0,L,30,"[26, 22, 30, 54, 37]","[33, 12, 36, 24, 22]","[10, 20, 24, 51, 37]","['FLA', 'VAN', 'VAN', 'VAN', 'MIN']"
2013-2014,Keith Yandle,PHX,D,31.9,98.3,1.3,20.6,,57.3,87.5,97.4,88.8,34.9,0.4,92.7,58.2,6.5,39.2,159,5,230,101.0,,100,30,7,27,132,232,18,98,218,142,232,126,177,First Pair,82.0,1979.9833333333331,8.0,45.0,53.0,11.338149660256994,47.540983606557376,46.05481550793327,8471735,D,73.0,192.0,1986-09-09,USA,2005.0,4.0,105.0,L,26,"[100, 85, 81, 57, 17]","[99, 98, 97, 100, 95]","[87, 9, 27, 1, 1]","['PHX', 'PHX', 'PHX', 'PHX', 'PHX']"
2013-2014,Kevan Miller,BOS,D,59.9,9.1,68.1,,74.0,51.3,25.0,7.3,24.1,93.5,94.4,99.1,99.6,75.4,16.4,94,212,75,,47.0,114,175,216,177,14,14,3,2,58,195,232,126,177,Third Pair,47.0,820.7166666666667,1.0,6.0,7.0,1.1071654974321254,72.22222222222221,50.83009839489263,8476191,D,74.0,210.0,1987-11-15,USA,,,,R,25,"[None, None, None, None, 58]","[None, None, None, None, 16]","[None, None, None, None, 65]","[None, None, None, None, 'BOS']"
2013-2014,Kevin Bieksa,VAN,D,17.7,75.0,5.2,6.3,71.2,0.9,50.4,94.8,52.6,50.0,54.7,50.4,63.4,65.5,67.7,192,59,221,119.0,52.0,231,116,13,111,100,106,116,86,81,76,232,126,177,First Pair,76.0,1730.8333333333333,4.0,20.0,24.0,7.839320742417713,48.97959183673469,48.24167553547252,8469598,D,73.0,197.0,1981-06-16,CAN,2001.0,5.0,151.0,R,32,"[43, 21, 37, 15, 19]","[64, 35, 42, 81, 77]","[51, 32, 34, 4, 5]","['VAN', 'VAN', 'VAN', 'VAN', 'VAN']"
2013-2014,Kevin Connauton,DAL,D,37.1,55.2,22.8,,,6.9,2.4,92.2,16.4,67.2,58.2,90.1,29.3,44.8,48.7,147,105,180,,,217,223,19,195,66,98,24,165,129,120,232,126,177,Third Pair,36.0,551.9,1.0,7.0,8.0,2.6367634503110837,44.44444444444444,46.552497346500864,8475246,D,74.0,205.0,1990-02-23,CAN,2009.0,3.0,83.0,L,23,"[None, None, None, None, 43]","[None, None, None, None, 56]","[None, None, None, None, 25]","[None, None, None, None, 'DAL']"
2013-2014,Kevin Klein,NYR,D,14.2,3.4,13.8,,63.8,37.9,58.6,65.9,63.8,96.6,45.3,31.9,28.4,47.4,28.9,200,225,201,,65.0,145,97,80,85,9,128,159,167,123,166,232,126,177,Third Pair,77.0,1334.5,2.0,7.0,9.0,2.7586090213738568,43.24324324324324,46.43382399572001,8470630,D,73.0,206.0,1984-12-13,CAN,2003.0,2.0,37.0,R,28,"[57, 12, 38, 37, 10]","[26, 6, 12, 11, 3]","[74, 35, 53, 35, 8]","['NSH', 'NSH', 'NSH', 'NSH', 'NYR']"
2013-2014,Kevin Shattenkirk,STL,D,83.2,78.0,88.8,67.5,,22.0,62.1,70.3,73.3,27.2,28.9,93.5,51.3,61.2,23.7,40,52,27,42.0,,182,89,70,63,149,166,16,114,91,178,232,126,177,Second Pair,81.0,1666.0666666666666,10.0,35.0,45.0,9.44579834588192,53.2608695652174,56.04836266268604,8474031,D,72.0,203.0,1989-01-29,USA,2007.0,1.0,14.0,R,24,"[None, 62, 85, 73, 86]","[None, 67, 77, 67, 82]","[None, 75, 89, 88, 87]","[None, 'STL', 'STL', 'STL', 'STL']"
2013-2014,Kimmo Timonen,PHI,D,96.1,77.2,93.1,99.2,92.7,84.1,75.9,61.6,31.0,22.0,19.4,57.8,31.0,54.7,70.7,10,54,17,2.0,14.0,38,57,90,161,161,188,99,161,106,69,232,126,177,Second Pair,77.0,1565.3833333333334,6.0,29.0,35.0,7.083155500784914,49.31506849315068,54.186244398836,8459670,D,70.0,194.0,1975-03-18,FIN,1993.0,10.0,250.0,L,38,"[93, 91, 97, 87, 96]","[84, 34, 82, 70, 81]","[80, 95, 97, 96, 92]","['PHI', 'PHI', 'PHI', 'PHI', 'PHI']"
2013-2014,Kris Letang,PIT,D,78.4,82.8,45.3,37.3,69.5,39.7,89.2,98.3,97.0,91.8,38.8,51.3,60.3,79.3,60.8,51,41,128,80.0,55.0,141,26,5,8,16,143,114,93,49,92,232,126,177,First Pair,37.0,896.65,11.0,11.0,22.0,7.7832013528813,42.22222222222222,47.348560704165365,8471724,D,72.0,199.0,1987-04-24,CAN,2005.0,3.0,62.0,R,26,"[75, 81, 88, 92, 71]","[99, 97, 94, 97, 56]","[4, 62, 21, 68, 41]","['PIT', 'PIT', 'PIT', 'PIT', 'PIT']"
2013-2014,Kris Russell,CGY,D,68.1,31.9,66.8,32.5,65.5,19.8,28.9,57.3,62.1,90.9,13.4,70.3,59.5,29.3,52.2,75,159,78,86.0,62.0,187,166,100,89,18,202,70,95,165,112,232,126,177,First Pair,68.0,1573.15,7.0,22.0,29.0,5.417697198255822,45.714285714285715,46.11117508069105,8471729,D,70.0,170.0,1987-05-02,CAN,2005.0,3.0,67.0,L,26,"[76, 63, 87, 79, 56]","[50, 55, 76, 63, 19]","[80, 65, 79, 74, 64]","['CBJ', 'CBJ', 'STL', 'STL', 'CGY']"
2013-2014,Kyle Quincey,DET,D,6.5,21.6,69.0,,81.9,15.5,50.0,77.2,9.1,0.4,28.4,89.7,30.6,47.0,35.8,218,183,73,,33.0,197,117,54,212,209,167,25,162,124,150,232,126,177,Second Pair,82.0,1706.05,4.0,9.0,13.0,5.16103335150365,46.93877551020408,50.34823079931756,8470724,D,74.0,210.0,1985-08-12,CAN,2003.0,4.0,132.0,L,28,"[48, 57, 2, 71, 3]","[73, 59, 36, 68, 12]","[51, 47, 69, 61, 75]","['COL', 'COL', 'DET', 'DET', 'DET']"
2013-2014,Ladislav Smid,CGY,D,3.4,4.3,62.9,,5.6,72.4,33.2,7.8,2.6,1.7,87.9,12.5,48.7,17.7,59.5,225,223,87,,168.0,65,156,215,227,206,29,204,120,192,95,232,126,177,Second Pair,73.0,1323.45,2.0,6.0,8.0,1.4616817749157036,39.726027397260275,43.09419130304495,8471222,D,76.0,210.0,1986-02-01,CZE,2004.0,1.0,9.0,L,27,"[73, 27, 68, 5, 3]","[39, 38, 53, 59, 0]","[62, 53, 73, 34, 70]","['EDM', 'EDM', 'EDM', 'EDM', 'CGY']"
2013-2014,Lubomir Visnovsky,NYI,D,79.7,89.2,54.3,88.9,,71.1,44.4,56.0,6.5,49.6,3.0,78.4,61.2,72.0,12.5,48,26,107,15.0,,68,130,103,218,101,226,51,91,66,204,232,126,177,Second Pair,24.0,492.73333333333335,3.0,8.0,11.0,2.4523245086928127,53.57142857142857,60.47191882637145,8468598,D,70.0,192.0,1976-08-11,SVK,2000.0,4.0,118.0,L,37,"[95, 99, 72, 93, 75]","[93, 100, 88, 96, 80]","[20, 24, 62, 68, 49]","['ANA', 'ANA', 'ANA', 'NYI', 'NYI']"
2013-2014,Luca Sbisa,ANA,D,5.6,12.9,12.5,,21.5,50.0,41.8,51.7,36.6,23.7,96.1,59.9,35.3,65.1,25.4,220,203,204,,140.0,117,136,113,148,157,10,94,151,82,174,232,126,177,Third Pair,30.0,511.7,1.0,5.0,6.0,1.2352822337073144,46.875,48.32240608799291,8474579,D,75.0,206.0,1990-01-30,ITA,2008.0,1.0,19.0,L,23,"[None, 19, 5, 3, 11]","[None, 20, 4, 7, 21]","[None, 7, 11, 5, 19]","[None, 'ANA', 'ANA', 'ANA', 'ANA']"
2013-2014,Luke Schenn,PHI,D,9.1,27.6,4.3,,81.4,62.9,52.6,53.9,48.7,37.5,99.6,54.3,55.2,41.4,13.8,212,169,223,,34.0,87,111,108,120,126,2,107,105,137,201,232,126,177,Third Pair,79.0,1306.6166666666668,4.0,8.0,12.0,2.828149461599435,49.473684210526315,47.09727689006681,8474568,D,74.0,225.0,1989-11-02,CAN,2008.0,1.0,5.0,R,23,"[46, 39, 3, 22, 9]","[52, 39, 39, 39, 23]","[7, 11, 1, 55, 3]","['TOR', 'TOR', 'TOR', 'PHI', 'PHI']"
2013-2014,Marc Methot,OTT,D,47.4,7.3,86.2,,79.7,80.2,57.3,32.3,52.2,32.5,71.6,58.6,19.0,48.3,53.9,123,216,33,,37.0,47,100,158,112,137,67,97,189,121,108,232,126,177,Second Pair,75.0,1631.7,6.0,17.0,23.0,4.300918713734434,48.24561403508772,49.4846744112769,8470760,D,76.0,230.0,1985-06-21,CAN,2003.0,6.0,168.0,L,28,"[61, 21, 17, 62, 47]","[21, 2, 6, 11, 6]","[82, 81, 75, 93, 85]","['CBJ', 'CBJ', 'CBJ', 'OTT', 'OTT']"
2013-2014,Marc Staal,NYR,D,52.2,57.8,43.5,,85.3,4.3,34.1,86.6,60.3,51.3,41.4,63.4,48.3,89.7,56.9,112,99,132,,27.0,223,154,32,93,97,137,86,121,25,101,232,126,177,Second Pair,72.0,1478.1333333333332,3.0,11.0,14.0,5.056748157141546,48.80952380952381,51.56587501208678,8471686,D,76.0,208.0,1987-01-13,CAN,2005.0,1.0,12.0,L,26,"[22, 35, 36, 36, 57]","[5, 51, 17, 39, 72]","[45, 12, 30, 48, 46]","['NYR', 'NYR', 'NYR', 'NYR', 'NYR']"
2013-2014,Marc-Edouard Vlasic,SJS,D,100.0,92.7,100.0,,15.3,21.6,68.1,78.0,48.3,97.4,12.9,26.7,60.8,98.3,74.1,1,18,1,,151.0,183,75,52,121,7,203,171,92,5,61,232,126,177,Second Pair,81.0,1677.8833333333334,5.0,19.0,24.0,5.932981936335228,60.60606060606061,63.274407820926385,8471709,D,73.0,205.0,1987-03-30,CAN,2005.0,2.0,35.0,L,26,"[92, 88, 94, 100, 100]","[91, 90, 56, 94, 94]","[78, 84, 99, 99, 100]","['SJS', 'SJS', 'SJS', 'SJS', 'SJS']"
2013-2014,Marco Scandella,MIN,D,62.9,9.5,82.8,,76.3,33.6,44.8,53.4,50.9,81.9,34.1,4.7,74.6,64.7,90.1,87,211,41,,43.0,155,129,109,115,38,154,222,60,83,24,232,126,177,Second Pair,76.0,1429.6666666666667,3.0,14.0,17.0,3.63710953397248,58.666666666666664,52.91780434346072,8474618,D,75.0,212.0,1990-02-23,CAN,2008.0,2.0,55.0,L,23,"[None, None, 27, None, 69]","[None, None, 9, None, 18]","[None, None, 25, None, 84]","[None, None, 'MIN', None, 'MIN']"
2013-2014,Marek Zidlicky,NJD,D,14.7,65.9,64.2,0.8,,10.8,40.9,65.5,70.7,1.3,34.5,82.3,15.5,81.5,31.5,199,80,84,126.0,,208,138,81,69,207,153,42,197,44,160,232,126,177,Second Pair,81.0,1753.6333333333332,12.0,30.0,42.0,7.981490481753084,48.888888888888886,53.06618424263102,8469623,D,71.0,190.0,1977-02-03,CZE,2001.0,6.0,176.0,R,36,"[59, 25, 60, 26, 12]","[15, 24, 79, 80, 62]","[93, 40, 76, 63, 63]","['MIN', 'MIN', 'NJD', 'NJD', 'NJD']"
2013-2014,Mark Barberio,TBL,D,44.0,61.6,65.9,,,87.9,97.0,84.9,3.4,5.6,15.1,88.8,92.7,37.5,43.1,131,90,80,,,29,8,36,225,197,198,27,18,146,133,232,126,177,Third Pair,49.0,714.25,5.0,5.0,10.0,2.763371626412322,60.78431372549019,53.57934661840211,8474717,D,73.0,200.0,1990-03-23,CAN,2008.0,6.0,152.0,L,23,"[None, None, None, None, 46]","[None, None, None, None, 62]","[None, None, None, None, 65]","[None, None, None, None, 'TBL']"
2013-2014,Mark Fayne,NJD,D,72.0,17.7,95.7,,84.2,59.5,31.5,30.6,33.2,17.7,34.9,9.9,13.4,93.5,47.0,66,192,11,,29.0,95,160,162,156,169,152,210,202,16,124,232,126,177,Second Pair,72.0,1318.4166666666667,4.0,7.0,11.0,3.1073765950132493,45.1219512195122,57.50596613125269,8471816,D,75.0,209.0,1987-05-15,USA,2005.0,5.0,155.0,R,26,"[None, 75, 51, 77, 74]","[None, 22, 3, 61, 19]","[None, 84, 95, 92, 95]","[None, 'NJD', 'NJD', 'NJD', 'NJD']"
2013-2014,Mark Fistric,ANA,D,49.1,30.2,72.0,,30.5,34.5,2.4,8.6,75.9,43.1,100.0,60.8,89.7,45.7,55.6,119,163,66,,124.0,153,223,213,57,113,1,92,25,127,104,232,126,177,Third Pair,34.0,523.8,1.0,4.0,5.0,1.2584166646195987,58.82352941176471,51.73854066593875,8471241,D,74.0,225.0,1986-06-01,CAN,2004.0,1.0,28.0,L,27,"[61, 37, 40, 72, 41]","[29, 8, 5, 22, 39]","[83, 70, 86, 75, 67]","['DAL', 'DAL', 'DAL', 'EDM', 'ANA']"
2013-2014,Mark Fraser,EDM,D,19.0,25.0,54.7,,39.5,40.1,16.4,2.2,75.4,13.4,99.1,4.3,71.6,8.2,34.9,189,175,106,,108.0,140,195,228,58,179,3,223,67,214,152,232,126,177,Third Pair,42.0,645.5666666666667,1.0,1.0,2.0,0.5799545835005341,32.55813953488372,42.57090928905271,8471748,D,76.0,220.0,1986-09-29,CAN,2005.0,3.0,84.0,L,26,"[24, 71, None, 20, 17]","[1, 40, None, 25, 25]","[88, 62, None, 73, 42]","['NJD', 'NJD', None, 'TOR', 'EDM']"
2013-2014,Mark Giordano,CGY,D,95.3,85.3,95.3,77.0,96.0,92.7,84.9,87.1,83.2,22.8,38.4,5.2,36.2,40.1,97.8,12,35,12,30.0,8.0,18,36,31,40,159,144,221,149,140,6,232,126,177,First Pair,64.0,1614.9666666666667,14.0,33.0,47.0,9.76206102681121,54.44444444444444,51.86180434567673,8470966,D,72.0,202.0,1983-10-03,CAN,,,,L,29,"[98, 97, 91, 87, 95]","[33, 76, 48, 79, 85]","[100, 100, 98, 96, 93]","['CGY', 'CGY', 'CGY', 'CGY', 'CGY']"
2013-2014,Mark Pysyk,BUF,D,34.5,25.4,44.4,42.9,9.0,22.8,2.4,33.6,41.4,72.4,9.5,13.4,6.5,3.9,72.4,153,174,130,73.0,162.0,180,223,155,137,58,211,202,218,224,65,232,126,177,Second Pair,44.0,863.3666666666667,1.0,6.0,7.0,1.7802321685985143,39.130434782608695,43.04211311328474,8475796,D,73.0,205.0,1992-01-11,CAN,2010.0,1.0,23.0,R,21,"[None, None, None, 57, 26]","[None, None, None, 21, 27]","[None, None, None, 44, 47]","[None, None, None, 'BUF', 'BUF']"
2013-2014,Mark Streit,PHI,D,87.9,97.0,23.7,98.4,,47.4,65.9,72.8,92.2,41.8,11.6,75.4,43.1,38.8,28.4,29,8,178,3.0,,123,80,64,19,116,206,58,133,143,167,232,126,177,Second Pair,82.0,1692.7333333333331,10.0,34.0,44.0,7.316759300023636,53.0,50.47307392010531,8468309,D,71.0,186.0,1977-12-11,CHE,2004.0,9.0,262.0,L,35,"[82, None, 94, 91, 82]","[97, None, 100, 99, 91]","[22, None, 51, 8, 29]","['NYI', None, 'NYI', 'NYI', 'PHI']"
2013-2014,Mark Stuart,WPG,D,4.3,10.3,16.8,,37.3,44.4,47.4,43.5,30.6,12.5,96.6,12.9,78.9,59.9,34.5,223,209,194,,112.0,130,123,132,162,181,9,203,50,94,153,232,126,177,Second Pair,69.0,1285.8166666666666,2.0,11.0,13.0,2.4220355864037924,53.75,48.57308445162564,8470614,D,74.0,215.0,1984-04-27,USA,2003.0,1.0,21.0,L,29,"[13, 55, 3, 22, 4]","[10, 45, 12, 9, 15]","[35, 22, 6, 59, 12]","['BOS', 'ATL', 'WPG', 'WPG', 'WPG']"
2013-2014,Martin Marincin,EDM,D,44.8,63.8,29.7,,59.3,19.4,2.4,30.2,20.3,46.3,0.9,22.0,53.0,26.3,99.6,129,85,164,,73.0,188,223,163,186,107,231,182,110,172,2,232,126,177,Second Pair,44.0,843.1666666666666,0.0,6.0,6.0,1.5273026481848948,46.51162790697674,47.00277926965001,8475716,D,77.0,217.0,1992-02-18,SVK,2010.0,2.0,46.0,L,21,"[None, None, None, None, 46]","[None, None, None, None, 65]","[None, None, None, None, 30]","[None, None, None, None, 'EDM']"
2013-2014,Matt Bartkowski,BOS,D,15.5,68.5,10.3,,71.8,0.4,2.4,47.8,94.0,20.3,75.0,62.5,96.6,92.7,28.0,197,74,209,,51.0,232,223,122,15,164,59,88,9,18,168,232,126,177,Second Pair,64.0,1250.3166666666666,0.0,19.0,19.0,3.1034793040137143,60.97560975609756,52.45630062061656,8474749,D,73.0,201.0,1988-06-04,USA,2008.0,7.0,190.0,L,25,"[None, None, None, None, 23]","[None, None, None, None, 69]","[None, None, None, None, 13]","[None, None, None, None, 'BOS']"
2013-2014,Matt Carkner,NYI,D,19.8,62.1,41.8,,,24.1,6.5,33.2,55.6,5.2,69.8,87.9,7.3,36.6,4.3,187,89,136,,,177,218,156,104,198,71,29,216,148,223,232,126,177,Fringe,53.0,635.4666666666667,0.0,3.0,3.0,1.3663965042003428,40.476190476190474,47.15961313525119,8467931,D,77.0,229.0,1980-11-03,CAN,1999.0,2.0,58.0,R,32,"[59, 49, 45, 18, 20]","[46, 80, 34, 62, 69]","[93, 77, 68, 55, 31]","['OTT', 'OTT', 'OTT', 'NYI', 'NYI']"
2013-2014,Matt Carle,TBL,D,84.5,79.7,75.0,79.4,94.4,3.0,21.1,41.4,81.5,59.1,8.2,28.0,77.2,15.9,46.6,37,48,59,27.0,11.0,226,184,137,44,82,214,168,54,196,125,232,126,177,First Pair,82.0,1819.3166666666664,2.0,29.0,31.0,5.090783048009836,54.807692307692314,48.03173079891503,8470640,D,72.0,197.0,1984-09-25,USA,2003.0,2.0,47.0,L,28,"[96, 94, 98, 93, 69]","[95, 97, 96, 84, 70]","[67, 68, 94, 64, 73]","['PHI', 'PHI', 'PHI', 'TBL', 'TBL']"
2013-2014,Matt Donovan,NYI,D,57.8,86.2,49.1,71.4,41.2,3.9,23.3,94.0,9.5,20.3,56.5,84.5,1.3,42.2,87.5,99,33,119,37.0,105.0,224,179,15,211,164,102,37,230,135,30,232,126,177,Second Pair,52.0,939.6,2.0,14.0,16.0,4.218141504064232,41.7910447761194,50.847181906708414,8474659,D,73.0,205.0,1990-05-09,USA,2008.0,4.0,96.0,L,23,"[None, None, None, None, 57]","[None, None, None, None, 81]","[None, None, None, None, 47]","[None, None, None, None, 'NYI']"
2013-2014,Matt Greene,LAK,D,44.4,34.5,82.3,,83.1,69.4,51.3,50.9,75.0,6.5,98.3,81.0,15.9,91.8,65.1,130,153,42,,31.0,72,114,115,59,195,5,45,196,20,82,232,126,177,Third Pair,38.0,603.75,2.0,4.0,6.0,1.8528381111358752,52.0,57.35848369112053,8470121,D,75.0,236.0,1983-05-13,USA,2002.0,2.0,44.0,R,30,"[25, 26, 76, None, 40]","[11, 14, 20, None, 41]","[92, 86, 93, None, 70]","['LAK', 'LAK', 'LAK', None, 'LAK']"
2013-2014,Matt Irwin,SJS,D,38.4,37.5,46.1,60.3,,8.6,38.8,63.4,61.2,58.6,53.0,72.4,41.8,98.7,44.8,144,146,126,51.0,,213,143,86,91,83,110,65,136,4,129,232,126,177,Second Pair,62.0,1166.5,2.0,17.0,19.0,5.988683925506076,52.94117647058824,54.490917146146664,8475625,D,74.0,200.0,1987-11-29,CAN,,,,L,25,"[None, None, None, 79, 19]","[None, None, None, 51, 31]","[None, None, None, 76, 26]","[None, None, None, 'SJS', 'SJS']"
2013-2014,Matt Niskanen,PIT,D,78.9,71.1,94.0,18.3,,97.4,89.7,46.6,57.8,9.5,63.8,48.7,94.8,68.1,34.1,50,68,15,104.0,,7,25,125,99,188,85,120,13,75,154,232,126,177,Second Pair,81.0,1724.8,10.0,36.0,46.0,7.303941777993273,64.22018348623854,55.56301969135753,8471702,D,73.0,203.0,1986-12-06,USA,2005.0,1.0,28.0,R,26,"[88, 43, 65, 69, 84]","[47, 16, 70, 53, 79]","[97, 92, 87, 78, 96]","['DAL', 'PIT', 'PIT', 'PIT', 'PIT']"
2013-2014,Mattias Ekholm,NSH,D,72.8,62.5,78.0,,64.4,23.3,18.1,22.0,35.8,56.7,19.8,66.8,3.4,57.8,78.0,64,88,52,,64.0,179,191,182,150,86,187,78,225,99,52,232,126,177,Third Pair,62.0,1042.6333333333334,1.0,8.0,9.0,2.0285299156604304,45.33333333333333,53.03449674571701,8475218,D,77.0,225.0,1990-05-24,SWE,2009.0,4.0,102.0,L,23,"[None, None, None, None, 71]","[None, None, None, None, 63]","[None, None, None, None, 72]","[None, None, None, None, 'NSH']"
2013-2014,Michael Del Zotto,NSH,D,28.4,86.6,1.7,86.5,,14.7,59.1,93.5,82.3,69.0,44.4,94.4,67.7,72.8,5.6,167,32,229,18.0,,199,96,16,42,64,130,14,76,64,220,232,126,177,Third Pair,67.0,1152.9166666666667,3.0,13.0,16.0,4.372254073861776,46.57534246575342,48.548648656891665,8474584,D,72.0,195.0,1990-06-24,CAN,2008.0,1.0,20.0,L,23,"[69, 52, 42, 70, 16]","[93, 86, 91, 95, 72]","[2, 6, 2, 2, 3]","['NYR', 'NYR', 'NYR', 'NYR', 'NSH']"
2013-2014,Michael Kostka,TBL,D,35.3,33.6,45.7,46.8,,55.6,87.9,87.5,96.1,52.2,49.1,62.9,97.4,40.5,0.4,151,155,127,68.0,,104,29,30,10,95,119,87,7,139,232,232,126,177,Third Pair,28.0,431.93333333333334,4.0,7.0,11.0,2.1569326566225575,68.75,50.602584560111374,8474497,D,73.0,210.0,1985-11-28,CAN,,,,R,27,"[None, None, None, 28, 40]","[None, None, None, 37, 30]","[None, None, None, 61, 37]","[None, None, None, 'TOR', 'TBL']"
2013-2014,Michael Stone,PHX,D,11.6,18.1,16.4,30.2,23.2,98.3,97.8,62.1,26.7,24.1,88.4,58.2,59.1,19.8,67.2,206,191,195,89.0,137.0,5,6,89,171,156,28,98,96,187,77,232,126,177,Second Pair,70.0,1274.45,8.0,13.0,21.0,4.016497030772975,47.43589743589743,42.91994342770801,8474628,D,75.0,210.0,1990-06-07,CAN,2008.0,3.0,69.0,R,23,"[None, None, None, 48, 5]","[None, None, None, 71, 9]","[None, None, None, 38, 11]","[None, None, None, 'PHX', 'PHX']"
2013-2014,Michal Rozsival,CHI,D,60.8,66.4,81.5,,58.8,39.2,15.1,16.8,89.7,11.6,84.9,99.6,66.8,83.2,6.0,92,79,44,,74.0,142,198,194,25,183,36,2,78,40,219,232,126,177,Third Pair,42.0,699.3666666666667,1.0,7.0,8.0,1.3236220966322492,52.83018867924528,59.37222968276766,8465058,D,73.0,210.0,1978-09-03,CZE,1996.0,4.0,105.0,R,34,"[29, 91, 67, 82, 49]","[69, 95, 81, 89, 52]","[73, 89, 76, 80, 82]","['NYR', 'PHX', 'PHX', 'CHI', 'CHI']"
2013-2014,Mike Green,WSH,D,56.0,73.3,48.7,56.3,,91.4,95.7,91.4,69.4,21.6,31.0,66.4,33.2,34.9,19.8,103,63,120,56.0,,21,11,21,72,162,161,79,156,152,187,232,126,177,First Pair,70.0,1591.0833333333333,9.0,29.0,38.0,9.625909003443443,44.79166666666667,48.84502757428445,8471242,D,73.0,210.0,1985-10-12,CAN,2004.0,1.0,29.0,R,27,"[91, 72, 50, 74, 47]","[76, 60, 74, 76, 74]","[11, 21, 19, 22, 62]","['WSH', 'WSH', 'WSH', 'WSH', 'WSH']"
2013-2014,Mike Komisarek,CAR,D,23.7,23.3,37.1,,,46.1,6.0,13.4,43.5,51.7,95.7,71.6,9.1,5.6,29.7,178,179,147,,,126,219,202,132,96,11,67,212,220,164,232,126,177,Fringe,32.0,374.3666666666667,0.0,4.0,4.0,0.6164007468734599,40.0,39.34537408130251,8469460,D,76.0,235.0,1982-01-19,USA,2001.0,1.0,7.0,R,31,"[74, 7, 28, None, 33]","[71, 36, 19, None, 29]","[71, 27, 63, None, 36]","['TOR', 'TOR', 'TOR', None, 'CAR']"
2013-2014,Mike Weaver,MTL,D,84.9,45.7,77.6,,92.1,25.4,22.4,12.1,63.4,97.8,79.3,8.2,44.4,13.4,38.8,36,127,53,,15.0,174,181,205,86,6,49,214,130,202,143,232,126,177,Second Pair,72.0,1330.7166666666667,1.0,12.0,13.0,1.9854081181091763,48.75,50.24864388765078,8468478,D,70.0,186.0,1978-05-02,CAN,,,,R,35,"[79, 96, 80, 81, 87]","[63, 74, 11, 51, 55]","[60, 86, 85, 61, 78]","['STL', 'FLA', 'FLA', 'FLA', 'MTL']"
2013-2014,Mike Weber,BUF,D,1.3,0.9,25.4,,52.5,23.7,7.8,1.3,6.0,0.9,90.9,27.2,12.9,2.2,48.3,230,231,174,,85.0,178,215,230,219,208,22,170,203,228,121,232,126,177,Third Pair,68.0,1211.5666666666666,1.0,8.0,9.0,1.4273168973327857,29.87012987012987,37.49307586436482,8473426,D,74.0,217.0,1987-12-16,USA,2006.0,2.0,57.0,L,25,"[None, 29, 26, 0, 1]","[None, 38, 18, 2, 2]","[None, 75, 67, 47, 17]","[None, 'BUF', 'BUF', 'BUF', 'BUF']"
2013-2014,Morgan Rielly,TOR,D,31.0,59.5,6.9,31.0,,1.3,13.4,81.5,54.3,93.5,50.9,64.2,80.2,0.9,41.8,161,95,217,88.0,,230,202,44,107,14,115,84,47,231,136,232,126,177,Third Pair,73.0,1287.3,2.0,25.0,27.0,5.239171570461667,46.464646464646464,44.1800582634936,8476853,D,73.0,219.0,1994-03-09,CAN,2012.0,1.0,5.0,L,19,"[None, None, None, None, 35]","[None, None, None, None, 59]","[None, None, None, None, 10]","[None, None, None, None, 'TOR']"
2013-2014,Nate Guenin,COL,D,5.2,9.9,19.0,,0.6,38.8,17.2,4.3,31.5,46.3,64.7,95.7,85.8,31.9,89.7,221,210,189,,177.0,143,193,223,160,107,83,11,34,159,25,232,126,177,Third Pair,68.0,1174.9333333333334,1.0,8.0,9.0,1.4847253705527999,50.72463768115942,47.101892215830865,8470317,D,75.0,207.0,1982-12-10,USA,2002.0,4.0,127.0,R,30,"[None, None, None, None, 9]","[None, None, None, None, 17]","[None, None, None, None, 22]","[None, None, None, None, 'COL']"
2013-2014,Nate Prosser,MIN,D,24.6,19.0,49.6,,79.1,56.9,14.7,0.9,1.7,33.2,67.2,2.2,97.0,37.1,10.3,176,189,118,,38.0,101,199,231,229,136,77,228,8,147,209,232,126,177,Third Pair,53.0,769.9166666666666,2.0,6.0,8.0,1.2434826883324073,52.27272727272727,45.272662231730656,8475613,D,74.0,201.0,1986-05-07,USA,,,,R,27,"[None, None, 25, 42, 25]","[None, None, 33, 32, 19]","[None, None, 39, 49, 51]","[None, None, 'MIN', 'MIN', 'MIN']"
2013-2014,Nate Schmidt,WSH,D,73.3,50.9,44.8,,,73.3,84.1,54.7,10.3,99.1,13.8,91.4,97.8,25.9,24.1,63,115,129,,,63,38,106,209,3,201,21,6,173,177,232,126,177,Second Pair,29.0,542.1333333333333,2.0,4.0,6.0,1.5763020781323789,56.09756097560976,50.548719346502914,8477220,D,72.0,197.0,1991-07-16,USA,,,,L,22,"[None, None, None, None, 72]","[None, None, None, None, 52]","[None, None, None, None, 45]","[None, None, None, None, 'WSH']"
2013-2014,Nick Holden,COL,D,72.4,68.1,37.9,84.1,49.7,99.1,99.6,94.4,12.1,67.2,82.3,74.1,98.7,20.3,91.4,65,75,145,21.0,90.0,3,2,14,205,66,42,61,4,186,21,232,126,177,Second Pair,54.0,1008.8833333333332,10.0,15.0,25.0,5.034759914712029,56.92307692307692,47.78689594588902,8474207,D,76.0,210.0,1987-05-15,CAN,,,,L,26,"[None, None, None, None, 70]","[None, None, None, None, 69]","[None, None, None, None, 40]","[None, None, None, None, 'COL']"
2013-2014,Nick Leddy,CHI,D,69.4,78.9,32.8,72.2,,26.7,69.4,81.9,74.1,74.1,25.9,98.3,54.7,84.9,1.7,72,50,157,36.0,,171,72,43,61,54,173,5,106,36,229,232,126,177,Third Pair,82.0,1342.3666666666666,7.0,24.0,31.0,5.955459528183972,55.55555555555556,57.8509128733719,8475181,D,72.0,205.0,1991-03-20,USA,2009.0,1.0,16.0,L,22,"[None, 62, 27, 29, 81]","[None, 44, 19, 43, 88]","[None, 39, 36, 28, 37]","[None, 'CHI', 'CHI', 'CHI', 'CHI']"
2013-2014,Nick Schultz,CBJ,D,6.9,6.9,44.0,,15.8,22.4,6.9,6.0,15.1,15.5,51.3,18.5,12.1,9.1,60.3,217,217,131,,150.0,181,217,219,198,174,114,190,205,212,93,232,126,177,Third Pair,69.0,1125.5166666666669,0.0,5.0,5.0,1.4680841769627377,38.983050847457626,44.44017068262536,8468513,D,73.0,203.0,1982-08-25,CAN,2000.0,2.0,33.0,L,31,"[44, 17, 7, 17, 6]","[4, 33, 15, 64, 3]","[92, 25, 41, 20, 53]","['MIN', 'MIN', 'EDM', 'EDM', 'CBJ']"
2013-2014,Nicklas Grossmann,PHI,D,12.1,1.7,66.4,,87.6,11.2,20.3,21.6,12.5,19.4,90.5,9.1,25.9,45.3,50.9,205,229,79,,23.0,207,186,183,204,165,23,212,173,128,115,232,126,177,Second Pair,78.0,1490.8833333333334,1.0,13.0,14.0,2.9817054757043358,43.47826086956522,47.30270186326845,8471269,D,76.0,230.0,1985-01-22,SWE,2004.0,2.0,56.0,L,28,"[17, 41, 12, 32, 11]","[8, 13, 2, 4, 3]","[56, 67, 67, 69, 68]","['DAL', 'DAL', 'PHI', 'PHI', 'PHI']"
2013-2014,Nikita Nikitin,CBJ,D,37.9,14.7,56.9,63.5,,49.6,42.7,19.8,80.6,62.9,30.2,45.3,91.4,62.5,25.0,145,199,101,47.0,,118,134,187,46,73,163,128,21,88,175,232,126,177,Third Pair,66.0,1129.5666666666666,2.0,13.0,15.0,2.7899853452849896,57.14285714285714,49.857936943601345,8471348,D,76.0,217.0,1986-06-16,RUS,2004.0,5.0,136.0,L,27,"[None, 53, 90, 45, 26]","[None, 25, 57, 20, 10]","[None, 51, 83, 27, 57]","[None, 'STL', 'CBJ', 'CBJ', 'CBJ']"
2013-2014,Niklas Hjalmarsson,CHI,D,82.3,5.6,99.6,,93.2,58.6,42.2,21.1,72.8,6.0,17.7,25.4,51.7,89.2,93.1,42,220,2,,13.0,97,135,184,64,196,192,174,113,26,17,232,126,177,Second Pair,81.0,1723.6,4.0,22.0,26.0,3.8878232196696114,50.98039215686274,53.6163738766559,8471769,D,75.0,197.0,1987-06-06,SWE,2005.0,4.0,108.0,L,26,"[93, 90, 85, 86, 79]","[74, 23, 16, 15, 4]","[95, 98, 98, 99, 99]","['CHI', 'CHI', 'CHI', 'CHI', 'CHI']"
2013-2014,Niklas Kronwall,DET,D,81.9,69.0,76.7,94.4,98.3,81.9,60.8,31.5,50.0,12.1,22.0,69.0,42.2,62.9,84.5,43,73,55,8.0,4.0,43,92,160,117,182,182,73,135,87,37,232,126,177,First Pair,79.0,1920.7166666666667,8.0,41.0,49.0,7.072266663840739,50.877192982456144,49.42544262321799,8468509,D,72.0,194.0,1981-01-12,SWE,2000.0,1.0,29.0,L,32,"[85, 98, 97, 95, 66]","[69, 96, 86, 93, 46]","[75, 90, 89, 91, 63]","['DET', 'DET', 'DET', 'DET', 'DET']"
2013-2014,Oliver Ekman-Larsson,PHX,D,89.2,38.8,89.7,87.3,72.3,94.4,82.8,75.9,72.4,81.5,47.8,15.9,73.3,17.2,99.1,26,143,25,17.0,50.0,14,41,57,65,39,122,196,63,193,3,232,126,177,First Pair,80.0,2071.616666666667,15.0,29.0,44.0,12.050392124822258,52.4390243902439,44.893903368747694,8475171,D,74.0,190.0,1991-07-17,SWE,2009.0,1.0,6.0,L,22,"[None, 61, 86, 96, 85]","[None, 65, 77, 94, 8]","[None, 46, 71, 84, 92]","[None, 'PHX', 'PHX', 'PHX', 'PHX']"
2013-2014,Olli Maatta,PIT,D,83.6,65.1,72.4,45.2,35.0,84.9,84.5,90.5,91.4,93.5,22.8,39.2,50.9,90.1,79.3,39,82,65,70.0,116.0,36,37,23,21,14,180,142,115,24,49,232,126,177,Second Pair,78.0,1442.9,9.0,20.0,29.0,6.951209181828017,52.68817204301075,52.599172145398995,8476874,D,74.0,207.0,1994-08-22,FIN,2012.0,1.0,22.0,L,19,"[None, None, None, None, 78]","[None, None, None, None, 66]","[None, None, None, None, 69]","[None, None, None, None, 'PIT']"
2013-2014,P.K. Subban,MTL,D,92.2,90.1,88.4,91.3,,88.4,79.3,38.8,87.5,31.5,46.6,44.0,72.4,46.1,37.5,19,24,28,12.0,,28,49,143,30,139,125,131,65,126,146,232,126,177,First Pair,82.0,2018.5333333333333,10.0,43.0,53.0,10.123206985213846,46.666666666666664,50.34818420481593,8474056,D,72.0,210.0,1989-05-13,CAN,2007.0,2.0,43.0,R,24,"[None, 84, 80, 97, 90]","[None, 84, 24, 83, 94]","[None, 79, 96, 93, 84]","[None, 'MTL', 'MTL', 'MTL', 'MTL']"
2013-2014,Patrick Wiercioch,OTT,D,32.8,51.3,38.8,38.9,,20.3,31.0,69.0,95.3,34.5,33.2,95.3,81.5,33.2,9.1,157,114,143,78.0,,186,161,73,12,133,156,12,44,156,212,232,126,177,Third Pair,53.0,867.5,4.0,19.0,23.0,4.763707960082429,52.83018867924528,46.90777764630199,8474605,D,77.0,202.0,1990-09-12,CAN,2008.0,2.0,42.0,L,22,"[None, None, None, 64, 22]","[None, None, None, 75, 39]","[None, None, None, 71, 24]","[None, None, None, 'OTT', 'OTT']"
2013-2014,Paul Martin,PIT,D,87.1,76.3,80.2,69.0,93.8,48.7,71.6,64.7,53.4,64.4,12.1,19.8,25.4,63.4,49.1,31,56,47,40.0,12.0,120,67,83,109,70,205,187,174,86,119,232,126,177,First Pair,39.0,958.2666666666668,3.0,12.0,15.0,3.4075955508432023,44.44444444444444,51.01580634997337,8468542,D,73.0,200.0,1981-03-05,USA,2000.0,2.0,62.0,L,32,"[85, 95, 95, 90, 81]","[46, 85, 94, 92, 57]","[71, 87, 74, 87, 76]","['NJD', 'PIT', 'PIT', 'PIT', 'PIT']"
2013-2014,Paul Postma,WPG,D,48.7,42.7,34.9,,,60.8,82.3,63.8,7.8,77.2,35.8,81.9,31.5,56.5,2.6,120,134,152,,,92,42,85,215,48,150,43,160,102,227,232,126,177,Third Pair,20.0,322.6166666666667,1.0,2.0,3.0,0.7336867547543613,50.0,50.87847973418992,8474074,D,75.0,195.0,1989-02-22,CAN,2007.0,7.0,205.0,R,24,"[None, None, None, 44, 49]","[None, None, None, 50, 41]","[None, None, None, 41, 35]","[None, None, None, 'WPG', 'WPG']"
2013-2014,Paul Ranger,TOR,D,11.2,40.1,31.0,,31.1,95.7,98.3,76.3,88.4,2.2,78.9,17.2,82.8,1.7,55.2,207,140,161,,123.0,11,5,56,28,205,50,193,41,229,105,232,126,177,Third Pair,53.0,923.45,6.0,8.0,14.0,3.359627546459368,48.27586206896552,41.73848751615564,8470085,D,75.0,210.0,1984-09-12,CAN,2002.0,6.0,183.0,L,28,"[None, None, None, None, 15]","[None, None, None, None, 43]","[None, None, None, None, 32]","[None, None, None, None, 'TOR']"
2013-2014,Peter Harrold,NJD,D,63.4,29.7,68.5,34.1,55.9,29.3,2.4,37.1,5.2,84.7,44.0,85.3,0.9,87.5,22.4,86,164,74,84.0,79.0,165,223,147,221,32,131,35,231,30,181,232,126,177,Second Pair,33.0,616.0166666666667,0.0,4.0,4.0,1.3089111694243998,50.0,56.946492676340846,8472394,D,71.0,180.0,1983-06-08,USA,,,,R,30,"[52, None, None, 67, 61]","[22, None, None, 18, 32]","[63, None, None, 76, 68]","['LAK', None, None, 'NJD', 'NJD']"
2013-2014,Philip Larsen,EDM,D,30.6,34.1,42.7,22.2,,37.1,47.0,80.6,49.1,48.7,61.2,40.5,24.1,12.1,66.4,162,154,134,99.0,,147,124,46,119,103,91,139,177,205,79,232,126,177,Third Pair,30.0,515.0166666666667,3.0,9.0,12.0,3.2657480681335804,40.0,45.732321272167134,8474707,D,73.0,185.0,1989-12-07,DNK,2008.0,5.0,149.0,R,23,"[None, None, 51, 11, 42]","[None, None, 53, 29, 32]","[None, None, 43, 28, 49]","[None, None, 'DAL', 'DAL', 'EDM']"
2013-2014,Radko Gudas,TBL,D,10.3,66.8,8.6,,18.1,7.3,67.2,48.3,69.0,10.3,98.7,62.1,64.7,35.3,26.3,209,78,213,,146.0,216,77,121,73,186,4,89,83,151,172,232,126,177,Second Pair,73.0,1396.2666666666669,3.0,19.0,22.0,3.93663286786924,52.22222222222223,46.769301417365114,8475462,D,72.0,208.0,1990-06-05,CZE,2010.0,3.0,66.0,R,23,"[None, None, None, 59, 4]","[None, None, None, 59, 72]","[None, None, None, 52, 4]","[None, None, None, 'TBL', 'TBL']"
2013-2014,Raphael Diaz,NYR,D,75.4,42.2,84.9,16.7,89.3,56.0,29.7,31.0,58.6,65.9,6.9,43.5,49.6,29.7,30.2,58,135,36,106.0,20.0,103,164,161,97,67,217,132,118,164,163,232,126,177,Third Pair,63.0,1132.4333333333334,2.0,13.0,15.0,3.1469380168730776,46.808510638297875,50.791948421288055,8476244,D,71.0,197.0,1986-01-09,CHE,,,,R,27,"[None, None, 47, 60, 83]","[None, None, 58, 27, 47]","[None, None, 56, 54, 90]","[None, None, 'MTL', 'MTL', 'NYR']"
2013-2014,Rasmus Ristolainen,BUF,D,33.6,32.8,25.0,29.4,49.2,77.6,81.0,9.5,23.7,75.6,70.7,45.7,2.6,0.4,87.1,155,157,175,90.0,91.0,53,45,211,178,51,69,127,227,232,31,232,126,177,Second Pair,34.0,649.9666666666667,2.0,2.0,4.0,1.7985657735667555,33.33333333333333,37.4537022305377,8477499,D,76.0,208.0,1994-10-27,FIN,2013.0,1.0,8.0,R,18,"[None, None, None, None, 38]","[None, None, None, None, 35]","[None, None, None, None, 27]","[None, None, None, None, 'BUF']"
2013-2014,Rob Scuderi,PIT,D,26.7,31.5,19.8,,5.1,44.8,7.3,0.4,44.8,89.2,2.6,32.8,26.7,82.8,40.9,171,160,187,,169.0,129,216,232,129,22,227,157,171,41,138,232,126,177,Second Pair,53.0,1002.8333333333334,0.0,4.0,4.0,0.5780323213396776,46.03174603174603,46.636797093282475,8467452,D,73.0,216.0,1978-12-30,USA,1998.0,5.0,134.0,L,34,"[79, 74, 60, 39, 23]","[80, 40, 75, 58, 20]","[58, 80, 63, 8, 20]","['LAK', 'LAK', 'LAK', 'LAK', 'PIT']"
2013-2014,Robert Bortuzzo,PIT,D,34.9,24.1,50.9,,27.1,19.0,90.9,60.3,78.0,63.4,91.8,44.8,78.4,51.3,32.8,152,177,115,,130.0,189,22,93,52,72,20,129,51,114,157,232,126,177,Third Pair,54.0,835.85,0.0,10.0,10.0,2.1048120623929507,45.45454545454545,47.55996045272461,8474145,D,76.0,206.0,1989-03-18,CAN,2007.0,3.0,78.0,R,24,"[None, None, None, 42, 32]","[None, None, None, 36, 22]","[None, None, None, 36, 56]","[None, None, None, 'PIT', 'PIT']"
2013-2014,Robyn Regehr,LAK,D,0.9,0.4,35.3,,2.3,21.1,8.2,5.6,14.2,6.9,90.1,44.4,23.7,88.4,66.8,231,232,151,,174.0,184,214,220,200,194,24,130,178,28,78,232,126,177,Second Pair,79.0,1497.6333333333334,3.0,11.0,14.0,2.1263741737767146,47.14285714285714,50.126917910929826,8467344,D,75.0,222.0,1980-04-19,BRA,1998.0,1.0,19.0,L,33,"[7, 20, 8, 2, 0]","[6, 0, 0, 1, 1]","[68, 94, 82, 58, 19]","['CGY', 'CGY', 'BUF', 'LAK', 'LAK']"
2013-2014,Roman Josi,NSH,D,90.1,84.1,71.1,77.8,28.8,99.6,93.1,87.9,69.8,85.3,5.6,6.9,45.7,70.7,97.0,24,38,68,29.0,127.0,2,17,29,71,31,220,217,127,69,8,232,126,177,First Pair,72.0,1902.1,13.0,27.0,40.0,8.918691751143365,48.333333333333336,52.845614287132555,8474600,D,73.0,201.0,1990-06-01,CHE,2008.0,2.0,38.0,L,23,"[None, None, 53, 85, 91]","[None, None, 50, 64, 87]","[None, None, 49, 57, 79]","[None, None, 'NSH', 'NSH', 'NSH']"
2013-2014,Roman Polak,STL,D,24.1,8.2,83.2,,74.6,28.9,55.2,71.6,13.4,8.2,80.6,11.6,17.2,60.8,17.7,177,214,40,,46.0,166,105,67,202,191,46,206,193,92,192,232,126,177,Third Pair,72.0,1248.2833333333333,4.0,9.0,13.0,3.923344780371719,45.714285714285715,50.772293627215504,8471392,D,74.0,240.0,1986-04-28,CZE,2004.0,6.0,180.0,R,27,"[56, 16, 22, 36, 27]","[16, 34, 25, 19, 6]","[96, 23, 74, 90, 82]","['STL', 'STL', 'STL', 'STL', 'STL']"
2013-2014,Ron Hainsey,CAR,D,94.0,74.1,97.8,,54.8,42.7,26.7,28.4,35.3,70.7,14.7,35.3,16.4,34.1,52.6,15,61,6,,81.0,134,171,167,151,61,199,151,195,154,111,232,126,177,Second Pair,82.0,1758.0,4.0,11.0,15.0,3.713017544604647,45.55555555555556,53.83541176510634,8468493,D,75.0,201.0,1981-03-24,USA,2000.0,1.0,13.0,L,32,"[22, 27, 32, 66, 98]","[13, 21, 39, 78, 78]","[72, 63, 71, 57, 98]","['ATL', 'ATL', 'WPG', 'WPG', 'CAR']"
2013-2014,Rostislav Klesla,PHX,D,21.1,48.7,18.1,,10.2,53.9,73.7,59.5,51.3,47.8,74.6,54.7,46.6,12.9,36.6,184,120,191,,160.0,108,62,95,114,105,60,106,125,203,148,232,126,177,Third Pair,25.0,387.73333333333335,1.0,3.0,4.0,0.7473433304691282,47.82608695652174,45.78436234945147,8468484,D,75.0,215.0,1982-03-21,CZE,2000.0,1.0,4.0,L,31,"[28, 12, 21, 4, 43]","[22, 21, 68, 47, 48]","[55, 32, 7, 9, 28]","['CBJ', 'PHX', 'PHX', 'PHX', 'PHX']"
2013-2014,Ryan Ellis,NSH,D,85.8,69.8,78.4,36.5,,92.2,74.1,61.2,68.5,90.1,36.6,90.9,62.5,24.1,8.6,34,71,51,81.0,,19,61,91,74,20,148,22,88,177,213,232,126,177,Third Pair,80.0,1285.3833333333334,6.0,21.0,27.0,5.376862033418689,56.52173913043478,54.78118433310504,8475176,D,70.0,180.0,1991-01-03,CAN,2009.0,1.0,11.0,R,22,"[None, None, 73, 74, 90]","[None, None, 55, 55, 78]","[None, None, 57, 66, 84]","[None, None, 'NSH', 'NSH', 'NSH']"
2013-2014,Ryan McDonagh,NYR,D,97.8,99.6,77.2,88.1,91.0,65.1,81.9,95.3,78.9,74.6,26.3,21.6,57.8,76.7,81.9,6,2,54,16.0,17.0,82,43,12,50,53,172,183,99,55,43,232,126,177,First Pair,77.0,1910.8833333333337,14.0,29.0,43.0,11.83658625917099,53.333333333333336,52.33705330104244,8474151,D,73.0,216.0,1989-06-13,USA,2007.0,1.0,12.0,L,24,"[None, 76, 94, 97, 97]","[None, 79, 99, 98, 99]","[None, 49, 84, 86, 69]","[None, 'NYR', 'NYR', 'NYR', 'NYR']"
2013-2014,Ryan Murphy,CAR,D,35.8,46.6,4.7,10.3,,12.1,25.4,73.3,94.8,99.6,6.0,96.1,30.2,20.7,53.0,150,125,222,114.0,,205,174,63,13,2,219,10,163,185,110,232,126,177,Second Pair,48.0,877.7,2.0,10.0,12.0,3.13933912550675,43.47826086956522,45.22262482176806,8476465,D,71.0,175.0,1993-03-31,CAN,2011.0,1.0,12.0,R,20,"[None, None, None, None, 42]","[None, None, None, None, 49]","[None, None, None, None, 7]","[None, None, None, None, 'CAR']"
2013-2014,Ryan Murray,CBJ,D,52.6,19.4,60.8,11.1,83.6,36.2,15.9,5.2,72.0,75.6,7.8,60.3,76.7,96.1,84.9,111,188,92,113.0,30.0,149,196,221,66,51,215,93,55,10,36,232,126,177,Second Pair,66.0,1311.4666666666667,4.0,17.0,21.0,3.5768639010796863,52.4390243902439,52.53510931397714,8476850,D,73.0,206.0,1993-09-27,CAN,2012.0,1.0,2.0,L,19,"[None, None, None, None, 51]","[None, None, None, None, 28]","[None, None, None, None, 59]","[None, None, None, None, 'CBJ']"
2013-2014,Ryan Stanton,VAN,D,47.0,15.9,85.3,,,15.9,18.5,37.9,90.9,30.2,86.2,78.0,34.9,58.2,45.7,124,196,35,,,196,190,145,22,142,33,52,152,98,127,232,126,177,Third Pair,64.0,941.5666666666668,1.0,15.0,16.0,2.06976166773253,52.94117647058824,51.657484863647106,8475598,D,74.0,205.0,1989-07-20,CAN,,,,L,24,"[None, None, None, None, 48]","[None, None, None, None, 25]","[None, None, None, None, 81]","[None, None, None, None, 'VAN']"
2013-2014,Ryan Suter,MIN,D,74.6,15.1,98.3,89.7,63.3,20.7,19.4,22.8,45.3,7.3,1.3,80.6,79.3,78.4,90.9,60,198,5,14.0,66.0,185,188,180,128,193,230,46,49,51,22,232,126,177,First Pair,82.0,2411.9,8.0,35.0,43.0,7.60771106217026,55.85585585585585,50.68019380649586,8470600,D,73.0,201.0,1985-01-21,USA,2003.0,1.0,7.0,L,28,"[67, 88, 84, 68, 76]","[52, 88, 47, 56, 7]","[95, 96, 95, 95, 97]","['NSH', 'NSH', 'NSH', 'MIN', 'MIN']"
2013-2014,Ryan Wilson,COL,D,53.4,50.0,29.3,,52.0,32.3,5.2,62.5,77.2,84.1,75.4,88.4,95.7,22.0,23.3,109,117,165,,86.0,158,221,88,54,33,58,28,11,182,179,232,126,177,Third Pair,28.0,410.6666666666667,0.0,6.0,6.0,0.7473829277784396,51.35135135135135,43.13490329485467,8473700,D,73.0,210.0,1987-02-03,CAN,,,,L,26,"[66, 33, 79, 31, 51]","[44, 27, 76, 45, 50]","[48, 67, 60, 40, 23]","['COL', 'COL', 'COL', 'COL', 'COL']"
2013-2014,Sami Salo,TBL,D,37.5,13.8,72.8,15.1,13.0,75.4,53.4,26.3,19.4,58.2,10.8,38.4,88.4,50.9,53.4,146,201,64,108.0,155.0,58,109,172,188,84,208,144,28,115,109,232,126,177,Second Pair,71.0,1291.5,4.0,13.0,17.0,4.120927669339971,57.14285714285714,54.16256090102484,8465202,D,75.0,215.0,1974-09-02,FIN,1996.0,9.0,239.0,R,38,"[40, 37, 37, 8, 58]","[17, 34, 6, 1, 37]","[29, 28, 49, 67, 80]","['VAN', 'VAN', 'VAN', 'TBL', 'TBL']"
2013-2014,Sami Vatanen,ANA,D,87.5,81.5,65.5,61.9,,90.5,96.1,80.2,97.8,93.5,63.4,76.7,94.4,66.8,21.6,30,44,81,49.0,,23,10,47,6,14,86,55,14,78,183,232,126,177,Third Pair,48.0,837.6666666666666,6.0,15.0,21.0,4.63296033167959,60.3448275862069,56.26115902164738,8475222,D,70.0,185.0,1991-06-03,FIN,2009.0,4.0,106.0,R,22,"[None, None, None, None, 83]","[None, None, None, None, 77]","[None, None, None, None, 64]","[None, None, None, None, 'ANA']"
2013-2014,Scott Hannan,SJS,D,16.4,37.1,21.1,,61.6,59.9,41.4,47.0,18.1,26.3,18.5,38.8,5.6,83.6,38.4,195,147,184,,69.0,94,137,124,191,151,190,143,220,39,144,232,126,177,Third Pair,56.0,995.1833333333332,3.0,9.0,12.0,2.7438890268834926,48.78048780487805,52.96193734930138,8466158,D,73.0,215.0,1979-01-23,CAN,1997.0,1.0,23.0,L,34,"[15, 83, 4, 34, 20]","[4, 84, 14, 33, 44]","[9, 91, 4, 49, 21]","['COL', 'WSH', 'CGY', 'SJS', 'SJS']"
2013-2014,Sergei Gonchar,DAL,D,34.1,72.8,9.9,92.9,,9.9,19.0,49.1,71.6,35.8,21.1,86.6,45.3,51.7,10.8,154,64,210,10.0,,210,189,119,67,130,184,32,128,113,208,232,126,177,Third Pair,76.0,1338.3666666666666,2.0,20.0,22.0,4.61966887195521,47.368421052631575,48.84090847394604,8458951,D,74.0,210.0,1974-04-13,RUS,1992.0,1.0,14.0,L,39,"[81, 85, 39, 24, 37]","[85, 65, 58, 73, 76]","[42, 71, 60, 45, 5]","['PIT', 'OTT', 'OTT', 'OTT', 'DAL']"
2013-2014,Seth Jones,NSH,D,39.7,8.6,64.7,4.0,24.9,74.6,55.6,39.7,14.7,93.5,15.5,74.6,0.4,73.3,90.5,141,213,83,122.0,134.0,60,104,141,199,14,197,60,232,63,23,232,126,177,Second Pair,77.0,1510.7666666666669,6.0,19.0,25.0,4.821241437771149,36.17021276595745,48.17622929750142,8477495,D,76.0,213.0,1994-10-03,USA,2013.0,1.0,4.0,R,18,"[None, None, None, None, 44]","[None, None, None, None, 15]","[None, None, None, None, 62]","[None, None, None, None, 'NSH']"
2013-2014,Shane O'Brien,CGY,D,20.3,50.4,28.0,,,27.6,5.6,17.2,43.1,15.1,59.1,76.3,14.7,9.5,9.5,186,116,168,,,169,220,193,133,175,96,56,199,211,211,232,126,177,Fringe,45.0,506.73333333333335,0.0,3.0,3.0,0.549610735638436,39.02439024390244,42.16030722604667,8470839,D,75.0,230.0,1983-08-09,CAN,2003.0,8.0,250.0,L,30,"[0, 3, 10, 35, 21]","[20, 7, 87, 60, 37]","[17, 19, 5, 60, 28]","['VAN', 'NSH', 'COL', 'COL', 'CGY']"
2013-2014,Shea Weber,NSH,D,95.7,83.2,91.4,83.3,94.9,97.0,86.6,88.8,61.6,29.7,43.5,7.3,52.6,58.6,98.7,11,40,21,22.0,10.0,8,32,27,90,143,132,216,111,97,4,232,126,177,First Pair,79.0,2125.366666666667,23.0,33.0,56.0,12.208757644644207,48.888888888888886,51.46177791335232,8470642,D,76.0,230.0,1985-08-14,CAN,2003.0,2.0,49.0,R,28,"[88, 81, 87, 98, 92]","[66, 26, 80, 76, 84]","[74, 88, 90, 94, 90]","['NSH', 'NSH', 'NSH', 'NSH', 'NSH']"
2013-2014,Sheldon Brookbank,CHI,D,15.9,16.4,18.5,,,63.8,44.0,67.2,50.4,62.5,81.5,94.8,35.8,84.5,4.7,196,195,190,,,85,131,77,116,74,44,13,150,37,222,232,126,177,Fringe,48.0,618.6166666666667,2.0,5.0,7.0,1.56914519832633,51.162790697674424,50.18774666463243,8469992,D,73.0,202.0,1980-10-03,CAN,,,,R,32,"[9, 53, 9, 14, 24]","[34, 47, 11, 19, 21]","[13, 43, 12, 33, 15]","['ANA', 'ANA', 'ANA', 'CHI', 'CHI']"
2013-2014,Simon Despres,PIT,D,57.3,60.8,67.7,47.6,50.8,47.0,38.4,34.1,27.6,28.0,81.9,75.9,90.5,65.9,58.6,100,92,76,67.0,88.0,124,144,154,169,147,43,57,23,80,97,232,126,177,Third Pair,34.0,569.2333333333333,0.0,5.0,5.0,1.4749932526175573,58.06451612903226,52.32933816242195,8475155,D,76.0,218.0,1991-07-27,CAN,2009.0,1.0,30.0,L,22,"[None, None, None, 43, 62]","[None, None, None, 57, 65]","[None, None, None, 79, 66]","[None, None, None, 'PIT', 'PIT']"
2013-2014,Slava Voynov,LAK,D,86.6,97.8,51.7,23.0,68.4,48.3,78.4,76.7,93.1,54.3,57.3,83.6,47.8,80.2,51.3,32,6,113,98.0,57.0,121,51,55,17,90,100,39,122,47,114,232,126,177,First Pair,82.0,1828.5,4.0,32.0,36.0,8.107874129791707,53.57142857142857,53.94815731120042,8474594,D,72.0,194.0,1990-01-15,RUS,2008.0,2.0,32.0,R,23,"[None, None, 79, 89, 85]","[None, None, 86, 91, 98]","[None, None, 45, 70, 44]","[None, None, 'LAK', 'LAK', 'LAK']"
2013-2014,Stephane Robidas,ANA,D,58.6,56.0,70.7,38.1,67.8,77.2,73.3,36.6,38.4,24.6,93.5,47.0,81.0,53.9,91.8,97,103,69,79.0,58.0,54,63,148,144,155,16,124,45,108,20,232,126,177,Second Pair,38.0,766.6166666666667,5.0,5.0,10.0,2.488000543478286,54.6875,50.18200436931891,8462196,D,71.0,190.0,1977-03-03,CAN,1995.0,7.0,164.0,R,36,"[64, 83, 74, 64, 54]","[48, 31, 73, 77, 46]","[94, 99, 94, 81, 61]","['DAL', 'DAL', 'DAL', 'DAL', 'ANA']"
2013-2014,Steve Oleksy,WSH,D,45.7,54.3,42.2,,26.6,70.7,79.7,22.4,98.7,50.9,85.3,61.6,100.0,22.8,2.2,127,107,135,,131.0,69,48,181,4,98,35,90,1,180,228,232,126,177,Third Pair,33.0,503.76666666666665,2.0,8.0,10.0,0.9456385381419762,60.60606060606061,46.8276943808127,8476162,D,71.0,188.0,1986-02-04,USA,,,,R,27,"[None, None, None, 75, 28]","[None, None, None, 78, 42]","[None, None, None, 52, 38]","[None, None, None, 'WSH', 'WSH']"
2013-2014,TJ Brodie,CGY,D,94.4,62.9,97.0,43.7,65.0,3.4,21.6,60.8,46.6,96.1,10.3,15.5,22.4,33.6,86.6,14,87,8,72.0,63.0,225,183,92,125,10,209,197,181,155,32,232,126,177,First Pair,81.0,1949.1,4.0,27.0,31.0,7.185625094916245,49.586776859504134,50.601337923730775,8474673,D,74.0,187.0,1990-06-07,CAN,2008.0,4.0,114.0,L,23,"[None, None, 76, 83, 95]","[None, None, 68, 77, 59]","[None, None, 70, 78, 97]","[None, None, 'CGY', 'CGY', 'CGY']"
2013-2014,Thomas Hickey,NYI,D,85.3,90.5,85.8,,40.7,6.0,22.8,81.0,47.4,36.2,32.8,68.5,65.5,44.0,41.4,35,23,34,,106.0,219,180,45,123,129,157,74,81,131,137,232,126,177,Second Pair,82.0,1547.2666666666669,4.0,18.0,22.0,5.479996494362825,51.48514851485149,52.14715137725402,8474066,D,72.0,185.0,1989-02-08,CAN,2007.0,1.0,4.0,L,24,"[None, None, None, 84, 86]","[None, None, None, 81, 92]","[None, None, None, 84, 86]","[None, None, None, 'NYI', 'NYI']"
2013-2014,Tim Gleason,TOR,D,2.2,20.7,2.6,,3.4,28.0,10.3,12.5,22.4,30.6,78.0,1.7,16.8,7.8,29.3,228,185,227,,172.0,168,209,204,181,141,52,229,194,215,165,232,126,177,Third Pair,56.0,931.3666666666668,1.0,5.0,6.0,1.2961988000266595,31.57894736842105,40.92383969898458,8469476,D,72.0,217.0,1983-01-29,USA,2001.0,1.0,23.0,L,30,"[34, 7, 0, 6, 3]","[56, 85, 72, 65, 9]","[8, 1, 0, 0, 9]","['CAR', 'CAR', 'CAR', 'CAR', 'TOR']"
2013-2014,Toby Enstrom,WPG,D,55.6,75.4,57.8,11.9,22.0,87.1,85.8,39.2,40.9,27.6,14.2,43.1,10.3,75.0,80.6,104,58,99,112.0,139.0,31,34,142,138,148,200,133,209,59,46,232,126,177,First Pair,82.0,1959.6666666666667,10.0,20.0,30.0,6.617611655376809,50.0,50.760847544229215,8470828,D,70.0,180.0,1984-11-05,SWE,2003.0,8.0,239.0,L,28,"[56, 15, 61, 32, 59]","[88, 81, 93, 68, 74]","[33, 5, 16, 16, 75]","['ATL', 'ATL', 'WPG', 'WPG', 'WPG']"
2013-2014,Tom Gilbert,FLA,D,61.2,65.5,47.8,34.9,10.7,18.5,28.0,26.7,82.8,82.3,28.0,34.5,8.6,69.0,47.4,91,81,122,83.0,159.0,190,168,171,41,37,168,153,213,73,123,232,126,177,Second Pair,73.0,1557.9,3.0,25.0,28.0,4.878578383589112,47.95918367346938,49.39721727845312,8470104,D,74.0,210.0,1983-01-10,USA,2002.0,4.0,129.0,R,30,"[64, 54, 65, 45, 67]","[77, 87, 15, 54, 80]","[35, 53, 80, 67, 28]","['EDM', 'EDM', 'MIN', 'MIN', 'FLA']"
2013-2014,Torey Krug,BOS,D,91.4,95.3,57.3,90.5,,94.8,94.4,96.1,59.1,56.7,20.7,100.0,83.2,81.9,25.9,21,12,100,13.0,,13,14,10,96,86,185,1,40,43,173,232,126,177,Third Pair,79.0,1383.2833333333333,14.0,26.0,40.0,9.467411197668707,60.256410256410255,55.85687674312207,8476792,D,69.0,194.0,1991-04-12,USA,,,,L,22,"[None, None, None, None, 88]","[None, None, None, None, 90]","[None, None, None, None, 54]","[None, None, None, None, 'BOS']"
2013-2014,Travis Hamonic,NYI,D,77.6,96.6,61.6,26.2,19.2,2.6,22.0,53.0,28.9,26.7,33.6,35.8,24.6,23.3,70.3,53,9,90,94.0,144.0,227,182,110,166,150,155,150,176,179,70,232,126,177,First Pair,69.0,1726.1333333333332,3.0,15.0,18.0,5.485201052872711,50.0,52.09230822968664,8474612,D,73.0,193.0,1990-08-16,CAN,2008.0,2.0,53.0,R,23,"[None, 41, 70, 82, 76]","[None, 89, 89, 95, 96]","[None, 15, 44, 37, 72]","[None, 'NYI', 'NYI', 'NYI', 'NYI']"
2013-2014,Trevor Daley,DAL,D,13.4,78.4,6.5,35.7,2.8,82.8,86.2,90.1,70.3,14.2,4.3,34.9,89.2,73.7,82.8,202,51,218,82.0,173.0,41,33,24,70,177,223,152,26,62,41,232,126,177,Second Pair,67.0,1416.75,9.0,16.0,25.0,7.211598225600765,53.608247422680414,53.65158703695565,8470110,D,71.0,199.0,1983-10-09,CAN,2002.0,2.0,43.0,L,29,"[5, 4, 1, 16, 22]","[52, 55, 42, 45, 86]","[3, 0, 1, 6, 14]","['DAL', 'DAL', 'DAL', 'DAL', 'DAL']"
2013-2014,Tyler Myers,BUF,D,25.0,53.0,39.7,31.7,6.2,78.0,81.5,77.6,39.7,29.3,45.7,9.5,14.2,3.0,56.5,175,110,141,87.0,167.0,52,44,53,141,144,127,211,200,226,102,232,126,177,Second Pair,62.0,1357.7166666666667,9.0,13.0,22.0,6.946421939439737,34.72222222222222,43.78279485525888,8474574,D,80.0,229.0,1990-02-01,USA,2008.0,1.0,12.0,R,23,"[77, 86, 24, 13, 39]","[78, 94, 70, 69, 47]","[19, 74, 17, 38, 50]","['BUF', 'BUF', 'BUF', 'BUF', 'BUF']"
2013-2014,Tyson Barrie,COL,D,75.0,91.8,24.1,5.6,,68.5,63.8,88.4,86.2,87.1,27.2,84.1,67.2,12.5,62.9,59,20,177,120.0,,74,85,28,33,27,170,38,77,204,87,232,126,177,Second Pair,64.0,1186.6833333333334,13.0,25.0,38.0,7.36040557447095,58.108108108108105,51.01009035074063,8475197,D,71.0,197.0,1991-07-26,CAN,2009.0,3.0,64.0,R,22,"[None, None, None, 76, 75]","[None, None, None, 90, 92]","[None, None, None, 19, 25]","[None, None, None, 'COL', 'COL']"
2013-2014,Tyson Strachan,WSH,D,38.8,26.7,52.6,,44.1,25.0,2.4,20.3,7.3,61.6,85.8,1.3,20.7,19.0,15.1,143,171,111,,100.0,175,223,186,216,76,34,230,185,189,198,232,126,177,Third Pair,18.0,311.9166666666667,0.0,2.0,2.0,0.5189379098587783,42.857142857142854,41.966746475508614,8470729,D,75.0,210.0,1984-10-30,CAN,2003.0,5.0,137.0,R,28,"[None, 69, None, 55, 31]","[None, 47, None, 18, 29]","[None, 47, None, 71, 41]","[None, 'STL', None, 'FLA', 'WSH']"
2013-2014,Victor Bartley,NSH,D,41.8,34.9,53.0,,33.9,41.8,11.6,25.4,87.9,54.7,59.9,13.8,88.8,21.6,9.9,136,152,110,,118.0,136,206,174,29,89,94,201,27,183,210,232,126,177,Third Pair,50.0,768.2166666666667,1.0,5.0,6.0,0.8962369906965154,52.0,49.13948081509092,8473658,D,72.0,217.0,1988-02-17,CAN,,,,L,25,"[None, None, None, 56, 34]","[None, None, None, 58, 27]","[None, None, None, 55, 50]","[None, None, None, 'NSH', 'NSH']"
2013-2014,Victor Hedman,TBL,D,70.3,76.7,74.1,7.1,72.9,98.7,93.5,89.7,100.0,14.7,39.7,42.7,64.2,16.4,47.8,70,55,61,118.0,49.0,4,16,25,1,176,141,134,84,195,122,232,126,177,First Pair,75.0,1682.8166666666666,13.0,42.0,55.0,8.622836083356253,54.45544554455446,51.08384299946227,8475167,D,79.0,244.0,1990-12-18,SWE,2009.0,1.0,2.0,L,22,"[65, 75, 56, 88, 62]","[82, 81, 85, 90, 70]","[23, 90, 40, 90, 71]","['TBL', 'TBL', 'TBL', 'TBL', 'TBL']"
2013-2014,Willie Mitchell,LAK,D,70.7,87.5,87.5,,34.5,17.2,25.9,35.3,10.8,4.3,57.8,80.2,55.6,97.0,58.2,69,30,30,,117.0,193,173,151,208,200,99,47,104,8,98,232,126,177,Second Pair,76.0,1545.1166666666666,1.0,11.0,12.0,2.8997462704317103,55.84415584415584,56.948773459221734,8465185,D,75.0,210.0,1977-04-23,CAN,1996.0,8.0,199.0,L,36,"[60, 70, 89, None, 64]","[25, 14, 42, None, 86]","[84, 85, 90, None, 81]","['VAN', 'LAK', 'LAK', None, 'LAK']"
2013-2014,Yannick Weber,VAN,D,12.5,18.5,14.7,49.2,,78.9,92.7,78.9,25.4,37.9,46.1,53.4,38.8,39.2,1.3,204,190,199,65.0,,50,18,50,174,125,126,109,143,142,230,232,126,177,Fringe,49.0,583.8833333333333,6.0,4.0,10.0,3.5858457269665904,45.714285714285715,45.01147683342485,8474134,D,71.0,200.0,1988-09-23,CHE,2007.0,3.0,73.0,R,24,"[None, 62, 16, None, 19]","[None, 77, 51, None, 23]","[None, 23, 12, None, 21]","[None, 'MTL', 'MTL', None, 'VAN']"
2013-2014,Zach Bogosian,WPG,D,9.5,59.9,6.0,51.6,20.9,80.6,91.8,91.8,36.2,8.6,47.0,22.4,50.4,76.3,71.6,211,94,219,62.0,141.0,46,20,20,149,190,124,181,116,56,67,232,126,177,First Pair,55.0,1260.0166666666669,3.0,8.0,11.0,5.046590448548489,50.617283950617285,49.321598318616175,8474567,D,75.0,231.0,1990-07-15,USA,2008.0,1.0,3.0,R,23,"[10, 3, 14, 18, 8]","[70, 40, 85, 55, 57]","[1, 2, 3, 7, 9]","['ATL', 'ATL', 'WPG', 'WPG', 'WPG']"
2013-2014,Zbynek Michalek,PHX,D,69.0,16.8,87.1,,90.4,38.4,24.1,23.7,33.6,55.6,52.2,10.3,65.9,49.6,98.3,73,194,31,,18.0,144,177,178,155,87,112,209,80,118,5,232,126,177,Second Pair,59.0,1237.7,2.0,8.0,10.0,1.987260001988628,56.14035087719298,46.64755088699547,8469760,D,74.0,210.0,1982-12-23,CZE,,,,R,30,"[6, 46, 75, 73, 68]","[7, 29, 40, 42, 14]","[24, 58, 70, 77, 89]","['PHX', 'PIT', 'PIT', 'PHX', 'PHX']"
2013-2014,Zdeno Chara,BOS,D,99.6,87.9,98.7,80.2,97.7,95.3,90.1,84.1,84.9,17.2,56.9,23.3,84.1,90.5,68.5,2,29,4,26.0,5.0,12,24,38,36,170,101,179,38,23,74,232,126,177,First Pair,77.0,1898.3166666666664,17.0,23.0,40.0,12.21336812519585,59.78260869565217,56.71986811049943,8465009,D,81.0,250.0,1977-03-18,SVK,1996.0,3.0,56.0,L,36,"[97, 98, 99, 95, 99]","[87, 94, 99, 88, 82]","[99, 97, 99, 97, 98]","['BOS', 'BOS', 'BOS', 'BOS', 'BOS']"
