Season,Player ID,Player,Team,Position,ovr_pct,evo_pct,evd_pct,ppl_pct,pkl_pct,fin_pct,gol_pct,xgl_pct,ast_pct,pen_pct,hit_pct,ozs_pct,pdo_pct,tmt_pct,cmp_pct,ovr_rank,evo_rank,evd_rank,ppl_rank,pkl_rank,fin_rank,gol_rank,xgl_rank,ast_rank,pen_rank,hit_rank,ozs_rank,pdo_rank,tmt_rank,cmp_rank,all_players,ppl_players,pkl_players,Role,GP,TOI,Goals,Total Assists,Total Points,ixG,GF%,xGF%,Specific Position,Height (in),Weight (lbs),Date of Birth,Birth Country,Draft Year,Draft Round,Overall Draft Position,Shoots Catches,Age,ovr_history,evo_history,evd_history,team_history
2015-2016,8477932,Aaron Ekblad,FLA,D,65.2,40.0,70.4,51.3,,97.0,94.8,79.6,74.8,45.7,40.4,87.8,83.5,89.6,30.0,81,139,69,56.0,,8,13,48,59,115,138,29,39,25,162,230,113,178,Second Pair,78.0,1690.8166666666666,15.0,21.0,36.0,10.417001454485511,56.56565656565656,51.44892074938001,D,76.0,220.0,1996-02-07,CAN,2014.0,1.0,1.0,R,19,"[None, None, None, 77, 52]","[None, None, None, 55, 29]","[None, None, None, 70, 71]","[None, None, None, 'FLA', 'FLA']"
2015-2016,8476431,Adam Clendening,EDM,D,33.9,47.0,28.3,,,43.9,26.1,52.2,23.0,49.6,39.1,82.6,97.8,21.3,19.6,153,123,166,,,130,171,111,178,106,141,41,6,182,186,230,113,178,Third Pair,29.0,429.0833333333333,1.0,6.0,7.0,1.67298550764922,62.06896551724138,49.923687916508975,D,72.0,194.0,1992-10-26,USA,2011.0,2.0,36.0,R,22,"[None, None, None, 35, 36]","[None, None, None, 50, 48]","[None, None, None, 29, 31]","[None, None, None, 'VAN', 'EDM']"
2015-2016,8476457,Adam Larsson,NJD,D,37.4,7.8,90.4,,46.1,26.1,31.7,20.9,69.6,11.7,63.9,1.3,81.7,61.3,80.0,145,213,23,,97.0,171,158,183,71,189,84,228,43,90,47,230,113,178,First Pair,82.0,1845.7833333333333,3.0,15.0,18.0,3.9137113793240337,56.00000000000001,49.41780893321144,D,75.0,207.0,1992-11-12,SWE,2011.0,1.0,4.0,R,22,"[63, 50, 47, 32, 40]","[61, 7, 34, 13, 5]","[67, 62, 64, 73, 94]","['NJD', 'NJD', 'NJD', 'NJD', 'NJD']"
2015-2016,8471717,Adam McQuaid,BOS,D,32.6,8.3,85.2,,68.0,44.8,18.7,3.5,28.7,12.6,85.2,43.5,52.6,58.7,49.1,156,212,35,,58.0,128,188,223,165,187,35,131,110,96,118,230,113,178,Second Pair,64.0,1154.5666666666666,1.0,8.0,9.0,1.1067250715233932,49.18032786885246,47.84378841514639,D,76.0,210.0,1986-10-12,CAN,2005.0,2.0,55.0,R,28,"[56, 34, 52, 46, 23]","[29, 20, 37, 10, 6]","[81, 78, 75, 92, 80]","['BOS', 'BOS', 'BOS', 'BOS', 'BOS']"
2015-2016,8471385,Adam Pardy,EDM,D,56.1,54.3,60.0,,77.5,28.3,3.9,64.8,87.4,50.4,73.0,85.2,3.5,49.6,4.8,102,106,93,,41.0,166,214,82,30,104,63,35,223,117,220,230,113,178,Third Pair,23.0,365.3333333333333,0.0,4.0,4.0,1.1119747244610445,30.434782608695656,51.6295624974282,D,76.0,227.0,1984-03-29,CAN,2004.0,6.0,173.0,L,31,"[57, 44, 64, 40, 65]","[40, 27, 61, 54, 59]","[66, 59, 81, 58, 50]","['DAL', 'BUF', 'WPG', 'WPG', 'EDM']"
2015-2016,8474166,Alec Martinez,LAK,D,74.3,67.0,69.6,76.1,48.9,87.4,86.1,81.3,59.6,65.2,74.3,76.1,87.8,97.0,20.4,60,77,71,28.0,92.0,30,33,44,94,70,60,56,29,8,184,230,113,178,Second Pair,78.0,1649.75,10.0,21.0,31.0,7.431632482731973,56.41025641025641,53.215060443875885,D,73.0,210.0,1987-07-26,USA,2007.0,4.0,95.0,L,28,"[89, 63, 84, 87, 65]","[71, 51, 49, 71, 66]","[77, 76, 83, 61, 71]","['LAK', 'LAK', 'LAK', 'LAK', 'LAK']"
2015-2016,8473415,Alex Biega,VAN,D,19.1,34.8,19.1,,37.6,7.8,3.9,44.3,52.6,51.7,91.7,94.3,36.1,0.9,97.0,187,151,187,,112.0,213,214,129,110,101,20,14,148,229,8,230,113,178,Third Pair,51.0,854.9333333333333,0.0,7.0,7.0,2.1501880882918125,43.333333333333336,41.5670883024943,D,70.0,195.0,1988-04-04,CAN,2006.0,5.0,147.0,R,27,"[None, None, None, None, 19]","[None, None, None, None, 33]","[None, None, None, None, 20]","[None, None, None, None, 'VAN']"
2015-2016,8471274,Alex Goligoski,DAL,D,100.0,99.6,90.9,80.5,97.8,36.5,60.9,60.9,89.6,60.4,25.7,27.0,58.7,68.7,89.6,1,2,22,23.0,5.0,147,91,91,25,81,172,169,96,73,25,230,113,178,First Pair,82.0,1954.3666666666663,5.0,32.0,37.0,5.036504674587359,54.67625899280576,52.38859894712225,D,71.0,173.0,1985-07-30,USA,2004.0,2.0,61.0,L,30,"[99, 98, 99, 100, 97]","[98, 97, 93, 99, 99]","[92, 88, 90, 98, 76]","['DAL', 'DAL', 'DAL', 'DAL', 'DAL']"
2015-2016,8474565,Alex Pietrangelo,STL,D,88.3,97.4,13.9,5.3,98.3,1.7,70.0,98.7,93.5,95.7,17.4,41.7,75.2,80.9,86.5,28,7,199,108.0,4.0,227,70,4,16,11,191,135,58,45,32,230,113,178,First Pair,73.0,1920.25,7.0,30.0,37.0,10.219555471170722,57.14285714285714,51.86140432051391,D,75.0,215.0,1990-01-18,CAN,2008.0,1.0,4.0,R,25,"[94, 97, 96, 86, 85]","[95, 90, 100, 85, 97]","[71, 84, 50, 10, 11]","['STL', 'STL', 'STL', 'STL', 'STL']"
2015-2016,8471303,Alexander Edler,VAN,D,13.5,20.4,46.5,69.9,94.4,20.9,53.9,54.3,25.2,1.7,58.3,13.0,31.3,63.5,92.6,200,184,124,35.0,11.0,183,107,106,173,212,97,201,159,85,18,230,113,178,First Pair,52.0,1271.5333333333333,6.0,15.0,21.0,5.091121194180996,51.35135135135135,48.009943412594026,D,76.0,210.0,1986-04-21,SWE,2004.0,3.0,91.0,L,29,"[54, 43, 6, 17, 14]","[7, 63, 10, 26, 28]","[55, 13, 46, 64, 36]","['VAN', 'VAN', 'VAN', 'VAN', 'VAN']"
2015-2016,8475755,Alexander Petrovic,FLA,D,36.5,53.9,33.9,,71.3,48.3,18.3,19.6,67.8,31.3,92.2,63.5,89.6,57.8,48.3,147,107,153,,52.0,120,189,186,75,145,19,85,25,98,120,230,113,178,Third Pair,66.0,1119.0666666666666,2.0,15.0,17.0,1.9225583334449656,58.666666666666664,50.75142805003827,D,77.0,215.0,1992-03-03,CAN,2010.0,2.0,36.0,R,23,"[None, None, None, 45, 30]","[None, None, None, 53, 63]","[None, None, None, 38, 33]","[None, None, None, 'FLA', 'FLA']"
2015-2016,8471296,Alexei Emelin,MTL,D,0.9,10.0,45.2,,8.4,22.2,17.8,10.4,31.3,0.9,96.1,7.0,33.5,37.0,38.7,229,208,127,,164.0,180,190,207,159,214,10,215,154,146,142,230,113,178,Second Pair,72.0,1475.85,0.0,12.0,12.0,2.637673279929845,41.9753086419753,51.24795613226767,D,74.0,218.0,1986-04-25,RUS,2004.0,3.0,84.0,L,29,"[81, 48, 8, 3, 2]","[47, 39, 25, 1, 35]","[33, 58, 9, 45, 63]","['MTL', 'MTL', 'MTL', 'MTL', 'MTL']"
2015-2016,8476289,Alexey Marchenko,DET,D,50.9,19.1,42.6,,23.0,47.4,45.7,34.3,46.5,92.6,20.0,52.6,54.3,71.7,58.3,114,187,133,,138.0,122,126,152,124,18,185,110,106,66,97,230,113,178,Third Pair,66.0,1110.85,2.0,9.0,11.0,2.199327176130591,47.61904761904761,48.483677390559194,D,75.0,210.0,1992-01-02,RUS,2011.0,7.0,205.0,R,23,"[None, None, None, None, 54]","[None, None, None, None, 18]","[None, None, None, None, 43]","[None, None, None, None, 'DET']"
2015-2016,8467496,Andrei Markov,MTL,D,53.0,81.7,28.7,77.0,3.4,20.4,30.9,35.7,96.5,46.1,3.5,37.8,87.4,60.4,67.8,109,43,165,27.0,173.0,184,160,149,9,114,223,144,30,92,75,230,113,178,First Pair,82.0,1954.5333333333333,5.0,39.0,44.0,6.2518805121327325,51.81818181818182,50.32773236011579,D,72.0,200.0,1978-12-20,RUS,1998.0,6.0,162.0,L,36,"[None, 75, 79, 33, 57]","[None, 83, 94, 79, 78]","[None, 43, 31, 25, 35]","[None, 'MTL', 'MTL', 'MTL', 'MTL']"
2015-2016,8471284,Andrej Sekera,EDM,D,74.8,90.0,33.5,69.0,79.8,7.0,25.7,39.6,33.9,66.5,34.3,21.3,11.3,25.7,85.2,59,24,154,36.0,37.0,215,172,140,153,67,152,182,205,172,35,230,113,178,Second Pair,81.0,1768.9333333333334,6.0,24.0,30.0,7.345500551963423,42.57425742574257,49.69835720420244,D,72.0,200.0,1986-06-08,SVK,2004.0,3.0,71.0,L,29,"[73, 50, 87, 67, 78]","[24, 60, 95, 85, 91]","[85, 12, 13, 38, 42]","['BUF', 'BUF', 'CAR', 'LAK', 'EDM']"
2015-2016,8477205,Andrej Sustr,TBL,D,24.3,22.2,53.9,,74.7,60.0,46.5,27.4,60.4,20.4,14.3,13.5,71.7,54.8,32.2,175,180,107,,46.0,93,124,168,92,170,198,200,66,105,157,230,113,178,Third Pair,77.0,1296.4,4.0,17.0,21.0,2.5892512716492817,50.0,49.55534098222862,D,79.0,217.0,1990-11-29,CZE,,,,R,24,"[None, None, 41, 23, 27]","[None, None, 56, 13, 30]","[None, None, 39, 63, 51]","[None, None, 'TBL', 'TBL', 'TBL']"
2015-2016,8473550,Andrew Bodnarchuk,COL,D,33.5,44.8,25.2,,,50.0,3.9,0.4,83.0,57.4,73.5,18.7,12.2,22.2,78.3,154,128,173,,,116,214,230,40,88,62,188,203,180,51,230,113,178,Fringe,37.0,456.56666666666666,0.0,4.0,4.0,0.3664219456312628,38.46153846153847,43.565364187417934,D,71.0,195.0,1988-07-11,CAN,2006.0,5.0,128.0,L,27,"[None, None, None, None, 33]","[None, None, None, None, 46]","[None, None, None, None, 24]","[None, None, None, None, 'COL']"
2015-2016,8473584,Andrew MacDonald,PHI,D,13.9,13.0,20.9,33.6,14.0,42.2,33.5,19.1,56.5,53.9,10.4,88.7,88.3,39.6,45.2,199,201,183,76.0,154.0,134,154,187,101,96,207,27,28,140,127,230,113,178,Second Pair,28.0,563.3333333333334,1.0,7.0,8.0,1.157356996879526,58.536585365853654,51.320367204941185,D,73.0,204.0,1986-09-07,CAN,2006.0,6.0,160.0,L,28,"[29, 36, 1, 16, 29]","[15, 62, 2, 24, 19]","[14, 27, 6, 27, 23]","['NYI', 'NYI', 'PHI', 'PHI', 'PHI']"
2015-2016,8472382,Andy Greene,NJD,D,85.7,6.5,99.1,,5.1,23.9,21.3,18.3,29.1,63.5,17.8,0.4,73.5,41.3,91.3,34,216,3,,170.0,176,182,189,164,74,190,230,62,136,21,230,113,178,First Pair,82.0,1882.0833333333333,4.0,9.0,13.0,4.263269375402208,52.702702702702695,47.60886842240277,D,71.0,190.0,1982-10-30,USA,,,,L,32,"[70, 95, 92, 92, 74]","[10, 6, 27, 19, 3]","[88, 100, 99, 99, 98]","['NJD', 'NJD', 'NJD', 'NJD', 'NJD']"
2015-2016,8475868,Anthony Bitetto,NSH,D,45.2,37.0,31.3,,,56.1,63.5,41.7,66.1,78.5,92.6,90.9,79.6,80.4,27.8,127,146,159,,,102,85,135,79,42,18,22,48,46,167,230,113,178,Fringe,28.0,339.75,1.0,5.0,6.0,0.8167969019352218,50.0,46.49881263650582,D,73.0,222.0,1990-07-15,USA,2010.0,6.0,168.0,L,25,"[None, None, None, None, 47]","[None, None, None, None, 33]","[None, None, None, None, 30]","[None, None, None, None, 'NSH']"
2015-2016,8471873,Anton Stralman,TBL,D,95.7,95.7,93.9,0.9,83.1,89.1,87.8,84.3,48.7,57.0,38.3,80.9,72.6,77.4,58.7,11,11,15,113.0,31.0,26,29,37,119,89,143,45,64,53,96,230,113,178,First Pair,73.0,1611.6666666666667,9.0,25.0,34.0,7.4839572720317715,61.53846153846154,56.742991441092464,D,71.0,193.0,1986-08-01,SWE,2005.0,7.0,216.0,R,29,"[36, 84, 93, 98, 93]","[54, 88, 98, 97, 90]","[65, 60, 85, 91, 94]","['NYR', 'NYR', 'NYR', 'TBL', 'TBL']"
2015-2016,8467890,Barret Jackman,NSH,D,62.2,64.8,78.7,,89.9,24.3,23.5,25.2,20.0,15.7,65.7,72.6,14.3,75.2,7.0,88,82,50,,19.0,175,177,173,185,180,80,64,198,58,215,230,113,178,Third Pair,73.0,1011.5833333333334,1.0,4.0,5.0,2.1383031863551163,50.90909090909091,52.90349215629896,D,72.0,203.0,1981-03-05,CAN,1999.0,1.0,17.0,L,34,"[73, 21, 33, 91, 37]","[75, 29, 60, 76, 50]","[27, 48, 59, 76, 82]","['STL', 'STL', 'STL', 'STL', 'NSH']"
2015-2016,8475279,Ben Chiarot,WPG,D,48.7,55.7,47.0,,,18.7,44.3,45.2,58.7,58.7,90.4,38.7,33.9,82.2,60.4,119,103,123,,,188,129,127,96,85,23,142,153,42,92,230,113,178,Third Pair,70.0,1012.05,1.0,9.0,10.0,3.220554721614287,43.83561643835616,49.4745589132729,D,75.0,222.0,1991-05-09,CAN,2009.0,4.0,120.0,L,24,"[None, None, None, 53, 49]","[None, None, None, 57, 63]","[None, None, None, 54, 44]","[None, None, None, 'WPG', 'WPG']"
2015-2016,8477018,Ben Hutton,VAN,D,34.8,25.2,9.1,31.9,40.4,4.3,11.3,29.1,90.9,97.4,12.2,67.0,29.6,10.0,79.6,151,173,210,78.0,107.0,221,205,164,22,7,203,77,163,208,48,230,113,178,Second Pair,75.0,1490.5,1.0,24.0,25.0,5.352496527458096,42.66666666666667,42.077705556756975,D,75.0,209.0,1993-04-20,CAN,2012.0,5.0,147.0,L,22,"[None, None, None, None, 34]","[None, None, None, None, 23]","[None, None, None, None, 11]","[None, None, None, None, 'VAN']"
2015-2016,8473933,Ben Lovejoy,PIT,D,75.2,73.0,83.9,,84.8,77.8,67.4,50.0,15.2,29.1,94.3,22.6,44.3,86.5,72.6,58,63,38,,28.0,52,76,116,196,150,14,179,129,32,64,230,113,178,Second Pair,66.0,1245.2166666666667,4.0,6.0,10.0,2.854423216746935,52.702702702702695,55.934436099209194,D,73.0,205.0,1984-02-20,USA,,,,R,31,"[58, 72, 76, 72, 77]","[57, 83, 68, 74, 71]","[62, 79, 84, 82, 84]","['PIT', 'ANA', 'ANA', 'PIT', 'PIT']"
2015-2016,8475869,Brandon Davidson,EDM,D,57.0,44.3,72.2,,30.9,58.7,59.1,51.7,9.6,47.0,75.7,23.5,53.0,28.7,80.9,100,129,65,,124.0,96,95,112,209,112,57,177,109,165,45,230,113,178,Second Pair,51.0,979.0166666666668,4.0,7.0,11.0,2.784487723656443,52.0,50.78945628135008,D,74.0,204.0,1991-08-21,CAN,2010.0,6.0,162.0,L,24,"[None, None, None, None, 59]","[None, None, None, None, 46]","[None, None, None, None, 72]","[None, None, None, None, 'EDM']"
2015-2016,8475759,Brandon Gormley,COL,D,47.8,32.6,41.3,,,51.7,20.4,24.8,7.4,75.2,46.1,69.6,6.1,1.3,2.2,121,156,136,,,112,184,174,214,47,125,71,217,228,226,230,113,178,Fringe,26.0,316.56666666666666,0.0,1.0,1.0,0.4445169247704396,44.827586206896555,46.99692610162639,D,74.0,196.0,1992-02-18,CAN,2010.0,1.0,13.0,L,23,"[None, None, None, 54, 45]","[None, None, None, 39, 31]","[None, None, None, 39, 48]","[None, None, None, 'ARI', 'COL']"
2015-2016,8475430,Brandon Manning,PHI,D,55.7,50.0,10.4,,47.8,14.8,19.6,50.4,23.5,99.1,68.3,94.8,61.7,36.1,29.6,103,116,207,,94.0,197,186,115,177,3,74,13,89,148,163,230,113,178,Third Pair,56.0,925.55,1.0,6.0,7.0,2.279118669585038,51.162790697674424,45.82305144024073,D,73.0,205.0,1990-06-04,CAN,,,,L,25,"[None, None, None, None, 57]","[None, None, None, None, 52]","[None, None, None, None, 12]","[None, None, None, None, 'PHI']"
2015-2016,8475188,Brayden McNabb,LAK,D,39.6,76.5,57.8,,27.5,13.5,34.8,38.3,75.2,13.0,90.9,86.5,66.1,98.7,18.3,140,55,98,,130.0,200,151,143,58,186,22,32,79,4,189,230,113,178,Second Pair,81.0,1524.0166666666669,2.0,12.0,14.0,3.826642074682252,55.95238095238096,56.007679368080765,D,76.0,215.0,1991-01-21,CAN,2009.0,3.0,66.0,L,24,"[75, None, None, 65, 21]","[50, None, None, 58, 85]","[63, None, None, 51, 63]","['BUF', None, None, 'LAK', 'LAK']"
2015-2016,8470601,Braydon Coburn,TBL,D,31.3,17.0,58.3,,90.4,9.1,20.9,53.9,46.1,35.2,58.7,24.3,50.4,46.5,30.9,159,192,97,,18.0,210,183,107,125,136,96,175,115,124,160,230,113,178,Third Pair,80.0,1340.1833333333334,1.0,9.0,10.0,3.013187489833979,52.32558139534884,50.294938472242265,D,77.0,224.0,1985-02-27,CAN,2003.0,1.0,8.0,L,30,"[20, 4, 19, 39, 35]","[66, 27, 29, 26, 13]","[30, 17, 37, 60, 60]","['PHI', 'PHI', 'PHI', 'TBL', 'TBL']"
2015-2016,8474090,Brendan Smith,DET,D,68.3,71.3,78.3,,59.6,23.0,36.5,58.7,63.0,33.9,50.9,93.9,25.2,57.4,7.8,74,67,51,,73.0,178,147,96,86,139,114,15,173,99,213,230,113,178,Third Pair,63.0,1109.0,3.0,12.0,15.0,4.2208987705945145,54.285714285714285,54.35103299982823,D,74.0,200.0,1989-02-08,CAN,2007.0,1.0,27.0,L,26,"[None, 78, 65, 77, 63]","[None, 46, 47, 64, 73]","[None, 84, 78, 85, 77]","[None, 'DET', 'DET', 'DET', 'DET']"
2015-2016,8475455,Brenden Dillon,SJS,D,8.3,72.2,20.0,,17.4,7.4,28.3,44.8,32.2,3.9,77.4,41.3,21.7,87.8,21.3,212,65,185,,148.0,214,166,128,157,207,53,136,181,29,182,230,113,178,Third Pair,76.0,1268.2833333333333,2.0,9.0,11.0,3.923526397990329,51.388888888888886,51.91914474422214,D,76.0,225.0,1990-11-13,CAN,,,,L,24,"[None, 18, 13, 26, 5]","[None, 87, 70, 72, 67]","[None, 61, 37, 55, 8]","[None, 'DAL', 'DAL', 'SJS', 'SJS']"
2015-2016,8470613,Brent Burns,SJS,D,77.8,98.7,10.0,81.4,9.6,99.6,100.0,100.0,92.6,6.1,36.1,57.0,35.7,99.1,57.8,52,4,208,22.0,162.0,2,1,1,18,202,148,100,149,3,98,230,113,178,First Pair,82.0,2120.85,27.0,48.0,75.0,20.225329129835384,52.5,54.71606946444068,D,77.0,228.0,1985-03-09,CAN,2003.0,1.0,20.0,R,30,"[90, 58, 81, 59, 84]","[91, 84, 90, 97, 98]","[76, 57, 49, 12, 7]","['SJS', 'SJS', 'SJS', 'SJS', 'SJS']"
2015-2016,8470607,Brent Seabrook,CHI,D,31.7,84.3,15.7,3.5,13.5,87.0,73.5,67.8,50.4,21.7,64.8,83.9,44.8,85.7,65.7,158,37,195,110.0,155.0,31,62,75,115,167,82,38,128,34,80,230,113,178,First Pair,81.0,1848.6333333333332,14.0,35.0,49.0,8.5908355632959,47.82608695652174,45.82102112211591,D,75.0,220.0,1985-04-20,CAN,2003.0,1.0,14.0,R,30,"[92, 59, 90, 55, 9]","[88, 69, 97, 88, 77]","[91, 64, 87, 23, 4]","['CHI', 'CHI', 'CHI', 'CHI', 'CHI']"
2015-2016,8477488,Brett Pesce,CAR,D,46.1,18.7,43.0,61.1,63.5,63.0,61.3,45.7,8.3,78.5,13.9,58.3,14.8,48.3,63.5,125,188,132,45.0,66.0,86,90,126,212,42,199,97,197,120,85,230,113,178,Second Pair,69.0,1295.0,4.0,12.0,16.0,3.977332443452555,44.26229508196721,46.74427299879616,D,75.0,206.0,1994-11-15,USA,2013.0,3.0,66.0,R,20,"[None, None, None, None, 50]","[None, None, None, None, 17]","[None, None, None, None, 43]","[None, None, None, None, 'CAR']"
2015-2016,8466285,Brian Campbell,FLA,D,98.3,90.9,97.4,63.7,73.0,34.8,40.4,18.7,57.8,76.1,9.6,80.4,90.9,47.0,26.5,5,22,7,42.0,49.0,151,138,188,98,45,209,46,22,123,170,230,113,178,First Pair,82.0,1826.7833333333333,6.0,25.0,31.0,5.803158594408213,65.42056074766354,55.04587779442382,D,70.0,192.0,1979-05-23,CAN,1997.0,6.0,156.0,L,36,"[100, 98, 98, 93, 99]","[94, 92, 85, 80, 94]","[94, 87, 97, 97, 95]","['FLA', 'FLA', 'FLA', 'FLA', 'FLA']"
2015-2016,8475208,Brian Dumoulin,PIT,D,76.5,38.3,85.7,,55.1,0.9,3.9,63.5,78.3,93.5,59.1,26.1,66.5,96.1,94.8,55,143,34,,81.0,229,214,85,51,16,95,171,78,10,13,230,113,178,Second Pair,79.0,1491.9666666666667,0.0,16.0,16.0,4.482854966512116,55.434782608695656,56.34691758163834,D,76.0,215.0,1991-09-06,USA,2009.0,2.0,51.0,L,23,"[None, None, None, None, 76]","[None, None, None, None, 34]","[None, None, None, None, 83]","[None, None, None, None, 'PIT']"
2015-2016,8473565,Brian Strait,NYI,D,3.9,30.0,3.5,,16.9,27.8,40.9,67.4,3.5,28.7,89.1,84.8,38.3,62.6,28.7,222,162,223,,149.0,167,137,76,223,151,26,36,143,87,165,230,113,178,Third Pair,52.0,802.7333333333333,1.0,5.0,6.0,2.0805175599014145,48.93617021276596,46.23111280072285,D,73.0,206.0,1988-01-04,USA,2006.0,3.0,65.0,L,27,"[None, 24, 23, 5, 4]","[None, 34, 20, 46, 29]","[None, 26, 6, 4, 3]","[None, 'NYI', 'NYI', 'NYI', 'NYI']"
2015-2016,8468498,Brooks Orpik,WSH,D,12.6,24.8,46.1,,27.0,61.3,57.0,3.0,43.0,8.7,93.9,44.3,62.6,83.0,75.7,202,174,125,,131.0,90,100,224,132,196,15,129,87,40,57,230,113,178,Second Pair,41.0,812.2333333333333,3.0,7.0,10.0,0.9901910514587936,56.33802816901409,55.0125097803482,D,75.0,217.0,1980-09-26,USA,2000.0,1.0,18.0,L,34,"[33, 10, 36, 6, 27]","[70, 7, 15, 16, 55]","[78, 28, 58, 32, 57]","['PIT', 'PIT', 'PIT', 'WSH', 'WSH']"
2015-2016,8475177,Calvin de Haan,NYI,D,80.0,68.7,87.0,,42.1,19.1,30.4,36.1,72.6,64.3,67.0,59.6,16.5,76.1,76.1,47,73,31,,104.0,187,161,148,64,72,77,94,193,56,56,230,113,178,Second Pair,72.0,1485.5666666666666,3.0,14.0,17.0,3.6391068148439025,50.0,52.59617380667514,D,73.0,192.0,1991-05-09,CAN,2009.0,1.0,12.0,L,24,"[None, None, 62, 73, 84]","[None, None, 38, 48, 75]","[None, None, 78, 87, 84]","[None, None, 'NYI', 'NYI', 'NYI']"
2015-2016,8475764,Cam Fowler,ANA,D,40.9,59.6,23.5,88.5,7.3,38.7,37.4,31.7,56.1,63.0,10.0,15.7,30.4,78.3,67.4,137,94,177,14.0,166.0,142,145,158,102,75,208,195,161,51,76,230,113,178,First Pair,69.0,1571.8666666666666,5.0,23.0,28.0,6.484244669012389,44.9438202247191,48.37864531021559,D,74.0,213.0,1991-12-05,CAN,2010.0,1.0,12.0,L,23,"[29, 70, 59, 66, 23]","[33, 15, 45, 74, 47]","[8, 35, 72, 28, 16]","['ANA', 'ANA', 'ANA', 'ANA', 'ANA']"
2015-2016,8474125,Carl Gunnarsson,STL,D,60.4,5.7,88.3,,20.2,60.9,43.5,14.8,21.7,81.3,49.6,56.5,75.7,79.6,54.3,92,218,28,,143.0,91,131,197,181,38,117,101,57,48,106,230,113,178,Third Pair,72.0,1251.3333333333333,3.0,6.0,9.0,2.118491274921913,52.63157894736842,52.08166205255751,D,74.0,198.0,1986-11-09,SWE,2007.0,7.0,194.0,L,28,"[67, 37, 32, 74, 56]","[6, 6, 5, 11, 4]","[86, 86, 90, 81, 86]","['TOR', 'TOR', 'TOR', 'STL', 'STL']"
2015-2016,8469470,Carlo Colaiacovo,BUF,D,61.7,58.3,50.4,,,53.9,62.2,55.7,34.8,70.9,50.0,89.6,6.5,20.4,2.6,89,97,115,,,107,88,103,151,57,116,25,216,184,225,230,113,178,Third Pair,36.0,521.0166666666667,1.0,4.0,5.0,1.409139916876926,38.095238095238095,44.122559017463416,D,73.0,202.0,1983-01-27,CAN,2001.0,1.0,17.0,L,32,"[79, None, 56, 61, 63]","[80, None, 62, 69, 51]","[82, None, 56, 59, 43]","['STL', None, 'STL', 'PHI', 'BUF']"
2015-2016,8477453,Chris Bigras,COL,D,24.8,33.5,33.0,,,30.4,3.9,90.0,2.6,41.1,29.6,78.3,40.9,3.0,49.6,174,154,155,,,161,214,24,225,124,163,51,137,224,117,230,113,178,Third Pair,31.0,413.6,1.0,2.0,3.0,1.5607786753707564,40.0,43.67563827458877,D,73.0,191.0,1995-02-22,CAN,2013.0,2.0,32.0,L,20,"[None, None, None, None, 26]","[None, None, None, None, 32]","[None, None, None, None, 32]","[None, None, None, None, 'COL']"
2015-2016,8475690,Chris Tanev,VAN,D,95.2,34.3,98.3,12.4,96.6,53.0,21.7,7.4,41.7,93.0,24.3,10.0,8.7,21.7,82.6,12,152,5,100.0,7.0,109,181,214,135,17,175,208,211,181,41,230,113,178,Second Pair,69.0,1501.0,4.0,15.0,19.0,2.587321410979454,44.303797468354425,49.70573737581955,D,75.0,200.0,1989-12-20,CAN,,,,R,25,"[84, 85, 91, 95, 96]","[60, 48, 43, 49, 24]","[76, 93, 94, 97, 97]","['VAN', 'VAN', 'VAN', 'VAN', 'VAN']"
2015-2016,8475227,Chris Wideman,OTT,D,23.5,50.9,30.0,,,86.5,97.8,87.8,13.5,18.5,53.9,56.1,91.3,9.6,31.7,177,114,162,,,32,6,29,200,174,107,102,21,209,158,230,113,178,Third Pair,64.0,892.8166666666667,6.0,7.0,13.0,3.854142060327631,53.333333333333336,49.99913195631747,D,70.0,180.0,1990-01-07,USA,2009.0,4.0,100.0,R,25,"[None, None, None, None, 24]","[None, None, None, None, 53]","[None, None, None, None, 29]","[None, None, None, None, 'OTT']"
2015-2016,8469555,Christian Ehrhoff,CHI,D,66.5,73.5,42.2,83.2,,19.6,65.2,83.9,21.3,71.3,40.0,82.2,19.1,67.0,25.7,78,62,134,20.0,,186,81,38,182,56,139,42,187,77,172,230,113,178,Third Pair,48.0,743.2166666666667,2.0,10.0,12.0,4.163237320621409,40.476190476190474,49.116094949603976,D,74.0,201.0,1982-07-06,DEU,2001.0,4.0,106.0,L,33,"[90, 94, 90, 69, 55]","[91, 96, 90, 73, 60]","[48, 81, 55, 46, 40]","['BUF', 'BUF', 'BUF', 'PIT', 'CHI']"
2015-2016,8477850,Christian Folin,MIN,D,54.3,36.1,39.6,,34.8,61.7,30.0,5.2,88.7,87.4,77.8,24.8,87.0,60.9,27.4,106,148,140,,117.0,89,162,219,27,28,52,174,31,91,168,230,113,178,Third Pair,26.0,379.0833333333333,0.0,4.0,4.0,0.3427275631342665,45.0,43.01466765012377,D,76.0,204.0,1991-02-09,SWE,,,,R,24,"[None, None, None, 61, 50]","[None, None, None, 45, 30]","[None, None, None, 45, 37]","[None, None, None, 'MIN', 'MIN']"
2015-2016,8470886,Clayton Stoner,ANA,D,43.5,11.7,76.5,,93.3,30.0,8.3,10.0,28.3,24.8,95.2,63.9,26.5,77.0,37.4,131,204,55,,13.0,162,212,208,166,160,12,84,170,54,145,230,113,178,Third Pair,50.0,768.0166666666667,1.0,5.0,6.0,1.609195937773531,51.35135135135135,53.51751135365791,D,76.0,216.0,1985-02-19,CAN,2004.0,3.0,79.0,L,30,"[59, 10, 31, 56, 43]","[43, 3, 14, 22, 12]","[82, 79, 66, 83, 77]","['MIN', 'MIN', 'MIN', 'ANA', 'ANA']"
2015-2016,8476879,Cody Ceci,OTT,D,72.6,77.4,55.7,,7.9,90.9,91.7,83.5,67.0,80.9,36.5,27.8,77.0,17.0,46.1,64,53,103,,165.0,22,20,39,77,39,147,167,54,192,125,230,113,178,Second Pair,75.0,1447.5166666666669,10.0,16.0,26.0,5.406274754885066,51.35135135135135,46.06018357345598,D,75.0,210.0,1993-12-21,CAN,2012.0,1.0,15.0,R,21,"[None, None, 65, 79, 70]","[None, None, 75, 89, 71]","[None, None, 40, 55, 58]","[None, None, 'OTT', 'OTT', 'OTT']"
2015-2016,8471742,Cody Franson,BUF,D,57.4,23.9,74.8,74.3,,70.9,63.9,33.9,47.4,40.0,61.7,48.3,24.3,11.7,25.2,99,176,59,30.0,,68,84,153,122,125,89,120,175,204,173,230,113,178,Third Pair,59.0,993.4,4.0,13.0,17.0,4.234545921069618,42.857142857142854,45.83458277852777,D,77.0,224.0,1987-08-08,CAN,2005.0,3.0,79.0,R,28,"[72, 93, 51, 75, 43]","[68, 77, 16, 70, 12]","[60, 76, 76, 80, 74]","['TOR', 'TOR', 'TOR', 'NSH', 'BUF']"
2015-2016,8474597,Cody Goloubef,CBJ,D,38.3,36.5,48.7,,52.2,37.8,13.5,30.9,76.1,44.8,34.8,62.6,97.4,40.9,10.4,143,147,119,,86.0,144,200,160,56,117,151,87,7,137,207,230,113,178,Third Pair,43.0,650.45,1.0,7.0,8.0,1.2633109235700053,52.38095238095239,51.7365197372077,D,73.0,190.0,1989-11-30,CAN,2008.0,2.0,37.0,R,25,"[None, None, None, 46, 32]","[None, None, None, 35, 40]","[None, None, None, 57, 45]","[None, None, None, 'CBJ', 'CBJ']"
2015-2016,8476525,Colin Miller,BOS,D,51.3,62.2,55.2,45.1,,73.9,90.0,77.8,79.6,41.1,45.2,98.7,41.3,13.5,3.0,113,88,104,63.0,,61,24,52,48,124,127,4,136,200,224,230,113,178,Third Pair,42.0,663.3833333333333,3.0,13.0,16.0,2.8526969461710485,53.333333333333336,49.00351875491618,D,73.0,200.0,1992-10-29,CAN,2012.0,5.0,151.0,R,22,"[None, None, None, None, 54]","[None, None, None, None, 63]","[None, None, None, None, 53]","[None, None, None, None, 'BOS']"
2015-2016,8476892,Colton Parayko,STL,D,93.9,95.2,61.3,22.1,67.4,72.6,81.3,93.9,97.8,93.9,60.0,70.4,95.7,70.0,87.4,15,12,90,89.0,59.0,64,44,15,6,15,93,69,11,70,30,230,113,178,Second Pair,79.0,1531.5666666666666,9.0,24.0,33.0,7.552216088270312,63.1578947368421,56.42241248915144,D,78.0,228.0,1993-05-12,CAN,2012.0,3.0,86.0,R,22,"[None, None, None, None, 91]","[None, None, None, None, 93]","[None, None, None, None, 60]","[None, None, None, None, 'STL']"
2015-2016,8476473,Connor Murphy,ARI,D,23.9,23.0,38.3,21.2,21.3,81.7,67.0,30.4,25.7,45.2,84.3,38.3,57.4,10.9,55.2,176,178,143,90.0,141.0,43,77,161,172,116,37,143,99,206,104,230,113,178,Second Pair,78.0,1599.75,6.0,11.0,17.0,4.086062955796007,52.68817204301075,46.85411194075822,D,76.0,212.0,1993-03-26,USA,2011.0,1.0,20.0,R,22,"[None, None, 70, 35, 13]","[None, None, 56, 9, 42]","[None, None, 54, 43, 33]","[None, None, 'PHX', 'ARI', 'ARI']"
2015-2016,8474774,Dalton Prout,CBJ,D,8.7,24.3,60.9,,18.5,45.2,27.4,12.6,39.6,2.2,82.2,31.3,9.6,47.8,23.9,211,175,91,,146.0,127,168,202,140,211,42,159,209,121,176,230,113,178,Third Pair,64.0,1035.05,3.0,6.0,9.0,2.04341286422266,45.07042253521127,49.87296296468223,D,75.0,215.0,1990-03-13,CAN,2010.0,6.0,154.0,R,25,"[None, 49, 67, 22, 2]","[None, 41, 34, 31, 21]","[None, 56, 70, 56, 57]","[None, 'CBJ', 'CBJ', 'CBJ', 'CBJ']"
2015-2016,8476923,Damon Severson,NJD,D,27.4,61.7,26.1,15.0,,14.3,56.1,68.7,43.9,43.9,4.8,45.2,27.4,20.0,36.1,168,89,171,97.0,,198,102,73,130,119,220,127,168,185,148,230,113,178,Second Pair,72.0,1307.8666666666666,1.0,20.0,21.0,5.035624557292832,46.83544303797469,47.64672448163837,D,74.0,204.0,1994-08-07,CAN,2012.0,2.0,60.0,R,21,"[None, None, None, 28, 32]","[None, None, None, 55, 68]","[None, None, None, 32, 23]","[None, None, None, 'NJD', 'NJD']"
2015-2016,8467096,Dan Boyle,NYR,D,90.4,92.2,56.1,95.6,,83.0,92.6,89.1,10.4,61.7,31.3,93.5,84.8,37.4,17.8,23,19,102,6.0,,40,18,26,207,78,159,16,36,145,190,230,113,178,Second Pair,74.0,1392.2666666666669,10.0,14.0,24.0,8.48294529497174,53.93258426966292,48.8296338648595,D,71.0,194.0,1976-07-12,CAN,,,,R,39,"[95, 99, 94, 95, 81]","[78, 98, 88, 91, 89]","[90, 97, 66, 82, 21]","['SJS', 'SJS', 'SJS', 'NYR', 'NYR']"
2015-2016,8471958,Dan Girardi,NYR,D,9.6,27.8,4.8,,76.4,10.0,25.2,38.7,66.5,52.2,83.5,4.3,93.5,78.7,87.8,209,167,220,,43.0,208,173,142,78,100,39,221,16,50,29,230,113,178,Second Pair,74.0,1503.7333333333331,2.0,15.0,17.0,4.098270236039597,55.81395348837209,44.591169146242926,D,73.0,212.0,1984-04-29,CAN,,,,R,31,"[19, 56, 52, 26, 3]","[70, 66, 75, 34, 18]","[2, 53, 36, 8, 2]","['NYR', 'NYR', 'NYR', 'NYR', 'NYR']"
2015-2016,8469465,Dan Hamhuis,VAN,D,82.6,65.2,73.5,36.3,100.0,12.2,14.3,41.3,80.4,85.2,30.0,47.8,24.8,13.9,73.5,41,81,62,73.0,1.0,203,198,136,46,33,162,121,174,199,62,230,113,178,Second Pair,58.0,1242.0833333333333,3.0,10.0,13.0,3.2574420900879466,44.11764705882353,49.497002755772755,D,73.0,204.0,1982-12-13,CAN,2001.0,1.0,12.0,L,32,"[79, 84, 94, 65, 86]","[85, 44, 63, 33, 74]","[51, 87, 76, 63, 79]","['VAN', 'VAN', 'VAN', 'VAN', 'VAN']"
2015-2016,8477215,Danny DeKeyser,DET,D,60.0,25.7,79.6,,87.6,82.2,65.7,23.5,49.1,23.0,17.0,36.5,53.9,52.2,66.1,93,172,48,,23.0,42,80,177,118,164,192,147,107,111,79,230,113,178,Second Pair,78.0,1700.75,8.0,12.0,20.0,2.924405495931485,45.97701149425287,50.92420484388648,D,75.0,183.0,1990-03-07,USA,,,,L,25,"[None, 53, 43, 48, 70]","[None, 42, 25, 23, 38]","[None, 45, 53, 88, 77]","[None, 'DET', 'DET', 'DET', 'DET']"
2015-2016,8477498,Darnell Nurse,EDM,D,1.3,8.7,20.4,,6.7,6.1,57.4,88.3,5.7,9.6,81.7,30.4,23.9,33.9,90.4,228,211,184,,167.0,217,99,28,218,194,43,161,176,153,23,230,113,178,Second Pair,69.0,1395.9166666666667,3.0,7.0,10.0,4.786676302165997,42.2680412371134,44.4336987953673,D,76.0,215.0,1995-02-04,CAN,2013.0,1.0,7.0,L,20,"[None, None, None, None, 1]","[None, None, None, None, 10]","[None, None, None, None, 21]","[None, None, None, None, 'EDM']"
2015-2016,8475233,David Savard,CBJ,D,27.0,29.1,71.3,75.2,24.7,82.6,67.8,36.5,59.1,5.2,71.3,16.5,59.6,40.4,53.0,169,164,67,29.0,135.0,41,75,147,95,204,67,193,94,138,109,230,113,178,First Pair,65.0,1506.2166666666667,4.0,21.0,25.0,5.560845683269337,48.86363636363637,51.42507878740877,D,73.0,235.0,1990-10-22,CAN,2009.0,4.0,94.0,R,24,"[42, None, 37, 21, 39]","[40, None, 15, 19, 56]","[60, None, 72, 78, 68]","['CBJ', None, 'CBJ', 'CBJ', 'CBJ']"
2015-2016,8473673,David Schlemko,NJD,D,81.3,80.4,63.5,72.6,66.3,75.7,73.9,53.5,6.1,71.7,42.6,66.5,7.0,5.2,19.1,44,46,85,32.0,61.0,57,61,108,217,55,133,78,215,219,187,230,113,178,Second Pair,67.0,1249.4833333333331,6.0,13.0,19.0,5.174155739449804,38.80597014925373,50.61923761101406,D,73.0,191.0,1987-05-07,CAN,,,,L,28,"[52, 47, 65, 64, 89]","[81, 74, 84, 80, 80]","[19, 15, 38, 40, 75]","['PHX', 'PHX', 'PHX', 'CGY', 'NJD']"
2015-2016,8474660,David Warsofsky,NJD,D,61.3,39.1,37.8,64.6,,32.2,3.9,63.0,0.7,90.9,4.3,99.6,0.4,73.5,95.2,90,141,144,41.0,,157,214,86,229,21,221,2,230,62,12,230,113,178,Third Pair,22.0,376.71666666666664,1.0,1.0,2.0,1.5811416111716028,27.77777777777778,47.33745066891484,D,69.0,174.0,1990-05-30,USA,2008.0,4.0,95.0,L,25,"[None, None, None, None, 62]","[None, None, None, None, 36]","[None, None, None, None, 38]","[None, None, None, None, 'NJD']"
2015-2016,8469619,Dennis Seidenberg,BOS,D,5.2,7.0,13.0,,62.4,42.6,24.8,13.5,65.7,39.1,88.3,28.3,55.2,42.2,15.2,219,215,201,,68.0,133,174,200,80,127,28,166,104,134,196,230,113,178,Second Pair,61.0,1183.25,1.0,11.0,12.0,2.309792063506335,50.0,45.01576367074441,D,72.0,199.0,1981-07-18,DEU,2001.0,6.0,172.0,L,34,"[34, 78, 40, 6, 10]","[89, 93, 54, 5, 7]","[39, 39, 16, 10, 14]","['BOS', 'BOS', 'BOS', 'BOS', 'BOS']"
2015-2016,8469770,Dennis Wideman,CGY,D,26.5,63.5,3.0,48.7,33.7,75.2,39.1,40.9,78.7,89.6,27.4,80.0,56.1,11.3,39.1,170,85,224,59.0,119.0,58,141,137,50,23,168,47,102,205,141,230,113,178,Second Pair,51.0,1051.3666666666666,2.0,17.0,19.0,4.350992884223798,42.62295081967213,46.38732160193808,D,72.0,202.0,1983-03-20,CAN,2002.0,8.0,241.0,R,32,"[13, 31, 43, 50, 13]","[82, 92, 73, 61, 60]","[28, 0, 15, 1, 5]","['WSH', 'CGY', 'CGY', 'CGY', 'CGY']"
2015-2016,8476884,Derrick Pouliot,PIT,D,59.6,50.4,37.0,53.1,,35.7,13.0,91.7,77.0,87.0,22.6,69.1,18.7,90.0,5.2,94,115,146,54.0,,149,201,20,54,29,179,72,188,24,219,230,113,178,Third Pair,22.0,339.9666666666667,0.0,7.0,7.0,1.533712347096083,59.09090909090909,62.007830028407206,D,72.0,198.0,1994-01-16,CAN,2012.0,1.0,8.0,L,21,"[None, None, None, 52, 66]","[None, None, None, 46, 57]","[None, None, None, 35, 45]","[None, None, None, 'PIT', 'PIT']"
2015-2016,8468674,Deryk Engelland,CGY,D,7.0,3.5,27.0,,21.9,77.0,70.4,29.6,16.1,47.4,83.0,3.5,22.6,23.0,20.9,215,223,169,,140.0,54,69,163,194,111,40,223,179,178,183,230,113,178,Third Pair,69.0,1050.9666666666667,3.0,9.0,12.0,2.799478134098882,49.29577464788733,46.14240193934474,D,74.0,212.0,1982-04-03,CAN,2000.0,6.0,194.0,R,33,"[12, 13, 28, 12, 8]","[5, 13, 12, 6, 3]","[9, 22, 42, 20, 33]","['PIT', 'PIT', 'PIT', 'CGY', 'CGY']"
2015-2016,8470602,Dion Phaneuf,OTT,D,22.6,51.3,14.3,62.8,24.2,2.2,47.0,66.5,71.3,65.7,76.5,40.4,47.0,16.1,70.0,179,113,198,43.0,136.0,226,123,78,67,69,55,138,123,194,70,230,113,178,First Pair,71.0,1586.6166666666666,4.0,28.0,32.0,7.755416922934595,44.15584415584416,48.57371709665102,D,76.0,222.0,1985-04-10,CAN,2003.0,1.0,9.0,L,30,"[49, 6, 5, 34, 30]","[85, 5, 44, 44, 61]","[32, 36, 21, 12, 14]","['TOR', 'TOR', 'TOR', 'TOR', 'OTT']"
2015-2016,8475179,Dmitry Kulikov,FLA,D,14.8,65.7,49.6,2.7,2.2,11.7,24.3,32.2,54.3,16.5,79.6,16.1,48.3,59.6,48.7,197,80,117,111.0,175.0,204,175,157,106,178,48,194,120,94,119,230,113,178,Second Pair,74.0,1556.55,1.0,16.0,17.0,4.414667587387174,50.57471264367817,48.34324072969531,D,73.0,212.0,1990-10-29,RUS,2009.0,1.0,14.0,L,24,"[35, 16, 18, 38, 9]","[30, 67, 81, 84, 27]","[58, 8, 19, 42, 65]","['FLA', 'FLA', 'FLA', 'FLA', 'FLA']"
2015-2016,8475200,Dmitry Orlov,WSH,D,92.2,80.9,65.2,,,95.7,96.1,65.2,86.5,97.8,55.7,90.4,74.3,41.7,15.7,19,45,81,,,11,10,81,32,6,103,23,60,135,195,230,113,178,Third Pair,82.0,1314.1666666666667,8.0,21.0,29.0,4.35249543905677,55.66037735849056,50.83460866442627,D,71.0,215.0,1991-07-23,RUS,2009.0,2.0,55.0,L,24,"[66, None, 83, None, 90]","[45, None, 66, None, 81]","[28, None, 73, None, 63]","['WSH', None, 'WSH', None, 'WSH']"
2015-2016,8476462,Dougie Hamilton,CGY,D,70.4,82.6,18.7,97.3,,76.1,80.4,93.5,70.4,42.2,28.3,48.7,20.9,58.3,54.8,69,41,188,4.0,,56,46,16,69,123,166,119,183,97,105,230,113,178,Second Pair,82.0,1620.95,12.0,31.0,43.0,10.553813967644158,44.554455445544555,48.748544332808045,D,78.0,230.0,1993-06-17,CAN,2011.0,1.0,9.0,R,22,"[None, 33, 55, 59, 74]","[None, 77, 77, 78, 87]","[None, 21, 62, 20, 15]","[None, 'BOS', 'BOS', 'BOS', 'CGY']"
2015-2016,8474563,Drew Doughty,LAK,D,82.2,83.9,94.8,59.3,44.9,59.1,61.7,75.7,64.3,2.6,42.2,75.7,50.0,98.3,69.6,42,38,13,47.0,99.0,95,89,57,83,210,134,57,116,5,71,230,113,178,First Pair,82.0,2297.4666666666667,14.0,37.0,51.0,10.753506942229588,57.54716981132076,56.13071568143827,D,73.0,210.0,1989-12-08,CAN,2008.0,1.0,2.0,R,25,"[97, 85, 75, 57, 91]","[94, 85, 76, 87, 85]","[88, 98, 89, 85, 97]","['LAK', 'LAK', 'LAK', 'LAK', 'LAK']"
2015-2016,8470281,Duncan Keith,CHI,D,83.5,97.0,34.3,65.5,28.1,86.1,75.2,54.8,82.2,54.8,0.9,49.1,47.4,94.8,87.0,39,8,152,40.0,129.0,33,58,105,42,94,229,118,122,13,31,230,113,178,First Pair,67.0,1690.7666666666669,9.0,34.0,43.0,5.943285724804068,50.617283950617285,53.37909420539919,D,73.0,192.0,1983-07-16,CAN,2002.0,2.0,54.0,L,32,"[61, 51, 71, 81, 86]","[96, 93, 97, 96, 95]","[11, 16, 31, 16, 54]","['CHI', 'CHI', 'CHI', 'CHI', 'CHI']"
2015-2016,8470834,Dustin Byfuglien,WPG,D,69.6,99.1,10.9,98.2,70.8,97.4,99.6,99.6,79.1,0.4,72.2,63.0,42.2,86.1,88.3,71,3,206,3.0,53.0,7,2,2,49,215,65,86,134,33,28,230,113,178,First Pair,81.0,2041.45,19.0,34.0,53.0,16.302873537468646,54.47761194029851,53.189851271297115,D,77.0,260.0,1985-03-27,USA,2003.0,8.0,245.0,R,30,"[58, 67, 66, 69, 71]","[96, 99, 91, 94, 99]","[56, 14, 12, 16, 10]","['WPG', 'WPG', 'WPG', 'WPG', 'WPG']"
2015-2016,8476331,Dylan DeMelo,SJS,D,68.7,53.5,62.6,66.4,,31.7,3.9,32.6,0.7,83.5,59.6,57.8,8.3,90.4,9.6,73,108,87,39.0,,158,214,156,229,35,94,98,212,23,209,230,113,178,Third Pair,45.0,612.8166666666666,2.0,2.0,4.0,2.0162329757051944,48.27586206896552,59.1904915909974,D,73.0,194.0,1993-05-01,CAN,2011.0,6.0,179.0,R,22,"[None, None, None, None, 69]","[None, None, None, None, 54]","[None, None, None, None, 62]","[None, None, None, None, 'SJS']"
2015-2016,8475795,Dylan McIlrath,NYR,D,25.7,48.7,37.4,,46.6,69.1,84.8,40.0,12.6,22.2,98.7,25.2,99.6,19.6,13.9,172,119,145,,96.0,72,36,139,202,166,4,173,2,186,199,230,113,178,Third Pair,34.0,480.21666666666664,2.0,2.0,4.0,1.1106263912726824,62.96296296296296,51.02322958050254,D,77.0,240.0,1992-04-20,CAN,2010.0,1.0,10.0,R,23,"[None, None, None, None, 26]","[None, None, None, None, 50]","[None, None, None, None, 37]","[None, None, None, None, 'NYR']"
2015-2016,8475199,Eric Gelinas,COL,D,21.3,20.9,35.7,41.6,,53.5,29.6,53.0,49.6,36.1,82.6,97.8,45.2,26.5,1.7,182,183,149,67.0,,108,163,109,117,134,41,6,127,170,227,230,113,178,Third Pair,40.0,553.3833333333333,1.0,5.0,6.0,2.10450531383961,46.42857142857143,50.07750924006958,D,76.0,215.0,1991-05-08,CAN,2009.0,2.0,54.0,L,24,"[None, None, 35, 17, 28]","[None, None, 26, 29, 19]","[None, None, 48, 26, 44]","[None, None, 'NJD', 'NJD', 'COL']"
2015-2016,8473468,Eric Gryba,EDM,D,23.0,43.9,61.7,,78.7,13.0,13.9,42.2,44.8,9.1,91.3,20.4,67.8,20.9,29.1,178,130,89,,39.0,201,199,134,128,195,21,184,75,183,164,230,113,178,Third Pair,53.0,947.7666666666668,1.0,5.0,6.0,2.237435446404167,47.27272727272727,48.328367150622775,D,76.0,222.0,1988-04-14,CAN,2006.0,3.0,68.0,R,27,"[None, 27, 48, 22, 25]","[None, 37, 64, 27, 60]","[None, 39, 63, 64, 56]","[None, 'OTT', 'OTT', 'OTT', 'EDM']"
2015-2016,8475790,Erik Gudbranson,FLA,D,40.0,19.6,56.5,,75.8,68.3,60.4,33.0,8.7,53.5,93.5,5.7,60.4,70.4,51.7,139,186,101,,44.0,74,92,155,211,97,16,218,92,69,112,230,113,178,Second Pair,64.0,1287.2,2.0,7.0,9.0,2.397943954584592,51.388888888888886,48.95856508675176,D,77.0,222.0,1992-01-07,CAN,2010.0,1.0,3.0,R,23,"[23, 5, 23, 29, 59]","[43, 26, 31, 23, 20]","[38, 12, 55, 43, 62]","['FLA', 'FLA', 'FLA', 'FLA', 'FLA']"
2015-2016,8476979,Erik Gustafsson,CHI,D,53.5,52.6,29.1,57.5,,17.0,3.9,33.5,100.0,83.5,47.0,93.0,96.1,32.6,56.1,108,110,164,49.0,,192,214,154,1,35,123,17,10,156,102,230,113,178,Third Pair,41.0,633.4333333333334,0.0,14.0,14.0,1.7509351056524314,60.86956521739131,49.00013410456754,D,72.0,190.0,1992-03-14,SWE,2012.0,4.0,93.0,L,23,"[None, None, None, None, 55]","[None, None, None, None, 53]","[None, None, None, None, 27]","[None, None, None, None, 'CHI']"
2015-2016,8473446,Erik Johnson,COL,D,44.3,83.5,14.8,15.9,39.3,92.6,98.3,95.2,47.0,32.2,53.0,6.5,39.1,6.1,99.6,129,39,197,96.0,109.0,18,5,12,123,143,109,216,141,217,2,230,113,178,First Pair,73.0,1711.3,11.0,16.0,27.0,8.047503032648917,43.47826086956522,44.41393275680491,D,76.0,225.0,1988-03-21,USA,2006.0,1.0,1.0,R,27,"[74, 35, 71, 44, 41]","[91, 70, 96, 75, 81]","[6, 35, 8, 11, 18]","['COL', 'COL', 'COL', 'COL', 'COL']"
2015-2016,8474578,Erik Karlsson,OTT,D,98.7,100.0,12.6,92.0,70.2,100.0,99.1,99.1,95.2,55.7,22.2,79.6,52.2,17.8,60.0,4,1,202,10.0,54.0,1,3,3,12,92,180,48,111,190,93,230,113,178,First Pair,82.0,2375.9166666666665,16.0,66.0,82.0,14.621896527329802,49.358974358974365,49.264238033152395,D,72.0,185.0,1990-05-31,SWE,2008.0,1.0,15.0,R,25,"[98, 74, 99, 99, 95]","[97, 64, 99, 100, 100]","[42, 61, 22, 19, 9]","['OTT', 'OTT', 'OTT', 'OTT', 'OTT']"
2015-2016,8478563,Evgeny Medvedev,PHI,D,18.3,60.9,30.4,26.5,36.0,15.7,27.0,78.3,22.6,18.5,20.9,73.0,74.8,36.5,71.7,189,91,161,84.0,115.0,195,169,51,179,174,183,63,59,147,66,230,113,178,Second Pair,45.0,847.2833333333333,4.0,8.0,12.0,3.7118767501063568,52.94117647058824,49.21671612286778,D,75.0,187.0,1982-08-27,RUS,,,,L,33,"[None, None, None, None, 17]","[None, None, None, None, 62]","[None, None, None, None, 30]","[None, None, None, None, 'PHI']"
2015-2016,8469492,Fedor Tyutin,CBJ,D,42.6,21.3,80.0,,52.8,65.7,37.8,6.5,15.7,19.1,75.2,21.7,28.3,45.7,41.3,133,182,47,,85.0,80,144,216,195,173,58,181,166,126,136,230,113,178,Third Pair,61.0,1073.0,1.0,2.0,3.0,1.2049282053778911,43.28358208955223,51.37840971129213,D,74.0,221.0,1983-07-19,RUS,2001.0,2.0,40.0,L,32,"[91, 71, 78, 14, 63]","[58, 58, 38, 8, 45]","[97, 90, 91, 70, 81]","['CBJ', 'CBJ', 'CBJ', 'CBJ', 'CBJ']"
2015-2016,8467400,Francois Beauchemin,COL,D,20.4,16.5,69.1,6.2,19.1,96.1,89.6,30.0,16.5,10.0,19.1,15.2,83.9,35.2,93.9,184,193,72,107.0,145.0,10,25,162,193,193,187,196,38,150,15,230,113,178,First Pair,82.0,2056.55,8.0,26.0,34.0,6.033390061416854,46.53465346534654,43.25010605601734,D,71.0,208.0,1980-06-04,CAN,1998.0,3.0,75.0,L,35,"[91, 72, 50, 30, 13]","[81, 74, 52, 30, 9]","[94, 86, 56, 67, 73]","['ANA', 'ANA', 'ANA', 'ANA', 'COL']"
2015-2016,8476302,Frank Corrado,TOR,D,37.8,33.0,52.6,,,33.5,42.2,57.0,19.6,41.1,74.8,90.0,0.9,26.1,8.7,144,155,110,,,154,134,100,186,124,59,24,229,171,211,230,113,178,Third Pair,39.0,563.7,1.0,5.0,6.0,2.5627057739498738,37.77777777777778,46.16812621844221,D,72.0,205.0,1993-03-26,CAN,2011.0,5.0,150.0,R,22,"[None, None, None, None, 38]","[None, None, None, None, 31]","[None, None, None, None, 52]","[None, None, None, None, 'TOR']"
2015-2016,8476368,Fredrik Claesson,OTT,D,58.3,46.1,50.9,,47.2,49.1,3.9,2.2,4.3,78.5,76.1,6.1,1.3,83.9,100.0,97,125,114,,95.0,118,214,226,221,42,56,217,228,38,1,230,113,178,Second Pair,16.0,308.6333333333333,0.0,2.0,2.0,0.4567940979582972,35.294117647058826,50.995183970312944,D,73.0,196.0,1992-11-24,SWE,2011.0,5.0,126.0,L,22,"[None, None, None, None, 60]","[None, None, None, None, 48]","[None, None, None, None, 51]","[None, None, None, None, 'OTT']"
2015-2016,8474688,Greg Pateryn,MTL,D,41.7,26.1,54.8,,41.0,32.6,3.9,10.9,94.3,63.9,97.8,2.6,2.2,31.7,44.3,135,171,105,,106.0,156,214,206,14,73,6,225,226,158,129,230,113,178,Third Pair,38.0,636.45,1.0,6.0,7.0,0.973482554351286,40.476190476190474,48.21958855025293,D,74.0,221.0,1990-06-20,USA,2008.0,5.0,128.0,R,25,"[None, None, None, None, 44]","[None, None, None, None, 25]","[None, None, None, None, 53]","[None, None, None, None, 'MTL']"
2015-2016,8476852,Griffin Reinhart,EDM,D,40.4,57.0,31.7,,65.2,33.9,3.9,47.4,1.3,50.0,78.3,45.7,10.9,24.3,83.5,138,100,158,,63.0,153,214,122,228,105,51,126,206,175,39,230,113,178,Second Pair,29.0,524.1666666666666,0.0,1.0,1.0,1.2558287093003506,41.66666666666667,48.57464192692757,D,76.0,212.0,1994-01-24,CAN,2012.0,1.0,4.0,L,21,"[None, None, None, None, 42]","[None, None, None, None, 58]","[None, None, None, None, 31]","[None, None, None, None, 'EDM']"
2015-2016,8476854,Hampus Lindholm,ANA,D,89.1,93.0,77.0,73.5,39.9,29.1,59.6,61.7,73.5,58.3,30.9,52.2,70.0,84.8,61.7,26,17,54,31.0,108.0,164,94,89,62,86,160,111,70,36,89,230,113,178,First Pair,80.0,1760.15,10.0,18.0,28.0,8.965268130759418,51.89873417721519,57.429067363465315,D,76.0,217.0,1994-01-20,SWE,2012.0,1.0,6.0,L,21,"[None, None, 87, 85, 92]","[None, None, 97, 91, 89]","[None, None, 28, 36, 91]","[None, None, 'ANA', 'ANA', 'ANA']"
2015-2016,8474013,Ian Cole,PIT,D,49.6,74.3,73.9,,83.7,22.6,32.2,40.4,40.0,6.5,77.0,66.1,49.1,85.2,3.9,117,60,61,,30.0,179,157,138,139,201,54,79,118,35,222,230,113,178,Third Pair,70.0,1206.7333333333331,0.0,12.0,12.0,2.514776818497113,44.285714285714285,52.654607418628174,D,73.0,237.0,1989-02-21,USA,2007.0,1.0,18.0,L,26,"[67, 38, 47, 80, 23]","[63, 35, 66, 86, 67]","[46, 51, 60, 79, 74]","['STL', 'STL', 'STL', 'PIT', 'PIT']"
2015-2016,8476958,Jaccob Slavin,CAR,D,90.9,87.8,45.7,54.9,96.1,18.3,37.0,48.3,24.8,95.2,12.6,59.1,20.4,53.0,93.0,22,29,126,52.0,8.0,189,146,120,174,12,202,95,184,109,17,230,113,178,Second Pair,63.0,1322.1833333333334,2.0,18.0,20.0,4.501652558362228,48.05194805194805,53.417417751877835,D,75.0,207.0,1994-05-01,USA,2012.0,4.0,120.0,L,21,"[None, None, None, None, 88]","[None, None, None, None, 86]","[None, None, None, None, 48]","[None, None, None, None, 'CAR']"
2015-2016,8471677,Jack Johnson,CBJ,D,2.2,23.5,6.5,46.0,5.6,37.4,53.0,50.9,14.8,14.8,52.6,7.8,32.2,69.6,70.9,226,177,216,62.0,169.0,145,109,114,197,182,110,213,157,71,68,230,113,178,First Pair,60.0,1450.5166666666669,6.0,8.0,14.0,5.353076985485595,43.83561643835616,50.72077404408295,D,74.0,225.0,1987-01-13,USA,2005.0,1.0,3.0,L,28,"[0, 2, 2, 0, 10]","[1, 0, 11, 28, 33]","[0, 2, 4, 3, 17]","['CBJ', 'CBJ', 'CBJ', 'CBJ', 'CBJ']"
2015-2016,8476885,Jacob Trouba,WPG,D,72.2,91.3,70.9,23.0,25.3,12.6,71.7,97.8,32.6,25.2,50.4,31.7,49.6,51.7,68.7,65,21,68,88.0,134.0,202,66,6,156,159,115,158,117,112,73,230,113,178,First Pair,81.0,1787.3833333333334,6.0,15.0,21.0,6.8394495387542165,55.44554455445545,53.48186208485147,D,75.0,212.0,1994-02-26,USA,2012.0,1.0,9.0,R,21,"[None, None, 78, 42, 80]","[None, None, 74, 75, 95]","[None, None, 24, 49, 83]","[None, None, 'WPG', 'WPG', 'WPG']"
2015-2016,8474581,Jake Gardiner,TOR,D,71.3,63.9,71.7,78.8,,78.7,75.7,62.6,40.4,48.3,48.7,55.7,13.5,5.7,27.0,67,84,66,25.0,,50,57,87,138,109,119,103,200,218,169,230,113,178,Second Pair,79.0,1629.05,7.0,24.0,31.0,6.388289253880984,44.79166666666667,49.53601994946453,D,74.0,203.0,1990-07-04,USA,2008.0,1.0,17.0,L,25,"[37, 44, 69, 79, 67]","[67, 45, 31, 37, 76]","[3, 20, 19, 87, 67]","['TOR', 'TOR', 'TOR', 'TOR', 'TOR']"
2015-2016,8476931,Jake McCabe,BUF,D,78.7,43.5,77.8,,34.3,73.0,51.7,15.2,36.5,90.9,69.1,47.4,53.5,8.3,83.9,50,131,52,,118.0,63,112,196,147,21,72,122,108,212,38,230,113,178,Second Pair,77.0,1472.05,4.0,10.0,14.0,2.7634554777891513,49.42528735632184,48.22253405359736,D,73.0,210.0,1993-10-12,USA,2012.0,2.0,44.0,L,21,"[None, None, None, None, 77]","[None, None, None, None, 44]","[None, None, None, None, 78]","[None, None, None, None, 'BUF']"
2015-2016,8474162,Jake Muzzin,LAK,D,96.1,94.8,95.7,93.8,74.2,83.5,83.0,86.5,83.9,13.5,84.8,88.3,7.4,97.4,53.5,10,13,11,8.0,47.0,39,40,32,38,185,36,28,214,7,108,230,113,178,First Pair,82.0,1891.0,8.0,32.0,40.0,8.68130071006049,50.0,55.85460367808848,D,75.0,227.0,1989-02-21,CAN,2007.0,5.0,141.0,L,26,"[None, 92, 88, 97, 97]","[None, 87, 83, 79, 97]","[None, 85, 94, 97, 93]","[None, 'LAK', 'LAK', 'LAK', 'LAK']"
2015-2016,8471693,Jakub Kindl,FLA,D,30.4,58.7,24.3,38.1,,37.0,68.3,83.0,19.1,42.6,24.8,95.2,86.5,54.3,0.4,161,96,175,71.0,,146,74,40,187,122,174,12,32,106,230,230,113,178,Third Pair,44.0,677.15,2.0,6.0,8.0,2.813710626094019,61.36363636363637,52.20721359386251,D,75.0,199.0,1987-02-10,CZE,2005.0,1.0,19.0,L,28,"[41, 39, 40, 42, 22]","[36, 84, 47, 56, 66]","[30, 31, 28, 39, 19]","['DET', 'DET', 'DET', 'DET', 'FLA']"
2015-2016,8478562,Jakub Nakladal,CGY,D,58.7,40.9,44.8,43.4,,67.4,96.5,75.2,3.9,83.5,80.4,50.9,46.1,24.8,6.1,96,137,128,65.0,,76,9,58,222,35,46,114,125,174,217,230,113,178,Third Pair,27.0,383.1333333333333,2.0,3.0,5.0,1.8474872137694125,52.38095238095239,49.57011826219416,D,74.0,212.0,1987-12-30,CZE,,,,R,27,"[None, None, None, None, 61]","[None, None, None, None, 40]","[None, None, None, None, 46]","[None, None, None, None, 'CGY']"
2015-2016,8473571,Jamie McBain,LAK,D,34.3,59.1,13.5,20.4,,64.8,80.0,25.7,11.7,74.3,35.2,99.1,76.1,76.5,7.4,152,95,200,91.0,,82,47,172,204,49,150,3,56,55,214,230,113,178,Fringe,44.0,538.4,2.0,7.0,9.0,1.438210225527066,53.333333333333336,53.67290255350037,D,73.0,195.0,1988-02-25,USA,2006.0,2.0,63.0,R,27,"[89, 75, 16, 48, 35]","[99, 97, 55, 63, 62]","[10, 5, 2, 25, 13]","['CAR', 'CAR', 'BUF', 'LAK', 'LAK']"
2015-2016,8475174,Jared Cowen,OTT,D,17.4,20.0,21.3,,61.8,66.5,27.8,15.7,24.3,37.8,97.0,12.6,81.3,33.5,22.2,191,185,182,,69.0,78,167,195,175,130,8,202,44,154,180,230,113,178,Third Pair,37.0,628.2333333333333,0.0,4.0,4.0,0.9378476305587028,52.63157894736842,42.3255599451459,D,77.0,238.0,1991-01-25,CAN,2009.0,1.0,9.0,L,24,"[12, None, 11, 26, 16]","[13, None, 42, 28, 16]","[24, None, 17, 18, 25]","['OTT', None, 'OTT', 'OTT', 'OTT']"
2015-2016,8474716,Jared Spurgeon,MIN,D,97.4,85.2,89.1,85.8,78.1,93.5,83.9,63.9,41.3,91.7,10.9,70.9,67.4,92.6,88.7,7,35,26,17.0,40.0,16,38,84,136,20,206,68,76,18,27,230,113,178,First Pair,77.0,1746.25,11.0,18.0,29.0,6.854526309218223,52.83018867924528,52.66214299490779,D,69.0,166.0,1989-11-29,CAN,2008.0,6.0,156.0,R,25,"[85, 94, 91, 98, 95]","[18, 64, 81, 92, 77]","[79, 82, 86, 86, 88]","['MIN', 'MIN', 'MIN', 'MIN', 'MIN']"
2015-2016,8474218,Jason Demers,DAL,D,79.1,84.8,83.0,10.6,86.5,21.7,52.6,71.7,93.0,21.3,53.5,37.0,28.7,66.1,47.8,49,36,40,102.0,25.0,181,110,66,17,168,108,146,165,79,121,230,113,178,Second Pair,62.0,1293.8166666666666,7.0,16.0,23.0,6.061753565819828,52.23880597014925,54.32028869526191,D,73.0,195.0,1988-06-09,CAN,2008.0,7.0,186.0,R,27,"[61, 24, 87, 83, 75]","[59, 42, 87, 76, 88]","[15, 40, 57, 90, 80]","['SJS', 'SJS', 'SJS', 'DAL', 'DAL']"
2015-2016,8474520,Jason Garrison,TBL,D,64.8,38.7,82.6,,51.1,74.3,66.1,35.2,50.9,37.4,26.5,25.7,73.0,50.4,36.5,82,142,41,,88.0,60,79,150,114,131,170,172,63,115,147,230,113,178,Second Pair,72.0,1329.3833333333332,5.0,6.0,11.0,3.8215847934807816,48.10126582278481,49.33397651957712,D,73.0,218.0,1984-11-13,CAN,,,,L,30,"[88, 69, 19, 78, 64]","[33, 18, 36, 59, 27]","[91, 96, 52, 89, 82]","['FLA', 'VAN', 'VAN', 'TBL', 'TBL']"
2015-2016,8470151,Jay Bouwmeester,STL,D,39.1,27.0,73.0,,64.6,5.2,29.1,49.1,52.2,38.3,14.8,50.4,71.3,91.3,84.3,141,169,63,,64.0,219,164,118,111,129,197,115,67,21,37,230,113,178,First Pair,72.0,1664.2166666666667,3.0,16.0,19.0,4.8917065398874655,51.19047619047619,48.947886305077645,D,76.0,206.0,1983-09-27,CAN,2002.0,1.0,3.0,L,31,"[80, 64, 68, 53, 25]","[13, 36, 28, 61, 15]","[89, 87, 89, 81, 60]","['CGY', 'STL', 'STL', 'STL', 'STL']"
2015-2016,8473507,Jeff Petry,MTL,D,38.7,67.4,58.7,14.2,25.8,73.5,79.1,87.0,31.7,24.3,69.6,13.9,3.9,14.8,57.0,142,76,96,98.0,133.0,62,49,31,158,161,71,199,222,197,100,230,113,178,Second Pair,51.0,1089.1666666666667,5.0,11.0,16.0,4.77186814287143,42.592592592592595,52.58191920021067,D,75.0,208.0,1987-12-09,USA,2006.0,2.0,45.0,R,27,"[79, 25, 49, 13, 66]","[84, 42, 86, 26, 74]","[73, 28, 27, 44, 70]","['EDM', 'EDM', 'EDM', 'MTL', 'MTL']"
2015-2016,8476476,Joe Morrow,BOS,D,60.9,56.5,47.4,49.6,,57.8,47.4,9.6,27.4,72.2,41.7,32.6,21.3,7.0,13.5,91,101,122,58.0,,98,122,209,168,54,135,156,182,215,200,230,113,178,Third Pair,33.0,524.9666666666667,1.0,6.0,7.0,1.2715689287709635,44.44444444444444,51.261567892228065,D,72.0,196.0,1992-12-09,CAN,2011.0,1.0,23.0,L,22,"[None, None, None, None, 62]","[None, None, None, None, 58]","[None, None, None, None, 49]","[None, None, None, None, 'BOS']"
2015-2016,8476441,Joel Edmundson,STL,D,21.7,69.6,23.9,,61.2,1.3,16.5,96.5,58.3,27.0,93.0,57.4,13.0,80.0,47.4,181,71,176,,70.0,228,193,9,97,155,17,99,201,47,122,230,113,178,Third Pair,67.0,1000.2666666666668,1.0,8.0,9.0,3.766620809951231,45.614035087719294,50.00234691473877,D,77.0,220.0,1993-06-28,CAN,2011.0,2.0,46.0,L,22,"[None, None, None, None, 22]","[None, None, None, None, 69]","[None, None, None, None, 23]","[None, None, None, None, 'STL']"
2015-2016,8474590,John Carlson,WSH,D,87.4,90.4,60.4,100.0,1.1,84.3,91.3,96.1,97.4,80.4,11.3,39.6,76.5,38.7,66.5,30,23,92,1.0,177.0,37,21,10,7,40,205,140,55,142,78,230,113,178,First Pair,56.0,1327.2833333333333,8.0,31.0,39.0,7.970016123971472,59.154929577464785,52.85825979819031,D,75.0,220.0,1990-01-10,USA,2008.0,1.0,27.0,R,25,"[86, 93, 88, 81, 88]","[78, 50, 84, 93, 84]","[55, 91, 19, 71, 59]","['WSH', 'WSH', 'WSH', 'WSH', 'WSH']"
2015-2016,8475906,John Klingberg,DAL,D,78.3,93.5,17.0,79.6,,23.5,85.7,97.0,98.3,85.7,37.0,28.7,77.8,99.6,73.9,51,16,192,24.0,,177,34,8,5,32,146,165,52,2,61,230,113,178,First Pair,76.0,1724.3,10.0,48.0,58.0,11.30892171003428,57.14285714285714,53.558152508266424,D,74.0,185.0,1992-08-14,SWE,2010.0,5.0,131.0,R,23,"[None, None, None, 73, 83]","[None, None, None, 77, 96]","[None, None, None, 23, 13]","[None, None, None, 'DAL', 'DAL']"
2015-2016,8475186,John Moore,NJD,D,15.7,49.6,5.2,24.8,68.5,4.8,33.9,80.4,30.0,68.3,55.2,77.4,57.0,23.5,11.7,195,117,219,86.0,57.0,220,153,46,162,63,104,53,100,177,204,230,113,178,Second Pair,73.0,1448.1833333333334,4.0,15.0,19.0,5.4265271249573255,43.20987654320987,46.16580010070034,D,75.0,207.0,1990-11-19,USA,2009.0,1.0,21.0,L,24,"[21, 32, 37, 42, 7]","[9, 23, 67, 56, 43]","[18, 24, 7, 14, 3]","['CBJ', 'NYR', 'NYR', 'ARI', 'NJD']"
2015-2016,8468639,John-Michael Liles,BOS,D,89.6,72.6,84.8,91.2,92.1,30.9,58.7,70.0,60.0,81.7,43.5,76.5,23.0,27.8,47.0,25,64,36,11.0,15.0,160,96,70,93,37,131,55,178,167,123,230,113,178,Second Pair,81.0,1644.6,6.0,15.0,21.0,5.928231158388704,46.15384615384615,50.204391363434766,D,70.0,185.0,1980-11-25,USA,2000.0,5.0,159.0,L,34,"[76, 83, 72, 87, 93]","[32, 13, 61, 66, 73]","[50, 65, 62, 83, 87]","['TOR', 'TOR', 'CAR', 'CAR', 'BOS']"
2015-2016,8470187,Johnny Boychuk,NYI,D,93.0,89.1,83.5,19.5,89.3,90.4,87.0,88.7,80.0,54.3,86.1,53.9,86.1,83.5,41.7,17,26,39,92.0,20.0,23,31,27,47,95,33,107,33,39,135,230,113,178,Second Pair,70.0,1495.6833333333334,9.0,16.0,25.0,6.5926745166868015,57.831325301204814,47.40713793889921,D,74.0,227.0,1984-01-19,CAN,2002.0,2.0,61.0,R,31,"[97, 87, 95, 97, 80]","[90, 82, 94, 98, 70]","[97, 80, 96, 72, 81]","['BOS', 'BOS', 'BOS', 'NYI', 'NYI']"
2015-2016,8469665,Johnny Oduya,DAL,D,43.9,6.1,68.7,,18.0,63.9,41.3,17.8,55.2,87.8,27.8,33.0,30.0,94.3,84.8,130,217,73,,147.0,84,136,190,104,27,167,155,162,14,36,230,113,178,Second Pair,82.0,1670.95,4.0,17.0,21.0,2.491753566953737,46.391752577319586,50.00319724520919,D,72.0,191.0,1981-10-01,SWE,2001.0,7.0,221.0,L,33,"[48, 81, 21, 64, 40]","[41, 71, 9, 24, 3]","[46, 83, 74, 67, 67]","['CHI', 'CHI', 'CHI', 'CHI', 'DAL']"
2015-2016,8475750,Jon Merrill,NJD,D,20.0,16.1,36.1,,56.7,38.3,12.2,4.3,26.5,46.5,46.5,71.7,5.7,30.9,9.1,185,194,148,,78.0,143,203,221,170,113,124,66,218,160,210,230,113,178,Third Pair,47.0,794.1333333333333,1.0,4.0,5.0,0.989069849816188,37.5,49.34838132614337,D,75.0,204.0,1992-02-03,USA,2010.0,2.0,38.0,L,23,"[None, None, 49, 12, 33]","[None, None, 64, 6, 22]","[None, None, 30, 26, 50]","[None, None, 'NJD', 'NJD', 'NJD']"
2015-2016,8476463,Jonas Brodin,MIN,D,62.6,0.4,96.5,,11.8,67.0,36.1,7.8,13.0,73.0,3.0,7.4,70.4,72.2,67.0,87,230,9,,158.0,77,148,213,201,52,224,214,69,65,77,230,113,178,Second Pair,68.0,1388.5166666666669,2.0,5.0,7.0,2.095902092309061,46.875,46.555752559511035,D,74.0,196.0,1993-07-12,SWE,2011.0,1.0,10.0,L,22,"[None, 84, 62, 89, 33]","[None, 32, 0, 4, 0]","[None, 95, 95, 99, 92]","[None, 'MIN', 'MIN', 'MIN', 'MIN']"
2015-2016,8470318,Jonathan Ericsson,DET,D,14.3,42.6,44.3,,10.7,70.4,54.8,26.5,67.4,8.3,44.3,42.6,57.8,50.9,70.4,198,133,129,,160.0,69,105,170,76,197,129,133,98,114,69,230,113,178,Second Pair,71.0,1315.95,3.0,12.0,15.0,2.6064588360408383,52.5,49.876521004249305,D,76.0,218.0,1984-03-02,SWE,2002.0,9.0,291.0,L,31,"[30, 71, 26, 5, 31]","[55, 86, 37, 33, 59]","[54, 72, 54, 42, 47]","['DET', 'DET', 'DET', 'DET', 'DET']"
2015-2016,8477851,Jordan Oesterle,EDM,D,56.5,47.8,35.2,54.0,51.7,40.0,3.9,82.6,98.7,83.5,39.6,43.0,91.7,29.6,81.7,101,121,150,53.0,87.0,139,214,41,4,35,140,132,20,163,43,230,113,178,Second Pair,17.0,368.71666666666664,0.0,5.0,5.0,1.2237597868579009,54.54545454545454,49.88865389622758,D,72.0,181.0,1992-06-25,USA,,,,L,23,"[None, None, None, None, 58]","[None, None, None, None, 49]","[None, None, None, None, 36]","[None, None, None, None, 'EDM']"
2015-2016,8474818,Jordie Benn,DAL,D,70.9,69.1,80.9,,32.6,47.8,45.2,22.2,73.0,39.6,67.8,74.8,33.0,57.0,40.4,68,72,45,,121.0,121,127,180,63,126,75,59,155,100,138,230,113,178,Third Pair,64.0,1001.7833333333332,3.0,9.0,12.0,1.792984288961315,50.72463768115942,50.684144464664605,D,74.0,201.0,1987-07-26,CAN,,,,L,28,"[None, 49, 63, 82, 64]","[None, 25, 55, 86, 43]","[None, 64, 85, 90, 72]","[None, 'DAL', 'DAL', 'DAL', 'DAL']"
2015-2016,8470324,Josh Gorges,BUF,D,28.3,0.9,86.5,,95.5,41.3,12.6,5.7,17.0,22.6,67.4,1.7,23.5,1.7,97.4,166,229,32,,9.0,136,202,218,192,165,76,227,177,227,7,230,113,178,Second Pair,77.0,1575.8166666666666,2.0,10.0,12.0,2.2231600937208675,42.04545454545455,44.572286196891774,D,73.0,204.0,1984-08-14,CAN,,,,L,31,"[83, 90, 75, 36, 15]","[3, 3, 5, 3, 1]","[99, 98, 88, 71, 89]","['MTL', 'MTL', 'MTL', 'BUF', 'BUF']"
2015-2016,8476312,Josh Manson,ANA,D,63.9,54.8,79.1,,36.5,27.0,41.7,72.6,29.6,37.0,70.9,33.9,31.7,91.7,46.5,84,105,49,,114.0,169,135,64,163,132,68,153,158,20,124,230,113,178,Second Pair,71.0,1333.55,5.0,10.0,15.0,6.468772424772079,54.7945205479452,58.480183977995715,D,75.0,218.0,1991-10-07,USA,2011.0,6.0,160.0,R,23,"[None, None, None, 24, 82]","[None, None, None, 61, 57]","[None, None, None, 44, 90]","[None, None, None, 'ANA', 'ANA']"
2015-2016,8474027,Justin Braun,SJS,D,81.7,55.2,93.0,,53.4,8.3,22.2,37.8,85.7,52.6,44.8,8.3,39.6,100.0,71.3,43,104,17,,84.0,212,180,144,34,99,128,212,140,1,67,230,113,178,Second Pair,80.0,1644.75,4.0,19.0,23.0,5.091338108570346,52.88461538461539,58.19665035279663,D,74.0,205.0,1987-02-10,USA,2007.0,7.0,201.0,R,28,"[82, 77, 93, 68, 83]","[64, 19, 89, 25, 64]","[87, 68, 93, 81, 95]","['SJS', 'SJS', 'SJS', 'SJS', 'SJS']"
2015-2016,8473992,Justin Falk,CBJ,D,53.9,37.4,26.5,,56.2,45.7,3.9,4.8,99.6,90.9,83.9,23.9,83.0,60.0,12.2,107,145,170,,79.0,126,214,220,2,21,38,176,40,93,203,230,113,178,Third Pair,24.0,341.4166666666667,0.0,4.0,4.0,0.5027511593143432,51.72413793103448,52.26280295957063,D,77.0,223.0,1988-10-11,CAN,2007.0,4.0,110.0,L,26,"[12, 36, None, None, 56]","[12, 37, None, None, 34]","[24, 44, None, None, 26]","['MIN', 'MIN', None, None, 'CBJ']"
2015-2016,8475753,Justin Faulk,CAR,D,22.2,91.7,1.3,67.3,4.5,95.2,72.2,80.0,73.9,26.1,37.4,54.3,2.6,70.9,92.2,180,20,228,38.0,171.0,12,65,47,61,157,145,106,225,68,19,230,113,178,First Pair,64.0,1538.85,16.0,21.0,37.0,11.079323953017038,41.935483870967744,48.88510600583795,D,72.0,208.0,1992-03-20,USA,2010.0,2.0,37.0,R,23,"[50, 40, 10, 40, 21]","[45, 31, 58, 96, 87]","[19, 17, 4, 2, 1]","['CAR', 'CAR', 'CAR', 'CAR', 'CAR']"
2015-2016,8474602,Justin Schultz,PIT,D,11.7,61.3,0.9,29.2,30.3,56.5,68.7,80.9,50.0,73.9,23.5,60.9,25.7,22.6,43.9,204,90,229,81.0,125.0,101,73,45,116,50,177,91,172,179,130,230,113,178,Second Pair,63.0,1162.0166666666669,4.0,14.0,18.0,5.166645747642385,47.43589743589743,48.26553573147272,D,74.0,190.0,1990-07-06,CAN,2008.0,2.0,43.0,R,25,"[None, 14, 13, 16, 12]","[None, 65, 65, 72, 50]","[None, 1, 1, 0, 6]","[None, 'EDM', 'EDM', 'EDM', 'PIT']"
2015-2016,8476279,Jyrki Jokipakka,CGY,D,35.2,14.3,51.3,,37.1,41.7,23.9,20.4,82.6,66.1,51.7,71.3,63.5,51.3,14.3,150,198,113,,113.0,135,176,184,41,68,112,67,85,113,198,230,113,178,Third Pair,58.0,902.4166666666666,2.0,10.0,12.0,1.5172690904855537,52.307692307692314,49.10659949522858,D,75.0,215.0,1991-08-20,FIN,2011.0,7.0,195.0,L,24,"[None, None, None, 37, 36]","[None, None, None, 38, 8]","[None, None, None, 47, 56]","[None, None, None, 'DAL', 'CGY']"
2015-2016,8473991,Karl Alzner,WSH,D,73.9,12.6,93.5,,80.3,68.7,52.2,22.6,53.0,43.0,56.1,10.9,63.9,93.5,79.1,61,202,16,,36.0,73,111,179,109,121,102,206,84,16,49,230,113,178,Second Pair,82.0,1752.75,4.0,17.0,21.0,4.53360764658863,53.48837209302325,53.61616627715318,D,75.0,213.0,1988-09-24,CAN,2007.0,1.0,5.0,L,26,"[24, 54, 61, 75, 76]","[1, 10, 6, 7, 35]","[92, 93, 94, 92, 93]","['WSH', 'WSH', 'WSH', 'WSH', 'WSH']"
2015-2016,8471735,Keith Yandle,NYR,D,17.8,93.9,0.4,77.9,,0.4,43.9,93.0,85.2,51.3,2.2,98.3,60.0,12.2,33.5,190,15,230,26.0,,230,130,17,35,102,226,5,93,203,154,230,113,178,Second Pair,82.0,1636.8833333333334,5.0,42.0,47.0,9.203322732484818,56.52173913043478,48.72573375362717,D,73.0,192.0,1986-09-09,USA,2005.0,4.0,105.0,L,28,"[87, 77, 36, 19, 17]","[97, 100, 95, 93, 90]","[25, 1, 0, 0, 0]","['PHX', 'PHX', 'PHX', 'NYR', 'NYR']"
2015-2016,8476191,Kevan Miller,BOS,D,67.4,10.4,82.2,,88.8,83.9,76.1,23.0,51.7,56.5,94.8,49.6,96.5,50.0,34.8,76,207,42,,21.0,38,56,178,112,90,13,117,9,116,151,230,113,178,Second Pair,71.0,1353.1666666666667,5.0,13.0,18.0,2.446539967351433,53.76344086021505,52.05033431027505,D,74.0,210.0,1987-11-15,USA,,,,R,27,"[None, None, 60, 51, 75]","[None, None, 16, 30, 8]","[None, None, 65, 72, 87]","[None, None, 'BOS', 'BOS', 'BOS']"
2015-2016,8469598,Kevin Bieksa,ANA,D,2.6,75.7,1.7,16.8,28.7,3.5,43.0,82.2,35.7,4.3,62.2,35.7,15.7,56.1,53.9,225,57,227,95.0,128.0,223,132,42,149,206,88,149,195,102,107,230,113,178,Second Pair,71.0,1491.7666666666669,4.0,11.0,15.0,5.414668883074013,43.90243902439025,49.98885012855451,D,73.0,197.0,1981-06-16,CAN,2001.0,5.0,151.0,R,34,"[62, 14, 17, 10, 0]","[46, 82, 81, 83, 73]","[36, 4, 5, 6, 1]","['VAN', 'VAN', 'VAN', 'VAN', 'ANA']"
2015-2016,8475246,Kevin Connauton,ARI,D,19.6,71.7,3.9,40.7,,93.0,92.2,46.5,23.9,49.1,65.2,73.9,90.4,25.2,57.4,186,66,222,68.0,,17,19,124,176,107,81,61,23,173,99,230,113,178,Third Pair,65.0,1087.9666666666667,5.0,12.0,17.0,3.3286050150390056,56.92307692307692,45.980089094460624,D,74.0,205.0,1990-02-23,CAN,2009.0,3.0,83.0,L,25,"[None, None, 41, 20, 20]","[None, None, 56, 73, 68]","[None, None, 25, 3, 3]","[None, None, 'DAL', 'CBJ', 'ARI']"
2015-2016,8470630,Kevin Klein,NYR,D,36.1,14.8,29.6,,29.8,91.3,95.2,73.0,51.3,69.6,63.0,14.8,94.8,45.2,51.3,148,197,163,,126.0,21,12,63,113,60,86,197,13,127,113,230,113,178,Second Pair,69.0,1406.5333333333333,9.0,17.0,26.0,4.844430503895221,58.139534883720934,49.225068349476885,D,73.0,206.0,1984-12-13,CAN,2003.0,2.0,37.0,R,30,"[44, 42, 12, 36, 49]","[11, 12, 3, 12, 38]","[52, 34, 8, 37, 41]","['NSH', 'NSH', 'NYR', 'NYR', 'NYR']"
2015-2016,8474031,Kevin Shattenkirk,STL,D,76.1,74.8,81.7,68.1,53.9,80.0,82.2,94.8,57.4,36.5,32.2,87.4,43.9,75.7,50.9,56,59,43,37.0,83.0,47,42,13,99,133,157,30,130,57,114,230,113,178,First Pair,72.0,1614.4,14.0,30.0,44.0,10.641142454506582,46.34146341463415,49.81334470564776,D,72.0,203.0,1989-01-29,USA,2007.0,1.0,14.0,R,26,"[77, 71, 77, 84, 73]","[74, 66, 82, 87, 65]","[89, 89, 87, 79, 79]","['STL', 'STL', 'STL', 'STL', 'STL']"
2015-2016,8476403,Klas Dahlbeck,ARI,D,16.1,17.8,27.4,,62.9,62.6,58.3,43.5,33.5,30.0,96.5,43.9,10.0,3.9,21.7,194,190,168,,67.0,87,97,131,154,148,9,130,208,222,181,230,113,178,Third Pair,71.0,1117.0333333333333,2.0,6.0,8.0,1.5708205544662823,42.10526315789473,40.3287561134722,D,75.0,207.0,1991-07-06,SWE,2011.0,3.0,79.0,L,24,"[None, None, None, 45, 7]","[None, None, None, 42, 10]","[None, None, None, 34, 27]","[None, None, None, 'ARI', 'ARI']"
2015-2016,8473560,Korbinian Holzer,ANA,D,35.7,33.9,22.6,,57.3,40.4,3.9,16.1,92.2,69.1,95.7,50.0,42.6,43.5,32.6,149,153,179,,77.0,138,214,194,19,61,11,116,133,131,156,230,113,178,Third Pair,29.0,427.8666666666667,0.0,3.0,3.0,0.7410664071437556,45.16129032258064,51.278819227560405,D,75.0,213.0,1988-02-16,DEU,2006.0,4.0,111.0,R,27,"[None, 15, None, 27, 47]","[None, 16, None, 34, 37]","[None, 13, None, 17, 26]","[None, 'TOR', None, 'TOR', 'ANA']"
2015-2016,8471724,Kris Letang,PIT,D,77.0,92.6,67.8,25.7,32.0,88.3,90.9,97.4,70.9,28.3,56.5,77.8,26.1,95.2,77.0,54,18,75,85.0,122.0,28,22,7,68,152,101,52,171,12,54,230,113,178,First Pair,71.0,1913.1,16.0,51.0,67.0,13.096866217185427,51.48514851485149,54.99945084520989,D,72.0,199.0,1987-04-24,CAN,2005.0,3.0,62.0,R,28,"[92, 96, 80, 71, 81]","[94, 96, 57, 95, 93]","[25, 70, 45, 62, 73]","['PIT', 'PIT', 'PIT', 'PIT', 'PIT']"
2015-2016,8471729,Kris Russell,DAL,D,57.8,7.4,64.8,31.0,75.3,17.4,22.6,39.1,38.3,94.8,7.8,61.3,85.2,12.6,60.9,98,214,82,79.0,45.0,191,179,141,143,13,213,90,35,202,91,230,113,178,First Pair,62.0,1430.7,4.0,15.0,19.0,5.445104757286496,46.788990825688074,48.27046501410287,D,70.0,170.0,1987-05-02,CAN,2005.0,3.0,67.0,L,28,"[82, 67, 59, 57, 60]","[73, 63, 20, 10, 9]","[81, 74, 65, 68, 61]","['STL', 'STL', 'CGY', 'CGY', 'DAL']"
2015-2016,8470724,Kyle Quincey,DET,D,7.8,9.1,47.8,,80.9,25.2,38.7,60.4,26.1,7.8,35.7,46.1,54.8,71.3,35.2,213,210,121,,35.0,173,142,92,171,198,149,125,105,67,150,230,113,178,Second Pair,47.0,928.8833333333332,4.0,7.0,11.0,3.273447584747042,46.42857142857143,48.41641639304632,D,74.0,210.0,1985-08-12,CAN,2003.0,4.0,132.0,L,30,"[3, 46, 2, 11, 17]","[37, 69, 14, 7, 17]","[70, 62, 73, 68, 25]","['DET', 'DET', 'DET', 'DET', 'DET']"
2015-2016,8474579,Luca Sbisa,VAN,D,5.7,9.6,4.3,,15.2,44.3,34.3,17.0,10.9,80.0,85.7,68.7,84.3,10.4,56.5,218,209,221,,152.0,129,152,192,206,41,34,73,37,207,101,230,113,178,Third Pair,41.0,712.3833333333333,2.0,6.0,8.0,0.9875888929457804,57.14285714285714,42.250356811311654,D,75.0,206.0,1990-01-30,ITA,2008.0,1.0,19.0,L,25,"[9, 4, 12, 10, 11]","[4, 6, 21, 8, 14]","[11, 4, 20, 3, 6]","['ANA', 'ANA', 'ANA', 'VAN', 'VAN']"
2015-2016,8474568,Luke Schenn,LAK,D,10.0,15.2,7.8,,66.9,79.6,64.8,23.9,61.7,43.5,98.3,65.7,59.1,55.7,23.0,208,196,213,,60.0,48,82,176,89,120,5,80,95,103,178,230,113,178,Third Pair,72.0,1265.1333333333334,4.0,12.0,16.0,2.0806599727910515,50.0,49.31967648551273,D,74.0,225.0,1989-11-02,CAN,2008.0,1.0,5.0,R,25,"[3, 22, 9, 33, 6]","[35, 38, 22, 32, 11]","[1, 55, 3, 11, 12]","['TOR', 'PHI', 'PHI', 'PHI', 'LAK']"
2015-2016,8470760,Marc Methot,OTT,D,26.1,5.2,80.4,,38.2,80.4,56.5,6.1,18.7,23.9,57.0,54.8,92.2,77.8,44.8,171,219,46,,111.0,46,101,217,188,162,100,105,19,52,128,230,113,178,Second Pair,69.0,1425.4166666666667,5.0,7.0,12.0,1.9210322030862317,50.98039215686274,44.79784081237253,D,76.0,230.0,1985-06-21,CAN,2003.0,6.0,168.0,L,30,"[17, 56, 46, 76, 8]","[6, 9, 6, 51, 0]","[75, 92, 84, 88, 73]","['CBJ', 'OTT', 'OTT', 'OTT', 'OTT']"
2015-2016,8471686,Marc Staal,NYR,D,7.4,51.7,8.7,,73.6,29.6,48.7,52.6,38.7,12.2,33.0,2.2,79.1,52.6,52.2,214,112,211,,48.0,163,119,110,142,188,155,226,49,110,111,230,113,178,Second Pair,77.0,1515.3,2.0,13.0,15.0,3.714101832639617,49.42528735632184,45.4848811137447,D,76.0,208.0,1987-01-13,CAN,2005.0,1.0,12.0,L,28,"[43, 26, 53, 18, 4]","[17, 36, 72, 64, 37]","[31, 50, 47, 8, 7]","['NYR', 'NYR', 'NYR', 'NYR', 'NYR']"
2015-2016,8471709,Marc-Edouard Vlasic,SJS,D,99.1,89.6,99.6,9.7,45.5,91.7,87.4,71.3,70.0,60.9,19.6,8.7,64.3,97.8,82.2,3,25,2,103.0,98.0,20,30,67,70,80,186,211,83,6,42,230,113,178,First Pair,67.0,1549.7,9.0,31.0,40.0,7.643920558038983,55.88235294117647,58.51318673121473,D,73.0,205.0,1987-03-30,CAN,2005.0,2.0,35.0,L,28,"[93, 99, 100, 99, 98]","[57, 94, 94, 90, 83]","[100, 99, 100, 98, 99]","['SJS', 'SJS', 'SJS', 'SJS', 'SJS']"
2015-2016,8474618,Marco Scandella,MIN,D,80.4,28.3,89.6,,69.1,81.3,81.7,73.9,63.9,70.4,33.9,10.4,80.4,61.7,65.2,46,166,25,,56.0,44,43,61,84,58,153,207,46,89,81,230,113,178,Second Pair,73.0,1511.1,5.0,16.0,21.0,5.254595476656619,55.00000000000001,48.4443771013425,D,75.0,212.0,1990-02-23,CAN,2008.0,2.0,55.0,L,25,"[39, None, 68, 80, 80]","[11, None, 17, 53, 22]","[26, None, 84, 93, 85]","['MIN', None, 'MIN', 'MIN', 'MIN']"
2015-2016,8469623,Marek Zidlicky,NYI,D,43.0,77.8,63.0,1.8,,39.6,71.3,42.6,71.7,20.0,37.8,92.6,88.7,34.3,11.3,132,52,86,112.0,,140,67,133,66,171,144,18,27,152,205,230,113,178,Third Pair,53.0,825.9166666666666,4.0,12.0,16.0,3.507739989692984,57.446808510638306,50.72266541004292,D,71.0,190.0,1977-02-03,CZE,2001.0,6.0,176.0,R,38,"[73, 18, 14, 55, 51]","[79, 78, 54, 84, 76]","[76, 65, 64, 74, 49]","['NJD', 'NJD', 'NJD', 'DET', 'NYI']"
2015-2016,8474717,Mark Barberio,MTL,D,67.0,70.9,64.3,,,46.5,79.6,81.7,64.8,64.8,26.1,68.3,37.4,44.8,17.4,77,68,83,,,124,48,43,82,71,171,74,145,128,191,230,113,178,Third Pair,30.0,449.93333333333334,2.0,8.0,10.0,1.9522499199160184,55.88235294117647,57.32619601723632,D,73.0,200.0,1990-03-23,CAN,2008.0,6.0,152.0,L,25,"[None, None, 47, 68, 72]","[None, None, 62, 70, 69]","[None, None, 65, 65, 65]","[None, None, 'TBL', 'TBL', 'MTL']"
2015-2016,8474697,Mark Borowiecki,OTT,D,12.2,12.2,52.2,,26.4,43.0,8.7,2.6,17.8,14.3,100.0,3.0,82.6,31.3,30.4,203,203,111,,132.0,132,211,225,190,183,1,224,41,159,161,230,113,178,Third Pair,63.0,921.5,1.0,1.0,2.0,1.3912322229822225,40.909090909090914,45.54705636581648,D,74.0,204.0,1989-07-12,CAN,2008.0,5.0,139.0,L,26,"[None, None, None, 29, 7]","[None, None, None, 18, 14]","[None, None, None, 61, 47]","[None, None, None, 'OTT', 'OTT']"
2015-2016,8471816,Mark Fayne,EDM,D,47.0,3.0,88.7,,84.3,57.0,42.6,21.3,5.2,35.7,43.0,3.9,4.8,43.0,90.9,123,224,27,,29.0,100,133,182,219,135,132,222,220,132,22,230,113,178,Third Pair,69.0,1153.4666666666667,2.0,5.0,7.0,1.9478453674192215,44.303797468354425,47.41429040209218,D,75.0,209.0,1987-05-15,USA,2005.0,5.0,155.0,R,28,"[53, 73, 69, 44, 47]","[3, 61, 18, 0, 7]","[95, 92, 95, 91, 80]","['NJD', 'NJD', 'NJD', 'EDM', 'EDM']"
2015-2016,8470966,Mark Giordano,CGY,D,97.8,86.1,92.2,90.3,60.1,98.7,93.9,87.4,90.4,59.6,18.3,20.0,40.0,27.4,98.7,6,33,19,12.0,72.0,4,15,30,23,83,189,185,139,168,4,230,113,178,First Pair,82.0,2033.0166666666669,21.0,35.0,56.0,11.799550983017774,47.69230769230769,48.46517971119111,D,72.0,202.0,1983-10-03,CAN,,,,L,31,"[82, 87, 97, 96, 96]","[52, 80, 85, 78, 91]","[98, 96, 93, 93, 89]","['CGY', 'CGY', 'CGY', 'CGY', 'CGY']"
2015-2016,8475796,Mark Pysyk,BUF,D,29.1,53.0,62.2,,,26.5,14.8,28.3,48.3,15.2,18.7,79.1,37.0,13.0,26.1,164,109,88,,,170,197,166,120,181,188,49,146,201,171,230,113,178,Third Pair,55.0,874.6666666666666,1.0,10.0,11.0,2.1894078382378876,50.84745762711864,52.6260881913588,D,73.0,205.0,1992-01-11,CAN,2010.0,1.0,23.0,R,23,"[None, 58, 29, None, 30]","[None, 22, 27, None, 64]","[None, 42, 43, None, 66]","[None, 'BUF', 'BUF', None, 'BUF']"
2015-2016,8468309,Mark Streit,PHI,D,77.4,88.7,15.2,99.1,20.8,80.9,78.7,59.6,54.8,73.5,7.4,40.9,77.4,38.3,63.0,53,27,196,2.0,142.0,45,50,94,105,51,214,137,53,143,86,230,113,178,Second Pair,62.0,1356.2166666666667,6.0,17.0,23.0,6.382605074204811,53.125,50.19390647591177,D,71.0,186.0,1977-12-11,CHE,2004.0,9.0,262.0,L,37,"[94, 91, 83, 71, 79]","[100, 99, 92, 89, 83]","[50, 8, 34, 7, 17]","['NYI', 'NYI', 'PHI', 'PHI', 'PHI']"
2015-2016,8470614,Mark Stuart,WPG,D,0.4,13.5,17.8,,1.7,36.1,11.7,11.7,10.0,3.0,89.6,26.5,20.0,82.6,45.7,230,200,190,,176.0,148,204,204,208,209,25,170,185,41,126,230,113,178,Third Pair,64.0,1046.4,1.0,2.0,3.0,1.8350902685241572,41.81818181818181,47.52994079671164,D,74.0,215.0,1984-04-27,USA,2003.0,1.0,21.0,L,31,"[6, 6, 3, 4, 1]","[14, 9, 17, 25, 13]","[5, 61, 11, 22, 19]","['WPG', 'WPG', 'WPG', 'WPG', 'WPG']"
2015-2016,8475716,Martin Marincin,TOR,D,25.2,46.5,36.5,,60.7,31.3,17.0,24.3,20.4,25.7,7.0,34.8,18.3,15.7,42.6,173,124,147,,71.0,159,192,175,184,158,215,151,189,195,133,230,113,178,Third Pair,65.0,1090.0,1.0,6.0,7.0,1.741881418426006,43.54838709677419,48.777758974315624,D,77.0,217.0,1992-02-18,SVK,2010.0,2.0,46.0,L,23,"[None, None, 48, 32, 20]","[None, None, 65, 69, 23]","[None, None, 33, 21, 54]","[None, None, 'EDM', 'EDM', 'TOR']"
2015-2016,8476856,Mathew Dumba,MIN,D,69.1,21.7,53.5,28.3,,85.7,89.1,70.4,37.8,96.1,33.5,97.0,95.2,65.7,16.1,72,181,108,82.0,,34,26,69,144,10,154,8,12,80,194,230,113,178,Third Pair,81.0,1364.0833333333333,10.0,16.0,26.0,9.141450887228732,54.02298850574713,46.92234964952334,D,72.0,191.0,1994-07-25,CAN,2012.0,1.0,7.0,R,21,"[None, None, None, 85, 51]","[None, None, None, 58, 10]","[None, None, None, 68, 35]","[None, None, None, 'MIN', 'MIN']"
2015-2016,8474749,Matt Bartkowski,VAN,D,4.8,29.6,2.2,,42.7,60.4,44.8,43.0,43.5,38.7,62.6,77.0,29.1,19.1,37.0,220,163,226,,103.0,92,128,132,131,128,87,54,164,187,146,230,113,178,Second Pair,80.0,1489.5333333333333,6.0,12.0,18.0,4.173758430593445,39.39393939393939,39.95719687524349,D,73.0,201.0,1988-06-04,USA,2008.0,7.0,190.0,L,27,"[None, None, 30, 35, 0]","[None, None, 68, 31, 21]","[None, None, 12, 41, 0]","[None, None, 'BOS', 'BOS', 'VAN']"
2015-2016,8470640,Matt Carle,TBL,D,42.2,37.8,70.0,,65.7,52.6,51.3,26.1,42.2,23.5,6.1,18.3,69.6,62.2,37.8,134,144,70,,62.0,110,113,171,134,163,217,189,71,88,144,230,113,178,Third Pair,64.0,1073.9,2.0,7.0,9.0,1.6091111476772986,50.76923076923077,46.94600785755531,D,72.0,197.0,1984-09-25,USA,2003.0,2.0,47.0,L,30,"[96, 95, 72, 62, 24]","[97, 86, 70, 49, 20]","[95, 69, 78, 74, 67]","['PHI', 'TBL', 'TBL', 'TBL', 'TBL']"
2015-2016,8471436,Matt Hunwick,TOR,D,9.1,68.3,9.6,,54.5,8.7,47.8,94.3,35.2,11.3,68.7,44.8,47.8,27.0,59.6,210,74,209,,82.0,211,121,14,150,190,73,128,121,169,94,230,113,178,First Pair,60.0,1353.8166666666666,2.0,8.0,10.0,3.684592981391989,38.15789473684211,45.41803835556463,D,71.0,194.0,1985-05-21,USA,2004.0,7.0,224.0,L,30,"[25, 26, None, 24, 6]","[41, 12, None, 67, 70]","[12, 37, None, 14, 10]","['COL', 'COL', None, 'NYR', 'TOR']"
2015-2016,8471702,Matt Niskanen,WSH,D,91.7,83.0,97.8,38.9,97.2,2.6,35.2,51.3,53.9,7.4,70.0,17.8,73.9,74.8,74.3,20,40,6,70.0,6.0,225,150,113,107,199,70,190,61,59,60,230,113,178,First Pair,82.0,2022.25,5.0,27.0,32.0,7.131591017432951,55.55555555555556,54.38237602848481,D,73.0,203.0,1986-12-06,USA,2005.0,1.0,28.0,R,28,"[69, 69, 82, 83, 93]","[73, 51, 75, 81, 86]","[87, 77, 96, 95, 98]","['PIT', 'PIT', 'PIT', 'WSH', 'WSH']"
2015-2016,8476807,Matt Tennyson,SJS,D,50.4,31.3,40.0,44.2,,48.7,17.4,49.6,63.5,84.8,88.7,70.0,61.3,68.3,16.5,115,159,139,64.0,,119,191,117,85,34,27,70,90,74,193,230,113,178,Fringe,30.0,304.8,1.0,3.0,4.0,0.9825291071106288,50.0,49.21122098522747,D,74.0,205.0,1990-04-23,USA,,,,R,25,"[None, None, None, 43, 60]","[None, None, None, 35, 32]","[None, None, None, 48, 34]","[None, None, None, 'SJS', 'SJS']"
2015-2016,8475218,Mattias Ekholm,NSH,D,94.3,81.3,95.2,39.8,94.9,51.3,64.3,66.1,72.2,30.9,25.2,60.0,55.7,73.0,38.3,14,44,12,69.0,10.0,113,83,79,65,146,173,93,103,63,143,230,113,178,Second Pair,82.0,1659.8166666666666,8.0,27.0,35.0,7.16834601124776,55.66037735849056,55.82290242032081,D,77.0,225.0,1990-05-24,SWE,2009.0,4.0,102.0,L,25,"[None, None, 70, 90, 94]","[None, None, 58, 84, 82]","[None, None, 71, 95, 96]","[None, None, 'NSH', 'NSH', 'NSH']"
2015-2016,8474584,Michael Del Zotto,PHI,D,32.2,64.3,8.3,58.4,43.8,78.3,72.6,68.3,40.9,61.3,71.7,53.5,11.7,53.9,64.3,157,83,212,48.0,101.0,51,64,74,137,79,66,108,204,107,83,230,113,178,First Pair,52.0,1217.4666666666667,4.0,9.0,13.0,4.129235595421132,37.03703703703704,50.22996921189119,D,72.0,195.0,1990-06-24,CAN,2008.0,1.0,20.0,L,25,"[47, 86, 27, 25, 44]","[92, 95, 71, 77, 41]","[2, 2, 3, 6, 22]","['NYR', 'NYR', 'NSH', 'PHI', 'PHI']"
2015-2016,8474628,Michael Stone,ARI,D,3.0,35.2,7.0,61.9,3.9,70.0,74.3,58.3,47.8,4.8,79.1,55.2,30.9,7.8,63.9,224,150,215,44.0,172.0,70,60,97,121,205,49,104,160,213,84,230,113,178,First Pair,75.0,1684.9833333333331,6.0,30.0,36.0,6.660957475178266,47.05882352941176,46.39894772196836,D,75.0,210.0,1990-06-07,CAN,2008.0,3.0,69.0,R,25,"[None, 39, 6, 4, 3]","[None, 70, 9, 58, 37]","[None, 38, 9, 7, 9]","[None, 'PHX', 'PHX', 'ARI', 'ARI']"
2015-2016,8474661,Michal Jordan,CAR,D,64.3,30.9,59.6,,,40.9,16.1,34.8,1.7,90.0,47.4,89.1,1.7,17.4,17.0,83,160,94,,,137,194,151,227,22,122,26,227,191,192,230,113,178,Third Pair,36.0,546.1333333333333,1.0,0.0,1.0,1.1140669039087618,42.857142857142854,47.92730287284251,D,73.0,195.0,1990-07-17,CZE,2008.0,4.0,105.0,L,25,"[None, None, None, 76, 53]","[None, None, None, 42, 23]","[None, None, None, 58, 59]","[None, None, None, 'CAR', 'CAR']"
2015-2016,8465058,Michal Rozsival,CHI,D,54.8,52.2,72.6,,,34.3,9.1,8.3,84.3,34.3,87.0,91.3,63.0,64.3,33.9,105,111,64,,,152,210,212,37,138,31,21,86,83,153,230,113,178,Third Pair,51.0,824.1833333333333,1.0,12.0,13.0,1.5852525672568916,52.63157894736842,47.91462141472593,D,73.0,210.0,1978-09-03,CZE,1996.0,4.0,105.0,R,36,"[48, 82, 44, 68, 50]","[80, 88, 51, 68, 39]","[77, 81, 81, 80, 66]","['PHX', 'CHI', 'CHI', 'CHI', 'CHI']"
2015-2016,8471242,Mike Green,DET,D,65.7,76.1,68.3,46.9,,79.1,82.6,89.6,77.8,26.5,61.3,97.4,35.2,43.9,10.0,80,56,74,61.0,,49,41,25,52,156,90,7,150,130,208,230,113,178,Second Pair,74.0,1462.8666666666668,7.0,28.0,35.0,7.282292243223697,48.23529411764706,52.95157281579736,D,73.0,210.0,1985-10-12,CAN,2004.0,1.0,29.0,R,29,"[57, 74, 55, 84, 53]","[72, 76, 73, 71, 79]","[18, 20, 61, 77, 61]","['WSH', 'WSH', 'WSH', 'WSH', 'DET']"
2015-2016,8476422,Mike Reilly,MIN,D,50.0,41.7,38.7,60.2,,52.2,73.0,76.1,91.3,68.7,3.9,100.0,5.2,30.4,3.5,116,135,142,46.0,,111,63,56,21,62,222,1,219,161,223,230,113,178,Fringe,29.0,350.4,1.0,6.0,7.0,1.5036168133265184,40.909090909090914,49.880720921073,D,74.0,191.0,1993-07-13,USA,2011.0,4.0,98.0,L,22,"[None, None, None, None, 53]","[None, None, None, None, 43]","[None, None, None, None, 39]","[None, None, None, None, 'MIN']"
2015-2016,8473426,Mike Weber,WSH,D,4.3,2.6,59.1,,29.2,47.0,20.0,3.9,27.0,5.7,87.8,23.0,15.2,3.5,24.8,221,225,95,,127.0,123,185,222,169,203,29,178,196,223,174,230,113,178,Third Pair,45.0,696.6166666666667,1.0,4.0,5.0,0.9766455037851282,51.51515151515152,48.411350239480875,D,74.0,217.0,1987-12-16,USA,2006.0,2.0,57.0,L,27,"[18, 1, 1, 8, 10]","[20, 2, 2, 3, 6]","[69, 49, 14, 66, 64]","['BUF', 'BUF', 'BUF', 'BUF', 'WSH']"
2015-2016,8476853,Morgan Rielly,TOR,D,52.2,78.3,11.3,32.7,12.4,54.8,66.5,77.4,62.6,82.2,28.7,29.1,17.8,6.5,75.2,111,51,205,77.0,157.0,105,78,53,87,36,165,164,190,216,58,230,113,178,First Pair,82.0,1904.6166666666663,9.0,27.0,36.0,9.238718703426407,40.0,47.34998423716733,D,73.0,219.0,1994-03-09,CAN,2012.0,1.0,5.0,L,21,"[None, None, 31, 74, 39]","[None, None, 59, 77, 79]","[None, None, 10, 22, 8]","[None, None, 'TOR', 'TOR', 'TOR']"
2015-2016,8470317,Nate Guenin,COL,D,6.5,4.3,19.6,,6.2,57.4,10.4,1.3,7.0,67.0,38.7,47.0,98.3,8.7,43.5,216,221,186,,168.0,99,207,228,215,66,142,123,5,211,131,230,113,178,Third Pair,29.0,378.75,0.0,0.0,0.0,0.2424115960171734,55.00000000000001,43.18034238905887,D,75.0,207.0,1982-12-10,USA,2002.0,4.0,127.0,R,32,"[None, None, 8, 1, 28]","[None, None, 19, 0, 13]","[None, None, 22, 9, 28]","[None, None, 'COL', 'COL', 'COL']"
2015-2016,8475613,Nate Prosser,MIN,D,30.0,17.4,54.3,,57.9,54.3,19.1,8.7,6.5,44.3,57.8,0.9,32.6,53.5,10.9,162,191,106,,76.0,106,187,211,216,118,98,229,156,108,206,230,113,178,Fringe,54.0,614.7,0.0,3.0,3.0,0.6775123522852282,46.15384615384615,49.58591411810272,D,74.0,201.0,1986-05-07,USA,,,,R,29,"[13, 45, 28, 22, 41]","[33, 35, 18, 17, 20]","[38, 49, 51, 56, 53]","['MIN', 'MIN', 'MIN', 'MIN', 'MIN']"
2015-2016,8477220,Nate Schmidt,WSH,D,70.0,35.7,51.7,,31.5,3.9,31.3,77.0,42.6,98.7,31.7,83.5,58.3,55.2,4.3,70,149,112,,123.0,222,159,54,133,4,158,39,97,104,221,230,113,178,Second Pair,72.0,1301.0166666666669,2.0,14.0,16.0,5.019653729087053,55.26315789473685,50.55624614271551,D,72.0,197.0,1991-07-16,USA,,,,L,24,"[None, None, 72, 67, 72]","[None, None, 52, 48, 24]","[None, None, 44, 59, 50]","[None, None, 'WSH', 'WSH', 'WSH']"
2015-2016,8476470,Nathan Beaulieu,MTL,D,51.7,63.0,30.9,35.4,,9.6,15.7,60.0,65.2,75.7,52.2,53.0,40.4,32.2,13.0,112,86,160,74.0,,209,195,93,81,46,111,109,138,157,201,230,113,178,Third Pair,64.0,1117.25,2.0,17.0,19.0,3.8627807954685185,46.478873239436616,47.55888285261985,D,74.0,200.0,1992-12-05,CAN,2011.0,1.0,17.0,L,22,"[None, None, None, 62, 42]","[None, None, None, 71, 53]","[None, None, None, 46, 24]","[None, None, None, 'MTL', 'MTL']"
2015-2016,8474207,Nick Holden,COL,D,27.8,57.4,18.3,,2.8,76.5,69.6,56.1,22.2,48.7,80.9,17.4,70.9,7.4,81.3,167,99,189,,174.0,55,71,102,180,108,45,191,68,214,44,230,113,178,Second Pair,82.0,1794.2,6.0,16.0,22.0,4.4351481131432875,47.96747967479675,44.22140067420142,D,76.0,210.0,1987-05-15,CAN,,,,L,28,"[None, None, 73, 18, 31]","[None, None, 69, 35, 70]","[None, None, 40, 21, 16]","[None, None, 'COL', 'COL', 'COL']"
2015-2016,8475181,Nick Leddy,NYI,D,83.0,94.3,32.2,71.7,,72.2,70.9,73.5,76.5,77.0,16.5,61.7,43.5,88.3,40.9,40,14,157,33.0,,65,68,62,55,43,193,89,131,28,137,230,113,178,First Pair,81.0,1832.15,5.0,35.0,40.0,7.238777560861078,47.368421052631575,48.560437614337445,D,72.0,205.0,1991-03-20,USA,2009.0,1.0,16.0,L,24,"[34, 32, 85, 94, 71]","[18, 33, 87, 94, 92]","[30, 32, 38, 64, 20]","['CHI', 'CHI', 'CHI', 'NYI', 'NYI']"
2015-2016,8468513,Nick Schultz,PHI,D,11.3,1.3,77.4,,82.0,13.9,15.2,27.8,18.3,13.9,64.3,4.8,48.7,40.0,80.4,205,228,53,,33.0,199,196,167,189,184,83,220,119,139,46,230,113,178,Third Pair,81.0,1453.6833333333334,1.0,9.0,10.0,2.937248588473001,48.05194805194805,48.262059541323005,D,73.0,203.0,1982-08-25,CAN,2000.0,2.0,33.0,L,33,"[8, 20, 9, 13, 14]","[15, 64, 3, 5, 1]","[44, 21, 53, 69, 86]","['EDM', 'EDM', 'CBJ', 'PHI', 'PHI']"
2015-2016,8471269,Nicklas Grossmann,ARI,D,6.1,1.7,57.0,,43.3,77.4,77.4,17.4,13.9,20.9,78.7,9.6,78.3,15.2,50.0,217,227,100,,102.0,53,53,191,199,169,50,209,51,196,116,230,113,178,Third Pair,58.0,1031.5833333333333,3.0,4.0,7.0,1.6985963241867112,44.680851063829785,44.32172035022836,D,76.0,230.0,1985-01-22,SWE,2004.0,2.0,56.0,L,30,"[7, 17, 5, 7, 15]","[2, 4, 4, 1, 4]","[66, 70, 68, 54, 52]","['PHI', 'PHI', 'PHI', 'PHI', 'ARI']"
2015-2016,8476300,Nikita Nesterov,TBL,D,30.9,39.6,23.0,50.4,,25.7,38.3,92.6,30.4,62.6,70.4,96.1,72.2,81.3,1.3,160,140,178,57.0,,172,143,18,161,76,69,10,65,44,228,230,113,178,Third Pair,57.0,848.7,3.0,6.0,9.0,3.3771885340636496,47.91666666666667,47.32430178453219,D,71.0,191.0,1993-03-28,RUS,2011.0,5.0,148.0,L,22,"[None, None, None, 52, 16]","[None, None, None, 59, 26]","[None, None, None, 34, 17]","[None, None, None, 'TBL', 'TBL']"
2015-2016,8477507,Nikita Zadorov,COL,D,16.5,22.6,34.8,,50.0,27.4,3.9,27.0,68.7,29.6,80.0,12.2,50.9,0.4,72.2,193,179,151,,90.0,168,214,169,73,149,47,203,114,230,65,230,113,178,Third Pair,22.0,372.51666666666665,0.0,2.0,2.0,0.8614014337511922,40.909090909090914,41.87213222920193,D,79.0,255.0,1995-04-16,RUS,2013.0,1.0,16.0,L,20,"[None, None, None, 11, 37]","[None, None, None, 20, 30]","[None, None, None, 36, 34]","[None, None, None, 'BUF', 'COL']"
2015-2016,8471769,Niklas Hjalmarsson,CHI,D,92.6,11.3,100.0,,82.6,20.0,32.6,31.3,30.9,17.8,13.0,19.1,36.5,87.0,98.3,18,205,1,,32.0,185,156,159,160,175,201,187,147,31,5,230,113,178,First Pair,81.0,1812.6333333333337,2.0,22.0,24.0,4.1348823305822595,46.93877551020408,53.48795621521525,D,75.0,197.0,1987-06-06,SWE,2005.0,4.0,108.0,L,28,"[88, 89, 77, 82, 94]","[16, 16, 4, 20, 17]","[98, 99, 99, 100, 100]","['CHI', 'CHI', 'CHI', 'CHI', 'CHI']"
2015-2016,8468509,Niklas Kronwall,DET,D,17.0,40.4,17.4,86.7,81.5,62.2,54.3,11.3,33.0,10.9,30.4,75.2,19.6,64.8,74.8,192,138,191,16.0,34.0,88,106,205,155,191,161,58,186,82,59,230,113,178,First Pair,64.0,1408.6,3.0,23.0,26.0,3.39488954790116,40.57971014492754,47.11637909846411,D,72.0,194.0,1981-01-12,SWE,2000.0,1.0,29.0,L,34,"[97, 88, 74, 20, 11]","[87, 93, 50, 45, 36]","[88, 91, 61, 15, 15]","['DET', 'DET', 'DET', 'DET', 'DET']"
2015-2016,8478396,Noah Hanifin,CAR,D,18.7,66.1,5.7,89.4,,10.9,57.8,64.3,89.1,41.1,20.4,81.7,22.2,23.9,28.3,188,79,218,13.0,,206,98,83,26,124,184,43,180,176,166,230,113,178,Third Pair,79.0,1414.4166666666667,4.0,18.0,22.0,6.486071481437268,46.236559139784944,45.69815641523784,D,75.0,206.0,1997-01-25,USA,2015.0,1.0,5.0,L,18,"[None, None, None, None, 18]","[None, None, None, None, 65]","[None, None, None, None, 4]","[None, None, None, None, 'CAR']"
2015-2016,8475171,Oliver Ekman-Larsson,ARI,D,99.6,79.6,92.6,94.7,,99.1,94.3,91.3,57.0,100.0,66.5,19.6,46.5,4.3,91.7,2,48,18,7.0,,3,14,21,100,1,78,186,124,221,20,230,113,178,First Pair,75.0,1857.7166666666667,21.0,34.0,55.0,13.427078831192574,52.13675213675214,51.49271187191577,D,74.0,190.0,1991-07-17,SWE,2009.0,1.0,6.0,L,24,"[91, 97, 84, 93, 100]","[76, 94, 9, 81, 87]","[74, 85, 92, 89, 93]","['PHX', 'PHX', 'PHX', 'ARI', 'ARI']"
2015-2016,8476874,Olli Maatta,PIT,D,63.5,45.2,63.9,,35.4,84.8,83.5,74.3,93.9,67.8,40.9,64.3,94.3,96.5,77.4,85,127,84,,116.0,36,39,60,15,64,137,83,14,9,53,230,113,178,Second Pair,67.0,1337.3333333333333,6.0,13.0,19.0,4.1130300868985215,63.1578947368421,55.1749388419816,D,74.0,207.0,1994-08-22,FIN,2012.0,1.0,22.0,L,21,"[None, None, 82, 61, 58]","[None, None, 65, 52, 39]","[None, None, 69, 48, 70]","[None, None, 'PIT', 'PIT', 'PIT']"
2015-2016,8476472,Oscar Klefbom,EDM,D,63.0,48.3,57.4,55.8,19.7,58.3,93.5,67.0,83.5,86.5,23.0,29.6,3.0,14.3,96.1,86,120,99,51.0,144.0,97,16,77,39,30,178,163,224,198,10,230,113,178,Second Pair,30.0,656.55,4.0,8.0,12.0,2.359442364554832,46.15384615384615,50.58752261512931,D,75.0,216.0,1993-07-20,SWE,2011.0,1.0,19.0,L,22,"[None, None, None, 58, 67]","[None, None, None, 57, 45]","[None, None, None, 53, 57]","[None, None, None, 'EDM', 'EDM']"
2015-2016,8474056,P.K. Subban,MTL,D,87.8,87.4,75.7,96.5,99.4,94.3,74.8,13.0,96.1,7.0,41.3,46.5,80.9,33.0,73.0,29,30,57,5.0,2.0,14,59,201,10,200,136,124,45,155,63,230,113,178,First Pair,68.0,1792.6333333333332,6.0,45.0,51.0,7.236503051342375,54.78260869565217,51.928864002865474,D,72.0,210.0,1989-05-13,CAN,2007.0,2.0,43.0,R,26,"[84, 96, 89, 84, 87]","[22, 81, 93, 88, 84]","[96, 93, 82, 77, 76]","['MTL', 'MTL', 'MTL', 'MTL', 'MTL']"
2015-2016,8474605,Patrick Wiercioch,OTT,D,48.3,67.8,43.9,,,15.2,9.6,37.4,14.3,47.8,43.9,86.1,68.3,37.8,33.0,120,75,130,,,196,209,145,198,110,130,33,74,144,155,230,113,178,Third Pair,52.0,901.7166666666668,0.0,5.0,5.0,2.312827935641282,51.85185185185185,50.18595645522874,D,77.0,202.0,1990-09-12,CAN,2008.0,2.0,42.0,L,24,"[None, 60, 25, 64, 46]","[None, 74, 36, 83, 54]","[None, 71, 23, 57, 47]","[None, 'OTT', 'OTT', 'OTT', 'OTT']"
2015-2016,8475747,Patrik Nemeth,DAL,D,55.2,42.2,49.1,,49.4,28.7,3.9,37.0,68.3,76.5,73.9,67.8,17.4,63.0,40.0,104,134,118,,91.0,165,214,146,74,44,61,75,191,86,139,230,113,178,Third Pair,38.0,594.3333333333333,0.0,8.0,8.0,1.6807410220273726,48.38709677419355,54.1975988044298,D,76.0,230.0,1992-02-08,SWE,2010.0,2.0,41.0,L,23,"[None, None, None, 55, 57]","[None, None, None, 43, 51]","[None, None, None, 45, 55]","[None, None, None, 'DAL', 'DAL']"
2015-2016,8468542,Paul Martin,SJS,D,85.2,60.4,91.3,,64.0,49.6,23.0,9.1,74.3,62.2,15.2,33.5,65.2,93.0,68.3,35,92,21,,65.0,117,178,210,60,77,196,154,81,17,74,230,113,178,Second Pair,78.0,1616.7666666666669,3.0,17.0,20.0,2.2260239979006182,54.63917525773196,54.83763754954762,D,73.0,200.0,1981-03-05,USA,2000.0,2.0,62.0,L,34,"[95, 92, 81, 90, 79]","[93, 91, 57, 63, 61]","[79, 88, 77, 93, 90]","['PIT', 'PIT', 'PIT', 'PIT', 'SJS']"
2015-2016,8475774,Petter Granberg,NSH,D,45.7,26.5,40.4,,,50.9,3.9,0.9,62.2,78.5,81.3,27.4,92.6,95.7,34.3,126,170,138,,,114,214,229,88,42,44,168,18,11,152,230,113,178,Third Pair,27.0,370.43333333333334,0.0,2.0,2.0,0.3477513836813257,52.38095238095239,46.363580020454265,D,75.0,200.0,1992-08-27,SWE,2010.0,4.0,116.0,R,23,"[None, None, None, None, 48]","[None, None, None, None, 25]","[None, None, None, None, 40]","[None, None, None, None, 'NSH']"
2015-2016,8475462,Radko Gudas,PHI,D,13.0,75.2,12.2,,23.6,74.8,77.8,78.7,37.4,3.5,99.6,72.2,17.0,44.3,52.6,201,58,203,,137.0,59,52,50,145,208,2,65,192,129,110,230,113,178,Second Pair,76.0,1508.1166666666668,5.0,9.0,14.0,4.508719016672746,47.5609756097561,48.9792129600994,D,72.0,208.0,1990-06-05,CZE,2010.0,3.0,66.0,R,25,"[None, 45, 4, 28, 12]","[None, 58, 71, 68, 78]","[None, 51, 3, 22, 13]","[None, 'TBL', 'TBL', 'TBL', 'PHI']"
2015-2016,8477499,Rasmus Ristolainen,BUF,D,10.9,15.7,2.6,8.8,9.0,63.5,55.2,43.9,36.1,98.3,66.1,9.1,12.6,4.8,85.7,206,195,225,104.0,163.0,85,104,130,148,5,79,210,202,220,34,230,113,178,First Pair,82.0,2073.016666666667,9.0,32.0,41.0,9.457740978668244,41.904761904761905,44.73393482511896,D,76.0,208.0,1994-10-27,FIN,2013.0,1.0,8.0,R,20,"[None, None, 45, 7, 18]","[None, None, 35, 14, 16]","[None, None, 29, 2, 2]","[None, None, 'BUF', 'BUF', 'BUF']"
2015-2016,8467452,Rob Scuderi,LAK,D,10.4,4.8,39.1,,0.6,39.1,7.8,1.7,44.3,92.2,5.7,65.2,80.0,87.4,20.0,207,220,141,,178.0,141,213,227,129,19,218,81,47,30,185,230,113,178,Third Pair,63.0,996.0333333333332,0.0,10.0,10.0,1.0989340718299043,53.2258064516129,49.90887198073439,D,73.0,216.0,1978-12-30,USA,1998.0,5.0,134.0,L,36,"[64, 42, 25, 9, 20]","[74, 54, 21, 4, 5]","[63, 9, 21, 55, 37]","['LAK', 'LAK', 'PIT', 'PIT', 'LAK']"
2015-2016,8474145,Robert Bortuzzo,STL,D,28.7,32.2,67.0,,38.8,55.2,77.0,90.4,12.2,16.1,99.1,37.4,13.9,59.1,14.8,165,157,77,,110.0,104,54,23,203,179,3,145,199,95,197,230,113,178,Third Pair,40.0,530.7666666666667,2.0,1.0,3.0,2.429895543519578,53.84615384615385,56.577407293621626,D,76.0,206.0,1989-03-18,CAN,2007.0,3.0,78.0,R,26,"[None, 46, 34, 37, 27]","[None, 38, 23, 36, 40]","[None, 35, 57, 66, 69]","[None, 'PIT', 'PIT', 'STL', 'STL']"
2015-2016,8474600,Roman Josi,NSH,D,88.7,86.5,74.3,37.2,15.7,93.9,86.5,90.9,95.7,74.8,8.3,36.1,62.2,93.9,95.7,27,32,60,72.0,151.0,15,32,22,11,48,212,148,88,15,11,230,113,178,First Pair,81.0,2064.2166666666667,14.0,47.0,61.0,13.199577187956784,49.09090909090909,52.50957800961881,D,73.0,201.0,1990-06-01,CHE,2008.0,2.0,38.0,L,25,"[65, 80, 92, 92, 78]","[50, 65, 88, 81, 90]","[51, 58, 80, 75, 75]","['NSH', 'NSH', 'NSH', 'NSH', 'NSH']"
2015-2016,8471392,Roman Polak,SJS,D,33.0,2.2,87.4,,92.7,6.5,50.4,70.9,53.5,30.4,97.4,22.2,16.1,18.7,8.3,155,226,30,,14.0,216,115,68,108,147,7,180,194,188,212,230,113,178,Second Pair,79.0,1513.3833333333334,1.0,15.0,16.0,4.248332644166869,50.0,51.14964827146562,D,74.0,240.0,1986-04-28,CZE,2004.0,6.0,180.0,R,29,"[27, 55, 34, 34, 37]","[26, 20, 6, 11, 2]","[72, 90, 81, 69, 91]","['STL', 'STL', 'STL', 'TOR', 'SJS']"
2015-2016,8468493,Ron Hainsey,CAR,D,93.5,56.1,97.0,,93.8,10.4,39.6,46.1,20.9,60.0,29.1,62.2,4.3,30.0,77.8,16,102,8,,12.0,207,140,125,183,82,164,88,221,162,52,230,113,178,First Pair,81.0,1808.3,5.0,14.0,19.0,6.142679472795666,45.04504504504504,50.34767233296983,D,75.0,201.0,1981-03-24,USA,2000.0,1.0,13.0,L,34,"[30, 55, 97, 88, 90]","[32, 75, 78, 65, 42]","[68, 56, 98, 94, 96]","['WPG', 'WPG', 'CAR', 'CAR', 'CAR']"
2015-2016,8475176,Ryan Ellis,NSH,D,94.8,80.0,90.0,23.9,88.2,92.2,95.7,85.2,86.1,97.0,23.9,83.0,69.1,88.7,24.3,13,47,24,87.0,22.0,19,11,35,33,8,176,40,72,27,175,230,113,178,Second Pair,79.0,1650.9833333333331,10.0,22.0,32.0,7.265251287491939,55.88235294117647,56.34809778420588,D,70.0,180.0,1991-01-03,CAN,2009.0,1.0,11.0,R,24,"[72, 74, 89, 87, 98]","[54, 55, 78, 62, 88]","[56, 67, 83, 84, 90]","['NSH', 'NSH', 'NSH', 'NSH', 'NSH']"
2015-2016,8474151,Ryan McDonagh,NYR,D,96.5,97.8,66.5,85.0,85.4,87.8,88.3,84.8,81.3,72.6,27.0,11.7,97.0,29.1,94.3,9,6,78,18.0,27.0,29,28,36,44,53,169,204,8,164,14,230,113,178,First Pair,73.0,1631.7166666666667,9.0,25.0,34.0,6.8449875005957415,60.0,50.24846482483349,D,73.0,216.0,1989-06-13,USA,2007.0,1.0,12.0,L,26,"[93, 97, 97, 91, 97]","[98, 98, 99, 92, 98]","[82, 84, 68, 62, 68]","['NYR', 'NYR', 'NYR', 'NYR', 'NYR']"
2015-2016,8476465,Ryan Murphy,CAR,D,37.0,41.3,16.1,18.6,,24.8,10.9,69.1,91.7,88.3,15.7,84.3,7.8,18.3,5.7,146,136,194,93.0,,174,206,72,20,26,195,37,213,189,218,230,113,178,Third Pair,35.0,603.8666666666667,0.0,10.0,10.0,2.128264228833688,48.64864864864865,51.498570019480816,D,71.0,175.0,1993-03-31,CAN,2011.0,1.0,12.0,R,22,"[None, None, 44, 30, 40]","[None, None, 50, 38, 47]","[None, None, 7, 16, 18]","[None, None, 'CAR', 'CAR', 'CAR']"
2015-2016,8476850,Ryan Murray,CBJ,D,44.8,49.1,41.7,84.1,77.0,64.3,40.0,7.0,34.3,27.8,6.5,30.9,51.3,89.1,78.7,128,118,135,19.0,42.0,83,139,215,152,153,216,160,113,26,50,230,113,178,First Pair,82.0,1873.3833333333332,4.0,21.0,25.0,5.123854606088337,49.56521739130435,49.67688309033561,D,73.0,206.0,1993-09-27,CAN,2012.0,1.0,2.0,L,21,"[None, None, 50, None, 46]","[None, None, 30, None, 57]","[None, None, 59, None, 39]","[None, None, 'CBJ', None, 'CBJ']"
2015-2016,8470600,Ryan Suter,MIN,D,86.5,18.3,98.7,87.6,91.0,16.5,33.0,21.7,61.3,17.4,1.7,81.3,65.7,90.9,90.0,32,189,4,15.0,17.0,193,155,181,90,176,227,44,80,22,24,230,113,178,First Pair,82.0,2344.616666666667,8.0,43.0,51.0,7.472644277724259,54.83870967741935,53.74652584959947,D,73.0,201.0,1985-01-21,USA,2003.0,1.0,7.0,L,30,"[80, 73, 78, 70, 92]","[47, 55, 12, 32, 15]","[94, 94, 97, 96, 99]","['NSH', 'MIN', 'MIN', 'MIN', 'MIN']"
2015-2016,8475222,Sami Vatanen,ANA,D,91.3,85.7,67.4,82.3,79.2,89.6,84.3,61.3,80.9,86.1,45.7,58.7,56.5,74.3,39.6,21,34,76,21.0,38.0,25,37,90,45,31,126,96,101,60,140,230,113,178,Second Pair,71.0,1513.2833333333333,9.0,29.0,38.0,9.153435301001014,49.31506849315068,52.450155723622224,D,70.0,185.0,1991-06-03,FIN,2009.0,4.0,106.0,R,24,"[None, None, 85, 94, 87]","[None, None, 77, 90, 82]","[None, None, 63, 73, 64]","[None, None, 'ANA', 'ANA', 'ANA']"
2015-2016,8477495,Seth Jones,CBJ,D,80.9,70.0,65.7,11.5,71.9,5.7,48.3,65.7,69.1,99.6,21.7,78.7,9.1,67.8,22.6,45,70,80,101.0,51.0,218,120,80,72,2,181,50,210,75,179,230,113,178,First Pair,81.0,1788.2,3.0,28.0,31.0,7.258329927152937,45.16129032258064,52.26936917591697,D,76.0,213.0,1994-10-03,USA,2013.0,1.0,4.0,R,20,"[None, None, 51, 72, 87]","[None, None, 13, 29, 83]","[None, None, 62, 74, 55]","[None, None, 'NSH', 'NSH', 'CBJ']"
2015-2016,8476906,Shayne Gostisbehere,PHI,D,73.0,73.9,22.2,52.2,,97.8,98.7,85.7,94.8,88.7,1.3,95.7,98.7,42.6,76.5,63,61,180,55.0,,6,4,34,13,25,228,11,4,133,55,230,113,178,Second Pair,64.0,1285.7833333333333,17.0,29.0,46.0,11.073881407643416,60.0,49.08062283030921,D,71.0,183.0,1993-04-20,USA,2012.0,3.0,78.0,L,22,"[None, None, None, None, 73]","[None, None, None, None, 72]","[None, None, None, None, 22]","[None, None, None, None, 'PHI']"
2015-2016,8477447,Shea Theodore,ANA,D,59.1,45.7,40.9,56.6,44.4,65.2,76.5,59.1,99.1,83.5,2.6,92.2,100.0,79.1,12.6,95,126,137,50.0,100.0,81,55,95,3,35,225,19,1,49,202,230,113,178,Second Pair,19.0,363.06666666666666,3.0,5.0,8.0,1.8461199174641187,75.0,56.18629251207341,D,74.0,197.0,1995-08-03,CAN,2013.0,1.0,26.0,L,20,"[None, None, None, None, 61]","[None, None, None, None, 47]","[None, None, None, None, 41]","[None, None, None, None, 'ANA']"
2015-2016,8470642,Shea Weber,NSH,D,97.0,88.3,96.1,47.8,87.1,98.3,80.9,69.6,75.7,31.7,48.3,34.3,41.7,81.7,96.5,8,28,10,60.0,24.0,5,45,71,57,144,120,152,135,43,9,230,113,178,First Pair,78.0,1979.4,20.0,31.0,51.0,12.017280790585456,46.22641509433962,53.84714336393136,D,76.0,230.0,1985-08-14,CAN,2003.0,2.0,49.0,R,30,"[87, 100, 95, 88, 99]","[77, 75, 83, 82, 92]","[90, 94, 90, 94, 97]","['NSH', 'NSH', 'NSH', 'NSH', 'NSH']"
2015-2016,8475155,Simon Despres,ANA,D,66.1,60.0,75.2,,55.6,17.8,10.0,48.7,27.8,50.9,90.0,30.0,43.0,73.9,35.7,79,93,58,,80.0,190,208,119,167,103,24,162,132,61,149,230,113,178,Second Pair,32.0,628.0833333333334,0.0,4.0,4.0,2.044446328778158,47.368421052631575,53.27751446185236,D,76.0,218.0,1991-07-27,CAN,2009.0,1.0,30.0,L,24,"[None, 41, 66, 60, 70]","[None, 58, 63, 66, 55]","[None, 80, 67, 86, 70]","[None, 'PIT', 'PIT', 'ANA', 'ANA']"
2015-2016,8474000,Steven Kampfer,FLA,D,46.5,30.4,53.0,,41.6,33.0,53.5,47.0,2.2,67.4,86.5,32.2,51.7,47.4,50.4,124,161,109,,105.0,155,108,123,226,65,32,157,112,122,115,230,113,178,Third Pair,47.0,709.4333333333333,0.0,4.0,4.0,1.6428517886719451,57.14285714285714,50.17410641197429,D,71.0,198.0,1988-09-24,USA,2007.0,4.0,93.0,R,26,"[55, None, None, 54, 43]","[48, None, None, 39, 26]","[52, None, None, 47, 58]","['MIN', None, None, 'FLA', 'FLA']"
2015-2016,8474673,TJ Brodie,CGY,D,86.1,66.5,86.1,4.4,16.3,21.3,49.6,62.2,87.8,96.5,0.4,17.0,60.9,46.1,99.1,33,78,33,109.0,150.0,182,117,88,29,9,230,192,91,125,3,230,113,178,First Pair,70.0,1768.2333333333331,6.0,39.0,45.0,5.721251427119933,51.66666666666667,49.13405559961825,D,74.0,187.0,1990-06-07,CAN,2008.0,4.0,114.0,L,25,"[77, 91, 96, 71, 85]","[69, 79, 62, 13, 80]","[69, 78, 97, 84, 78]","['CGY', 'CGY', 'CGY', 'CGY', 'CGY']"
2015-2016,8471710,Taylor Chorney,WSH,D,29.6,43.0,32.6,,58.4,50.4,28.7,13.9,55.7,33.5,63.5,96.5,99.1,49.1,0.9,163,132,156,,75.0,115,165,199,103,140,85,9,3,118,229,230,113,178,Third Pair,55.0,725.5,1.0,5.0,6.0,1.1226580252615015,57.14285714285714,47.74165603926043,D,72.0,193.0,1987-04-27,CAN,2005.0,2.0,36.0,L,28,"[None, None, None, None, 29]","[None, None, None, None, 44]","[None, None, None, None, 32]","[None, None, None, None, 'WSH']"
2015-2016,8474066,Thomas Hickey,NYI,D,79.6,87.0,66.1,,69.7,43.5,63.0,57.8,90.0,55.2,54.8,67.4,67.0,56.5,18.7,48,31,79,,55.0,131,86,98,24,93,105,76,77,101,188,230,113,178,Third Pair,62.0,1079.0833333333333,6.0,12.0,18.0,3.2942411857725697,57.57575757575758,46.85908423264826,D,72.0,185.0,1989-02-08,CAN,2007.0,1.0,4.0,L,26,"[None, 86, 80, 93, 67]","[None, 81, 92, 93, 77]","[None, 83, 86, 84, 30]","[None, 'NYI', 'NYI', 'NYI', 'NYI']"
2015-2016,8470828,Toby Enstrom,WPG,D,67.8,77.0,81.3,27.4,14.6,71.3,50.9,12.2,45.2,19.6,8.7,64.8,85.7,72.6,97.8,75,54,44,83.0,153.0,67,114,203,127,172,211,82,34,64,6,230,113,178,Second Pair,72.0,1501.5166666666669,2.0,14.0,16.0,2.208048023464687,52.80898876404494,51.31773065384697,D,70.0,180.0,1984-11-05,SWE,2003.0,8.0,239.0,L,30,"[49, 35, 38, 77, 68]","[93, 68, 76, 82, 75]","[17, 18, 75, 77, 83]","['WPG', 'WPG', 'WPG', 'WPG', 'WPG']"
2015-2016,8470104,Tom Gilbert,MTL,D,47.4,62.6,48.3,,12.9,66.1,46.1,16.5,7.8,53.0,57.4,35.2,34.3,28.3,6.5,122,87,120,,156.0,79,125,193,213,98,99,150,152,166,216,230,113,178,Third Pair,45.0,758.8666666666667,1.0,1.0,2.0,1.1798461774589026,45.0,49.43726892738511,D,74.0,210.0,1983-01-10,USA,2002.0,4.0,129.0,R,32,"[74, 54, 61, 58, 38]","[16, 52, 78, 68, 52]","[79, 67, 25, 65, 46]","['MIN', 'MIN', 'FLA', 'MTL', 'MTL']"
2015-2016,8476792,Torey Krug,BOS,D,90.0,96.5,16.5,92.9,,3.0,85.2,98.3,88.3,94.3,21.3,87.0,89.1,39.1,23.5,24,9,193,9.0,,224,35,5,28,14,182,31,26,141,177,230,113,178,Second Pair,81.0,1750.7166666666667,4.0,40.0,44.0,12.54076801664164,56.86274509803921,49.51883283412462,D,69.0,194.0,1991-04-12,USA,,,,L,24,"[None, None, 90, 96, 82]","[None, None, 90, 95, 96]","[None, None, 56, 17, 10]","[None, None, 'BOS', 'BOS', 'BOS']"
2015-2016,8474612,Travis Hamonic,NYI,D,87.0,98.3,24.8,30.1,33.1,11.3,55.7,72.2,77.4,70.0,72.6,39.1,38.7,63.9,69.1,31,5,174,80.0,120.0,205,103,65,53,59,64,141,142,84,72,230,113,178,First Pair,72.0,1715.3,5.0,16.0,21.0,6.302606944208481,48.18181818181818,50.11894683626134,D,73.0,193.0,1990-08-16,CAN,2008.0,2.0,53.0,R,25,"[57, 68, 81, 74, 90]","[88, 95, 96, 99, 97]","[47, 33, 72, 9, 28]","['NYI', 'NYI', 'NYI', 'NYI', 'NYI']"
2015-2016,8470110,Trevor Daley,PIT,D,20.9,78.7,6.1,7.1,,85.2,88.7,95.7,81.7,32.6,5.2,73.5,78.7,92.2,61.3,183,50,217,106.0,,35,27,11,43,142,219,62,50,19,90,230,113,178,Second Pair,82.0,1512.1833333333334,6.0,22.0,28.0,7.007955065365843,57.608695652173914,53.83498241620443,D,71.0,199.0,1983-10-09,CAN,2002.0,2.0,43.0,L,31,"[1, 19, 20, 16, 34]","[42, 40, 86, 67, 80]","[1, 6, 15, 1, 20]","['DAL', 'DAL', 'DAL', 'DAL', 'PIT']"
2015-2016,8477845,Trevor van Riemsdyk,CHI,D,71.7,28.7,87.8,,10.1,16.1,26.5,28.7,37.0,78.5,9.1,74.3,27.0,66.5,93.5,66,165,29,,161.0,194,170,165,146,42,210,60,169,78,16,230,113,178,Second Pair,82.0,1638.6666666666667,3.0,11.0,14.0,4.3734120029052495,46.93877551020408,51.98527158052278,D,75.0,210.0,1991-07-24,USA,,,,R,24,"[None, None, None, None, 73]","[None, None, None, None, 28]","[None, None, None, None, 85]","[None, None, None, None, 'CHI']"
2015-2016,8474574,Tyler Myers,WPG,D,3.5,13.9,25.7,13.3,11.2,88.7,93.0,76.5,45.7,1.3,11.7,20.9,64.8,35.7,89.1,223,199,172,99.0,159.0,27,17,55,126,213,204,183,82,149,26,230,113,178,First Pair,73.0,1651.1333333333334,9.0,18.0,27.0,8.75064181408752,52.4390243902439,49.91280523758001,D,80.0,229.0,1990-02-01,USA,2008.0,1.0,12.0,R,25,"[21, 8, 16, 2, 5]","[69, 71, 47, 21, 11]","[16, 36, 44, 13, 40]","['BUF', 'BUF', 'BUF', 'WPG', 'WPG']"
2015-2016,8475197,Tyson Barrie,COL,D,84.3,96.1,11.7,34.5,,96.5,97.0,86.1,84.8,89.1,16.1,42.2,93.0,2.6,64.8,37,10,204,75.0,,9,8,33,36,24,194,134,17,225,82,230,113,178,First Pair,78.0,1809.5666666666664,13.0,36.0,49.0,9.56145629868673,50.44247787610619,44.34268552294797,D,71.0,197.0,1991-07-26,CAN,2009.0,3.0,64.0,R,24,"[None, 77, 75, 89, 83]","[None, 90, 91, 97, 94]","[None, 19, 30, 31, 5]","[None, 'COL', 'COL', 'COL', 'COL']"
2015-2016,8475167,Victor Hedman,TBL,D,84.8,82.2,84.3,17.7,72.5,94.8,97.4,92.2,97.0,34.8,32.6,91.7,90.0,84.3,55.7,36,42,37,94.0,50.0,13,7,19,8,137,156,20,24,37,103,230,113,178,First Pair,78.0,1799.1666666666667,10.0,37.0,47.0,10.343193828264113,61.855670103092784,56.23613956451015,D,79.0,244.0,1990-12-18,SWE,2009.0,1.0,2.0,L,24,"[42, 88, 64, 78, 89]","[84, 90, 74, 62, 93]","[42, 90, 69, 75, 88]","['TBL', 'TBL', 'TBL', 'TBL', 'TBL']"
2015-2016,8477300,Viktor Svedberg,CHI,D,49.1,47.4,27.8,,50.6,67.8,90.4,74.8,3.0,78.5,13.5,40.0,10.4,34.8,62.2,118,122,167,,89.0,75,23,59,224,42,200,139,207,151,88,230,113,178,Third Pair,27.0,425.3333333333333,2.0,2.0,4.0,1.238465695348116,41.37931034482759,46.483769101260485,D,80.0,238.0,1991-05-24,SWE,,,,L,24,"[None, None, None, None, 52]","[None, None, None, None, 49]","[None, None, None, None, 27]","[None, None, None, None, 'CHI']"
2015-2016,8465185,Willie Mitchell,FLA,D,75.7,79.1,76.1,,86.0,46.1,35.7,20.0,4.8,33.0,60.4,5.2,82.2,67.4,62.6,57,49,56,,26.0,125,149,185,220,141,92,219,42,76,87,230,113,178,Second Pair,46.0,916.5666666666666,1.0,6.0,7.0,1.364988938285702,49.122807017543856,47.27112664834537,D,75.0,210.0,1977-04-23,CAN,1996.0,8.0,199.0,L,38,"[85, None, 74, 90, 69]","[49, None, 89, 87, 72]","[91, None, 82, 87, 69]","['LAK', None, 'LAK', 'FLA', 'FLA']"
2015-2016,8474134,Yannick Weber,VAN,D,15.2,27.4,21.7,42.5,48.3,35.2,49.1,79.1,17.4,27.4,47.8,85.7,34.8,16.5,43.0,196,168,181,66.0,93.0,150,118,49,191,154,121,34,151,193,132,230,113,178,Second Pair,45.0,847.35,0.0,7.0,7.0,4.372540435755885,42.857142857142854,46.53612050912757,D,71.0,200.0,1988-09-23,CHE,2007.0,3.0,73.0,R,26,"[20, None, 20, 14, 19]","[48, None, 24, 39, 27]","[12, None, 20, 15, 29]","['MTL', None, 'VAN', 'VAN', 'VAN']"
2015-2016,8474567,Zach Bogosian,BUF,D,1.7,10.9,7.4,8.0,22.5,55.7,60.0,57.4,39.1,17.0,49.1,51.3,68.7,48.7,59.1,227,206,214,105.0,139.0,103,93,99,141,177,118,113,73,119,95,230,113,178,First Pair,64.0,1430.25,8.0,18.0,26.0,6.048095624292476,47.87234042553192,44.86160943007425,D,75.0,231.0,1990-07-15,USA,2008.0,1.0,3.0,R,25,"[9, 22, 11, 2, 3]","[85, 61, 59, 22, 7]","[3, 6, 10, 13, 7]","['WPG', 'WPG', 'WPG', 'BUF', 'BUF']"
2015-2016,8474743,Zach Redmond,COL,D,41.3,31.7,50.0,,,69.6,69.1,55.2,87.0,56.1,54.3,60.4,93.9,2.2,31.3,136,158,116,,,71,72,104,31,91,106,92,15,226,159,230,113,178,Fringe,37.0,435.81666666666666,2.0,4.0,6.0,1.0290634504872715,58.06451612903226,49.82337659847772,D,74.0,212.0,1988-07-26,USA,2008.0,7.0,184.0,R,27,"[None, None, None, 41, 48]","[None, None, None, 29, 41]","[None, None, None, 60, 42]","[None, None, None, 'COL', 'COL']"
2015-2016,8475902,Zach Trotman,BOS,D,52.6,57.8,43.5,,59.0,59.6,62.6,56.5,11.3,57.8,87.4,51.7,27.8,65.2,42.2,110,98,131,,74.0,94,87,101,205,87,30,112,167,81,134,230,113,178,Second Pair,38.0,705.05,2.0,5.0,7.0,1.8612167141648144,48.214285714285715,48.68811733319959,D,75.0,217.0,1990-08-26,USA,2010.0,7.0,210.0,R,25,"[None, None, None, 60, 45]","[None, None, None, 48, 67]","[None, None, None, 52, 38]","[None, None, None, 'BOS', 'BOS']"
2015-2016,8469760,Zbynek Michalek,ARI,D,73.5,3.9,91.7,,98.9,71.7,50.0,14.3,9.1,59.1,60.9,11.3,37.8,9.1,86.1,62,222,20,,3.0,66,116,198,210,84,91,205,144,210,33,230,113,178,Third Pair,70.0,1191.15,2.0,5.0,7.0,1.8538353616328904,47.82608695652174,41.371617857795485,D,74.0,210.0,1982-12-23,CZE,,,,R,32,"[76, 66, 62, 86, 68]","[38, 39, 13, 12, 2]","[70, 75, 88, 96, 87]","['PIT', 'PHX', 'PHX', 'STL', 'ARI']"
2015-2016,8465009,Zdeno Chara,BOS,D,83.9,70.4,94.3,70.8,91.6,90.0,78.3,47.8,60.9,10.4,51.3,14.3,45.7,69.1,83.0,38,69,14,34.0,16.0,24,51,121,91,192,113,198,126,72,40,230,113,178,First Pair,80.0,1927.75,9.0,28.0,37.0,7.576222838956453,53.09734513274337,48.86227583492542,D,81.0,250.0,1977-03-18,SVK,1996.0,3.0,56.0,L,38,"[99, 90, 98, 81, 77]","[99, 89, 80, 74, 56]","[99, 97, 98, 90, 92]","['BOS', 'BOS', 'BOS', 'BOS', 'BOS']"
