Season,Player ID,Player,Team,Position,ovr_pct,evo_pct,evd_pct,ppl_pct,pkl_pct,fin_pct,gol_pct,xgl_pct,ast_pct,pen_pct,hit_pct,ozs_pct,pdo_pct,tmt_pct,cmp_pct,ovr_rank,evo_rank,evd_rank,ppl_rank,pkl_rank,fin_rank,gol_rank,xgl_rank,ast_rank,pen_rank,hit_rank,ozs_rank,pdo_rank,tmt_rank,cmp_rank,all_players,ppl_players,pkl_players,Role,GP,TOI,Goals,Total Assists,Total Points,ixG,GF%,xGF%,Specific Position,Height (in),Weight (lbs),Date of Birth,Birth Country,Draft Year,Draft Round,Overall Draft Position,Shoots Catches,Age,ovr_history,evo_history,evd_history,team_history
2018-2019,8477932,Aaron Ekblad,FLA,D,44.9,58.8,52.7,62.7,86.7,93.8,89.7,92.6,23.0,9.5,29.2,29.2,38.3,58.0,97.9,135,101,116,39.0,25.0,16,26,19,188,195,173,173,151,103,6,243,102,180,First Pair,82.0,1938.8166666666664,13.0,24.0,37.0,9.177995077649788,49.382716049382715,48.82614715103851,D,76.0,220.0,1996-02-07,CAN,2014.0,1.0,1.0,R,22,"[77, 52, 9, 32, 67]","[55, 29, 19, 56, 65]","[70, 71, 48, 26, 70]","['FLA', 'FLA', 'FLA', 'FLA', 'FLA']"
2018-2019,8476457,Adam Larsson,EDM,D,46.9,50.2,86.4,,81.7,30.9,33.7,29.6,19.3,7.0,93.4,24.7,11.1,51.0,69.5,130,122,34,,34.0,169,162,172,197,201,17,184,217,120,75,243,102,180,Second Pair,82.0,1773.1,3.0,17.0,20.0,4.180656839932736,36.36363636363637,48.314594713902885,D,75.0,207.0,1992-11-12,SWE,2011.0,1.0,4.0,R,25,"[32, 40, 18, 58, 51]","[13, 5, 35, 59, 48]","[73, 94, 73, 80, 87]","['NJD', 'NJD', 'EDM', 'EDM', 'EDM']"
2018-2019,8471717,Adam McQuaid,CBJ,D,28.4,7.8,67.1,,77.2,70.4,62.6,4.1,3.7,33.7,90.1,45.3,42.8,64.6,46.1,175,225,81,,42.0,73,92,234,235,136,25,134,140,87,132,243,102,180,Third Pair,50.0,788.8666666666667,3.0,4.0,7.0,1.5409984541743442,48.07692307692308,46.97549809711515,D,76.0,210.0,1986-10-12,CAN,2005.0,2.0,55.0,R,31,"[46, 23, 49, 32, 28]","[10, 6, 8, 16, 7]","[92, 80, 87, 60, 68]","['BOS', 'BOS', 'BOS', 'BOS', 'CBJ']"
2018-2019,8476917,Adam Pelech,NYI,D,69.5,39.1,81.9,,13.3,58.8,68.3,65.4,46.5,77.4,72.8,17.3,89.3,52.7,58.4,75,149,45,,157.0,101,78,85,131,48,67,202,27,116,102,243,102,180,Second Pair,78.0,1453.1,5.0,16.0,21.0,4.819746347686609,60.97560975609756,53.85971348505322,D,75.0,212.0,1994-08-16,CAN,2012.0,3.0,65.0,L,24,"[None, None, 47, 49, 83]","[None, None, 14, 69, 29]","[None, None, 29, 45, 93]","[None, None, 'NYI', 'NYI', 'NYI']"
2018-2019,8474166,Alec Martinez,LAK,D,26.7,67.1,8.2,77.5,62.8,87.7,79.8,39.9,12.8,43.6,44.9,44.4,66.3,60.5,45.7,179,81,224,24.0,68.0,31,50,147,213,116,135,136,83,97,133,243,102,180,Second Pair,60.0,1281.7833333333333,4.0,14.0,18.0,4.52183185461571,50.0,47.8947287405271,D,73.0,210.0,1987-07-26,USA,2007.0,4.0,95.0,L,31,"[87, 65, 81, 6, 42]","[71, 66, 91, 29, 74]","[61, 71, 48, 6, 9]","['LAK', 'LAK', 'LAK', 'LAK', 'LAK']"
2018-2019,8473415,Alex Biega,VAN,D,18.5,56.4,25.9,,,13.2,30.5,94.2,90.5,23.0,95.9,70.0,41.6,7.0,30.5,199,107,181,,,212,170,15,24,162,11,74,143,227,170,243,102,180,Third Pair,41.0,724.5166666666667,2.0,14.0,16.0,3.035974125552913,47.61904761904761,48.92409617008998,D,70.0,195.0,1988-04-04,CAN,2006.0,5.0,147.0,R,30,"[None, 19, 25, 18, 25]","[None, 33, 37, 59, 59]","[None, 20, 29, 30, 28]","[None, 'VAN', 'VAN', 'VAN', 'VAN']"
2018-2019,8471274,Alex Goligoski,ARI,D,72.0,86.4,20.6,13.7,76.7,81.1,46.1,18.9,65.0,72.4,40.3,28.4,23.9,5.3,56.4,69,34,194,89.0,43.0,47,132,198,86,60,146,175,186,231,107,243,102,180,Second Pair,76.0,1582.0833333333333,3.0,24.0,27.0,4.30864239797415,47.91666666666667,49.89172501759307,D,71.0,173.0,1985-07-30,USA,2004.0,2.0,61.0,L,33,"[100, 97, 41, 63, 81]","[99, 99, 88, 84, 84]","[98, 76, 10, 17, 29]","['DAL', 'DAL', 'ARI', 'ARI', 'ARI']"
2018-2019,8474565,Alex Pietrangelo,STL,D,94.7,97.5,26.7,5.9,93.3,93.0,86.8,77.0,66.7,92.2,14.8,41.2,63.4,81.9,86.4,14,7,179,97.0,13.0,18,33,57,82,20,208,144,90,45,34,243,102,180,First Pair,71.0,1709.4666666666667,13.0,28.0,41.0,10.455432689542755,53.98230088495575,53.76285198520051,D,75.0,215.0,1990-01-18,CAN,2008.0,1.0,4.0,R,28,"[86, 85, 91, 89, 94]","[85, 97, 96, 93, 97]","[10, 11, 59, 22, 28]","['STL', 'STL', 'STL', 'STL', 'STL']"
2018-2019,8471303,Alexander Edler,VAN,D,17.7,9.1,48.1,85.3,97.2,81.5,63.0,28.4,32.9,4.9,76.5,25.5,24.3,16.9,99.6,201,222,127,16.0,6.0,46,91,175,164,206,58,182,185,203,2,243,102,180,First Pair,56.0,1375.9166666666667,10.0,24.0,34.0,4.683114936080158,46.75324675324675,46.486915861599506,D,76.0,210.0,1986-04-21,SWE,2004.0,3.0,91.0,L,32,"[17, 14, 10, 11, 33]","[26, 28, 32, 14, 6]","[64, 36, 8, 39, 70]","['VAN', 'VAN', 'VAN', 'VAN', 'VAN']"
2018-2019,8475755,Alexander Petrovic,EDM,D,23.0,53.9,24.7,,59.4,23.9,10.3,54.7,17.3,29.6,96.7,70.8,0.8,37.4,9.1,188,113,184,,74.0,186,219,111,202,146,9,72,242,153,222,243,102,180,Third Pair,35.0,578.4166666666666,0.0,2.0,2.0,1.9499358719219877,24.324324324324326,43.19173253047973,D,77.0,215.0,1992-03-03,CAN,2010.0,2.0,36.0,R,26,"[45, 30, 36, 37, 21]","[53, 63, 68, 67, 40]","[38, 33, 25, 33, 23]","['FLA', 'FLA', 'FLA', 'FLA', 'EDM']"
2018-2019,8471284,Andrej Sekera,EDM,D,56.8,64.6,29.6,,70.0,42.0,5.8,24.3,38.7,59.7,38.7,72.4,8.6,27.6,18.9,106,87,172,,55.0,142,230,185,150,87,150,68,223,177,198,243,102,180,Third Pair,24.0,395.73333333333335,0.0,4.0,4.0,1.0569288354827404,50.0,46.44023919393998,D,72.0,200.0,1986-06-08,SVK,2004.0,3.0,71.0,L,32,"[67, 78, 90, 45, 48]","[85, 91, 95, 56, 55]","[38, 42, 51, 23, 31]","['LAK', 'EDM', 'EDM', 'EDM', 'EDM']"
2018-2019,8473584,Andrew MacDonald,PHI,D,11.9,5.3,30.0,,20.0,65.8,27.6,35.0,37.0,41.2,30.0,21.8,49.4,49.4,51.9,215,231,171,,145.0,84,177,159,154,120,171,191,124,124,118,243,102,180,Third Pair,47.0,770.5333333333333,0.0,9.0,9.0,1.7353241303274791,45.3125,47.454094875456946,D,73.0,204.0,1986-09-07,CAN,2006.0,6.0,160.0,L,31,"[16, 29, 10, 19, 14]","[24, 19, 5, 7, 8]","[27, 23, 52, 19, 36]","['PHI', 'PHI', 'PHI', 'PHI', 'PHI']"
2018-2019,8472382,Andy Greene,NJD,D,80.2,25.5,89.7,,95.6,18.9,29.2,40.7,28.4,80.7,16.5,2.9,19.8,37.0,97.1,49,182,26,,9.0,198,173,145,175,43,204,237,196,154,8,243,102,180,Second Pair,82.0,1708.3666666666668,5.0,20.0,25.0,5.095392026845878,40.67796610169492,47.21981200826296,D,71.0,190.0,1982-10-30,USA,,,,L,35,"[92, 74, 83, 89, 70]","[19, 3, 38, 12, 40]","[99, 98, 94, 96, 70]","['NJD', 'NJD', 'NJD', 'NJD', 'NJD']"
2018-2019,8476407,Andy Welinski,ANA,D,38.3,31.3,27.2,,,48.1,44.4,65.0,46.9,78.8,83.1,100.0,43.6,3.3,22.2,151,168,178,,,127,136,86,130,46,42,1,138,236,190,243,102,180,Third Pair,26.0,417.03333333333336,1.0,3.0,4.0,1.4207288703789087,45.16129032258064,41.21084509486053,D,74.0,212.0,1993-04-27,USA,2011.0,3.0,83.0,R,25,"[None, None, None, None, 32]","[None, None, None, None, 32]","[None, None, None, None, 26]","[None, None, None, None, 'ANA']"
2018-2019,8475868,Anthony Bitetto,MIN,D,18.1,21.8,18.9,,,38.3,9.9,29.2,10.7,60.9,93.0,88.5,18.1,50.6,0.8,200,191,198,,,151,220,173,218,84,18,29,200,121,242,243,102,180,Fringe,36.0,429.3,0.0,3.0,3.0,1.254822322023741,36.666666666666664,43.193621707133936,D,73.0,222.0,1990-07-15,USA,2010.0,6.0,168.0,L,28,"[None, 47, 27, 26, 20]","[None, 33, 36, 23, 21]","[None, 30, 27, 28, 18]","[None, 'NSH', 'NSH', 'NSH', 'MIN']"
2018-2019,8471873,Anton Stralman,TBL,D,92.6,89.3,84.8,,88.3,17.3,30.0,35.4,65.4,71.2,37.0,46.1,95.9,90.5,78.2,19,27,38,,22.0,202,171,158,85,63,154,132,11,24,54,243,102,180,Second Pair,47.0,964.5833333333334,2.0,15.0,17.0,2.1795362311427673,54.929577464788736,49.47772159752248,D,71.0,193.0,1986-08-01,SWE,2005.0,7.0,216.0,R,32,"[98, 93, 97, 96, 79]","[97, 90, 96, 97, 77]","[91, 94, 93, 93, 64]","['TBL', 'TBL', 'TBL', 'TBL', 'TBL']"
2018-2019,8475279,Ben Chiarot,WPG,D,4.5,2.5,43.2,,38.9,69.5,47.3,23.0,86.8,9.1,84.0,67.1,85.2,57.6,22.6,233,238,139,,111.0,75,129,188,33,196,40,81,37,104,189,243,102,180,Second Pair,78.0,1452.0666666666666,5.0,15.0,20.0,3.7356717264326234,51.162790697674424,46.92743908036397,D,75.0,222.0,1991-05-09,CAN,2009.0,4.0,120.0,L,27,"[53, 49, 3, 11, 6]","[57, 63, 15, 18, 1]","[54, 44, 27, 38, 56]","['WPG', 'WPG', 'WPG', 'WPG', 'WPG']"
2018-2019,8477433,Ben Harpur,OTT,D,30.5,15.2,31.3,,48.3,46.5,8.2,1.6,7.8,84.8,84.8,6.6,2.9,1.6,58.0,170,207,168,,94.0,131,224,240,225,34,38,228,237,240,103,243,102,180,Third Pair,51.0,898.65,1.0,4.0,5.0,2.4572148864338597,39.34426229508197,41.44572055990205,D,80.0,235.0,1995-01-12,CAN,2013.0,4.0,108.0,L,23,"[None, None, None, 40, 30]","[None, None, None, 30, 10]","[None, None, None, 31, 31]","[None, None, None, 'OTT', 'OTT']"
2018-2019,8477018,Ben Hutton,VAN,D,7.4,23.0,3.3,31.4,75.0,18.5,18.9,26.7,1.6,39.9,28.4,58.0,22.2,7.8,57.2,226,188,236,71.0,46.0,199,198,179,240,123,175,103,190,225,105,243,102,180,First Pair,69.0,1542.55,5.0,15.0,20.0,4.939642557057907,40.0,42.80765185946861,D,75.0,209.0,1993-04-20,CAN,2012.0,5.0,147.0,L,25,"[None, 34, 17, 18, 7]","[None, 23, 30, 14, 35]","[None, 11, 15, 25, 0]","[None, 'VAN', 'VAN', 'VAN', 'VAN']"
2018-2019,8473933,Ben Lovejoy,DAL,D,63.8,28.0,87.7,,99.4,15.6,19.3,30.5,12.3,11.5,59.3,4.5,37.4,43.2,34.2,89,176,31,,2.0,206,197,170,214,190,100,233,153,139,161,243,102,180,Third Pair,71.0,1213.1333333333332,2.0,7.0,9.0,2.8267623733142067,45.07042253521127,49.62795356319204,D,73.0,205.0,1984-02-20,USA,,,,R,34,"[72, 77, 31, 84, 51]","[74, 71, 22, 51, 19]","[82, 84, 82, 92, 75]","['PIT', 'PIT', 'NJD', 'NJD', 'DAL']"
2018-2019,8480955,Bogdan Kiselevich,FLA,D,45.7,24.7,51.4,,57.2,49.8,2.5,0.4,100.0,67.9,86.0,56.8,6.2,48.6,0.4,133,184,119,,78.0,123,233,243,1,69,35,106,229,126,243,243,102,180,Third Pair,32.0,475.3333333333333,0.0,8.0,8.0,0.4456326006033186,43.75,50.640344504317305,D,72.0,202.0,1990-02-14,RUS,,,,L,28,"[None, None, None, None, 42]","[None, None, None, None, 25]","[None, None, None, None, 49]","[None, None, None, None, 'FLA']"
2018-2019,8476779,Brad Hunt,MIN,D,37.9,33.7,38.3,52.0,,42.8,23.5,78.6,14.4,55.8,17.3,95.1,13.6,70.4,7.4,152,162,151,50.0,,140,187,53,209,89,202,13,211,73,226,243,102,180,Third Pair,42.0,625.3833333333333,5.0,7.0,12.0,3.904818811722389,48.27586206896552,53.25084974677941,D,69.0,177.0,1988-08-24,CAN,,,,L,30,"[None, None, None, 35, 42]","[None, None, None, 24, 43]","[None, None, None, 37, 41]","[None, None, None, 'VGK', 'MIN']"
2018-2019,8476869,Brady Skjei,NYR,D,21.8,74.5,11.1,,70.6,17.7,70.0,87.7,64.2,31.7,68.3,47.3,49.8,30.0,68.3,191,63,217,,54.0,201,74,31,88,141,78,129,123,171,78,243,102,180,Second Pair,78.0,1656.2666666666669,8.0,17.0,25.0,6.545599079447913,48.64864864864865,47.583172350032434,D,75.0,210.0,1994-03-26,USA,2012.0,1.0,28.0,L,24,"[None, None, 38, 29, 24]","[None, None, 58, 82, 74]","[None, None, 44, 9, 10]","[None, None, 'NYR', 'NYR', 'NYR']"
2018-2019,8478443,Brandon Carlo,BOS,D,30.0,38.3,77.8,,90.6,9.1,13.6,30.0,4.9,7.4,68.7,61.7,77.0,84.4,33.7,171,151,55,,18.0,222,211,171,232,200,77,94,57,39,162,243,102,180,Second Pair,72.0,1506.4333333333334,2.0,8.0,10.0,5.058608321422089,60.75949367088608,53.41569196712585,D,77.0,227.0,1996-11-26,USA,2015.0,2.0,37.0,R,21,"[None, None, 17, 26, 53]","[None, None, 82, 58, 16]","[None, None, 43, 52, 90]","[None, None, 'BOS', 'BOS', 'BOS']"
2018-2019,8475430,Brandon Manning,EDM,D,19.8,27.2,16.0,,72.8,78.2,84.4,73.3,21.8,60.1,78.2,18.5,2.5,36.2,44.0,196,178,205,,50.0,54,39,66,191,86,54,199,238,156,137,243,102,180,Third Pair,39.0,578.8,2.0,2.0,4.0,1.5296811959187968,31.37254901960784,45.03670026851096,D,73.0,205.0,1990-06-04,CAN,,,,L,28,"[None, 57, 16, 7, 47]","[None, 52, 31, 40, 20]","[None, 12, 14, 7, 29]","[None, 'PHI', 'PHI', 'PHI', 'EDM']"
2018-2019,8477986,Brandon Montour,BUF,D,2.9,16.5,11.5,8.8,10.0,9.9,57.6,86.0,42.4,20.2,40.7,66.3,79.8,60.1,52.3,237,204,216,94.0,163.0,220,104,35,141,169,145,83,50,98,117,243,102,180,First Pair,82.0,1840.7833333333333,8.0,27.0,35.0,9.073511039660923,48.18181818181818,44.96431839376079,D,72.0,199.0,1994-04-11,CAN,2014.0,2.0,55.0,R,24,"[None, None, 63, 8, 0]","[None, None, 58, 44, 7]","[None, None, 31, 10, 11]","[None, None, 'ANA', 'ANA', 'BUF']"
2018-2019,8475188,Brayden McNabb,VGK,D,82.3,96.3,72.0,,57.8,84.0,52.7,9.9,21.4,4.1,87.2,51.9,50.6,85.2,59.7,44,10,69,,77.0,40,116,220,192,208,32,118,121,37,99,243,102,180,Second Pair,81.0,1577.7666666666669,4.0,12.0,16.0,3.3673482001282764,52.13675213675214,54.15542589460954,D,76.0,215.0,1991-01-21,CAN,2009.0,3.0,66.0,L,27,"[65, 21, 63, 86, 80]","[58, 85, 72, 93, 98]","[51, 63, 65, 84, 66]","['LAK', 'LAK', 'LAK', 'VGK', 'VGK']"
2018-2019,8470601,Braydon Coburn,TBL,D,37.4,25.9,84.0,,86.1,16.9,33.3,60.5,89.7,10.7,56.8,15.2,54.7,70.0,16.9,153,181,40,,26.0,203,163,97,26,192,106,207,111,74,203,243,102,180,Third Pair,74.0,1192.15,4.0,19.0,23.0,3.945199674962518,50.51546391752577,52.0197244127545,D,77.0,224.0,1985-02-27,CAN,2003.0,1.0,8.0,L,33,"[39, 35, 28, 25, 58]","[26, 13, 21, 20, 36]","[60, 60, 74, 79, 86]","['TBL', 'TBL', 'TBL', 'TBL', 'TBL']"
2018-2019,8474090,Brendan Smith,NYR,D,50.6,68.3,30.9,,75.6,11.9,65.0,99.2,41.6,45.3,69.5,71.6,41.2,20.2,31.3,121,78,169,,45.0,215,86,3,143,112,75,70,144,195,168,243,102,180,Third Pair,63.0,963.6333333333332,4.0,9.0,13.0,5.489953592527812,42.30769230769231,48.14407170123495,D,74.0,200.0,1989-02-08,CAN,2007.0,1.0,27.0,L,29,"[77, 63, 76, 36, 56]","[64, 73, 66, 73, 69]","[85, 77, 68, 33, 24]","['DET', 'DET', 'NYR', 'NYR', 'NYR']"
2018-2019,8475455,Brenden Dillon,SJS,D,71.6,81.5,90.1,,23.3,33.3,18.5,9.5,85.6,12.8,89.3,42.8,21.4,74.5,18.1,70,46,25,,139.0,163,199,221,36,187,27,140,192,63,200,243,102,180,Third Pair,82.0,1454.9333333333334,1.0,21.0,22.0,2.3435443643415215,56.41025641025641,57.97188758281793,D,76.0,225.0,1990-11-13,CAN,,,,L,27,"[26, 5, 58, 59, 79]","[72, 67, 68, 72, 85]","[55, 8, 79, 49, 94]","['SJS', 'SJS', 'SJS', 'SJS', 'SJS']"
2018-2019,8470613,Brent Burns,SJS,D,42.0,99.6,0.8,73.5,17.2,21.0,88.5,98.4,99.6,9.9,11.1,97.9,29.6,79.0,38.3,142,2,242,28.0,150.0,193,29,5,2,194,217,6,172,52,151,243,102,180,First Pair,82.0,2058.133333333333,16.0,67.0,83.0,14.15482898877426,53.5483870967742,52.650252568947344,D,77.0,228.0,1985-03-09,CAN,2003.0,1.0,20.0,R,33,"[59, 84, 96, 10, 46]","[97, 98, 100, 100, 97]","[12, 7, 0, 2, 2]","['SJS', 'SJS', 'SJS', 'SJS', 'SJS']"
2018-2019,8470607,Brent Seabrook,CHI,D,2.5,77.4,2.1,2.0,6.1,5.3,44.0,85.2,56.8,16.5,52.3,72.0,47.7,27.2,72.0,238,56,239,101.0,170.0,231,137,37,106,178,117,69,128,178,69,243,102,180,Second Pair,78.0,1489.55,5.0,23.0,28.0,7.308681895051707,45.91836734693878,45.7885815160082,D,75.0,220.0,1985-04-20,CAN,2003.0,1.0,14.0,R,33,"[55, 9, 8, 11, 1]","[88, 77, 71, 86, 69]","[23, 4, 7, 6, 1]","['CHI', 'CHI', 'CHI', 'CHI', 'CHI']"
2018-2019,8476967,Brett Kulak,MTL,D,74.1,62.6,71.2,,,72.4,74.5,70.0,20.2,75.7,63.0,64.2,35.4,80.2,9.9,64,92,71,,,68,63,74,195,52,91,88,158,49,220,243,102,180,Third Pair,57.0,1017.05,6.0,11.0,17.0,3.7124406361298816,57.77777777777777,57.21648854192172,D,73.0,192.0,1994-01-06,CAN,2012.0,4.0,105.0,L,24,"[None, None, None, 71, 78]","[None, None, None, 49, 68]","[None, None, None, 51, 84]","[None, None, None, 'CGY', 'MTL']"
2018-2019,8477488,Brett Pesce,CAR,D,97.5,81.1,95.9,,94.4,80.2,72.4,54.3,64.6,82.3,21.4,40.7,53.5,96.3,83.5,7,47,11,,11.0,49,68,112,87,39,192,145,114,10,41,243,102,180,Second Pair,73.0,1495.85,7.0,22.0,29.0,4.771641496470892,59.79381443298969,56.762961886820975,D,75.0,206.0,1994-11-15,USA,2013.0,3.0,66.0,R,23,"[None, 50, 94, 90, 98]","[None, 17, 59, 66, 86]","[None, 43, 93, 89, 95]","[None, 'CAR', 'CAR', 'CAR', 'CAR']"
2018-2019,8475208,Brian Dumoulin,PIT,D,91.4,74.9,91.8,,83.9,62.6,41.2,23.5,24.7,76.5,67.5,41.6,39.9,99.6,90.5,22,62,21,,30.0,92,144,187,184,50,80,143,147,2,24,243,102,180,Second Pair,76.0,1597.9166666666667,3.0,20.0,23.0,4.1222520643270855,58.19672131147541,54.57025714706919,D,76.0,215.0,1991-09-06,USA,2009.0,2.0,51.0,L,26,"[None, 76, 79, 85, 92]","[None, 34, 38, 63, 84]","[None, 83, 83, 89, 91]","[None, 'PIT', 'PIT', 'PIT', 'PIT']"
2018-2019,8468498,Brooks Orpik,WSH,D,10.7,18.5,20.2,,68.3,33.7,20.6,3.3,23.5,22.6,92.2,31.7,88.9,38.7,23.5,218,199,195,,58.0,162,194,236,187,163,20,167,28,150,187,243,102,180,Third Pair,53.0,830.15,2.0,7.0,9.0,1.3179719442805635,56.92307692307692,51.09418295773537,D,75.0,217.0,1980-09-26,USA,2000.0,1.0,18.0,L,37,"[6, 27, 49, 0, 40]","[16, 55, 28, 3, 53]","[32, 57, 67, 8, 27]","['WSH', 'WSH', 'WSH', 'WSH', 'WSH']"
2018-2019,8478452,Caleb Jones,EDM,D,35.8,28.4,41.2,,45.6,60.5,67.1,16.0,87.7,57.8,34.2,30.0,3.3,18.1,20.6,157,175,144,,99.0,97,81,205,31,88,161,171,236,200,194,243,102,180,Second Pair,17.0,336.55,1.0,5.0,6.0,0.8503028686069763,36.666666666666664,44.48157720099392,D,73.0,184.0,1997-06-06,USA,2015.0,4.0,117.0,L,21,"[None, None, None, None, 32]","[None, None, None, None, 28]","[None, None, None, None, 38]","[None, None, None, None, 'EDM']"
2018-2019,8475177,Calvin de Haan,CAR,D,86.4,68.7,89.3,,54.4,2.5,15.2,59.3,88.5,87.7,74.5,49.4,46.1,58.4,49.0,34,77,27,,83.0,238,207,100,29,29,63,124,132,102,125,243,102,180,Second Pair,74.0,1369.8333333333333,1.0,13.0,14.0,4.666650280231354,47.674418604651166,53.51237200032295,D,73.0,192.0,1991-05-09,CAN,2009.0,1.0,12.0,L,27,"[73, 84, 92, 81, 84]","[48, 75, 81, 65, 70]","[87, 84, 95, 74, 88]","['NYI', 'NYI', 'NYI', 'NYI', 'CAR']"
2018-2019,8475764,Cam Fowler,ANA,D,15.2,48.6,13.2,83.3,2.8,65.0,55.1,37.4,57.2,42.4,4.1,65.8,71.2,33.3,54.3,207,126,212,18.0,176.0,86,110,153,105,118,234,84,71,163,112,243,102,180,First Pair,59.0,1378.7,5.0,18.0,23.0,4.925037857724236,48.05194805194805,43.264354267247754,D,74.0,213.0,1991-12-05,CAN,2010.0,1.0,12.0,L,26,"[66, 23, 48, 57, 9]","[74, 47, 75, 70, 23]","[28, 16, 27, 46, 4]","['ANA', 'ANA', 'ANA', 'ANA', 'ANA']"
2018-2019,8477472,Carl Dahlstrom,CHI,D,48.1,58.0,28.0,,39.4,30.0,2.5,7.4,24.3,75.3,21.0,0.4,96.3,14.4,95.9,127,103,176,,110.0,171,233,226,185,53,193,243,10,209,11,243,102,180,Second Pair,38.0,706.9666666666667,0.0,6.0,6.0,1.1942622837062895,53.96825396825397,45.99368115200621,D,76.0,231.0,1995-01-28,SWE,2013.0,2.0,51.0,L,23,"[None, None, None, None, 44]","[None, None, None, None, 57]","[None, None, None, None, 26]","[None, None, None, None, 'CHI']"
2018-2019,8474125,Carl Gunnarsson,STL,D,59.3,6.2,85.6,,60.0,79.8,96.7,55.6,4.1,74.1,23.5,53.1,78.2,94.2,51.0,100,229,36,,73.0,50,9,109,234,56,187,115,54,15,120,243,102,180,Third Pair,25.0,398.28333333333336,3.0,4.0,7.0,1.342924600598198,58.333333333333336,54.74234201528005,D,74.0,198.0,1986-11-09,SWE,2007.0,7.0,194.0,L,31,"[74, 56, 65, 63, 59]","[11, 4, 6, 2, 26]","[81, 86, 80, 95, 68]","['STL', 'STL', 'STL', 'STL', 'STL']"
2018-2019,8479268,Casey Nelson,BUF,D,36.6,10.7,42.8,,61.7,56.8,39.1,20.6,26.7,82.9,41.2,66.7,7.0,24.7,19.3,155,218,140,,70.0,106,149,194,179,38,144,82,227,184,197,243,102,180,Third Pair,38.0,585.55,1.0,5.0,6.0,1.1036487192047555,51.28205128205128,49.048420319118385,D,73.0,185.0,1992-07-18,USA,,,,R,26,"[None, None, None, 35, 41]","[None, None, None, 11, 14]","[None, None, None, 35, 54]","[None, None, None, 'BUF', 'BUF']"
2018-2019,8479325,Charlie McAvoy,BOS,D,77.8,65.8,88.5,14.7,65.0,83.1,83.1,67.5,96.7,44.4,77.0,81.5,65.0,93.0,87.7,55,84,29,88.0,64.0,42,42,80,9,114,57,46,86,18,31,243,102,180,First Pair,54.0,1197.3333333333333,7.0,21.0,28.0,4.329851122154602,55.319148936170215,55.413749260681264,D,73.0,211.0,1997-12-21,USA,2016.0,1.0,14.0,R,20,"[None, None, None, 47, 91]","[None, None, None, 54, 72]","[None, None, None, 83, 88]","[None, None, None, 'BOS', 'BOS']"
2018-2019,8475690,Chris Tanev,VAN,D,79.4,7.0,96.7,,92.8,59.3,22.6,0.8,25.1,50.2,25.1,8.2,77.8,1.2,98.8,51,227,9,,14.0,100,189,242,183,101,183,224,55,241,4,243,102,180,Second Pair,55.0,1109.2166666666667,2.0,10.0,12.0,1.9433382321841537,49.15254237288136,44.673766619047925,D,75.0,200.0,1989-12-20,CAN,,,,R,28,"[95, 96, 88, 82, 74]","[49, 24, 16, 18, 4]","[97, 97, 95, 91, 95]","['VAN', 'VAN', 'VAN', 'VAN', 'VAN']"
2018-2019,8475227,Chris Wideman,FLA,D,39.1,37.4,35.8,42.2,,45.7,67.9,65.8,97.5,54.7,85.2,73.7,2.1,12.8,4.9,149,153,157,60.0,,133,79,84,7,91,37,65,239,213,232,243,102,180,Third Pair,25.0,326.43333333333334,2.0,5.0,7.0,1.2517886558280296,33.33333333333333,44.98071015698066,D,70.0,180.0,1990-01-07,USA,2009.0,4.0,100.0,R,28,"[None, 24, 37, None, 37]","[None, 53, 50, None, 39]","[None, 29, 42, None, 32]","[None, 'OTT', 'OTT', None, 'FLA']"
2018-2019,8477043,Christian Djoos,WSH,D,68.3,70.8,25.5,,,40.3,42.0,58.4,95.9,91.4,6.2,95.5,97.1,16.5,13.6,78,72,182,,,146,142,102,11,22,229,12,8,204,211,243,102,180,Third Pair,45.0,610.7166666666667,1.0,9.0,10.0,1.4248631602403563,59.57446808510638,45.0779157904676,D,72.0,180.0,1994-08-06,SWE,2012.0,7.0,195.0,L,24,"[None, None, None, 74, 63]","[None, None, None, 78, 63]","[None, None, None, 44, 21]","[None, None, None, 'WSH', 'WSH']"
2018-2019,8477850,Christian Folin,MTL,D,21.0,18.1,34.6,,34.4,49.4,17.7,9.1,30.9,49.8,98.8,39.5,53.1,65.0,10.3,193,200,160,,119.0,124,201,222,169,102,4,148,115,86,219,243,102,180,Third Pair,45.0,704.6666666666666,0.0,6.0,6.0,1.533996571628136,50.0,47.29341327878865,D,76.0,204.0,1991-02-09,SWE,,,,R,27,"[61, 50, 16, 47, 20]","[45, 30, 11, 32, 18]","[45, 37, 34, 42, 30]","['MIN', 'MIN', 'MIN', 'LAK', 'MTL']"
2018-2019,8478868,Christian Jaros,OTT,D,22.6,4.9,55.6,,,25.1,13.2,19.8,22.2,67.9,91.8,5.8,4.1,4.9,97.5,189,232,109,,,183,212,196,190,69,21,230,234,232,7,243,102,180,Third Pair,61.0,876.4,1.0,9.0,10.0,2.3696997916852434,36.76470588235294,41.40066569948268,D,75.0,222.0,1996-04-02,SVK,2015.0,5.0,139.0,R,22,"[None, None, None, None, 23]","[None, None, None, None, 7]","[None, None, None, None, 52]","[None, None, None, None, 'OTT']"
2018-2019,8478846,Christian Wolanin,OTT,D,54.3,49.8,48.6,47.1,,75.3,97.1,32.5,53.9,57.8,4.9,32.1,100.0,0.4,92.6,112,123,126,55.0,,61,8,165,113,88,232,166,1,243,19,243,102,180,Third Pair,30.0,519.7666666666667,4.0,8.0,12.0,1.4902095547946848,56.86274509803921,46.39283663580095,D,74.0,190.0,1995-03-17,CAN,2015.0,4.0,107.0,L,23,"[None, None, None, None, 54]","[None, None, None, None, 50]","[None, None, None, None, 46]","[None, None, None, None, 'OTT']"
2018-2019,8476879,Cody Ceci,OTT,D,8.6,42.8,4.5,,12.8,36.6,64.6,72.0,60.1,46.1,57.2,13.2,28.8,2.9,88.9,223,140,233,,158.0,155,87,69,98,110,105,212,174,237,28,243,102,180,First Pair,74.0,1669.5166666666669,7.0,19.0,26.0,6.152923325793803,41.7910447761194,44.71932445455536,D,75.0,210.0,1993-12-21,CAN,2012.0,1.0,15.0,R,24,"[79, 70, 21, 5, 11]","[89, 71, 9, 26, 66]","[55, 58, 60, 2, 4]","['OTT', 'OTT', 'OTT', 'OTT', 'OTT']"
2018-2019,8476525,Colin Miller,VGK,D,84.0,88.5,93.0,1.0,,11.1,28.4,61.3,76.5,29.2,78.6,96.3,21.8,78.2,14.4,40,29,18,102.0,,217,175,95,58,147,53,10,191,54,209,243,102,180,Second Pair,65.0,1276.9833333333331,3.0,26.0,29.0,5.456884137989036,51.21951219512195,56.98096915929763,D,73.0,200.0,1992-10-29,CAN,2012.0,5.0,151.0,R,25,"[None, 54, 85, 85, 80]","[None, 63, 84, 86, 87]","[None, 53, 80, 92, 88]","[None, 'BOS', 'BOS', 'VGK', 'VGK']"
2018-2019,8476892,Colton Parayko,STL,D,97.9,73.3,97.5,29.4,77.8,3.3,34.2,76.1,40.3,99.2,54.7,30.5,68.7,67.9,66.3,6,66,7,73.0,41.0,236,161,59,146,3,111,170,77,79,83,243,102,180,First Pair,80.0,1822.6833333333336,10.0,18.0,28.0,6.840448097683076,59.59595959595959,55.13988153963704,D,78.0,228.0,1993-05-12,CAN,2012.0,3.0,86.0,R,25,"[None, 91, 70, 98, 94]","[None, 93, 75, 91, 42]","[None, 60, 83, 96, 98]","[None, 'STL', 'STL', 'STL', 'STL']"
2018-2019,8476941,Connor Carrick,NJD,D,43.6,53.5,54.3,36.3,,54.7,72.0,71.6,72.0,32.9,50.6,74.9,25.1,55.1,3.7,138,114,112,66.0,,111,69,70,69,138,121,62,183,110,235,243,102,180,Third Pair,34.0,571.15,2.0,9.0,11.0,2.3268987626707056,38.095238095238095,47.19877892471601,D,70.0,198.0,1994-04-13,USA,2012.0,5.0,137.0,R,24,"[None, None, 34, 65, 30]","[None, None, 72, 58, 45]","[None, None, 39, 75, 35]","[None, None, 'TOR', 'TOR', 'NJD']"
2018-2019,8477365,Connor Clifton,BOS,D,48.6,32.1,50.6,,,48.6,2.5,1.2,0.8,67.9,92.6,82.3,96.7,65.4,6.2,126,166,121,,,126,233,241,242,69,19,44,9,85,229,243,102,180,Third Pair,19.0,336.4,0.0,1.0,1.0,0.5313983922076592,66.66666666666666,54.446564130729456,D,72.0,196.0,1995-04-28,USA,2013.0,5.0,133.0,R,23,"[None, None, None, None, 45]","[None, None, None, None, 33]","[None, None, None, None, 48]","[None, None, None, None, 'BOS']"
2018-2019,8476473,Connor Murphy,CHI,D,22.2,8.6,68.7,,8.3,52.3,71.6,52.3,28.0,49.0,88.1,4.1,55.1,17.3,60.5,190,223,77,,166.0,117,70,117,176,104,30,234,110,202,97,243,102,180,Second Pair,52.0,1013.4166666666666,5.0,8.0,13.0,2.5087188488255854,54.054054054054056,46.17265184624214,D,76.0,212.0,1993-03-26,USA,2011.0,1.0,20.0,R,25,"[35, 13, 10, 53, 19]","[9, 42, 5, 15, 9]","[43, 33, 75, 72, 67]","['ARI', 'ARI', 'ARI', 'CHI', 'CHI']"
2018-2019,8476923,Damon Severson,NJD,D,23.5,87.7,6.6,54.9,22.2,95.1,93.8,74.5,86.0,14.8,25.5,42.4,17.7,21.0,77.4,187,31,228,47.0,141.0,13,16,63,35,182,182,141,201,193,56,243,102,180,First Pair,82.0,1807.5166666666669,11.0,28.0,39.0,8.521666129217481,43.7037037037037,47.18316640984087,D,74.0,204.0,1994-08-07,CAN,2012.0,2.0,60.0,R,24,"[28, 32, 12, 33, 27]","[55, 68, 61, 81, 90]","[32, 23, 20, 4, 7]","['NJD', 'NJD', 'NJD', 'NJD', 'NJD']"
2018-2019,8471958,Dan Girardi,TBL,D,15.6,51.9,5.8,,84.4,74.1,65.4,47.7,11.1,43.0,84.4,45.7,80.2,92.6,40.7,206,118,230,,29.0,64,85,128,217,117,39,133,49,19,145,243,102,180,Third Pair,62.0,1103.6166666666666,4.0,12.0,16.0,3.916238665616546,51.08695652173913,50.440788783582455,D,73.0,212.0,1984-04-29,CAN,,,,R,34,"[26, 3, 4, 23, 21]","[34, 18, 17, 56, 60]","[8, 2, 1, 5, 11]","['NYR', 'NYR', 'NYR', 'TBL', 'TBL']"
2018-2019,8469465,Dan Hamhuis,NSH,D,76.5,35.4,87.2,,98.9,36.2,8.6,4.9,17.7,43.0,29.6,18.1,16.0,66.7,26.7,58,158,32,,3.0,156,223,232,201,117,172,200,205,82,179,243,102,180,Third Pair,57.0,914.6833333333334,0.0,5.0,5.0,1.400432340116146,46.2962962962963,47.28416130554712,D,73.0,204.0,1982-12-13,CAN,2001.0,1.0,12.0,L,35,"[65, 86, 82, 90, 62]","[33, 74, 73, 44, 22]","[63, 79, 65, 95, 74]","['VAN', 'VAN', 'DAL', 'DAL', 'NSH']"
2018-2019,8477215,Danny DeKeyser,DET,D,20.6,4.1,81.5,,56.1,88.5,82.3,36.6,69.5,19.8,46.5,20.6,76.1,42.8,77.8,194,234,46,,80.0,29,44,155,75,170,131,194,59,140,55,243,102,180,Second Pair,52.0,1142.3,5.0,15.0,20.0,3.3917842313581525,54.32098765432099,48.460603027098934,D,75.0,183.0,1990-03-07,USA,,,,L,28,"[48, 70, 23, 34, 22]","[23, 38, 0, 7, 10]","[88, 77, 90, 82, 74]","['DET', 'DET', 'DET', 'DET', 'DET']"
2018-2019,8477498,Darnell Nurse,EDM,D,4.9,43.6,21.8,12.7,16.1,28.0,86.0,95.5,62.6,2.9,57.6,25.1,57.2,46.5,57.6,232,138,191,90.0,152.0,176,35,12,92,211,104,183,105,131,104,243,102,180,First Pair,82.0,1953.2666666666669,10.0,31.0,41.0,9.727605219238365,45.92592592592592,46.25889471855616,D,76.0,215.0,1995-02-04,CAN,2013.0,1.0,7.0,L,23,"[None, 1, 24, 12, 3]","[None, 10, 33, 75, 22]","[None, 21, 22, 37, 18]","[None, 'EDM', 'EDM', 'EDM', 'EDM']"
2018-2019,8475233,David Savard,CBJ,D,89.7,84.4,95.5,,74.4,81.9,80.2,81.1,60.5,19.3,55.6,33.7,80.7,61.3,38.7,26,39,12,,47.0,45,49,47,97,171,109,162,48,95,150,243,102,180,Second Pair,82.0,1618.9833333333331,8.0,18.0,26.0,6.335370801384636,56.8,55.08425005417333,D,73.0,235.0,1990-10-22,CAN,2009.0,4.0,94.0,R,27,"[21, 39, 65, 67, 95]","[19, 56, 85, 88, 81]","[78, 68, 87, 72, 97]","['CBJ', 'CBJ', 'CBJ', 'CBJ', 'CBJ']"
2018-2019,8473673,David Schlemko,MTL,D,72.8,63.0,66.3,55.9,45.0,30.5,6.6,11.1,2.5,81.1,63.8,73.3,23.0,70.8,11.9,67,91,83,46.0,100.0,170,228,217,238,42,89,66,188,72,215,243,102,180,Second Pair,18.0,357.2,0.0,2.0,2.0,0.9249206676189335,48.0,53.533545139556,D,73.0,191.0,1987-05-07,CAN,,,,L,31,"[64, 89, 82, 81, 65]","[80, 80, 77, 69, 53]","[40, 75, 83, 73, 56]","['CGY', 'NJD', 'SJS', 'MTL', 'MTL']"
2018-2019,8478567,Dean Kukan,CBJ,D,57.2,56.0,47.3,,,44.0,2.5,16.9,95.5,67.9,31.7,89.7,98.4,67.1,25.5,105,108,129,,,137,233,203,12,69,167,26,5,81,182,243,102,180,Third Pair,25.0,336.6333333333333,0.0,5.0,5.0,0.7954797435175289,68.18181818181817,57.10789649675123,D,74.0,190.0,1993-07-08,CHE,,,,L,25,"[None, None, None, None, 57]","[None, None, None, None, 55]","[None, None, None, None, 44]","[None, None, None, None, 'CBJ']"
2018-2019,8479395,Dennis Cholowski,DET,D,33.3,52.7,28.8,44.1,,70.0,74.9,83.5,16.5,39.1,1.6,94.2,9.9,7.4,15.6,163,116,174,58.0,,74,62,41,204,124,240,15,220,226,206,243,102,180,Second Pair,52.0,949.1666666666666,7.0,9.0,16.0,4.543290779758216,40.32258064516129,46.02409715010001,D,74.0,210.0,1998-02-15,CAN,2016.0,1.0,20.0,L,20,"[None, None, None, None, 30]","[None, None, None, None, 52]","[None, None, None, None, 28]","[None, None, None, None, 'DET']"
2018-2019,8475762,Derek Forbort,LAK,D,9.9,4.5,65.8,,9.4,29.2,12.8,2.9,46.1,14.4,58.4,18.9,53.9,53.5,79.4,220,233,84,,164.0,173,213,237,132,183,102,198,113,114,51,243,102,180,Second Pair,81.0,1680.1,2.0,12.0,14.0,2.5376521182611564,42.391304347826086,45.68149993274571,D,76.0,216.0,1992-03-04,USA,2010.0,1.0,15.0,L,26,"[None, None, 35, 16, 8]","[None, None, 52, 11, 4]","[None, None, 40, 77, 65]","[None, None, 'LAK', 'LAK', 'LAK']"
2018-2019,8476884,Derrick Pouliot,VAN,D,33.7,72.4,23.0,27.5,,32.5,26.7,25.1,33.7,28.4,50.2,85.6,42.0,5.8,37.4,162,68,188,75.0,,165,179,183,162,149,122,36,142,230,153,243,102,180,Third Pair,62.0,1063.8166666666666,3.0,9.0,12.0,3.111846562731865,51.76470588235295,45.0253629872317,D,72.0,198.0,1994-01-16,CAN,2012.0,1.0,8.0,L,24,"[52, 66, None, 70, 16]","[46, 57, None, 76, 66]","[35, 45, None, 60, 14]","['PIT', 'PIT', None, 'VAN', 'VAN']"
2018-2019,8468674,Deryk Engelland,VGK,D,4.1,3.3,9.1,,64.4,67.1,43.6,21.4,61.3,38.3,75.3,39.1,46.5,86.4,55.6,234,236,222,,65.0,81,138,192,95,125,61,149,131,34,109,243,102,180,Second Pair,74.0,1470.95,2.0,10.0,12.0,3.0940672311878736,46.73913043478261,49.05692103423612,D,74.0,212.0,1982-04-03,CAN,2000.0,6.0,194.0,R,36,"[12, 8, 5, 13, 4]","[6, 3, 2, 8, 3]","[20, 33, 12, 13, 9]","['CGY', 'CGY', 'CGY', 'VGK', 'VGK']"
2018-2019,8478038,Devon Toews,NYI,D,80.7,71.2,55.1,68.6,,55.1,77.0,91.4,92.6,94.7,2.9,93.4,70.0,56.8,15.2,48,71,110,33.0,,110,57,22,19,14,237,17,74,106,207,243,102,180,Third Pair,48.0,858.9833333333333,5.0,13.0,18.0,4.026832411684458,56.25,55.73449549733878,D,73.0,191.0,1994-02-21,CAN,2014.0,4.0,108.0,L,24,"[None, None, None, None, 79]","[None, None, None, None, 71]","[None, None, None, None, 51]","[None, None, None, None, 'NYI']"
2018-2019,8470602,Dion Phaneuf,LAK,D,1.6,2.1,9.5,,,27.2,16.0,19.3,14.0,26.3,74.1,65.4,7.8,15.6,42.0,240,239,221,,,178,205,197,210,154,64,85,225,206,142,243,102,180,Third Pair,67.0,1004.9333333333332,1.0,5.0,6.0,2.7959243746019777,38.15789473684211,48.01021340357696,D,76.0,222.0,1985-04-10,CAN,2003.0,1.0,9.0,L,33,"[34, 30, 0, 1, 7]","[44, 61, 7, 1, 4]","[12, 14, 5, 4, 18]","['TOR', 'OTT', 'OTT', 'LAK', 'LAK']"
2018-2019,8475179,Dmitry Kulikov,WPG,D,24.3,26.7,51.9,,11.1,40.7,14.0,8.6,29.6,47.7,72.0,42.0,62.6,19.3,53.1,185,179,118,,161.0,145,210,223,172,107,69,142,92,197,115,243,102,180,Third Pair,57.0,892.8166666666667,0.0,6.0,6.0,1.54152728407383,51.5625,45.47639155057334,D,73.0,212.0,1990-10-29,RUS,2009.0,1.0,14.0,L,27,"[38, 9, 14, 49, 23]","[84, 27, 13, 35, 30]","[42, 65, 55, 51, 51]","['FLA', 'FLA', 'BUF', 'WPG', 'WPG']"
2018-2019,8475200,Dmitry Orlov,WSH,D,79.8,76.1,60.1,20.6,69.4,87.2,71.2,48.1,67.5,81.9,43.2,26.7,70.4,49.0,86.0,50,59,98,82.0,56.0,32,71,127,80,40,139,179,73,125,35,243,102,180,Second Pair,82.0,1774.1833333333334,3.0,26.0,29.0,5.339019943315537,48.52941176470589,46.05667901210585,D,71.0,215.0,1991-07-23,RUS,2009.0,2.0,55.0,L,27,"[None, 90, 75, 96, 48]","[None, 81, 94, 89, 46]","[None, 63, 61, 69, 51]","[None, 'WSH', 'WSH', 'WSH', 'WSH']"
2018-2019,8476462,Dougie Hamilton,CAR,D,97.1,100.0,37.0,95.1,,100.0,99.6,100.0,70.4,3.3,43.6,70.4,22.6,100.0,63.8,8,1,154,6.0,,1,2,1,73,210,138,73,189,1,89,243,102,180,Second Pair,82.0,1613.15,18.0,21.0,39.0,13.39783381669656,52.17391304347826,57.27086168647267,D,78.0,230.0,1993-06-17,CAN,2011.0,1.0,9.0,R,25,"[59, 74, 72, 88, 99]","[78, 87, 97, 99, 100]","[20, 15, 17, 56, 32]","['BOS', 'CGY', 'CGY', 'CGY', 'CAR']"
2018-2019,8474563,Drew Doughty,LAK,D,42.8,55.1,64.6,56.9,19.4,4.5,16.9,32.9,71.6,34.2,46.9,35.4,37.9,49.8,91.8,140,110,87,45.0,146.0,233,203,164,70,135,130,158,152,123,21,243,102,180,First Pair,82.0,2180.8,8.0,37.0,45.0,8.277253690677352,41.73913043478261,45.610682118579355,D,73.0,210.0,1989-12-08,CAN,2008.0,1.0,2.0,R,28,"[57, 91, 77, 68, 21]","[87, 85, 71, 79, 23]","[85, 97, 86, 68, 53]","['LAK', 'LAK', 'LAK', 'LAK', 'LAK']"
2018-2019,8470281,Duncan Keith,CHI,D,7.8,88.9,3.7,21.6,4.4,4.9,28.8,51.4,74.1,10.3,2.1,83.5,56.8,31.3,93.0,225,28,235,81.0,173.0,232,174,119,64,193,239,41,106,168,18,243,102,180,First Pair,82.0,1887.4333333333336,6.0,34.0,40.0,6.353278507364107,56.55172413793104,47.2639527970763,D,73.0,192.0,1983-07-16,CAN,2002.0,2.0,54.0,L,35,"[81, 86, 50, 7, 8]","[96, 95, 94, 95, 80]","[16, 54, 14, 2, 8]","['CHI', 'CHI', 'CHI', 'CHI', 'CHI']"
2018-2019,8470834,Dustin Byfuglien,WPG,D,49.0,90.5,74.1,94.1,43.3,1.6,60.9,97.9,49.4,0.8,39.9,49.8,63.8,44.9,73.3,125,24,64,7.0,103.0,240,96,6,124,216,147,123,89,135,66,243,102,180,First Pair,42.0,1023.0666666666666,4.0,27.0,31.0,6.270577987817422,52.72727272727272,51.09073651426242,D,77.0,260.0,1985-03-27,USA,2003.0,8.0,245.0,R,33,"[69, 71, 86, 27, 50]","[94, 99, 99, 94, 78]","[16, 10, 61, 68, 81]","['WPG', 'WPG', 'WPG', 'WPG', 'WPG']"
2018-2019,8476331,Dylan DeMelo,OTT,D,81.1,82.7,59.3,,67.8,51.4,28.0,28.8,94.2,79.8,77.4,43.6,58.4,34.6,35.0,47,43,100,,59.0,119,176,174,15,45,56,138,102,160,159,243,102,180,Second Pair,77.0,1484.8833333333334,4.0,18.0,22.0,4.014860551857671,48.97959183673469,49.88108743359403,D,73.0,194.0,1993-05-01,CAN,2011.0,6.0,179.0,R,25,"[None, 69, 62, 69, 89]","[None, 54, 45, 66, 89]","[None, 62, 52, 70, 49]","[None, 'SJS', 'SJS', 'SJS', 'OTT']"
2018-2019,8480948,Egor Yakovlev,NJD,D,53.9,36.6,39.9,,,63.4,90.9,81.9,91.4,85.6,9.5,7.0,28.0,10.7,67.9,113,155,147,,,90,23,45,22,33,221,227,176,218,79,243,102,180,Third Pair,25.0,391.83333333333337,2.0,5.0,7.0,1.4345874797876714,42.42424242424242,44.98377903247209,D,72.0,190.0,1991-09-17,RUS,,,,L,26,"[None, None, None, None, 53]","[None, None, None, None, 39]","[None, None, None, None, 36]","[None, None, None, None, 'NJD']"
2018-2019,8478416,Erik Cernak,TBL,D,77.4,49.4,77.0,,95.0,72.8,81.5,82.3,79.8,57.8,96.3,11.5,97.5,97.1,81.9,56,124,57,,10.0,67,46,44,50,88,10,216,7,8,45,243,102,180,Second Pair,58.0,1116.55,5.0,11.0,16.0,3.788672792483861,60.67415730337079,53.08223865952429,D,76.0,230.0,1997-05-28,SVK,2015.0,2.0,43.0,R,21,"[None, None, None, None, 76]","[None, None, None, None, 49]","[None, None, None, None, 77]","[None, None, None, None, 'TBL']"
2018-2019,8475790,Erik Gudbranson,PIT,D,14.4,8.2,29.2,,55.0,39.5,25.9,14.4,16.9,48.1,89.7,31.3,9.1,3.7,70.8,209,224,173,,82.0,148,181,209,203,106,26,168,222,235,72,243,102,180,Second Pair,76.0,1385.5333333333333,2.0,8.0,10.0,2.67587999740684,37.96296296296296,45.258076601139585,D,77.0,222.0,1992-01-07,CAN,2010.0,1.0,3.0,R,26,"[29, 59, 55, 36, 11]","[23, 20, 30, 6, 8]","[43, 62, 33, 53, 21]","['FLA', 'FLA', 'VAN', 'VAN', 'PIT']"
2018-2019,8476979,Erik Gustafsson,CHI,D,67.1,86.8,14.4,79.4,,97.5,97.9,73.7,93.4,30.0,49.8,97.1,74.5,10.3,58.8,81,33,209,22.0,,7,6,65,17,145,123,8,63,219,101,243,102,180,First Pair,79.0,1784.1833333333334,17.0,43.0,60.0,8.0535751146878,53.191489361702125,46.8364803410952,D,72.0,190.0,1992-03-14,SWE,2012.0,4.0,93.0,L,26,"[None, 55, None, 75, 60]","[None, 53, None, 76, 90]","[None, 27, None, 44, 7]","[None, 'CHI', None, 'CHI', 'CHI']"
2018-2019,8473446,Erik Johnson,COL,D,64.6,73.7,58.4,,6.7,79.4,79.0,79.8,32.5,63.8,51.4,64.6,32.9,22.6,92.2,87,65,102,,169.0,51,52,50,165,77,119,87,164,189,20,243,102,180,Second Pair,80.0,1745.1666666666667,7.0,18.0,25.0,6.6888315838139984,46.08695652173913,48.220586730598335,D,76.0,225.0,1988-03-21,USA,2006.0,1.0,1.0,R,30,"[44, 41, 72, 51, 70]","[75, 81, 73, 72, 77]","[11, 18, 37, 61, 63]","['COL', 'COL', 'COL', 'COL', 'COL']"
2018-2019,8474578,Erik Karlsson,SJS,D,92.2,98.8,25.1,67.6,52.8,1.2,37.0,89.7,99.2,87.2,13.2,92.6,11.9,63.8,59.3,20,4,183,34.0,86.0,241,154,26,3,30,212,19,215,89,100,243,102,180,First Pair,53.0,1297.9833333333331,3.0,42.0,45.0,7.644596515811592,54.45544554455446,59.7553096359098,D,72.0,185.0,1990-05-31,SWE,2008.0,1.0,15.0,R,28,"[99, 95, 99, 92, 87]","[100, 100, 99, 97, 98]","[19, 9, 9, 21, 40]","['OTT', 'OTT', 'OTT', 'OTT', 'SJS']"
2018-2019,8476902,Esa Lindell,DAL,D,27.2,2.9,80.7,25.5,60.6,64.2,43.2,33.3,26.3,51.4,51.0,25.9,84.0,83.1,87.2,178,237,48,77.0,72.0,88,139,163,180,99,120,181,40,42,32,243,102,180,First Pair,82.0,1994.7833333333333,11.0,21.0,32.0,7.119691229300398,50.495049504950494,45.96224920003449,D,75.0,217.0,1994-05-23,FIN,2012.0,3.0,74.0,L,24,"[None, None, 46, 76, 13]","[None, None, 21, 74, 0]","[None, None, 62, 86, 79]","[None, None, 'DAL', 'DAL', 'DAL']"
2018-2019,8479425,Filip Hronek,DET,D,55.1,19.3,60.5,57.8,30.0,86.0,91.8,57.6,58.0,78.8,56.4,22.6,12.8,2.1,100.0,110,197,97,44.0,127.0,35,21,104,103,46,107,189,213,239,1,243,102,180,Second Pair,46.0,918.2,5.0,18.0,23.0,4.061085629053547,41.66666666666667,45.16859208086868,D,72.0,190.0,1997-11-02,CZE,2016.0,2.0,53.0,R,20,"[None, None, None, None, 54]","[None, None, None, None, 20]","[None, None, None, None, 59]","[None, None, None, None, 'DET']"
2018-2019,8476368,Fredrik Claesson,NYR,D,57.6,10.3,76.1,,61.1,54.3,60.1,38.3,22.6,77.0,90.9,77.4,45.3,23.0,21.4,104,219,59,,71.0,112,98,151,189,49,23,56,134,188,192,243,102,180,Third Pair,37.0,638.1833333333333,2.0,4.0,6.0,2.108822041625808,51.42857142857142,46.14087088308296,D,73.0,196.0,1992-11-24,SWE,2011.0,5.0,126.0,L,25,"[None, 60, 71, 66, 50]","[None, 48, 59, 5, 13]","[None, 51, 57, 84, 73]","[None, 'OTT', 'OTT', 'OTT', 'NYR']"
2018-2019,8479945,Gavin Bayreuther,DAL,D,43.2,39.5,41.6,41.2,,56.4,63.4,53.9,9.5,57.8,24.3,7.8,72.4,55.6,25.1,139,148,143,61.0,,107,90,113,221,88,185,225,68,109,183,243,102,180,Second Pair,19.0,345.5833333333333,2.0,3.0,5.0,1.5750803393848631,52.38095238095239,48.86979557633438,D,74.0,210.0,1994-05-12,USA,,,,L,24,"[None, None, None, None, 38]","[None, None, None, None, 43]","[None, None, None, None, 38]","[None, None, None, None, 'DAL']"
2018-2019,8474688,Greg Pateryn,MIN,D,34.6,7.4,97.1,,28.9,7.0,11.5,18.5,31.3,6.6,74.9,4.9,19.3,84.8,39.5,160,226,8,,129.0,227,216,199,168,202,62,232,197,38,148,243,102,180,Third Pair,80.0,1369.65,1.0,6.0,7.0,2.805987654918847,44.70588235294118,52.12583337216616,D,74.0,221.0,1990-06-20,USA,2008.0,5.0,128.0,R,28,"[None, 44, 38, 35, 37]","[None, 25, 49, 10, 6]","[None, 53, 58, 97, 97]","[None, 'MTL', 'DAL', 'DAL', 'MIN']"
2018-2019,8478055,Gustav Forsling,CHI,D,16.0,27.6,16.5,,25.6,41.2,46.5,63.8,18.9,52.7,37.9,76.5,30.9,15.2,44.9,205,177,204,,135.0,144,131,89,198,96,152,58,169,207,135,243,102,180,Third Pair,43.0,734.5833333333334,3.0,6.0,9.0,2.1213694570023227,41.46341463414634,44.45319735632528,D,73.0,199.0,1996-06-12,SWE,2014.0,5.0,126.0,L,22,"[None, None, 54, 39, 11]","[None, None, 39, 34, 24]","[None, None, 30, 18, 15]","[None, None, 'CHI', 'CHI', 'CHI']"
2018-2019,8476854,Hampus Lindholm,ANA,D,88.9,93.4,94.7,71.6,11.7,22.6,32.5,38.7,27.6,17.3,32.5,22.2,64.6,42.4,84.4,28,17,14,30.0,160.0,189,165,150,177,176,165,190,87,141,39,243,102,180,First Pair,76.0,1823.6,6.0,22.0,28.0,7.733377588605537,50.0,48.04350504893427,D,76.0,217.0,1994-01-20,SWE,2012.0,1.0,6.0,L,24,"[85, 92, 89, 93, 83]","[91, 89, 89, 91, 93]","[36, 91, 89, 94, 92]","['ANA', 'ANA', 'ANA', 'ANA', 'ANA']"
2018-2019,8480035,Henri Jokiharju,CHI,D,29.6,54.3,36.6,37.3,47.8,9.5,2.5,69.5,89.3,39.1,42.4,90.5,1.2,11.5,99.2,172,112,155,65.0,95.0,221,233,75,27,124,141,24,241,216,3,243,102,180,Second Pair,38.0,721.25,0.0,12.0,12.0,2.5472012148523833,41.37931034482759,48.64752979861732,D,72.0,205.0,1999-06-17,FIN,2017.0,1.0,29.0,R,19,"[None, None, None, None, 28]","[None, None, None, None, 53]","[None, None, None, None, 33]","[None, None, None, None, 'CHI']"
2018-2019,8474013,Ian Cole,COL,D,20.2,59.3,93.8,,82.2,50.2,41.6,30.9,36.2,0.4,71.6,34.2,18.9,58.8,32.1,195,100,16,,33.0,122,143,169,156,217,70,161,198,101,166,243,102,180,Second Pair,71.0,1402.6833333333334,2.0,13.0,15.0,3.160679782414059,40.86021505376344,49.75075008097222,D,73.0,237.0,1989-02-21,USA,2007.0,1.0,18.0,L,29,"[80, 23, 52, 30, 18]","[86, 67, 69, 51, 61]","[79, 74, 81, 81, 94]","['PIT', 'PIT', 'PIT', 'CBJ', 'COL']"
2018-2019,8480943,Igor Ozhiganov,TOR,D,49.8,41.6,63.0,,,82.7,77.8,12.3,13.6,31.3,62.6,16.5,59.3,57.2,16.5,123,143,91,,,43,55,214,211,142,92,204,100,105,204,243,102,180,Third Pair,53.0,742.8000000000001,3.0,5.0,8.0,1.5327045803161452,50.79365079365079,52.97511856506439,D,74.0,210.0,1992-10-13,RUS,,,,R,25,"[None, None, None, None, 49]","[None, None, None, None, 45]","[None, None, None, None, 63]","[None, None, None, None, 'TOR']"
2018-2019,8480950,Ilya Lyubushkin,ARI,D,56.4,34.2,44.9,,,32.9,2.5,8.2,50.6,90.1,99.6,69.1,4.5,6.2,33.3,107,161,135,,,164,233,224,121,24,2,76,233,229,163,243,102,180,Third Pair,41.0,563.3166666666667,0.0,4.0,4.0,1.0393470761161738,38.46153846153847,47.374983874528304,D,74.0,206.0,1994-04-06,RUS,,,,R,24,"[None, None, None, None, 56]","[None, None, None, None, 34]","[None, None, None, None, 42]","[None, None, None, None, 'ARI']"
2018-2019,8478500,Ivan Provorov,PHI,D,60.9,13.6,69.5,2.9,90.0,95.5,92.6,80.7,35.4,65.0,51.9,17.7,35.8,74.9,94.7,96,211,75,100.0,19.0,12,19,48,158,74,118,201,157,62,14,243,102,180,First Pair,82.0,2059.1833333333334,7.0,19.0,26.0,8.380430329347218,44.666666666666664,48.71651736679092,D,73.0,224.0,1997-01-13,RUS,2015.0,1.0,7.0,L,21,"[None, None, 26, 72, 63]","[None, None, 7, 12, 27]","[None, None, 63, 78, 67]","[None, None, 'PHI', 'PHI', 'PHI']"
2018-2019,8476958,Jaccob Slavin,CAR,D,99.2,95.5,81.1,51.0,100.0,37.9,31.7,36.2,61.7,94.2,18.5,38.7,12.3,98.4,66.7,3,12,47,51.0,1.0,152,167,156,94,15,199,150,214,5,82,243,102,180,First Pair,82.0,1889.1,8.0,23.0,31.0,8.33481072194486,48.18181818181818,55.858868033070166,D,75.0,207.0,1994-05-01,USA,2012.0,4.0,120.0,L,24,"[None, 88, 98, 99, 96]","[None, 86, 93, 95, 96]","[None, 48, 84, 93, 61]","[None, 'CAR', 'CAR', 'CAR', 'CAR']"
2018-2019,8471677,Jack Johnson,PIT,D,3.3,6.6,12.3,,3.3,13.6,12.3,14.8,7.4,35.0,79.0,37.0,43.2,88.5,42.4,236,228,214,,175.0,211,214,208,226,133,52,154,139,29,141,243,102,180,Second Pair,82.0,1580.8333333333333,1.0,12.0,13.0,3.5319840639641655,43.39622641509434,47.13618064991132,D,74.0,225.0,1987-01-13,USA,2005.0,1.0,3.0,L,31,"[0, 10, 40, 5, 2]","[28, 33, 66, 28, 3]","[3, 17, 25, 14, 10]","['CBJ', 'CBJ', 'CBJ', 'CBJ', 'PIT']"
2018-2019,8478491,Jacob Larsson,ANA,D,38.7,48.1,42.4,,50.6,8.6,2.5,41.6,11.5,47.1,41.6,33.3,40.3,32.1,63.4,150,127,141,,90.0,223,233,143,216,108,143,163,146,166,90,243,102,180,Third Pair,49.0,838.6166666666667,0.0,5.0,5.0,2.155320862085795,46.2962962962963,48.73172403079931,D,74.0,193.0,1997-04-29,SWE,2015.0,1.0,27.0,L,21,"[None, None, None, None, 32]","[None, None, None, None, 48]","[None, None, None, None, 39]","[None, None, None, None, 'ANA']"
2018-2019,8476885,Jacob Trouba,WPG,D,32.9,85.6,67.9,58.8,16.7,2.9,48.1,86.4,93.0,2.1,36.6,52.3,60.9,68.3,93.8,164,36,79,43.0,151.0,237,127,34,18,213,155,117,96,78,16,243,102,180,First Pair,82.0,1876.0,8.0,42.0,50.0,8.25130391883401,50.0,48.67258910767372,D,75.0,212.0,1994-02-26,USA,2012.0,1.0,9.0,R,24,"[42, 80, 81, 78, 12]","[75, 95, 85, 84, 83]","[49, 83, 56, 77, 66]","['WPG', 'WPG', 'WPG', 'WPG', 'WPG']"
2018-2019,8474581,Jake Gardiner,TOR,D,85.6,90.9,63.8,88.2,,41.6,45.3,34.2,96.3,27.2,27.6,55.6,98.8,51.4,62.6,36,23,89,13.0,,143,134,161,10,152,177,109,4,119,92,243,102,180,Second Pair,62.0,1315.2666666666669,3.0,27.0,30.0,3.926374371893836,62.37623762376238,52.433490030201035,D,74.0,203.0,1990-07-04,USA,2008.0,1.0,17.0,L,28,"[79, 67, 91, 87, 76]","[37, 76, 97, 81, 89]","[87, 67, 64, 71, 58]","['TOR', 'TOR', 'TOR', 'TOR', 'TOR']"
2018-2019,8476931,Jake McCabe,BUF,D,27.6,17.3,65.4,,33.9,52.7,42.8,25.5,40.7,30.5,70.8,29.6,23.5,23.5,60.1,177,202,85,,120.0,116,140,182,145,144,72,172,187,187,98,243,102,180,Second Pair,59.0,1117.75,4.0,10.0,14.0,3.3508243749843105,45.20547945205479,48.16376281860185,D,73.0,210.0,1993-10-12,USA,2012.0,2.0,44.0,L,24,"[None, 77, 17, 28, 44]","[None, 44, 13, 14, 28]","[None, 78, 35, 67, 72]","[None, 'BUF', 'BUF', 'BUF', 'BUF']"
2018-2019,8474162,Jake Muzzin,TOR,D,95.1,95.9,79.8,84.3,96.1,94.7,83.5,55.1,73.3,12.3,80.2,39.9,75.3,50.2,55.1,13,11,50,17.0,8.0,14,41,110,66,188,49,147,61,122,110,243,102,180,Second Pair,80.0,1707.3166666666666,9.0,28.0,37.0,5.466443004588683,59.813084112149525,52.16542944868328,D,75.0,227.0,1989-02-21,CAN,2007.0,5.0,141.0,L,29,"[97, 97, 89, 80, 97]","[79, 97, 91, 96, 96]","[97, 93, 85, 65, 86]","['LAK', 'LAK', 'LAK', 'LAK', 'TOR']"
2018-2019,8479345,Jakob Chychrun,ARI,D,30.9,44.4,31.7,46.1,,14.4,35.8,70.4,34.2,53.9,62.1,86.0,31.3,9.9,31.7,169,136,167,56.0,,209,157,73,161,93,93,35,168,220,167,243,102,180,Second Pair,53.0,1073.5,5.0,15.0,20.0,7.783213620837753,44.06779661016949,50.73701085150352,D,74.0,215.0,1998-03-31,USA,2016.0,1.0,16.0,L,20,"[None, None, 12, 21, 59]","[None, None, 27, 49, 50]","[None, None, 23, 22, 45]","[None, None, 'ARI', 'ARI', 'ARI']"
2018-2019,8476467,Jamie Oleksiak,DAL,D,25.5,49.0,46.9,,,85.2,87.7,44.9,25.9,18.9,91.4,19.3,71.6,62.6,12.3,182,125,130,,,37,31,135,181,172,22,197,70,92,214,243,102,180,Third Pair,57.0,839.7,4.0,8.0,12.0,2.423648322558712,55.38461538461539,52.61879552072818,D,79.0,252.0,1992-12-21,CAN,2011.0,1.0,14.0,L,25,"[41, None, 48, 19, 34]","[40, None, 45, 68, 37]","[24, None, 45, 35, 59]","['DAL', None, 'DAL', 'PIT', 'DAL']"
2018-2019,8480172,Jan Rutta,TBL,D,36.2,55.6,27.6,,14.4,79.0,78.2,18.1,44.0,50.8,18.9,36.2,88.1,36.6,90.9,156,109,177,,155.0,52,54,200,137,100,198,156,30,155,23,243,102,180,Third Pair,37.0,576.9166666666666,2.0,6.0,8.0,1.2403258396189325,57.14285714285714,51.065291876145416,D,75.0,204.0,1990-07-29,CZE,,,,R,28,"[None, None, None, 33, 44]","[None, None, None, 57, 54]","[None, None, None, 19, 44]","[None, None, None, 'CHI', 'TBL']"
2018-2019,8474716,Jared Spurgeon,MIN,D,99.6,83.5,97.9,92.2,82.8,96.3,92.2,68.7,83.1,84.0,21.8,59.7,30.5,98.8,73.7,2,41,6,9.0,32.0,10,20,77,42,36,191,99,170,4,65,243,102,180,First Pair,82.0,1979.8666666666668,14.0,29.0,43.0,8.82935530661383,51.66666666666667,54.637145858059334,D,69.0,166.0,1989-11-29,CAN,2008.0,6.0,156.0,R,28,"[98, 95, 99, 97, 99]","[92, 77, 92, 88, 71]","[86, 88, 96, 94, 98]","['MIN', 'MIN', 'MIN', 'MIN', 'MIN']"
2018-2019,8474218,Jason Demers,ARI,D,75.7,51.0,86.8,,85.0,86.8,78.6,17.3,36.6,44.9,33.7,75.3,70.8,25.1,53.5,60,120,33,,28.0,33,53,202,155,113,162,61,72,183,114,243,102,180,Second Pair,35.0,699.7333333333333,2.0,6.0,8.0,1.402694297678044,58.333333333333336,45.43087786220973,D,73.0,195.0,1988-06-09,CAN,2008.0,7.0,186.0,R,30,"[83, 75, 78, 83, 71]","[76, 88, 46, 74, 36]","[90, 80, 88, 95, 69]","['DAL', 'DAL', 'FLA', 'ARI', 'ARI']"
2018-2019,8470151,Jay Bouwmeester,STL,D,3.7,1.2,46.1,,72.2,28.4,36.6,28.0,43.2,5.8,17.7,21.4,63.0,96.7,67.1,235,241,132,,51.0,175,155,176,139,204,201,192,91,9,81,243,102,180,Second Pair,78.0,1616.9833333333331,3.0,14.0,17.0,4.524677002234049,47.72727272727273,50.82670300293528,D,76.0,206.0,1983-09-27,CAN,2002.0,1.0,3.0,L,34,"[53, 25, 7, 16, 1]","[61, 15, 3, 10, 1]","[81, 60, 77, 40, 39]","['STL', 'STL', 'STL', 'STL', 'STL']"
2018-2019,8477034,Jaycob Megna,ANA,D,40.3,40.3,44.4,,38.3,58.4,51.9,21.8,59.3,47.1,48.1,56.4,56.0,4.5,14.8,146,146,136,,112.0,102,118,191,100,108,127,107,108,233,208,243,102,180,Third Pair,28.0,406.9,1.0,3.0,4.0,1.0930411799492143,48.0,48.83048081305805,D,78.0,214.0,1992-12-10,USA,2012.0,7.0,210.0,L,25,"[None, None, None, None, 36]","[None, None, None, None, 44]","[None, None, None, None, 42]","[None, None, None, None, 'ANA']"
2018-2019,8473507,Jeff Petry,MTL,D,93.0,97.1,88.1,4.9,63.3,86.4,80.7,84.8,84.8,25.5,75.7,49.0,14.4,66.3,42.8,18,8,30,98.0,67.0,34,48,38,38,156,60,125,209,83,140,243,102,180,First Pair,82.0,1895.7833333333333,13.0,33.0,46.0,9.542826962095209,49.65986394557823,53.53566660517708,D,75.0,208.0,1987-12-09,USA,2006.0,2.0,45.0,R,30,"[13, 66, 87, 95, 90]","[26, 74, 93, 94, 97]","[44, 70, 82, 88, 84]","['MTL', 'MTL', 'MTL', 'MTL', 'MTL']"
2018-2019,8477046,Joakim Ryan,SJS,D,62.1,63.4,47.7,,,35.4,14.8,35.8,8.2,66.3,44.0,78.6,28.4,72.0,23.0,93,90,128,,,158,208,157,224,71,137,53,175,69,188,243,102,180,Fringe,44.0,562.0666666666667,0.0,7.0,7.0,1.1604844102189356,47.45762711864407,53.36300047990659,D,71.0,185.0,1993-06-17,USA,2012.0,7.0,198.0,L,25,"[None, None, None, 67, 60]","[None, None, None, 61, 63]","[None, None, None, 57, 42]","[None, None, None, 'SJS', 'SJS']"
2018-2019,8476476,Joe Morrow,WPG,D,37.0,64.2,19.8,,,68.3,59.3,43.6,44.9,44.0,45.7,86.4,78.6,31.7,11.1,154,88,196,,,78,100,138,135,115,133,34,53,167,217,243,102,180,Third Pair,41.0,572.3333333333334,1.0,6.0,7.0,1.4549521472266245,50.0,44.531835300156935,D,72.0,196.0,1992-12-09,CAN,2011.0,1.0,23.0,L,25,"[None, 62, None, 45, 31]","[None, 58, None, 73, 56]","[None, 49, None, 27, 19]","[None, 'BOS', None, 'WPG', 'WPG']"
2018-2019,8476441,Joel Edmundson,STL,D,6.2,22.2,22.6,,65.6,47.7,58.0,67.9,47.7,3.7,61.3,24.3,44.0,95.9,71.6,229,190,189,,63.0,128,103,79,128,209,95,185,137,11,70,243,102,180,Second Pair,64.0,1240.7666666666669,2.0,9.0,11.0,4.469068213618851,52.4390243902439,52.95233450568026,D,77.0,220.0,1993-06-28,CAN,2011.0,2.0,46.0,L,25,"[None, 22, 5, 24, 4]","[None, 69, 12, 43, 18]","[None, 23, 13, 8, 58]","[None, 'STL', 'STL', 'STL', 'STL']"
2018-2019,8474590,John Carlson,WSH,D,81.9,98.4,5.3,96.1,29.4,91.8,94.7,95.9,93.8,34.6,5.3,77.0,94.2,39.1,75.7,45,5,231,5.0,128.0,21,14,11,16,134,231,57,15,149,60,243,102,180,First Pair,80.0,2005.1833333333336,13.0,57.0,70.0,11.504021022899536,59.47712418300654,49.36925260945287,D,75.0,220.0,1990-01-10,USA,2008.0,1.0,27.0,R,28,"[81, 88, 88, 54, 88]","[93, 84, 92, 95, 99]","[71, 59, 17, 11, 3]","['WSH', 'WSH', 'WSH', 'WSH', 'WSH']"
2018-2019,8475906,John Klingberg,DAL,D,96.7,95.1,32.1,99.0,,28.8,61.7,75.7,90.9,97.1,16.0,85.2,87.7,65.8,81.5,9,13,166,2.0,,174,94,60,23,8,205,37,31,84,46,243,102,180,First Pair,64.0,1569.95,10.0,35.0,45.0,8.199725217180255,56.79012345679012,52.14906626489031,D,74.0,185.0,1992-08-14,SWE,2010.0,5.0,131.0,R,26,"[73, 83, 76, 95, 96]","[77, 96, 86, 98, 92]","[23, 13, 12, 18, 57]","['DAL', 'DAL', 'DAL', 'DAL', 'DAL']"
2018-2019,8475186,John Moore,BOS,D,0.8,13.2,1.2,,15.0,39.1,46.9,63.4,25.5,15.2,61.7,62.6,35.0,56.4,35.4,242,212,241,,154.0,149,130,90,182,181,94,92,159,107,158,243,102,180,Second Pair,61.0,1145.1333333333334,4.0,9.0,13.0,3.856826130904811,46.15384615384615,47.234669389861175,D,75.0,207.0,1990-11-19,USA,2009.0,1.0,21.0,L,27,"[42, 7, 15, 0, 2]","[56, 43, 27, 21, 14]","[14, 3, 5, 1, 2]","['ARI', 'NJD', 'NJD', 'NJD', 'BOS']"
2018-2019,8470187,Johnny Boychuk,NYI,D,39.9,56.8,34.2,,37.2,4.1,45.7,83.1,70.8,69.1,79.8,47.7,72.0,11.1,48.1,147,106,161,,114.0,234,133,42,72,68,50,128,69,217,127,243,102,180,Second Pair,74.0,1393.4,3.0,16.0,19.0,6.413285673086089,52.12765957446809,47.02929160725832,D,74.0,227.0,1984-01-19,CAN,2002.0,2.0,61.0,R,34,"[97, 80, 77, 56, 22]","[98, 70, 83, 37, 58]","[72, 81, 62, 56, 20]","['NYI', 'NYI', 'NYI', 'NYI', 'NYI']"
2018-2019,8475750,Jon Merrill,VGK,D,25.9,39.9,71.6,,32.8,35.8,25.5,21.0,23.9,11.1,71.2,91.4,56.4,77.0,4.5,181,147,70,,122.0,157,182,193,186,191,71,22,107,57,233,243,102,180,Third Pair,57.0,1019.0666666666666,3.0,12.0,15.0,3.427976892958919,56.94444444444444,58.874100785014306,D,75.0,204.0,1992-02-03,USA,2010.0,2.0,38.0,L,26,"[12, 33, 22, 24, 40]","[6, 22, 10, 19, 65]","[26, 50, 64, 53, 83]","['NJD', 'NJD', 'NJD', 'VGK', 'VGK']"
2018-2019,8476463,Jonas Brodin,MIN,D,83.1,1.6,99.6,,56.7,74.9,49.8,13.2,49.0,46.5,10.7,21.0,45.7,90.9,65.4,42,240,2,,79.0,62,123,212,125,109,218,193,133,23,85,243,102,180,Second Pair,82.0,1684.55,4.0,14.0,18.0,4.884399529455283,45.16129032258064,53.31173327542721,D,74.0,196.0,1993-07-12,SWE,2011.0,1.0,10.0,L,25,"[89, 33, 80, 81, 86]","[4, 0, 7, 5, 2]","[99, 92, 97, 97, 99]","['MIN', 'MIN', 'MIN', 'MIN', 'MIN']"
2018-2019,8478399,Jonas Siegenthaler,WSH,D,56.0,46.9,61.3,,40.6,46.9,2.5,3.7,74.5,57.8,67.1,13.6,99.6,9.1,19.8,108,130,95,,108.0,130,233,235,63,88,81,211,2,222,196,243,102,180,Third Pair,26.0,367.98333333333335,0.0,4.0,4.0,0.5661503065142385,63.63636363636363,57.2565162052307,D,74.0,218.0,1997-05-06,CHE,2015.0,2.0,57.0,L,21,"[None, None, None, None, 55]","[None, None, None, None, 47]","[None, None, None, None, 60]","[None, None, None, None, 'WSH']"
2018-2019,8470318,Jonathan Ericsson,DET,D,6.6,12.8,24.3,,3.9,76.1,58.8,4.5,8.6,15.6,64.2,9.5,39.1,13.2,90.1,228,213,185,,174.0,59,101,233,223,180,88,221,149,212,25,243,102,180,Third Pair,52.0,895.4166666666666,3.0,2.0,5.0,1.6203847410746843,38.18181818181819,37.52708601886434,D,76.0,218.0,1984-03-02,SWE,2002.0,9.0,291.0,L,34,"[5, 31, 13, 9, 7]","[33, 59, 39, 53, 5]","[42, 47, 31, 39, 20]","['DET', 'DET', 'DET', 'DET', 'DET']"
2018-2019,8477851,Jordan Oesterle,ARI,D,53.1,18.9,49.4,48.0,31.7,74.5,51.0,22.6,31.7,88.5,49.0,68.3,15.2,26.7,43.2,115,198,124,54.0,124.0,63,120,189,167,27,125,78,207,179,139,243,102,180,Second Pair,71.0,1341.6166666666668,6.0,14.0,20.0,3.8439267026828143,44.9438202247191,46.345948332805435,D,72.0,181.0,1992-06-25,USA,,,,L,26,"[None, 58, None, 66, 39]","[None, 49, None, 46, 9]","[None, 36, None, 50, 50]","[None, 'EDM', None, 'CHI', 'ARI']"
2018-2019,8474818,Jordie Benn,MTL,D,52.7,42.4,88.9,,79.4,83.5,49.0,7.8,56.0,7.8,60.5,40.3,25.9,69.1,26.3,116,141,28,,38.0,41,125,225,108,199,97,146,181,76,180,243,102,180,Second Pair,81.0,1473.7,5.0,17.0,22.0,3.631555201906395,52.17391304347826,53.511752209196715,D,74.0,201.0,1987-07-26,CAN,,,,L,31,"[82, 64, 59, 44, 60]","[86, 43, 78, 21, 51]","[90, 72, 56, 81, 91]","['DAL', 'DAL', 'MTL', 'MTL', 'MTL']"
2018-2019,8476312,Josh Manson,ANA,D,23.9,70.0,72.8,,18.9,50.6,58.4,60.1,87.2,2.5,73.3,15.6,67.1,63.0,83.1,186,74,67,,147.0,121,102,98,32,212,66,206,81,91,42,243,102,180,First Pair,74.0,1650.7166666666667,3.0,13.0,16.0,4.407440335256893,44.0,45.707641366906174,D,75.0,218.0,1991-10-07,USA,2011.0,6.0,160.0,R,26,"[24, 82, 59, 71, 12]","[61, 57, 83, 85, 44]","[44, 90, 86, 82, 62]","['ANA', 'ANA', 'ANA', 'ANA', 'ANA']"
2018-2019,8477504,Josh Morrissey,WPG,D,62.6,59.7,73.3,17.6,28.3,76.5,47.7,46.5,72.4,36.6,39.5,59.3,58.0,86.0,82.3,92,99,66,85.0,130.0,58,128,131,68,129,148,100,103,35,44,243,102,180,First Pair,59.0,1321.9,6.0,25.0,31.0,6.063717803161188,52.17391304347826,49.97375516175872,D,72.0,195.0,1995-03-28,CAN,2013.0,1.0,13.0,L,23,"[None, None, 62, 64, 63]","[None, None, 41, 52, 65]","[None, None, 70, 87, 60]","[None, None, 'WPG', 'WPG', 'WPG']"
2018-2019,8477384,Joshua Brown,FLA,D,53.5,38.7,62.1,,41.7,60.1,31.3,5.3,0.4,57.8,98.4,63.0,8.2,43.6,27.6,114,150,93,,106.0,98,168,231,243,88,5,91,224,138,177,243,102,180,Third Pair,37.0,492.1166666666667,1.0,1.0,2.0,0.9411039237682784,42.30769230769231,52.18929128502548,D,77.0,220.0,1994-01-21,CAN,2013.0,6.0,152.0,R,24,"[None, None, None, None, 52]","[None, None, None, None, 41]","[None, None, None, None, 61]","[None, None, None, None, 'FLA']"
2018-2019,8477945,Julius Honka,DAL,D,55.6,43.2,54.7,,,34.6,11.1,78.2,71.2,74.9,44.4,91.8,20.6,47.7,8.6,109,139,111,,,160,217,54,71,54,136,21,194,128,223,243,102,180,Third Pair,29.0,397.68333333333334,0.0,4.0,4.0,1.7617703201496826,45.45454545454545,54.722875504186064,D,71.0,180.0,1995-12-03,FIN,2014.0,1.0,14.0,R,22,"[None, None, None, 58, 55]","[None, None, None, 36, 51]","[None, None, None, 59, 50]","[None, None, None, 'DAL', 'DAL']"
2018-2019,8474027,Justin Braun,SJS,D,9.1,0.4,92.2,,7.2,66.3,35.4,15.6,70.0,21.0,64.6,2.5,5.3,95.5,89.7,222,243,20,,168.0,83,158,206,74,167,87,238,231,12,26,243,102,180,Second Pair,78.0,1583.9166666666667,2.0,14.0,16.0,3.7763087509608666,39.39393939393939,51.30078846682938,D,74.0,205.0,1987-02-10,USA,2007.0,7.0,201.0,R,31,"[68, 83, 44, 4, 10]","[25, 64, 3, 2, 0]","[81, 95, 96, 58, 93]","['SJS', 'SJS', 'SJS', 'SJS', 'SJS']"
2018-2019,8475753,Justin Faulk,CAR,D,34.2,91.4,7.0,98.0,15.6,22.2,75.7,93.0,53.1,8.2,53.5,79.4,24.7,95.1,53.9,161,22,227,3.0,153.0,190,60,18,115,198,114,51,184,13,113,243,102,180,First Pair,82.0,1838.75,11.0,24.0,35.0,12.52708794076198,55.33980582524271,52.39965891991352,D,72.0,208.0,1992-03-20,USA,2010.0,2.0,37.0,R,26,"[40, 21, 79, 54, 18]","[96, 87, 96, 92, 86]","[2, 1, 2, 11, 8]","['CAR', 'CAR', 'CAR', 'CAR', 'CAR']"
2018-2019,8474602,Justin Schultz,PIT,D,24.7,58.4,12.8,53.9,,31.3,37.4,69.1,84.4,74.5,34.6,68.7,94.7,84.0,74.1,184,102,213,48.0,,168,153,76,39,55,160,77,14,40,64,243,102,180,Second Pair,29.0,594.5333333333333,2.0,13.0,15.0,3.171403832611812,54.285714285714285,45.18011562186881,D,74.0,190.0,1990-07-06,CAN,2008.0,2.0,43.0,R,28,"[16, 12, 52, 22, 29]","[72, 50, 86, 60, 42]","[0, 6, 6, 7, 17]","['EDM', 'PIT', 'PIT', 'PIT', 'PIT']"
2018-2019,8480945,Juuso Riikola,PIT,D,44.4,29.2,49.0,49.0,,27.6,2.5,45.7,5.8,67.9,94.7,16.9,91.4,71.2,40.3,136,173,125,53.0,,177,233,133,230,69,14,203,22,71,146,243,102,180,Third Pair,37.0,617.3333333333334,2.0,3.0,5.0,2.100222218762835,53.84615384615385,49.14453385683572,D,72.0,189.0,1993-11-09,FIN,,,,L,24,"[None, None, None, None, 39]","[None, None, None, None, 29]","[None, None, None, None, 46]","[None, None, None, None, 'PIT']"
2018-2019,8479976,Juuso Välimäki,CGY,D,40.7,37.0,39.1,,43.9,57.6,56.4,31.3,14.8,57.8,54.3,99.2,7.4,77.8,6.6,145,154,149,,102.0,104,107,168,208,88,112,3,226,55,228,243,102,180,Third Pair,24.0,371.6,1.0,2.0,3.0,1.0876881608873832,43.47826086956522,50.069708376538266,D,74.0,201.0,1998-10-06,FIN,2017.0,1.0,16.0,L,19,"[None, None, None, None, 37]","[None, None, None, None, 39]","[None, None, None, None, 35]","[None, None, None, None, 'CGY']"
2018-2019,8471735,Keith Yandle,FLA,D,14.0,92.2,0.4,97.1,,26.3,39.5,42.0,82.3,32.5,0.4,27.6,51.4,79.4,89.3,210,20,243,4.0,,180,148,142,44,139,243,177,119,51,27,243,102,180,First Pair,82.0,1840.3666666666663,9.0,53.0,62.0,9.81034086812384,48.148148148148145,48.47755819940143,D,73.0,192.0,1986-09-09,USA,2005.0,4.0,105.0,L,31,"[19, 17, 19, 22, 15]","[93, 90, 77, 88, 93]","[0, 0, 0, 0, 0]","['NYR', 'NYR', 'FLA', 'FLA', 'FLA']"
2018-2019,8476191,Kevan Miller,BOS,D,64.2,30.5,83.1,,83.3,31.7,7.8,5.8,48.1,37.0,90.5,23.0,48.6,73.3,18.5,88,170,42,,31.0,167,225,230,127,128,24,188,126,66,199,243,102,180,Third Pair,39.0,692.0666666666667,0.0,7.0,7.0,0.959934788487304,56.09756097560976,48.83602623966219,D,74.0,210.0,1987-11-15,USA,,,,R,30,"[51, 75, 61, 79, 52]","[30, 8, 22, 36, 32]","[72, 87, 72, 93, 72]","['BOS', 'BOS', 'BOS', 'BOS', 'BOS']"
2018-2019,8475246,Kevin Connauton,ARI,D,26.3,53.1,14.0,,30.6,90.1,76.5,56.4,6.2,60.5,83.5,32.5,67.5,8.6,34.6,180,115,210,,126.0,25,58,107,229,85,41,165,80,223,160,243,102,180,Second Pair,50.0,917.5833333333334,1.0,7.0,8.0,2.5003911925229705,43.859649122807014,47.96056204655785,D,74.0,205.0,1990-02-23,CAN,2009.0,3.0,83.0,L,28,"[20, 20, 27, 37, 26]","[73, 68, 55, 42, 60]","[3, 3, 24, 9, 15]","['CBJ', 'ARI', 'ARI', 'ARI', 'ARI']"
2018-2019,8475857,Kevin Gravel,EDM,D,65.8,35.0,57.2,,55.6,23.0,2.5,25.9,33.3,96.3,63.4,80.2,50.2,18.5,44.4,84,159,105,,81.0,188,233,181,163,10,90,49,122,199,136,243,102,180,Third Pair,36.0,529.5333333333333,0.0,3.0,3.0,1.1937586092990349,47.05882352941176,48.950490509962165,D,76.0,205.0,1992-03-06,USA,2010.0,5.0,148.0,L,26,"[None, None, 69, None, 64]","[None, None, 31, None, 38]","[None, None, 62, None, 53]","[None, None, 'LAK', None, 'EDM']"
2018-2019,8474031,Kevin Shattenkirk,NYR,D,51.0,65.4,70.4,69.6,,6.2,16.5,57.2,78.6,21.4,45.3,93.8,17.3,29.6,39.1,120,85,73,32.0,,229,204,105,53,166,134,16,202,172,149,243,102,180,Second Pair,73.0,1382.6,2.0,26.0,28.0,6.309218420105557,45.88235294117647,50.67100474538837,D,72.0,203.0,1989-01-29,USA,2007.0,1.0,14.0,R,29,"[84, 73, 74, 14, 72]","[87, 65, 79, 30, 76]","[79, 79, 90, 36, 80]","['STL', 'STL', 'WSH', 'NYR', 'NYR']"
2018-2019,8473560,Korbinian Holzer,ANA,D,35.0,32.9,35.4,,35.6,61.7,73.3,27.6,9.1,61.3,95.5,20.2,99.2,18.9,7.8,159,164,158,,117.0,94,66,177,222,83,12,195,3,198,225,243,102,180,Third Pair,22.0,353.46666666666664,1.0,3.0,4.0,0.795078626938579,57.14285714285714,50.921992843980824,D,75.0,213.0,1988-02-16,DEU,2006.0,4.0,111.0,R,30,"[27, 47, 30, None, 36]","[34, 37, 27, None, 37]","[17, 26, 35, None, 32]","['TOR', 'ANA', 'ANA', None, 'ANA']"
2018-2019,8471724,Kris Letang,PIT,D,90.9,94.7,80.2,11.8,87.2,90.9,93.0,96.3,88.1,21.8,46.1,46.5,34.6,97.9,95.1,23,14,49,91.0,24.0,23,18,10,30,165,132,131,160,6,13,243,102,180,First Pair,65.0,1687.35,16.0,40.0,56.0,11.247897758559745,60.83333333333333,53.648823947646754,D,72.0,199.0,1987-04-24,CAN,2005.0,3.0,62.0,R,31,"[71, 81, 66, 83, 93]","[95, 93, 87, 96, 94]","[62, 73, 54, 90, 74]","['PIT', 'PIT', 'PIT', 'PIT', 'PIT']"
2018-2019,8471729,Kris Russell,EDM,D,63.0,5.8,82.7,,36.7,67.5,38.7,11.5,35.8,90.9,47.3,26.3,61.7,28.8,62.1,91,230,43,,115.0,80,150,216,157,23,129,180,94,174,93,243,102,180,Second Pair,72.0,1470.7666666666669,3.0,13.0,16.0,2.635366349356854,50.505050505050505,47.907580291249865,D,70.0,170.0,1987-05-02,CAN,2005.0,3.0,67.0,L,31,"[57, 60, 32, 79, 57]","[10, 9, 4, 24, 5]","[68, 61, 71, 57, 90]","['CGY', 'DAL', 'EDM', 'EDM', 'EDM']"
2018-2019,8480935,Lawrence Pilut,BUF,D,72.4,61.7,66.7,,,56.0,25.1,7.0,60.9,78.8,25.9,63.4,6.6,23.9,24.7,68,94,82,,,108,183,227,96,46,181,90,228,186,184,243,102,180,Third Pair,33.0,574.8,1.0,5.0,6.0,1.1716012412893633,44.680851063829785,53.31480935522394,D,71.0,194.0,1995-12-30,SWE,,,,L,22,"[None, None, None, None, 72]","[None, None, None, None, 61]","[None, None, None, None, 67]","[None, None, None, None, 'BUF']"
2018-2019,8474568,Luke Schenn,VAN,D,12.8,11.1,17.7,,47.2,23.5,6.2,41.2,3.3,62.6,99.2,8.6,3.7,8.2,23.9,213,217,201,,96.0,187,229,144,236,80,3,223,235,224,186,243,102,180,Third Pair,26.0,361.53333333333336,0.0,2.0,2.0,1.1942349732492228,30.434782608695656,39.32178395477654,D,74.0,225.0,1989-11-02,CAN,2008.0,1.0,5.0,R,28,"[33, 6, 2, 13, 27]","[32, 11, 14, 9, 18]","[11, 12, 3, 20, 24]","['PHI', 'LAK', 'ARI', 'ARI', 'VAN']"
2018-2019,8477346,MacKenzie Weegar,FLA,D,70.4,63.8,78.2,,68.9,77.8,65.8,31.7,30.5,33.3,88.9,60.5,31.7,20.6,1.6,73,89,54,,57.0,55,84,167,170,137,28,97,167,194,240,243,102,180,Third Pair,64.0,1085.85,4.0,11.0,15.0,2.5400342549553607,46.666666666666664,49.91996877890558,D,72.0,206.0,1994-01-07,CAN,2013.0,7.0,206.0,R,24,"[None, None, None, 73, 68]","[None, None, None, 71, 58]","[None, None, None, 67, 85]","[None, None, None, 'FLA', 'FLA']"
2018-2019,8477474,Madison Bowey,DET,D,5.3,12.3,15.6,,41.1,26.7,20.2,53.5,62.1,14.0,66.7,52.7,73.3,4.1,25.9,231,214,206,,107.0,179,195,114,93,184,82,116,66,234,181,243,102,180,Third Pair,50.0,762.9166666666666,2.0,8.0,10.0,2.2884314362117792,48.148148148148145,42.10440269803456,D,73.0,207.0,1995-04-22,CAN,2013.0,2.0,53.0,R,23,"[None, None, None, 10, 5]","[None, None, None, 16, 15]","[None, None, None, 25, 14]","[None, None, None, 'WSH', 'DET']"
2018-2019,8471686,Marc Staal,NYR,D,5.8,33.3,4.9,,5.6,12.3,19.8,47.3,15.2,40.3,35.8,3.7,57.6,28.4,88.1,230,163,232,,171.0,214,196,129,207,122,157,235,104,175,30,243,102,180,Second Pair,79.0,1534.2,3.0,10.0,13.0,3.6668387970318865,42.45283018867924,44.78319027172932,D,76.0,208.0,1987-01-13,CAN,2005.0,1.0,12.0,L,31,"[18, 4, 46, 14, 2]","[64, 37, 62, 43, 23]","[8, 7, 30, 3, 6]","['NYR', 'NYR', 'NYR', 'NYR', 'NYR']"
2018-2019,8471709,Marc-Edouard Vlasic,SJS,D,93.8,72.8,96.3,15.7,18.3,73.3,70.8,71.2,79.4,93.4,2.5,10.7,26.3,63.4,95.5,16,67,10,87.0,148.0,66,72,71,51,17,238,218,180,90,12,243,102,180,Second Pair,72.0,1515.0666666666666,3.0,22.0,25.0,5.576155200356443,45.37815126050421,49.02519227910599,D,73.0,205.0,1987-03-30,CAN,2005.0,2.0,35.0,L,31,"[99, 98, 95, 99, 81]","[90, 83, 62, 77, 72]","[98, 99, 98, 100, 82]","['SJS', 'SJS', 'SJS', 'SJS', 'SJS']"
2018-2019,8474618,Marco Scandella,BUF,D,11.1,0.8,70.0,,33.3,90.5,85.6,27.2,9.9,23.9,19.8,37.4,11.5,29.2,72.8,217,242,74,,121.0,24,36,178,220,160,196,153,216,173,67,243,102,180,Third Pair,63.0,1109.45,6.0,7.0,13.0,2.9317846622307013,40.74074074074074,42.9765168388066,D,75.0,212.0,1990-02-23,CAN,2008.0,2.0,55.0,L,28,"[80, 80, 68, 16, 9]","[53, 22, 23, 0, 2]","[93, 85, 74, 88, 46]","['MIN', 'MIN', 'MIN', 'BUF', 'BUF']"
2018-2019,8477969,Marcus Pettersson,PIT,D,77.0,79.8,83.5,26.5,44.4,8.2,9.5,12.8,81.5,39.1,81.9,53.9,91.8,35.0,50.2,57,50,41,76.0,101.0,224,221,213,46,124,45,113,21,159,122,243,102,180,Third Pair,84.0,1401.2833333333333,2.0,23.0,25.0,3.405468180382043,58.333333333333336,53.24914929573402,D,77.0,174.0,1996-05-08,SWE,2014.0,2.0,38.0,L,22,"[None, None, None, None, 75]","[None, None, None, None, 79]","[None, None, None, None, 81]","[None, None, None, None, 'PIT']"
2018-2019,8474697,Mark Borowiecki,OTT,D,25.1,34.6,57.6,,67.2,21.4,36.2,77.8,13.2,23.5,100.0,5.3,9.5,2.5,64.2,183,160,104,,60.0,192,156,55,212,161,1,231,221,238,88,243,102,180,Third Pair,53.0,825.2166666666667,1.0,4.0,5.0,2.868199666856734,37.5,46.10814833265857,D,74.0,204.0,1989-07-12,CAN,2008.0,5.0,139.0,L,29,"[29, 7, 27, 60, 17]","[18, 14, 14, 53, 33]","[61, 47, 76, 65, 44]","['OTT', 'OTT', 'OTT', 'OTT', 'OTT']"
2018-2019,8470966,Mark Giordano,CGY,D,100.0,97.9,99.2,90.2,91.7,95.9,95.1,90.9,92.2,16.9,28.8,71.2,64.2,91.8,96.7,1,6,3,11.0,16.0,11,13,23,20,177,174,71,88,21,9,243,102,180,First Pair,78.0,1890.65,17.0,57.0,74.0,12.00709208893024,59.84251968503938,55.432564468311405,D,72.0,202.0,1983-10-03,CAN,,,,L,34,"[96, 96, 96, 100, 100]","[78, 91, 82, 99, 95]","[93, 89, 97, 99, 99]","['CGY', 'CGY', 'CGY', 'CGY', 'CGY']"
2018-2019,8475796,Mark Pysyk,FLA,D,70.8,57.2,90.5,,31.1,14.8,21.0,37.9,35.0,36.2,55.1,10.3,38.7,34.2,41.6,72,105,24,,125.0,208,193,152,159,130,110,219,150,161,143,243,102,180,Second Pair,70.0,1278.8333333333333,1.0,10.0,11.0,2.6545590357059248,48.93617021276596,48.32114158656885,D,73.0,205.0,1992-01-11,CAN,2010.0,1.0,23.0,R,26,"[None, 30, 85, 94, 25]","[None, 64, 48, 79, 35]","[None, 66, 89, 90, 85]","[None, 'BUF', 'FLA', 'FLA', 'FLA']"
2018-2019,8478906,Markus Nutivaara,CBJ,D,83.5,75.7,44.0,,,88.9,87.2,76.5,79.0,97.5,24.7,76.1,68.3,79.8,35.8,41,60,137,,,28,32,58,52,7,184,59,78,50,157,243,102,180,Third Pair,80.0,1414.3833333333334,6.0,16.0,22.0,5.080152069882392,50.0,51.14308173712704,D,73.0,187.0,1994-06-06,FIN,2015.0,7.0,189.0,L,24,"[None, None, 56, 88, 85]","[None, None, 67, 89, 62]","[None, None, 21, 38, 58]","[None, None, 'CBJ', 'CBJ', 'CBJ']"
2018-2019,8475716,Martin Marincin,TOR,D,50.2,45.7,43.6,,51.7,44.9,54.3,87.2,39.9,63.0,37.4,51.4,15.6,53.9,5.3,122,133,138,,88.0,135,112,32,147,79,153,119,206,113,231,243,102,180,Third Pair,24.0,364.8,1.0,4.0,5.0,1.4917682733961737,43.75,52.107426725480835,D,77.0,217.0,1992-02-18,SVK,2010.0,2.0,46.0,L,26,"[32, 20, 64, None, 45]","[69, 23, 61, None, 44]","[21, 54, 42, None, 43]","['EDM', 'TOR', 'TOR', None, 'TOR']"
2018-2019,8476856,Mathew Dumba,MIN,D,28.0,24.3,32.9,35.3,40.0,97.1,98.8,93.4,43.6,30.9,42.0,54.3,58.8,99.2,54.7,176,185,164,67.0,109.0,8,4,17,138,143,142,112,101,3,111,243,102,180,First Pair,32.0,748.0333333333333,12.0,10.0,22.0,5.658047224383448,49.01960784313725,55.33588972525153,D,72.0,191.0,1994-07-25,CAN,2012.0,1.0,7.0,R,24,"[85, 51, 33, 21, 46]","[58, 10, 20, 4, 59]","[68, 35, 55, 36, 25]","['MIN', 'MIN', 'MIN', 'MIN', 'MIN']"
2018-2019,8476988,Matt Benning,EDM,D,52.3,40.7,45.3,,63.9,78.6,74.1,62.6,54.3,55.1,81.5,80.7,86.0,35.4,29.6,117,145,134,,66.0,53,64,92,112,90,46,48,35,158,172,243,102,180,Third Pair,70.0,1046.1666666666667,5.0,12.0,17.0,3.0075768434743915,55.84415584415584,49.22675070518824,D,73.0,220.0,1994-05-25,CAN,2012.0,6.0,175.0,R,24,"[None, None, 68, 61, 39]","[None, None, 29, 61, 35]","[None, None, 66, 28, 55]","[None, None, 'EDM', 'EDM', 'EDM']"
2018-2019,8476891,Matt Grzelcyk,BOS,D,51.9,61.3,74.5,33.3,,10.7,26.3,62.1,18.5,22.2,23.9,38.3,90.5,67.5,30.9,118,95,63,69.0,,218,180,93,199,164,186,151,24,80,169,243,102,180,Second Pair,66.0,1262.65,3.0,15.0,18.0,3.5959419119746245,56.060606060606055,51.13551121959774,D,70.0,180.0,1994-01-05,USA,2012.0,3.0,85.0,L,24,"[None, None, None, 77, 24]","[None, None, None, 64, 58]","[None, None, None, 73, 78]","[None, None, None, 'BOS', 'BOS']"
2018-2019,8475625,Matt Irwin,NSH,D,54.7,23.5,68.3,,,46.1,42.4,60.9,66.3,63.4,94.2,63.8,79.4,41.2,8.2,111,187,78,,,132,141,96,83,78,15,89,51,144,224,243,102,180,Fringe,44.0,497.0,1.0,6.0,7.0,1.5064793380949244,57.14285714285714,49.04254647358887,D,74.0,200.0,1987-11-29,CAN,,,,L,30,"[63, None, 80, 53, 49]","[64, None, 23, 30, 24]","[41, None, 84, 66, 69]","['SJS', None, 'NSH', 'NSH', 'NSH']"
2018-2019,8471702,Matt Niskanen,WSH,D,81.5,46.5,92.6,,93.9,93.4,81.1,46.9,65.8,24.7,67.9,9.9,83.5,45.3,94.2,46,131,19,,12.0,17,47,130,84,158,79,220,41,134,15,243,102,180,Second Pair,80.0,1754.5166666666669,8.0,17.0,25.0,5.119432060824171,47.32142857142857,45.53461453212481,D,73.0,203.0,1986-12-06,USA,2005.0,1.0,28.0,R,31,"[83, 93, 86, 80, 78]","[81, 86, 74, 80, 11]","[95, 98, 94, 85, 90]","['WSH', 'WSH', 'WSH', 'WSH', 'WSH']"
2018-2019,8478911,Matt Roy,LAK,D,29.2,36.2,26.3,,52.2,68.7,91.4,45.3,5.3,52.3,65.8,2.1,67.9,13.6,56.8,173,156,180,,87.0,77,22,134,231,97,84,239,79,211,106,243,102,180,Third Pair,25.0,428.26666666666665,2.0,4.0,6.0,1.3053260127518072,46.34146341463415,43.27757026905937,D,74.0,220.0,1995-03-01,USA,2015.0,7.0,194.0,R,23,"[None, None, None, None, 28]","[None, None, None, None, 38]","[None, None, None, None, 25]","[None, None, None, None, 'LAK']"
2018-2019,8475218,Mattias Ekholm,NSH,D,98.8,90.1,98.4,16.7,97.8,38.7,44.9,52.7,81.9,28.8,14.0,50.2,60.5,64.2,74.9,4,25,5,86.0,5.0,150,135,116,45,148,210,122,97,88,62,243,102,180,First Pair,80.0,1869.1166666666668,8.0,36.0,44.0,6.92993215858685,56.52173913043478,52.80606574034324,D,77.0,225.0,1990-05-24,SWE,2009.0,4.0,102.0,L,28,"[90, 94, 93, 98, 95]","[84, 82, 65, 90, 88]","[95, 96, 99, 98, 97]","['NSH', 'NSH', 'NSH', 'NSH', 'NSH']"
2018-2019,8479320,Maxime Lajoie,OTT,D,14.8,9.5,38.7,28.4,12.2,80.7,69.5,49.0,6.6,41.8,35.0,12.8,14.8,6.6,74.5,208,221,150,74.0,159.0,48,75,125,228,119,159,213,208,228,63,243,102,180,Second Pair,56.0,1058.7166666666667,7.0,8.0,15.0,4.63684507736581,37.3134328358209,41.985905677463066,D,73.0,191.0,1997-11-05,CAN,2016.0,5.0,133.0,L,20,"[None, None, None, None, 17]","[None, None, None, None, 11]","[None, None, None, None, 34]","[None, None, None, None, 'OTT']"
2018-2019,8474584,Michael Del Zotto,STL,D,16.5,60.1,7.4,,58.3,60.9,53.5,79.4,39.5,51.9,93.8,75.7,27.2,16.0,43.6,204,98,226,,76.0,96,114,51,148,98,16,60,178,205,138,243,102,180,Third Pair,42.0,715.2,1.0,9.0,10.0,2.3913651130649285,46.2962962962963,49.25420778838895,D,72.0,195.0,1990-06-24,CAN,2008.0,1.0,20.0,L,28,"[25, 44, 57, 3, 25]","[77, 41, 67, 60, 56]","[6, 22, 18, 1, 16]","['PHI', 'PHI', 'PHI', 'VAN', 'STL']"
2018-2019,8479482,Michal Kempny,WSH,D,69.1,88.1,58.8,,73.9,92.2,81.9,46.1,63.8,13.6,49.4,58.8,93.4,35.8,50.6,76,30,101,,48.0,20,45,132,89,185,124,101,17,157,121,243,102,180,Second Pair,71.0,1362.2666666666669,6.0,19.0,25.0,3.421799592901134,57.377049180327866,48.88208246734185,D,73.0,190.0,1990-09-08,CZE,,,,L,27,"[None, None, 73, 69, 69]","[None, None, 76, 74, 92]","[None, None, 70, 75, 33]","[None, None, 'CHI', 'WSH', 'WSH']"
2018-2019,8471242,Mike Green,DET,D,11.5,26.3,18.5,39.2,,85.6,90.1,90.1,73.7,20.6,48.6,57.2,44.9,17.7,37.9,216,180,199,63.0,,36,25,25,65,168,126,105,135,201,152,243,102,180,Second Pair,43.0,932.1333333333332,5.0,21.0,26.0,5.255802294155087,48.52941176470589,45.9552788531041,D,73.0,210.0,1985-10-12,CAN,2004.0,1.0,29.0,R,32,"[84, 53, 51, 7, 13]","[71, 79, 25, 27, 30]","[77, 61, 57, 12, 22]","['WSH', 'DET', 'DET', 'DET', 'DET']"
2018-2019,8476875,Mike Matheson,FLA,D,17.3,45.3,11.9,59.8,88.9,91.4,84.8,72.8,28.8,24.3,13.6,14.4,13.2,75.3,79.8,202,134,215,42.0,21.0,22,38,67,174,159,211,209,212,61,50,243,102,180,First Pair,75.0,1673.85,8.0,19.0,27.0,5.663229000623254,42.74809160305343,47.79018159690918,D,74.0,196.0,1994-02-27,CAN,2012.0,1.0,23.0,L,24,"[None, None, 15, 39, 16]","[None, None, 24, 55, 47]","[None, None, 17, 10, 13]","[None, None, 'FLA', 'FLA', 'FLA']"
2018-2019,8476422,Mike Reilly,MTL,D,19.3,21.0,19.3,34.3,,20.6,37.9,59.7,58.4,66.7,32.1,60.1,59.7,83.5,17.7,197,193,197,68.0,,194,152,99,102,70,166,98,99,41,201,243,102,180,Second Pair,57.0,1064.5166666666669,3.0,8.0,11.0,4.462673413977765,53.75,51.63638612253191,D,74.0,191.0,1993-07-13,USA,2011.0,4.0,98.0,L,25,"[None, 53, None, 9, 35]","[None, 43, None, 17, 28]","[None, 39, None, 17, 23]","[None, 'MIN', None, 'MTL', 'MTL']"
2018-2019,8479410,Mikhail Sergachev,TBL,D,61.3,67.5,32.5,70.6,,63.8,84.0,93.8,98.8,64.6,58.8,97.5,85.6,92.2,9.5,95,80,165,31.0,,89,40,16,4,75,101,7,36,20,221,243,102,180,Third Pair,75.0,1344.25,6.0,26.0,32.0,6.121190919382356,57.00934579439251,54.451342500156144,D,75.0,212.0,1998-06-25,RUS,2016.0,1.0,9.0,L,20,"[None, None, None, 34, 75]","[None, None, None, 57, 74]","[None, None, None, 16, 57]","[None, None, None, 'TBL', 'TBL']"
2018-2019,8477509,Mirco Mueller,NJD,D,59.7,19.8,61.7,,53.9,45.3,7.0,2.5,16.0,91.8,38.3,11.9,51.9,25.5,45.3,99,196,94,,84.0,134,227,238,205,21,151,215,118,182,134,243,102,180,Second Pair,53.0,957.8166666666666,1.0,10.0,11.0,1.272961579483228,45.45454545454545,48.67596300348559,D,75.0,210.0,1995-03-21,CHE,2013.0,1.0,18.0,L,23,"[51, None, None, 60, 62]","[22, None, None, 27, 17]","[53, None, None, 56, 65]","['SJS', None, None, 'NJD', 'NJD']"
2018-2019,8480036,Miro Heiskanen,DAL,D,89.3,93.0,62.6,6.9,71.1,94.2,90.5,90.5,37.4,78.8,11.9,79.8,40.7,61.7,80.2,27,18,92,96.0,53.0,15,24,24,153,46,215,50,145,94,49,243,102,180,First Pair,82.0,1895.2833333333333,12.0,21.0,33.0,10.16284740882287,49.572649572649574,51.818943416083975,D,74.0,197.0,1999-07-18,FIN,2017.0,1.0,3.0,L,19,"[None, None, None, None, 89]","[None, None, None, None, 90]","[None, None, None, None, 63]","[None, None, None, None, 'DAL']"
2018-2019,8476853,Morgan Rielly,TOR,D,94.2,99.2,2.5,93.1,13.9,99.6,97.5,94.7,97.9,95.9,12.3,60.9,93.8,80.7,98.4,15,3,238,8.0,156.0,2,7,14,6,11,214,96,16,48,5,243,102,180,First Pair,82.0,1896.0166666666669,20.0,54.0,74.0,10.839585513367451,59.88372093023256,51.50444799998088,D,73.0,219.0,1994-03-09,CAN,2012.0,1.0,5.0,L,24,"[74, 39, 54, 84, 97]","[77, 79, 90, 97, 99]","[22, 8, 13, 5, 2]","['TOR', 'TOR', 'TOR', 'TOR', 'TOR']"
2018-2019,8477220,Nate Schmidt,VGK,D,73.3,78.6,56.8,40.2,23.9,43.2,60.5,66.7,32.1,73.7,8.6,30.9,89.7,87.2,85.6,66,53,106,62.0,138.0,139,97,82,166,57,223,169,26,32,36,243,102,180,Second Pair,61.0,1339.0,9.0,21.0,30.0,6.79123431778364,56.00000000000001,52.68017329652246,D,72.0,197.0,1991-07-16,USA,,,,L,27,"[67, 72, 65, 77, 74]","[48, 24, 72, 78, 80]","[59, 50, 69, 62, 48]","['WSH', 'WSH', 'WSH', 'VGK', 'VGK']"
2018-2019,8476470,Nathan Beaulieu,WPG,D,60.5,47.7,28.4,,,49.0,53.1,39.1,55.6,96.7,47.7,67.5,60.1,41.6,60.9,97,128,175,,,125,115,149,109,9,128,80,98,143,96,243,102,180,Third Pair,48.0,744.3,3.0,9.0,12.0,2.045325853168519,53.84615384615385,47.22065601827254,D,74.0,200.0,1992-12-05,CAN,2011.0,1.0,17.0,L,25,"[62, 42, 69, 42, 70]","[71, 53, 83, 32, 46]","[46, 24, 23, 23, 37]","['MTL', 'MTL', 'MTL', 'BUF', 'WPG']"
2018-2019,8480145,Neal Pionk,NYR,D,8.2,15.6,18.1,18.6,1.7,14.0,24.3,68.3,50.2,62.1,70.0,6.2,48.1,9.5,86.8,224,206,200,84.0,178.0,210,185,78,122,81,74,229,127,221,33,243,102,180,Second Pair,73.0,1545.1,6.0,20.0,26.0,5.316796155787563,39.361702127659576,44.9157835011335,D,72.0,190.0,1995-07-29,USA,,,,R,23,"[None, None, None, 30, 6]","[None, None, None, 29, 12]","[None, None, None, 34, 14]","[None, None, None, 'NYR', 'NYR']"
2018-2019,8474207,Nick Holden,VGK,D,65.0,74.1,52.3,,2.2,67.9,64.2,56.0,53.5,73.3,76.1,37.9,30.0,76.1,21.8,86,64,117,,177.0,79,88,108,114,58,59,152,171,59,191,243,102,180,Second Pair,61.0,1115.8333333333333,3.0,12.0,15.0,3.4083871019660954,49.411764705882355,53.69835803419115,D,76.0,210.0,1987-05-15,CAN,,,,L,31,"[18, 31, 24, 70, 68]","[35, 70, 64, 68, 81]","[21, 16, 15, 76, 41]","['COL', 'COL', 'NYR', 'BOS', 'VGK']"
2018-2019,8475324,Nick Jensen,WSH,D,90.1,60.9,95.1,,66.1,7.8,17.3,34.6,76.1,93.8,59.7,44.0,36.6,19.8,46.9,25,96,13,,62.0,225,202,160,59,16,99,137,155,196,130,243,102,180,Second Pair,80.0,1588.1666666666667,2.0,18.0,20.0,3.3371365430492217,52.25225225225225,51.1024258377742,D,72.0,202.0,1990-09-21,USA,2009.0,5.0,150.0,R,27,"[None, None, 75, 62, 95]","[None, None, 57, 46, 67]","[None, None, 58, 86, 96]","[None, None, 'DET', 'DET', 'WSH']"
2018-2019,8475181,Nick Leddy,NYI,D,35.4,44.0,8.6,91.2,,58.0,53.9,42.8,77.4,86.4,16.9,23.5,69.5,37.9,71.2,158,137,223,10.0,,103,113,140,56,32,203,187,75,152,71,243,102,180,Second Pair,82.0,1767.1,4.0,22.0,26.0,6.992591195710945,52.10084033613446,47.06169093778266,D,72.0,205.0,1991-03-20,USA,2009.0,1.0,16.0,L,27,"[94, 71, 83, 27, 31]","[94, 92, 84, 44, 34]","[64, 20, 22, 7, 9]","['NYI', 'NYI', 'NYI', 'NYI', 'NYI']"
2018-2019,8476372,Nick Seeler,MIN,D,41.2,20.6,59.7,,62.2,51.9,15.6,15.2,63.0,55.8,53.1,9.1,73.7,88.1,5.8,144,194,99,,69.0,118,206,207,91,89,115,222,65,30,230,243,102,180,Fringe,71.0,875.6333333333333,2.0,5.0,7.0,2.4777989453630584,45.76271186440678,48.913309970798494,D,75.0,197.0,1993-06-03,USA,2011.0,5.0,131.0,L,25,"[None, None, None, 51, 33]","[None, None, None, 42, 13]","[None, None, None, 53, 64]","[None, None, None, 'MIN', 'MIN']"
2018-2019,8477507,Nikita Zadorov,COL,D,9.5,14.0,74.9,,37.8,92.6,88.1,64.2,44.4,1.2,95.1,46.9,86.8,32.5,68.7,221,210,62,,113.0,19,30,88,136,215,13,130,33,165,77,243,102,180,Third Pair,70.0,1204.2666666666669,7.0,7.0,14.0,4.56269867420743,61.038961038961034,51.0651564670624,D,79.0,255.0,1995-04-16,RUS,2013.0,1.0,16.0,L,23,"[11, 37, 6, 4, 14]","[20, 30, 10, 26, 15]","[36, 34, 66, 74, 79]","['BUF', 'COL', 'COL', 'COL', 'COL']"
2018-2019,8479458,Nikita Zaitsev,TOR,D,18.9,70.4,14.8,,8.9,73.7,52.3,10.3,15.6,26.7,70.4,12.3,81.5,81.1,70.0,198,73,208,,165.0,65,117,219,206,153,73,214,46,47,74,243,102,180,Second Pair,81.0,1658.3666666666666,3.0,11.0,14.0,2.9152200008247853,50.0,50.741932034726446,D,74.0,192.0,1991-10-29,RUS,,,,R,26,"[None, None, 53, 41, 14]","[None, None, 89, 75, 60]","[None, None, 21, 15, 16]","[None, None, 'TOR', 'TOR', 'TOR']"
2018-2019,8471769,Niklas Hjalmarsson,ARI,D,98.4,16.0,100.0,,73.3,34.2,9.1,2.1,11.9,49.4,9.9,3.3,20.2,14.8,84.8,5,205,1,,49.0,161,222,239,215,103,220,236,195,208,38,243,102,180,Second Pair,82.0,1615.2666666666669,0.0,10.0,10.0,1.9427113001010712,44.44444444444444,53.068671294674154,D,75.0,197.0,1987-06-06,SWE,2005.0,4.0,108.0,L,31,"[82, 94, 95, 92, 98]","[20, 17, 17, 21, 19]","[100, 100, 99, 98, 100]","['CHI', 'CHI', 'CHI', 'ARI', 'ARI']"
2018-2019,8468509,Niklas Kronwall,DET,D,7.0,17.7,21.4,22.5,26.7,53.1,21.4,6.2,20.6,8.6,30.5,88.9,27.6,33.7,37.0,227,201,192,80.0,133.0,115,192,229,194,197,170,28,177,162,154,243,102,180,Second Pair,79.0,1576.2833333333333,3.0,24.0,27.0,3.1853891797188996,45.09803921568628,45.77917625071811,D,72.0,194.0,1981-01-12,SWE,2000.0,1.0,29.0,L,37,"[20, 11, 13, 15, 5]","[45, 36, 65, 15, 16]","[15, 15, 14, 47, 16]","['DET', 'DET', 'DET', 'DET', 'DET']"
2018-2019,8478396,Noah Hanifin,CGY,D,63.4,93.8,7.8,65.7,46.1,18.1,59.7,81.5,82.7,64.2,27.2,81.1,25.5,90.1,21.0,90,16,225,36.0,98.0,200,99,46,43,76,178,47,182,25,193,243,102,180,Second Pair,80.0,1661.8666666666668,5.0,28.0,33.0,7.109922168667304,53.333333333333336,53.302315066334025,D,75.0,206.0,1997-01-25,USA,2015.0,1.0,5.0,L,21,"[None, 18, 8, 75, 69]","[None, 65, 65, 87, 95]","[None, 4, 3, 18, 4]","[None, 'CAR', 'CAR', 'CAR', 'CGY']"
2018-2019,8478454,Noah Juulsen,MTL,D,45.3,30.9,35.0,,48.9,61.3,56.8,10.7,10.3,83.5,97.5,14.0,95.1,46.9,76.5,134,169,159,,93.0,95,106,218,219,37,7,210,13,130,58,243,102,180,Third Pair,21.0,359.4166666666667,1.0,4.0,5.0,0.5943609616432881,60.0,43.038799860875194,D,74.0,201.0,1997-04-02,CAN,2015.0,1.0,26.0,R,21,"[None, None, None, 61, 29]","[None, None, None, 39, 25]","[None, None, None, 42, 30]","[None, None, None, 'MTL', 'MTL']"
2018-2019,8475171,Oliver Ekman-Larsson,ARI,D,82.7,79.0,78.6,87.3,35.0,88.1,73.7,80.2,57.6,27.6,65.0,72.8,14.0,28.0,88.5,43,52,53,14.0,118.0,30,65,49,104,151,86,67,210,176,29,243,102,180,First Pair,81.0,1914.7833333333333,14.0,30.0,44.0,10.327927585394434,42.99065420560748,48.03926899463565,D,74.0,190.0,1991-07-17,SWE,2009.0,1.0,6.0,L,27,"[93, 100, 78, 97, 41]","[81, 87, 78, 83, 73]","[89, 93, 72, 90, 65]","['ARI', 'ARI', 'ARI', 'ARI', 'ARI']"
2018-2019,8478430,Oliver Kylington,CGY,D,39.5,29.6,40.7,,,71.2,95.9,42.4,47.3,57.8,18.1,78.2,82.3,72.4,1.2,148,172,145,,,71,11,141,129,88,200,54,44,68,241,243,102,180,Fringe,38.0,472.0333333333333,3.0,5.0,8.0,1.3250515395557063,53.57142857142857,48.96176592079034,D,72.0,183.0,1997-05-19,SWE,2015.0,2.0,60.0,L,21,"[None, None, None, None, 35]","[None, None, None, None, 31]","[None, None, None, None, 37]","[None, None, None, None, 'CGY']"
2018-2019,8476874,Olli Maatta,PIT,D,58.8,21.4,79.0,30.4,49.4,71.6,27.2,20.2,75.3,53.5,82.3,43.2,69.1,72.8,30.0,101,192,52,72.0,92.0,70,178,195,61,94,44,139,76,67,171,243,102,180,Second Pair,60.0,1115.4,1.0,13.0,14.0,2.713761083384123,53.75,51.90942341518301,D,74.0,207.0,1994-08-22,FIN,2012.0,1.0,22.0,L,24,"[61, 58, 64, 58, 61]","[52, 39, 51, 19, 21]","[48, 70, 76, 80, 76]","['PIT', 'PIT', 'PIT', 'PIT', 'PIT']"
2018-2019,8480147,Oscar Fantenberg,CGY,D,60.1,16.9,70.8,,50.0,47.3,77.4,58.8,2.1,82.9,81.1,88.1,81.1,39.9,10.7,98,203,72,,91.0,129,56,101,239,38,47,30,47,147,218,243,102,180,Third Pair,61.0,976.0,2.0,2.0,4.0,2.8377159545617,51.85185185185185,52.5339227619099,D,72.0,206.0,1991-10-07,SWE,,,,L,26,"[None, None, None, 55, 65]","[None, None, None, 35, 11]","[None, None, None, 43, 87]","[None, None, None, 'LAK', 'CGY']"
2018-2019,8476472,Oscar Klefbom,EDM,D,70.0,84.0,42.0,76.5,24.4,0.4,24.7,88.1,38.3,70.8,20.6,48.1,5.8,56.0,82.7,74,40,142,25.0,137.0,243,184,30,151,64,194,127,230,108,43,243,102,180,First Pair,61.0,1462.7,5.0,23.0,28.0,7.793754250591948,40.0,49.95095612749412,D,75.0,216.0,1993-07-20,SWE,2011.0,1.0,19.0,L,25,"[58, 67, 79, 74, 64]","[57, 45, 76, 84, 81]","[53, 57, 19, 37, 56]","['EDM', 'EDM', 'EDM', 'EDM', 'EDM']"
2018-2019,8474056,P.K. Subban,NSH,D,90.5,91.8,45.7,52.9,87.8,98.4,93.4,49.8,84.0,45.7,22.2,57.6,55.6,88.9,84.0,24,21,133,49.0,23.0,5,17,123,40,111,190,104,109,28,40,243,102,180,First Pair,63.0,1427.85,9.0,22.0,31.0,5.568679045678383,50.53763440860215,49.85571735073364,D,72.0,210.0,1989-05-13,CAN,2007.0,2.0,43.0,R,29,"[84, 87, 96, 97, 67]","[88, 84, 93, 93, 86]","[77, 76, 79, 79, 17]","['MTL', 'MTL', 'NSH', 'NSH', 'NSH']"
2018-2019,8475747,Patrik Nemeth,COL,D,65.4,69.1,79.4,,78.9,37.4,18.1,16.5,34.6,18.5,72.4,0.8,79.0,25.9,32.9,85,76,51,,39.0,153,200,204,160,173,68,242,52,181,164,243,102,180,Third Pair,74.0,1220.0333333333333,1.0,9.0,10.0,2.1429217861319367,50.0,50.710650559589986,D,76.0,230.0,1992-02-08,SWE,2010.0,2.0,41.0,L,26,"[55, 57, 43, 57, 73]","[43, 51, 38, 71, 76]","[45, 55, 52, 78, 83]","['DAL', 'DAL', 'DAL', 'COL', 'COL']"
2018-2019,8476983,Paul LaDue,LAK,D,66.7,37.9,53.5,,,65.4,72.8,32.1,18.1,93.0,85.6,83.1,44.4,40.7,17.3,82,152,114,,,85,67,166,200,18,36,42,136,145,202,243,102,180,Third Pair,33.0,436.3,2.0,3.0,5.0,1.2270141912813244,51.61290322580645,49.8474001086201,D,75.0,205.0,1992-09-06,USA,2012.0,6.0,181.0,R,25,"[None, None, 58, None, 67]","[None, None, 48, None, 42]","[None, None, 45, None, 52]","[None, None, 'LAK', None, 'LAK']"
2018-2019,8479026,Philippe Myers,PHI,D,47.3,25.1,37.4,,,59.7,66.7,44.0,1.2,85.6,82.7,98.4,0.4,51.9,51.4,129,183,153,,,99,82,137,241,33,43,5,243,118,119,243,102,180,Third Pair,21.0,322.7,1.0,1.0,2.0,0.8718351242103507,37.5,39.15737716347383,D,77.0,221.0,1997-01-25,CAN,,,,R,21,"[None, None, None, None, 43]","[None, None, None, None, 25]","[None, None, None, None, 34]","[None, None, None, None, 'PHI']"
2018-2019,8480160,Radim Simek,SJS,D,58.4,14.8,69.1,,46.7,43.6,22.2,22.2,67.1,85.6,77.8,28.8,61.3,89.3,49.4,102,208,76,,97.0,138,190,190,81,33,55,174,95,27,124,243,102,180,Third Pair,41.0,623.8666666666667,1.0,8.0,9.0,1.3652921565416296,56.60377358490566,53.84311122540372,D,72.0,204.0,1992-09-20,CZE,,,,L,25,"[None, None, None, None, 58]","[None, None, None, None, 16]","[None, None, None, None, 71]","[None, None, None, None, 'SJS']"
2018-2019,8475462,Radko Gudas,PHI,D,67.5,76.5,86.0,,78.3,16.0,34.6,48.6,88.9,11.9,97.9,16.0,36.2,30.5,27.2,80,58,35,,40.0,205,160,126,28,189,6,205,156,170,178,243,102,180,Third Pair,77.0,1376.4,4.0,16.0,20.0,3.9197175472711927,51.72413793103448,50.88102919988491,D,72.0,208.0,1990-06-05,CZE,2010.0,3.0,66.0,R,28,"[28, 12, 90, 52, 66]","[68, 78, 81, 82, 70]","[22, 13, 90, 61, 89]","['TBL', 'PHI', 'PHI', 'PHI', 'PHI']"
2018-2019,8478397,Rasmus Andersson,CGY,D,79.0,11.9,75.7,63.7,,10.3,10.7,13.6,37.9,99.6,28.0,82.7,92.6,87.7,14.0,52,215,60,38.0,,219,218,211,152,2,176,43,19,31,210,243,102,180,Third Pair,79.0,1267.1166666666668,2.0,17.0,19.0,4.116816697538874,56.62650602409639,53.170332671441976,D,73.0,202.0,1996-10-27,SWE,2015.0,2.0,53.0,R,21,"[None, None, None, None, 77]","[None, None, None, None, 14]","[None, None, None, None, 75]","[None, None, None, None, 'CGY']"
2018-2019,8480839,Rasmus Dahlin,BUF,D,61.7,66.7,50.2,80.4,,19.3,50.2,84.0,55.1,41.8,36.2,90.1,42.4,32.9,61.3,94,82,122,21.0,,197,122,40,110,119,156,25,141,164,95,243,102,180,Second Pair,82.0,1734.75,9.0,35.0,44.0,9.542665122046309,49.56521739130435,50.104082238476224,D,75.0,204.0,2000-04-13,SWE,2018.0,1.0,1.0,L,18,"[None, None, None, None, 61]","[None, None, None, None, 64]","[None, None, None, None, 47]","[None, None, None, None, 'BUF']"
2018-2019,8477499,Rasmus Ristolainen,BUF,D,2.1,14.4,6.2,38.2,1.1,3.7,32.1,50.2,45.7,37.9,86.4,54.7,10.3,42.0,93.4,239,209,229,64.0,179.0,235,166,122,133,126,34,111,219,142,17,243,102,180,First Pair,78.0,1922.0333333333333,5.0,38.0,43.0,8.837271658913917,40.32258064516129,47.62033710732289,D,76.0,208.0,1994-10-27,FIN,2013.0,1.0,8.0,R,23,"[7, 18, 0, 6, 3]","[14, 16, 32, 13, 17]","[2, 2, 1, 4, 13]","['BUF', 'BUF', 'BUF', 'BUF', 'BUF']"
2018-2019,8474145,Robert Bortuzzo,STL,D,32.5,51.4,85.2,,25.0,25.9,48.6,85.6,51.9,6.2,80.7,77.8,62.1,68.7,4.1,165,119,37,,136.0,181,126,36,118,203,48,55,93,77,234,243,102,180,Third Pair,59.0,912.9166666666666,2.0,8.0,10.0,3.612001069744925,55.223880597014926,56.77005978895075,D,76.0,206.0,1989-03-18,CAN,2007.0,3.0,78.0,R,29,"[37, 27, 73, 56, 19]","[36, 40, 55, 48, 56]","[66, 69, 73, 84, 82]","['STL', 'STL', 'STL', 'STL', 'STL']"
2018-2019,8477462,Robert Hagg,PHI,D,0.4,23.9,4.1,,7.8,51.0,57.2,56.8,52.7,1.6,97.1,11.1,74.9,60.9,39.9,243,186,234,,167.0,120,105,106,116,214,8,217,62,96,147,243,102,180,Third Pair,82.0,1389.5166666666669,5.0,15.0,20.0,4.8018664591568125,45.45454545454545,44.18534552969273,D,74.0,210.0,1995-02-08,SWE,2013.0,2.0,41.0,L,23,"[None, None, None, 12, 0]","[None, None, None, 31, 21]","[None, None, None, 26, 1]","[None, None, None, 'PHI', 'PHI']"
2018-2019,8474600,Roman Josi,NSH,D,88.1,96.7,33.3,66.7,21.7,12.8,88.9,98.8,97.1,69.5,14.4,65.0,74.1,82.7,85.2,30,9,163,35.0,142.0,213,28,4,8,67,209,86,64,43,37,243,102,180,First Pair,82.0,2063.5666666666666,15.0,41.0,56.0,16.668041409192043,52.38095238095239,50.03460158113562,D,73.0,201.0,1990-06-01,CHE,2008.0,2.0,38.0,L,28,"[92, 78, 92, 93, 77]","[81, 90, 87, 98, 95]","[75, 75, 69, 47, 21]","['NSH', 'NSH', 'NSH', 'NSH', 'NSH']"
2018-2019,8471392,Roman Polak,DAL,D,12.3,47.3,37.9,,76.1,24.3,21.8,17.7,21.0,5.3,86.8,1.6,76.5,59.7,36.6,214,129,152,,44.0,185,191,201,193,205,33,240,58,99,155,243,102,180,Second Pair,77.0,1475.95,1.0,8.0,9.0,3.447501541826097,50.64935064935064,46.714330653726336,D,74.0,240.0,1986-04-28,CZE,2004.0,6.0,180.0,R,32,"[34, 37, 20, 9, 18]","[11, 2, 60, 33, 54]","[69, 91, 63, 49, 27]","['TOR', 'SJS', 'TOR', 'TOR', 'DAL']"
2018-2019,8468493,Ron Hainsey,TOR,D,86.8,77.8,76.5,,98.3,69.1,29.6,6.6,45.3,35.4,26.7,28.0,93.0,71.6,96.3,33,55,58,,4.0,76,172,228,134,132,179,176,18,70,10,243,102,180,Second Pair,81.0,1640.7333333333331,5.0,20.0,25.0,3.052399407489881,56.934306569343065,49.86544213308126,D,75.0,201.0,1981-03-24,USA,2000.0,1.0,13.0,L,37,"[88, 90, 94, 84, 82]","[65, 42, 80, 77, 79]","[94, 96, 93, 77, 71]","['CAR', 'CAR', 'PIT', 'TOR', 'TOR']"
2018-2019,8475176,Ryan Ellis,NSH,D,95.9,79.4,90.9,19.6,89.4,89.7,89.3,50.6,80.7,98.4,12.8,62.1,84.8,81.5,70.4,11,51,23,83.0,20.0,26,27,121,48,5,213,93,38,46,73,243,102,180,First Pair,82.0,1969.1666666666667,7.0,34.0,41.0,8.882785784219214,54.03225806451613,51.53313779473396,D,70.0,180.0,1991-01-03,CAN,2009.0,1.0,11.0,R,27,"[87, 98, 97, 94, 93]","[62, 88, 76, 81, 78]","[84, 90, 75, 79, 92]","['NSH', 'NSH', 'NSH', 'NSH', 'NSH']"
2018-2019,8474151,Ryan McDonagh,TBL,D,96.3,94.2,73.7,,85.6,84.4,76.1,70.8,91.8,71.6,20.2,7.4,95.5,69.5,80.7,10,15,65,,27.0,39,59,72,21,62,195,226,12,75,48,243,102,180,First Pair,82.0,1811.2333333333331,9.0,37.0,46.0,6.715156635456788,59.70149253731343,51.612791153727365,D,73.0,216.0,1989-06-13,USA,2007.0,1.0,12.0,L,29,"[91, 97, 98, 91, 93]","[92, 98, 98, 86, 93]","[62, 68, 77, 62, 81]","['NYR', 'NYR', 'NYR', 'TBL', 'TBL']"
2018-2019,8476850,Ryan Murray,CBJ,D,28.8,22.6,56.4,,80.0,11.5,4.9,24.7,94.7,35.8,8.2,53.5,65.8,86.8,41.2,174,189,107,,37.0,216,232,184,14,131,224,114,84,33,144,243,102,180,Second Pair,56.0,1200.6,1.0,28.0,29.0,3.647333046441235,56.19047619047619,51.70251541773885,D,73.0,206.0,1993-09-27,CAN,2012.0,1.0,2.0,L,24,"[None, 46, 7, 49, 34]","[None, 57, 9, 17, 41]","[None, 39, 32, 66, 53]","[None, 'CBJ', 'CBJ', 'CBJ', 'CBJ']"
2018-2019,8477506,Ryan Pulock,NYI,D,76.1,60.5,93.4,10.8,27.2,0.8,62.1,97.1,75.7,70.0,60.9,19.8,90.1,30.9,69.1,59,97,17,92.0,132.0,242,93,8,60,66,96,196,25,169,76,243,102,180,First Pair,82.0,1833.8166666666664,9.0,28.0,37.0,11.299604592076196,59.4059405940594,52.89001891446618,D,73.0,219.0,1994-10-06,CAN,2013.0,1.0,15.0,R,23,"[None, None, None, 62, 86]","[None, None, None, 50, 64]","[None, None, None, 70, 96]","[None, None, None, 'NYI', 'NYI']"
2018-2019,8470600,Ryan Suter,MIN,D,88.5,57.6,98.8,60.8,81.1,35.0,30.9,14.0,78.2,16.0,3.7,69.5,39.5,97.5,76.1,29,104,4,41.0,35.0,159,169,210,54,179,235,75,148,7,59,243,102,180,First Pair,82.0,2188.75,7.0,40.0,47.0,6.550834060496354,50.0,54.726102982922264,D,73.0,201.0,1985-01-21,USA,2003.0,1.0,7.0,L,33,"[70, 92, 93, 90, 86]","[32, 15, 52, 23, 73]","[96, 99, 100, 99, 95]","['MIN', 'MIN', 'MIN', 'MIN', 'MIN']"
2018-2019,8478915,Sami Niku,WPG,D,47.7,35.8,23.5,,,53.9,39.9,37.0,2.9,90.1,9.1,95.9,88.5,11.9,48.6,128,157,187,,,113,147,154,237,24,222,11,29,215,126,243,102,180,Third Pair,30.0,417.53333333333336,1.0,3.0,4.0,1.0902076111458965,50.0,41.04918733609501,D,73.0,176.0,1996-10-10,FIN,2015.0,7.0,198.0,L,21,"[None, None, None, None, 43]","[None, None, None, None, 37]","[None, None, None, None, 23]","[None, None, None, None, 'WPG']"
2018-2019,8475222,Sami Vatanen,NJD,D,71.2,80.2,22.2,86.3,58.9,7.4,14.4,51.0,74.9,77.8,42.8,34.6,21.0,44.0,81.1,71,49,190,15.0,75.0,226,209,120,62,47,140,160,193,137,47,243,102,180,Second Pair,50.0,1086.4166666666667,4.0,13.0,17.0,4.745449868389605,42.857142857142854,47.49825193839964,D,70.0,185.0,1991-06-03,FIN,2009.0,4.0,106.0,R,27,"[94, 87, 83, 64, 72]","[90, 82, 95, 80, 72]","[73, 64, 26, 32, 19]","['ANA', 'ANA', 'ANA', 'NJD', 'NJD']"
2018-2019,8479398,Samuel Girard,COL,D,74.5,3.7,56.0,74.5,,75.7,49.4,11.9,29.2,100.0,23.0,86.8,81.9,45.7,65.8,63,235,108,27.0,,60,124,215,173,1,188,33,45,133,84,243,102,180,Second Pair,82.0,1631.1833333333334,4.0,23.0,27.0,4.493114328654836,55.140186915887845,48.09930037489528,D,70.0,170.0,1998-05-12,CAN,2016.0,2.0,47.0,L,20,"[None, None, None, 78, 73]","[None, None, None, 6, 2]","[None, None, None, 51, 60]","[None, None, None, 'COL', 'COL']"
2018-2019,8476449,Scott Harrington,CBJ,D,16.9,28.8,15.2,,66.7,37.0,69.1,61.7,59.7,53.1,69.1,79.0,84.4,78.6,16.0,203,174,207,,61.0,154,76,94,99,95,76,52,39,53,205,243,102,180,Third Pair,73.0,952.4833333333332,2.0,15.0,17.0,3.182706486949637,52.77777777777778,48.501455636934175,D,74.0,204.0,1993-03-10,CAN,2011.0,2.0,54.0,L,25,"[None, None, None, 32, 15]","[None, None, None, 25, 32]","[None, None, None, 35, 11]","[None, None, None, 'CBJ', 'CBJ']"
2018-2019,8476429,Scott Mayfield,NYI,D,42.4,66.3,63.4,,10.6,15.2,51.4,75.3,69.1,28.0,58.0,55.1,77.4,24.3,28.4,141,83,90,,162.0,207,119,61,76,150,103,110,56,185,175,243,102,180,Second Pair,79.0,1480.0166666666669,4.0,15.0,19.0,5.017205928264609,56.79012345679012,51.52928873799376,D,76.0,215.0,1992-10-14,USA,2011.0,2.0,34.0,R,25,"[None, None, 67, 28, 53]","[None, None, 60, 62, 68]","[None, None, 46, 41, 77]","[None, None, 'NYI', 'NYI', 'NYI']"
2018-2019,8480336,Sean Walker,LAK,D,67.9,52.3,49.8,,,64.6,68.7,44.4,80.2,90.1,52.7,14.8,4.9,40.3,91.4,79,117,123,,,87,77,136,49,24,116,208,232,146,22,243,102,180,Third Pair,39.0,601.8333333333334,3.0,7.0,10.0,2.0818680188034864,42.592592592592595,48.81710456628169,D,71.0,191.0,1994-11-13,CAN,,,,R,23,"[None, None, None, None, 66]","[None, None, None, None, 52]","[None, None, None, None, 47]","[None, None, None, None, 'LAK']"
2018-2019,8477495,Seth Jones,CBJ,D,87.7,81.9,75.3,3.9,91.1,42.4,82.7,95.1,83.5,80.2,31.3,84.4,37.0,75.7,78.6,31,45,61,99.0,17.0,141,43,13,41,44,168,39,154,60,53,243,102,180,First Pair,75.0,1936.7,9.0,37.0,46.0,10.303128570256211,49.645390070921984,51.64978404279022,D,76.0,213.0,1994-10-03,USA,2013.0,1.0,4.0,R,23,"[72, 87, 70, 93, 81]","[29, 83, 24, 83, 82]","[74, 55, 71, 74, 77]","['NSH', 'CBJ', 'CBJ', 'CBJ', 'CBJ']"
2018-2019,8476906,Shayne Gostisbehere,PHI,D,78.6,71.6,39.5,82.4,,5.8,61.3,86.8,54.7,97.9,4.5,92.2,16.9,54.3,47.7,53,70,148,19.0,,230,95,33,111,6,233,20,203,112,128,243,102,180,Second Pair,78.0,1533.4166666666667,9.0,28.0,37.0,9.833893647733571,41.17647058823529,49.38063217218622,D,71.0,183.0,1993-04-20,USA,2012.0,3.0,78.0,L,25,"[None, 73, 62, 87, 74]","[None, 72, 86, 77, 62]","[None, 22, 4, 63, 49]","[None, 'PHI', 'PHI', 'PHI', 'PHI']"
2018-2019,8477447,Shea Theodore,VGK,D,91.8,89.7,58.0,89.2,,77.4,79.4,92.2,81.1,84.4,6.6,84.0,18.5,48.1,32.5,21,26,103,12.0,,56,51,20,47,35,228,40,199,127,165,243,102,180,Second Pair,79.0,1588.1666666666667,12.0,25.0,37.0,10.449552906879797,47.42268041237113,56.10018464736215,D,74.0,197.0,1995-08-03,CAN,2013.0,1.0,26.0,L,23,"[None, 61, 31, 70, 97]","[None, 47, 44, 72, 94]","[None, 41, 38, 23, 79]","[None, 'ANA', 'ANA', 'VGK', 'VGK']"
2018-2019,8470642,Shea Weber,MTL,D,86.0,65.0,94.2,7.8,80.6,99.2,99.2,79.0,85.2,18.1,66.3,36.6,33.7,85.6,65.0,35,86,15,95.0,36.0,3,3,52,37,174,83,155,162,36,86,243,102,180,First Pair,58.0,1362.05,14.0,19.0,33.0,7.327546783960831,56.57894736842105,54.25504835173087,D,76.0,230.0,1985-08-14,CAN,2003.0,2.0,49.0,R,33,"[88, 99, 90, 77, 87]","[82, 92, 46, 60, 70]","[94, 97, 98, 76, 93]","['NSH', 'NSH', 'MTL', 'MTL', 'MTL']"
2018-2019,8476886,Slater Koekkoek,CHI,D,46.1,41.2,36.2,,42.2,70.8,95.5,66.3,49.8,61.7,79.4,56.0,82.7,52.3,2.9,132,144,156,,105.0,72,12,83,123,82,51,108,43,117,237,243,102,180,Third Pair,31.0,490.78333333333336,2.0,4.0,6.0,1.2175149285103963,55.55555555555556,50.73770465369536,D,74.0,193.0,1994-02-18,CAN,2012.0,1.0,10.0,L,24,"[None, None, 57, 44, 46]","[None, None, 43, 39, 49]","[None, None, 37, 48, 30]","[None, None, 'TBL', 'TBL', 'CHI']"
2018-2019,8474000,Steven Kampfer,BOS,D,46.5,42.0,51.0,45.1,,57.2,40.3,51.9,4.5,48.6,87.7,44.9,1.6,21.8,28.8,131,142,120,57.0,,105,146,118,233,105,31,135,240,191,174,243,102,180,Third Pair,35.0,511.9,3.0,3.0,6.0,1.8460018537301908,39.39393939393939,53.18378485689298,D,71.0,198.0,1988-09-24,USA,2007.0,4.0,93.0,R,29,"[54, 43, None, 46, 47]","[39, 26, None, 35, 51]","[47, 58, None, 48, 55]","['FLA', 'FLA', None, 'NYR', 'BOS']"
2018-2019,8477463,Steven Santini,NJD,D,21.4,9.9,60.9,,32.2,53.5,40.7,33.7,27.2,37.4,88.5,1.2,72.8,26.3,24.3,192,220,96,,123.0,114,145,162,178,127,29,241,67,180,185,243,102,180,Third Pair,39.0,649.6,1.0,3.0,4.0,1.634746333211024,45.0,45.65355312711829,D,75.0,217.0,1995-03-07,USA,2013.0,2.0,42.0,R,23,"[None, None, 35, 23, 26]","[None, None, 31, 9, 12]","[None, None, 59, 60, 62]","[None, None, 'NJD', 'NJD', 'NJD']"
2018-2019,8474673,TJ Brodie,CGY,D,58.0,11.5,77.4,23.5,22.8,21.8,32.9,43.2,63.4,88.1,0.8,58.4,54.3,94.7,72.4,103,216,56,79.0,140.0,191,164,139,90,28,242,102,112,14,68,243,102,180,Second Pair,79.0,1696.2166666666667,9.0,25.0,34.0,6.725729892340662,57.6271186440678,53.54500624614945,D,74.0,187.0,1990-06-07,CAN,2008.0,4.0,114.0,L,28,"[71, 85, 84, 48, 56]","[13, 80, 16, 28, 9]","[84, 78, 91, 41, 86]","['CGY', 'CGY', 'CGY', 'CGY', 'CGY']"
2018-2019,8476166,Taylor Fedun,DAL,D,66.3,46.1,65.0,,36.1,82.3,86.4,63.0,39.1,65.4,7.0,35.0,47.3,54.7,20.2,83,132,86,,116.0,44,34,91,149,73,227,159,129,111,195,243,102,180,Third Pair,54.0,748.3,4.0,7.0,11.0,2.5762187876038114,51.35135135135135,57.23473445164382,D,73.0,200.0,1988-06-04,CAN,,,,R,30,"[None, None, 36, None, 71]","[None, None, 42, None, 49]","[None, None, 46, None, 72]","[None, None, 'BUF', None, 'DAL']"
2018-2019,8478469,Thomas Chabot,OTT,D,74.9,82.3,10.7,61.8,,98.8,100.0,91.8,68.7,92.6,26.3,89.3,34.2,14.0,46.5,62,44,218,40.0,,4,1,21,77,19,180,27,161,210,131,243,102,180,First Pair,70.0,1700.2166666666667,15.0,41.0,56.0,9.974947054980165,47.5609756097561,50.45432097216547,D,73.0,200.0,1997-01-30,CAN,2015.0,1.0,18.0,L,21,"[None, None, None, 59, 85]","[None, None, None, 37, 91]","[None, None, None, 21, 7]","[None, None, None, 'OTT', 'OTT']"
2018-2019,8474066,Thomas Hickey,NYI,D,32.1,72.0,16.9,,51.1,29.6,23.9,58.0,52.3,40.7,60.1,32.9,90.9,44.4,77.0,166,69,203,,89.0,172,186,103,117,121,98,164,23,136,57,243,102,180,Second Pair,40.0,740.2,0.0,4.0,4.0,1.6365723749048635,53.65853658536586,49.26037611666057,D,72.0,185.0,1989-02-08,CAN,2007.0,1.0,4.0,L,29,"[93, 67, 72, 43, 23]","[93, 77, 88, 70, 67]","[84, 30, 6, 14, 25]","['NYI', 'NYI', 'NYI', 'NYI', 'NYI']"
2018-2019,8475841,Tim Heed,SJS,D,49.4,44.9,53.1,43.1,,55.6,38.3,49.4,98.4,50.8,7.8,94.7,97.9,73.7,2.5,124,135,115,59.0,,109,151,124,5,100,225,14,6,65,238,243,102,180,Third Pair,37.0,531.6333333333333,2.0,11.0,13.0,1.6784375785392869,64.44444444444444,52.372856810739954,D,71.0,180.0,1991-01-27,SWE,2010.0,5.0,132.0,R,27,"[None, None, None, 51, 49]","[None, None, None, 48, 46]","[None, None, None, 52, 54]","[None, None, None, 'SJS', 'SJS']"
2018-2019,8477950,Tony DeAngelo,NYR,D,44.0,67.9,9.9,78.4,,44.4,50.6,82.7,56.4,81.5,33.3,74.1,33.3,12.3,63.0,137,79,220,23.0,,136,121,43,107,41,163,64,163,214,91,243,102,180,Second Pair,61.0,1178.9833333333331,4.0,26.0,30.0,5.27603002621809,54.94505494505495,48.58259850098617,D,72.0,190.0,1995-10-24,USA,2014.0,1.0,19.0,R,22,"[None, None, 47, 56, 35]","[None, None, 44, 58, 79]","[None, None, 10, 25, 5]","[None, None, 'ARI', 'NYR', 'NYR']"
2018-2019,8476792,Torey Krug,BOS,D,95.5,92.6,53.9,100.0,,20.2,67.5,89.3,86.4,88.9,30.9,99.6,66.7,74.1,28.0,12,19,113,1.0,,195,80,27,34,26,169,2,82,64,176,243,102,180,Second Pair,64.0,1363.2166666666667,6.0,47.0,53.0,7.990457050803573,58.333333333333336,52.79901369606894,D,69.0,194.0,1991-04-12,USA,,,,L,27,"[96, 82, 100, 95, 91]","[95, 96, 98, 92, 85]","[17, 10, 68, 59, 43]","['BOS', 'BOS', 'BOS', 'BOS', 'BOS']"
2018-2019,8478408,Travis Dermott,TOR,D,84.8,69.5,64.2,,21.1,62.1,56.0,67.1,72.8,98.8,73.7,74.5,87.2,53.1,3.3,38,75,88,,143.0,93,108,81,67,4,65,63,32,115,236,243,102,180,Third Pair,64.0,1107.6333333333332,4.0,13.0,17.0,3.7635972054401647,51.72413793103448,53.24481908552157,D,72.0,200.0,1996-12-22,CAN,2015.0,2.0,34.0,L,21,"[None, None, None, 79, 88]","[None, None, None, 65, 75]","[None, None, None, 55, 73]","[None, None, None, 'TOR', 'TOR']"
2018-2019,8474612,Travis Hamonic,CGY,D,51.4,84.8,23.9,,27.8,66.7,66.3,64.6,41.2,25.1,35.4,50.6,32.1,76.5,52.7,119,38,186,,131.0,82,83,87,144,157,158,121,166,58,116,243,102,180,Second Pair,69.0,1439.7333333333331,7.0,12.0,19.0,5.257728213278453,53.84615384615385,55.56084358411938,D,73.0,193.0,1990-08-16,CAN,2008.0,2.0,53.0,R,28,"[74, 90, 45, 3, 84]","[99, 97, 70, 67, 91]","[9, 28, 18, 16, 37]","['NYI', 'NYI', 'NYI', 'CGY', 'CGY']"
2018-2019,8477948,Travis Sanheim,PHI,D,75.3,62.1,72.4,32.4,,72.0,70.4,77.4,90.1,76.1,15.6,67.9,29.2,59.3,36.2,61,93,68,70.0,,69,73,56,25,51,206,79,173,100,156,243,102,180,Second Pair,82.0,1603.8,9.0,26.0,35.0,6.51773148005692,49.26470588235294,51.10335540177483,D,76.0,222.0,1996-03-29,CAN,2014.0,1.0,17.0,L,22,"[None, None, None, 38, 90]","[None, None, None, 51, 67]","[None, None, None, 58, 84]","[None, None, None, 'PHI', 'PHI']"
2018-2019,8470110,Trevor Daley,DET,D,10.3,50.6,2.9,,5.0,63.0,54.7,84.4,7.0,54.3,1.2,23.9,75.7,22.2,75.3,219,121,237,,172.0,91,111,39,227,92,241,186,60,190,61,243,102,180,Second Pair,44.0,816.6166666666667,2.0,6.0,8.0,3.627611388571683,44.642857142857146,39.966283858938674,D,71.0,199.0,1983-10-09,CAN,2002.0,2.0,43.0,L,34,"[16, 34, 14, 25, 9]","[67, 80, 69, 70, 31]","[1, 20, 4, 9, 3]","['DAL', 'PIT', 'PIT', 'DET', 'DET']"
2018-2019,8477845,Trevor van Riemsdyk,CAR,D,85.2,75.3,84.4,,42.8,24.7,55.6,74.1,51.4,70.4,11.5,84.8,26.7,91.4,11.5,37,61,39,,104.0,184,109,64,119,65,216,38,179,22,216,243,102,180,Third Pair,78.0,1174.5666666666666,3.0,11.0,14.0,3.753826180812987,45.0,54.02338287289992,D,75.0,210.0,1991-07-24,USA,,,,R,27,"[None, 73, 74, 82, 88]","[None, 28, 62, 79, 77]","[None, 85, 78, 86, 80]","[None, 'CHI', 'CHI', 'CAR', 'CAR']"
2018-2019,8479442,Troy Stecher,VAN,D,41.6,32.5,33.7,9.8,53.3,2.1,7.4,26.3,68.3,95.5,56.0,48.6,65.4,0.8,64.6,143,165,162,93.0,85.0,239,226,180,78,12,108,126,85,242,87,243,102,180,Second Pair,78.0,1553.5166666666669,2.0,21.0,23.0,4.9313361231904045,53.125,47.08847098690878,D,70.0,184.0,1994-04-07,CAN,,,,R,24,"[None, None, 42, 29, 58]","[None, None, 54, 40, 27]","[None, None, 28, 30, 39]","[None, None, 'VAN', 'VAN', 'VAN']"
2018-2019,8474574,Tyler Myers,WPG,D,1.2,31.7,13.6,24.5,0.6,19.8,63.8,88.5,51.0,4.5,22.6,61.3,46.9,46.1,49.8,241,167,211,78.0,180.0,196,89,29,120,207,189,95,130,132,123,243,102,180,Second Pair,80.0,1627.75,9.0,22.0,31.0,7.630934776927114,47.706422018348626,46.987265915985965,D,80.0,229.0,1990-02-01,USA,2008.0,1.0,12.0,R,28,"[2, 5, None, 2, 4]","[21, 11, None, 11, 57]","[13, 40, None, 21, 12]","['WPG', 'WPG', None, 'WPG', 'WPG']"
2018-2019,8475197,Tyson Barrie,COL,D,31.7,77.0,1.6,64.7,,96.7,96.3,96.7,95.1,72.0,7.4,98.8,51.0,47.3,61.7,167,57,240,37.0,,9,10,9,13,61,226,4,120,129,94,243,102,180,Second Pair,78.0,1698.5333333333333,14.0,45.0,59.0,10.644640466324203,51.81818181818182,50.51563711245139,D,71.0,197.0,1991-07-26,CAN,2009.0,3.0,64.0,R,27,"[89, 83, 60, 4, 65]","[97, 94, 80, 62, 83]","[31, 5, 7, 0, 6]","['COL', 'COL', 'COL', 'COL', 'COL']"
2018-2019,8475167,Victor Hedman,TBL,D,93.4,87.2,91.4,81.4,92.2,97.9,98.4,99.6,77.0,13.2,32.9,81.9,92.2,77.4,47.3,17,32,22,20.0,15.0,6,5,2,57,186,164,45,20,56,129,243,102,180,First Pair,70.0,1593.9333333333334,12.0,42.0,54.0,10.812908620859387,57.14285714285714,53.09722814623766,D,79.0,244.0,1990-12-18,SWE,2009.0,1.0,2.0,L,27,"[78, 89, 93, 91, 92]","[62, 93, 47, 87, 88]","[75, 88, 92, 85, 89]","['TBL', 'TBL', 'TBL', 'TBL', 'TBL']"
2018-2019,8479376,Victor Mete,MTL,D,78.2,83.1,46.5,,26.1,6.6,2.5,39.5,19.8,95.1,5.8,51.0,83.1,82.3,29.2,54,42,131,,134.0,228,233,148,196,13,230,120,42,44,173,243,102,180,Third Pair,71.0,1261.8833333333332,0.0,13.0,13.0,4.237915075566663,58.139534883720934,54.62874147968208,D,69.0,187.0,1998-06-07,CAN,2016.0,4.0,100.0,L,20,"[None, None, None, 76, 82]","[None, None, None, 67, 87]","[None, None, None, 54, 40]","[None, None, None, 'MTL', 'MTL']"
2018-2019,8478407,Vince Dunn,STL,D,73.7,78.2,30.5,50.0,,84.8,85.2,88.9,77.8,86.8,15.2,96.7,52.7,93.4,13.2,65,54,170,52.0,,38,37,28,55,31,207,9,116,17,212,243,102,180,Third Pair,78.0,1367.5333333333333,12.0,23.0,35.0,8.295242565541425,58.24175824175825,58.9401720241275,D,72.0,200.0,1996-10-29,CAN,2015.0,2.0,56.0,L,21,"[None, None, None, 31, 90]","[None, None, None, 46, 88]","[None, None, None, 27, 35]","[None, None, None, 'STL', 'STL']"
2018-2019,8477355,Will Butcher,NJD,D,87.2,86.0,67.5,72.5,,16.5,23.0,40.3,58.8,72.8,3.3,90.9,32.5,21.4,12.8,32,35,80,29.0,,204,188,146,101,59,236,23,165,192,213,243,102,180,Second Pair,78.0,1503.4166666666667,4.0,26.0,30.0,6.01087793506143,47.22222222222222,51.55154354581324,D,70.0,195.0,1995-01-06,USA,2013.0,5.0,123.0,L,23,"[None, None, None, 86, 84]","[None, None, None, 85, 84]","[None, None, None, 54, 78]","[None, None, None, 'NJD', 'NJD']"
2018-2019,8476443,Xavier Ouellet,MTL,D,31.3,30.0,40.3,,20.6,25.5,5.3,74.9,48.6,65.8,53.9,93.0,16.5,62.1,7.0,168,171,146,,144.0,182,231,62,126,72,113,18,204,93,227,243,102,180,Third Pair,19.0,323.21666666666664,0.0,3.0,3.0,1.1736385238062028,44.44444444444444,54.096017687793186,D,72.0,197.0,1993-07-29,FRA,2011.0,2.0,48.0,L,25,"[63, None, 19, 41, 38]","[60, None, 24, 38, 30]","[51, None, 47, 34, 45]","['DET', None, 'DET', 'DET', 'MTL']"
2018-2019,8474134,Yannick Weber,NSH,D,13.2,20.2,21.0,,,39.9,35.0,53.1,42.8,32.1,65.4,87.2,86.4,39.5,2.1,212,195,193,,,147,159,115,140,140,85,32,34,148,239,243,102,180,Fringe,62.0,738.6166666666667,2.0,6.0,8.0,2.090500078880486,58.333333333333336,49.436691090961595,D,71.0,200.0,1988-09-23,CHE,2007.0,3.0,73.0,R,29,"[14, 19, 4, 28, 16]","[39, 27, 17, 20, 26]","[15, 29, 9, 30, 22]","['VAN', 'VAN', 'NSH', 'NSH', 'NSH']"
2018-2019,8474567,Zach Bogosian,BUF,D,13.6,54.7,17.3,,17.8,32.1,11.9,23.9,42.0,25.9,19.3,27.2,10.7,38.3,56.0,211,111,202,,149.0,166,215,186,142,155,197,178,218,151,108,243,102,180,Second Pair,65.0,1405.7333333333331,3.0,16.0,19.0,3.8854736238746215,48.07692307692308,45.96776322013273,D,75.0,231.0,1990-07-15,USA,2008.0,1.0,3.0,R,28,"[2, 3, 20, 42, 10]","[22, 7, 54, 41, 63]","[13, 7, 26, 39, 12]","['BUF', 'BUF', 'BUF', 'BUF', 'BUF']"
2018-2019,8478460,Zach Werenski,CBJ,D,68.7,80.7,10.3,75.5,71.7,89.3,94.2,97.5,67.9,89.3,10.3,87.7,49.0,93.8,67.5,77,48,219,26.0,52.0,27,15,7,79,25,219,31,125,16,80,243,102,180,First Pair,82.0,1877.7666666666669,11.0,33.0,44.0,9.990561608614856,48.59154929577465,50.884977026884606,D,74.0,214.0,1997-07-19,USA,2015.0,1.0,8.0,L,21,"[None, None, 66, 86, 51]","[None, None, 52, 90, 75]","[None, None, 34, 16, 5]","[None, None, 'CBJ', 'CBJ', 'CBJ']"
2018-2019,8465009,Zdeno Chara,BOS,D,84.4,85.2,82.3,,96.7,77.0,75.3,72.4,30.0,17.7,39.1,35.8,52.3,89.7,79.0,39,37,44,,7.0,57,61,68,171,175,149,157,117,26,52,243,102,180,Second Pair,62.0,1306.8166666666666,5.0,9.0,14.0,4.142592317842142,56.17977528089888,54.471514132837115,D,81.0,250.0,1977-03-18,SVK,1996.0,3.0,56.0,L,41,"[81, 77, 87, 88, 77]","[74, 56, 70, 90, 82]","[90, 92, 88, 83, 76]","['BOS', 'BOS', 'BOS', 'BOS', 'BOS']"
