Season,Player,Team,Position,ovr_pct,evo_pct,evd_pct,ppl_pct,pkl_pct,fin_pct,gol_pct,xgl_pct,ast_pct,pen_pct,hit_pct,ozs_pct,pdo_pct,tmt_pct,cmp_pct,ovr_rank,evo_rank,evd_rank,ppl_rank,pkl_rank,fin_rank,gol_rank,xgl_rank,ast_rank,pen_rank,hit_rank,ozs_rank,pdo_rank,tmt_rank,cmp_rank,all_players,ppl_players,pkl_players,Role,GP,TOI,Goals,Total Assists,Total Points,ixG,GF%,xGF%,Player ID,Specific Position,Height (in),Weight (lbs),Date of Birth,Birth Country,Draft Year,Draft Round,Overall Draft Position,Shoots Catches,Age,ovr_history,evo_history,evd_history,team_history
2019-2020,Aaron Ekblad,FLA,D,87.2,78.7,68.1,63.8,68.4,58.7,76.2,90.2,95.3,78.7,11.1,24.7,62.1,43.4,100.0,31,51,76,35.0,55.0,98,57,24,12,46,210,178,90,134,1,235,94,171,First Pair,67.0,1539.4166666666667,5.0,36.0,41.0,7.543821695362918,56.666666666666664,52.14320141753179,8477932,D,76.0,220.0,1996-02-07,CAN,2014.0,1.0,1.0,R,23,"[56, 14, 21, 88, 92]","[28, 17, 52, 63, 87]","[73, 51, 28, 74, 78]","['FLA', 'FLA', 'FLA', 'FLA', 'FLA']"
2019-2020,Aaron Ness,ARI,D,63.4,36.6,44.3,,,51.1,2.1,1.7,10.6,98.1,68.9,97.9,25.1,7.7,37.4,87,150,132,,,116,227,232,211,5,74,6,177,218,148,235,94,171,Fringe,24.0,300.8333333333333,0.0,1.0,1.0,0.5314826709939873,48.0,51.73703461444503,8474604,D,70.0,184.0,1990-05-18,USA,2008.0,2.0,40.0,L,29,"[None, None, None, None, 67]","[None, None, None, None, 34]","[None, None, None, None, 44]","[None, None, None, None, 'ARI']"
2019-2020,Adam Boqvist,CHI,D,74.0,60.4,26.4,29.8,,83.8,97.0,51.9,88.1,99.6,48.1,94.9,97.4,0.4,21.7,62,94,174,67.0,,39,8,114,29,2,123,13,7,235,185,235,94,171,Third Pair,41.0,665.1166666666667,4.0,9.0,13.0,2.9152494977924093,55.35714285714286,47.9414308682131,8480871,D,72.0,195.0,2000-08-15,SWE,2018.0,1.0,8.0,R,19,"[None, None, None, None, 77]","[None, None, None, None, 60]","[None, None, None, None, 29]","[None, None, None, None, 'CHI']"
2019-2020,Adam Fox,NYR,D,91.9,89.8,88.5,68.1,,75.7,88.9,96.2,92.8,46.2,13.6,42.1,94.9,24.3,48.5,20,25,28,31.0,,58,27,10,18,112,204,137,13,179,122,235,94,171,Second Pair,70.0,1323.3,8.0,34.0,42.0,7.944992023375865,60.0,53.507433800761774,8479323,D,71.0,185.0,1998-02-17,USA,2016.0,3.0,66.0,R,21,"[None, None, None, None, 91]","[None, None, None, None, 86]","[None, None, None, None, 89]","[None, None, None, None, 'NYR']"
2019-2020,Adam Larsson,EDM,D,40.0,52.8,82.6,,80.7,15.3,21.3,28.1,13.6,3.8,84.7,13.6,13.2,33.6,86.0,142,112,42,,34.0,200,186,170,204,208,37,204,205,157,34,235,94,171,Second Pair,49.0,971.7333333333332,1.0,5.0,6.0,2.532423659787622,45.45454545454545,49.159586619163846,8476457,D,75.0,207.0,1992-11-12,SWE,2011.0,1.0,4.0,R,26,"[26, 31, 52, 60, 29]","[5, 48, 59, 53, 51]","[94, 72, 78, 87, 80]","['NJD', 'EDM', 'EDM', 'EDM', 'EDM']"
2019-2020,Adam Pelech,NYI,D,68.9,38.3,86.4,,38.6,45.1,40.4,49.8,35.3,62.1,75.7,4.3,88.9,52.3,77.4,74,146,33,,106.0,130,141,119,153,78,58,226,27,113,54,235,94,171,Second Pair,38.0,803.0166666666667,1.0,8.0,9.0,2.0919142121158787,49.01960784313725,48.93352924746683,8476917,D,75.0,212.0,1994-08-16,CAN,2012.0,3.0,65.0,L,25,"[None, 43, 46, 82, 67]","[None, 14, 68, 28, 41]","[None, 33, 49, 93, 77]","[None, 'NYI', 'NYI', 'NYI', 'NYI']"
2019-2020,Alec Martinez,VGK,D,30.6,60.0,10.2,69.1,46.2,83.4,67.7,26.8,15.7,67.2,31.9,50.6,43.4,72.8,54.0,164,95,212,30.0,93.0,40,77,173,199,69,161,117,134,65,109,235,94,171,Second Pair,51.0,1096.9,3.0,13.0,16.0,3.3870262224202943,47.5609756097561,51.39469405195586,8474166,D,73.0,210.0,1987-07-26,USA,2007.0,4.0,95.0,L,32,"[69, 83, 6, 44, 34]","[65, 90, 30, 76, 58]","[73, 51, 6, 9, 15]","['LAK', 'LAK', 'LAK', 'LAK', 'VGK']"
2019-2020,Alex Biega,DET,D,19.6,39.1,25.5,,65.5,7.2,14.5,78.3,58.3,36.2,92.8,43.8,29.8,4.7,32.3,190,144,176,,60.0,219,202,52,99,134,18,133,166,225,160,235,94,171,Third Pair,49.0,804.6333333333333,0.0,3.0,3.0,2.3226297560522853,38.46153846153847,40.90811662250266,8473415,D,70.0,195.0,1988-04-04,CAN,2006.0,5.0,147.0,R,31,"[22, 21, 17, 23, 18]","[33, 38, 60, 61, 17]","[20, 29, 28, 29, 24]","['VAN', 'VAN', 'VAN', 'VAN', 'DET']"
2019-2020,Alex Goligoski,ARI,D,65.1,80.0,37.4,25.5,81.3,42.1,24.7,9.8,55.7,46.8,42.1,41.3,48.9,16.2,70.2,83,48,148,71.0,33.0,137,178,213,105,111,137,139,121,198,71,235,94,171,First Pair,70.0,1613.9833333333331,4.0,28.0,32.0,4.375540618437129,54.08163265306123,48.4871331655012,8471274,D,71.0,173.0,1985-07-30,USA,2004.0,2.0,61.0,L,34,"[97, 45, 70, 78, 56]","[99, 87, 85, 82, 77]","[72, 10, 16, 30, 46]","['DAL', 'ARI', 'ARI', 'ARI', 'ARI']"
2019-2020,Alex Pietrangelo,STL,D,96.2,97.4,40.0,6.4,93.0,92.8,90.6,93.2,68.5,90.2,16.2,62.1,61.7,79.1,71.1,10,7,142,89.0,13.0,18,23,17,75,21,198,90,91,50,69,235,94,171,First Pair,70.0,1692.8333333333333,16.0,36.0,52.0,14.23570342141199,54.310344827586206,53.192160052100334,8474565,D,75.0,215.0,1990-01-18,CAN,2008.0,1.0,4.0,R,29,"[86, 95, 88, 93, 95]","[97, 96, 92, 97, 98]","[12, 59, 23, 28, 48]","['STL', 'STL', 'STL', 'STL', 'STL']"
2019-2020,Alexander Edler,VAN,D,17.0,11.9,56.2,79.8,94.7,81.3,59.1,19.6,76.6,2.6,79.1,10.2,54.5,25.1,94.9,196,208,104,20.0,10.0,45,97,190,56,211,50,212,108,177,13,235,94,171,First Pair,59.0,1334.4166666666667,5.0,28.0,33.0,3.23401980699071,52.17391304347826,47.71202938414717,8471303,D,76.0,210.0,1986-04-21,SWE,2004.0,3.0,91.0,L,33,"[26, 10, 9, 33, 14]","[27, 33, 14, 7, 27]","[34, 6, 38, 68, 53]","['VAN', 'VAN', 'VAN', 'VAN', 'VAN']"
2019-2020,Andreas Englund,OTT,D,50.2,37.4,37.0,,39.8,51.9,2.1,3.4,98.7,91.7,99.1,94.0,0.4,5.1,0.4,118,148,149,,104.0,114,227,228,4,18,3,15,235,224,235,235,94,171,Fringe,24.0,261.75,0.0,3.0,3.0,0.3898426799524386,23.52941176470588,44.257621329702104,8477971,D,76.0,200.0,1996-01-21,SWE,2014.0,2.0,40.0,L,23,"[None, None, None, None, 48]","[None, None, None, None, 36]","[None, None, None, None, 38]","[None, None, None, None, 'OTT']"
2019-2020,Andrej Sekera,DAL,D,39.6,55.7,30.6,,67.8,25.5,7.7,17.4,17.4,54.9,33.6,35.7,49.8,38.3,17.0,143,105,164,,56.0,176,218,195,195,95,157,152,119,146,196,235,94,171,Second Pair,57.0,1026.0666666666666,2.0,6.0,8.0,2.8989917453287597,58.82352941176471,52.07025151670743,8471284,D,72.0,200.0,1986-06-08,SVK,2004.0,3.0,71.0,L,33,"[80, 90, 43, 46, 40]","[93, 95, 56, 55, 57]","[38, 54, 22, 32, 33]","['EDM', 'EDM', 'EDM', 'EDM', 'DAL']"
2019-2020,Andrew Peeke,CBJ,D,54.5,37.9,47.2,,,52.8,62.1,77.9,20.4,85.1,68.1,63.0,38.7,27.7,1.3,108,147,125,,,112,90,53,188,32,76,88,145,171,233,235,94,171,Third Pair,22.0,304.8333333333333,1.0,2.0,3.0,1.1092405571227524,52.38095238095239,51.3746680701712,8479369,D,75.0,214.0,1998-03-17,USA,2016.0,2.0,34.0,R,21,"[None, None, None, None, 53]","[None, None, None, None, 37]","[None, None, None, None, 48]","[None, None, None, None, 'CBJ']"
2019-2020,Andy Greene,NYI,D,64.7,17.0,75.3,,98.2,28.1,31.1,32.3,41.3,66.4,11.5,3.0,25.5,26.4,97.0,84,196,59,,4.0,170,163,160,139,71,209,229,176,174,8,235,94,171,Second Pair,63.0,1231.4166666666667,2.0,12.0,14.0,2.588597069015926,45.94594594594595,46.35219339246686,8472382,D,71.0,190.0,1982-10-30,USA,,,,L,36,"[77, 82, 84, 75, 50]","[3, 37, 16, 44, 9]","[98, 93, 95, 71, 68]","['NJD', 'NJD', 'NJD', 'NJD', 'NYI']"
2019-2020,Anthony Bitetto,WPG,D,8.9,14.9,16.6,,27.5,18.3,4.7,27.2,14.9,37.9,96.6,79.1,28.9,21.7,2.6,215,201,197,,125.0,193,225,172,201,130,9,50,168,185,230,235,94,171,Third Pair,51.0,773.2166666666667,0.0,8.0,8.0,1.5876083563934893,48.214285714285715,43.89413673311565,8475868,D,73.0,222.0,1990-07-15,USA,2010.0,6.0,168.0,L,29,"[43, 23, 22, 19, 4]","[33, 36, 23, 23, 14]","[31, 27, 27, 18, 14]","['NSH', 'NSH', 'NSH', 'MIN', 'WPG']"
2019-2020,Anton Stralman,FLA,D,89.4,89.4,61.7,,69.0,32.3,46.4,52.8,59.6,82.1,34.5,17.9,64.7,60.9,92.8,26,26,91,,54.0,160,127,112,96,38,155,194,84,93,18,235,94,171,Second Pair,69.0,1453.5166666666669,5.0,14.0,19.0,4.452934601404411,45.08196721311475,48.23877629477501,8471873,D,71.0,193.0,1986-08-01,SWE,2005.0,7.0,216.0,R,33,"[93, 98, 97, 79, 88]","[90, 96, 97, 77, 91]","[94, 93, 92, 62, 52]","['TBL', 'TBL', 'TBL', 'TBL', 'FLA']"
2019-2020,Ben Chiarot,MTL,D,3.4,5.1,37.9,,12.9,89.8,78.3,62.1,66.0,2.1,80.0,50.2,43.8,91.9,56.6,228,224,147,,150.0,25,52,90,81,212,48,118,133,20,103,235,94,171,First Pair,69.0,1596.2166666666667,9.0,12.0,21.0,6.7416058130762755,48.64864864864865,53.25465141462774,8475279,D,75.0,222.0,1991-05-09,CAN,2009.0,4.0,120.0,L,28,"[50, 5, 9, 4, 3]","[60, 14, 19, 1, 36]","[42, 26, 37, 52, 31]","['WPG', 'WPG', 'WPG', 'WPG', 'MTL']"
2019-2020,Ben Hutton,LAK,D,14.9,64.3,3.0,,81.9,45.5,47.7,55.3,16.6,49.4,29.4,39.1,21.3,37.0,57.0,201,85,229,,32.0,129,124,106,197,106,167,144,186,149,102,235,94,171,Second Pair,65.0,1186.9833333333331,4.0,12.0,16.0,4.138067689952444,51.19047619047619,52.18302502097772,8477018,D,75.0,209.0,1993-04-20,CAN,2012.0,5.0,147.0,L,26,"[31, 15, 14, 7, 39]","[26, 30, 13, 35, 79]","[10, 16, 23, 0, 6]","['VAN', 'VAN', 'VAN', 'VAN', 'LAK']"
2019-2020,Brad Hunt,MIN,D,49.8,26.4,54.0,38.3,,79.1,82.6,77.0,9.4,64.7,4.7,80.9,24.3,58.7,6.8,119,174,109,59.0,,50,42,55,214,74,225,46,179,98,220,235,94,171,Third Pair,59.0,893.1,8.0,11.0,19.0,4.771170538311866,50.0,51.18415904332056,8476779,D,69.0,177.0,1988-08-24,CAN,,,,L,31,"[None, None, 34, 41, 59]","[None, None, 24, 43, 20]","[None, None, 39, 41, 65]","[None, None, 'VGK', 'MIN', 'MIN']"
2019-2020,Brady Skjei,CAR,D,13.2,76.6,3.4,,26.9,85.5,86.0,89.8,34.5,16.2,62.6,20.0,27.2,34.0,75.7,205,56,228,,126.0,35,34,25,155,179,89,189,172,156,58,235,94,171,Second Pair,66.0,1366.1166666666668,8.0,16.0,24.0,6.562456100462498,43.58974358974359,47.3159126892103,8476869,D,75.0,210.0,1994-03-26,USA,2012.0,1.0,28.0,L,25,"[None, 44, 31, 16, 10]","[None, 58, 82, 72, 79]","[None, 47, 8, 10, 3]","[None, 'NYR', 'NYR', 'NYR', 'CAR']"
2019-2020,Brandon Carlo,BOS,D,37.9,4.3,88.1,,91.8,8.5,19.6,22.6,26.4,17.0,77.9,78.3,82.6,81.7,43.4,147,226,29,,15.0,216,190,183,174,177,53,52,42,44,134,235,94,171,Second Pair,67.0,1371.9833333333331,4.0,15.0,19.0,4.400158764303177,56.16438356164384,48.8909417664791,8478443,D,77.0,227.0,1996-11-26,USA,2015.0,2.0,37.0,R,22,"[None, 20, 18, 47, 43]","[None, 82, 59, 20, 2]","[None, 42, 53, 90, 89]","[None, 'BOS', 'BOS', 'BOS', 'BOS']"
2019-2020,Brandon Montour,BUF,D,2.1,8.9,8.5,,7.6,44.7,73.6,75.3,51.9,18.3,38.7,66.8,87.2,31.9,66.8,231,215,216,,159.0,131,63,59,114,175,145,79,31,161,79,235,94,171,Second Pair,54.0,1052.9166666666667,5.0,13.0,18.0,4.215721795237104,55.88235294117647,44.71556855398009,8477986,D,72.0,199.0,1994-04-11,CAN,2014.0,2.0,55.0,R,25,"[None, 63, 10, 1, 3]","[None, 58, 39, 6, 11]","[None, 30, 11, 12, 8]","[None, 'ANA', 'ANA', 'BUF', 'BUF']"
2019-2020,Brayden McNabb,VGK,D,86.4,95.7,77.0,,40.4,26.4,23.0,14.5,23.0,7.7,86.0,23.4,31.1,98.3,77.9,33,11,55,,103.0,174,182,202,182,199,34,181,163,5,53,235,94,171,Second Pair,71.0,1421.0333333333333,2.0,7.0,9.0,4.535466426954584,48.03921568627451,54.688228343246045,8475188,D,76.0,215.0,1991-01-21,CAN,2009.0,3.0,66.0,L,28,"[42, 62, 90, 83, 84]","[84, 72, 93, 98, 88]","[63, 64, 83, 64, 80]","['LAK', 'LAK', 'VGK', 'VGK', 'VGK']"
2019-2020,Braydon Coburn,TBL,D,38.7,29.8,71.9,,73.7,20.9,30.6,46.4,32.3,19.1,71.1,45.5,77.4,79.6,23.8,145,166,67,,46.0,187,164,127,160,173,69,129,54,49,180,235,94,171,Third Pair,40.0,562.1666666666666,1.0,3.0,4.0,1.3830275443471753,54.34782608695651,48.99915093714515,8470601,D,77.0,224.0,1985-02-27,CAN,2003.0,1.0,8.0,L,34,"[27, 48, 25, 58, 34]","[12, 23, 20, 37, 31]","[57, 70, 79, 86, 60]","['TBL', 'TBL', 'TBL', 'TBL', 'TBL']"
2019-2020,Brendan Guhle,ANA,D,32.8,26.0,28.5,,,82.6,96.2,66.4,31.5,72.8,32.3,76.6,52.3,12.8,36.2,159,175,169,,,42,10,80,162,56,160,56,113,206,151,235,94,171,Third Pair,30.0,512.0,4.0,4.0,8.0,1.502373672226703,48.57142857142857,43.1879624779898,8478425,D,74.0,197.0,1997-07-29,CAN,2015.0,2.0,51.0,L,22,"[None, None, 45, None, 31]","[None, None, 42, None, 23]","[None, None, 43, None, 28]","[None, None, 'BUF', None, 'ANA']"
2019-2020,Brendan Smith,NYR,D,47.2,51.5,32.3,,83.6,14.9,70.2,99.6,45.1,70.6,88.1,46.0,5.5,14.5,27.2,125,115,160,,29.0,201,71,2,130,61,29,128,223,202,172,235,94,171,Fringe,62.0,688.3,3.0,5.0,8.0,4.287351991966288,30.555555555555557,40.46752012352803,8474090,D,74.0,200.0,1989-02-08,CAN,2007.0,1.0,27.0,L,30,"[59, 66, 32, 49, 54]","[74, 65, 73, 70, 24]","[76, 69, 35, 25, 39]","['DET', 'NYR', 'NYR', 'NYR', 'NYR']"
2019-2020,Brenden Dillon,WSH,D,52.8,67.7,94.9,,22.2,20.0,9.4,3.0,73.2,1.3,89.8,32.8,22.6,54.5,35.7,112,77,13,,134.0,189,214,229,64,214,25,159,183,108,152,235,94,171,Second Pair,69.0,1342.6,1.0,13.0,14.0,2.7288384599682245,48.45360824742268,50.67698494347819,8475455,D,76.0,225.0,1990-11-13,CAN,,,,L,28,"[7, 61, 62, 76, 27]","[66, 66, 70, 84, 48]","[9, 79, 47, 94, 96]","['SJS', 'SJS', 'SJS', 'SJS', 'WSH']"
2019-2020,Brent Burns,SJS,D,42.6,97.0,0.9,70.2,13.5,26.0,83.8,95.7,96.2,28.9,10.6,90.6,26.0,57.0,39.6,136,8,234,29.0,149.0,175,39,11,10,151,211,23,175,102,143,235,94,171,First Pair,70.0,1778.7666666666669,12.0,33.0,45.0,12.402558078277421,46.28099173553719,47.92745610155355,8470613,D,77.0,228.0,1985-03-09,CAN,2003.0,1.0,20.0,R,34,"[91, 96, 29, 63, 36]","[98, 100, 100, 97, 92]","[7, 0, 2, 3, 0]","['SJS', 'SJS', 'SJS', 'SJS', 'SJS']"
2019-2020,Brent Seabrook,CHI,D,4.3,65.1,2.6,,9.9,16.6,60.9,60.4,7.2,23.8,58.7,47.7,63.8,8.9,90.6,226,83,230,,155.0,197,93,94,219,162,98,124,86,215,23,235,94,171,Second Pair,32.0,580.7666666666667,3.0,1.0,4.0,1.833506800765652,48.57142857142857,40.810127956703,8470607,D,75.0,220.0,1985-04-20,CAN,2003.0,1.0,14.0,R,34,"[9, 7, 15, 0, 12]","[76, 69, 86, 74, 48]","[4, 6, 5, 1, 7]","['CHI', 'CHI', 'CHI', 'CHI', 'CHI']"
2019-2020,Brett Kulak,MTL,D,78.7,70.6,83.4,,,11.5,27.7,57.9,18.3,58.3,63.0,58.3,18.7,95.3,28.1,51,70,40,,,209,171,100,193,87,88,99,192,12,170,235,94,171,Third Pair,56.0,959.8166666666668,0.0,7.0,7.0,3.402480116050814,49.29577464788733,56.56054342479533,8476967,D,73.0,192.0,1994-01-06,CAN,2012.0,4.0,105.0,L,25,"[None, None, 66, 77, 83]","[None, None, 51, 67, 75]","[None, None, 51, 84, 85]","[None, None, 'CGY', 'MTL', 'MTL']"
2019-2020,Brett Pesce,CAR,D,92.8,91.9,86.0,,71.3,77.4,74.5,71.5,70.6,52.8,9.4,44.3,63.0,88.9,79.6,18,20,34,,50.0,54,61,68,70,98,214,132,88,27,49,235,94,171,Second Pair,61.0,1334.8,4.0,14.0,18.0,6.184000094798176,50.98039215686274,51.567432902246594,8477488,D,75.0,206.0,1994-11-15,USA,2013.0,3.0,66.0,R,24,"[49, 91, 92, 98, 80]","[19, 62, 62, 86, 94]","[48, 94, 90, 96, 45]","['CAR', 'CAR', 'CAR', 'CAR', 'CAR']"
2019-2020,Brian Dumoulin,PIT,D,84.7,72.8,84.3,,79.5,39.1,14.9,39.6,49.4,61.3,74.9,31.1,54.9,96.2,80.4,37,65,38,,36.0,144,201,143,120,80,60,163,107,10,47,235,94,171,Second Pair,28.0,589.55,1.0,7.0,8.0,2.1238658657242557,57.6271186440678,56.52997035295662,8475208,D,76.0,215.0,1991-09-06,USA,2009.0,2.0,51.0,L,27,"[74, 82, 86, 93, 68]","[36, 33, 66, 85, 63]","[84, 84, 89, 90, 69]","['PIT', 'PIT', 'PIT', 'PIT', 'PIT']"
2019-2020,Cale Fleury,MTL,D,27.7,15.7,33.2,,,43.4,25.1,19.1,0.6,75.5,97.9,86.8,11.5,71.1,6.0,171,199,158,,,134,177,191,234,51,6,32,209,69,222,235,94,171,Third Pair,41.0,588.4166666666666,1.0,0.0,1.0,1.4305927747418115,41.66666666666667,49.287429887128475,8479985,D,73.0,204.0,1998-11-19,CAN,2017.0,3.0,87.0,R,20,"[None, None, None, None, 27]","[None, None, None, None, 14]","[None, None, None, None, 34]","[None, None, None, None, 'MTL']"
2019-2020,Cale Makar,COL,D,88.9,66.4,74.9,81.9,,95.3,99.6,98.7,100.0,85.1,11.9,98.3,96.2,87.2,63.0,27,80,60,18.0,,12,2,4,1,32,208,5,10,31,88,235,94,171,Second Pair,56.0,1176.7166666666667,12.0,38.0,50.0,9.338240280687499,61.29032258064516,53.80531321052122,8480069,D,72.0,187.0,1998-10-30,CAN,2017.0,1.0,4.0,R,20,"[None, None, None, None, 86]","[None, None, None, None, 66]","[None, None, None, None, 74]","[None, None, None, None, 'COL']"
2019-2020,Caleb Jones,EDM,D,48.5,34.9,43.8,,,77.0,89.4,16.2,74.0,78.3,40.0,49.4,27.7,20.4,38.7,122,154,133,,,55,26,198,62,47,142,120,171,188,145,235,94,171,Third Pair,43.0,607.6,4.0,5.0,9.0,1.4352680076254267,52.94117647058824,49.66883291068784,8478452,D,73.0,184.0,1997-06-06,USA,2015.0,4.0,117.0,L,22,"[None, None, None, 29, 62]","[None, None, None, 29, 46]","[None, None, None, 40, 44]","[None, None, None, 'EDM', 'EDM']"
2019-2020,Calvin de Haan,CHI,D,75.3,61.7,76.6,,37.4,6.8,21.7,28.9,65.5,86.0,85.5,63.8,83.4,25.5,78.7,59,91,56,,108.0,220,185,168,82,31,35,86,40,176,51,235,94,171,Second Pair,29.0,577.4166666666666,1.0,5.0,6.0,0.9117313827569745,63.33333333333333,46.85498873040672,8475177,D,73.0,192.0,1991-05-09,CAN,2009.0,1.0,12.0,L,28,"[87, 92, 81, 84, 65]","[77, 82, 67, 73, 57]","[86, 95, 76, 88, 57]","['NYI', 'NYI', 'NYI', 'CAR', 'CHI']"
2019-2020,Cam Fowler,ANA,D,34.5,68.5,19.6,76.6,,91.9,85.1,43.4,41.7,35.7,4.3,82.1,74.0,16.6,51.5,155,75,190,23.0,,20,36,134,138,135,226,43,62,197,115,235,94,171,Second Pair,59.0,1297.3666666666666,9.0,20.0,29.0,6.248876612146338,54.87804878048781,51.92390182268325,8475764,D,74.0,213.0,1991-12-05,CAN,2010.0,1.0,12.0,L,27,"[15, 53, 41, 9, 74]","[42, 72, 69, 21, 83]","[16, 27, 45, 4, 40]","['ANA', 'ANA', 'ANA', 'ANA', 'ANA']"
2019-2020,Carl Gunnarsson,STL,D,35.7,5.5,67.7,,59.1,74.9,91.1,34.9,22.6,56.2,30.2,37.9,92.8,93.6,80.0,152,223,77,,71.0,60,22,154,183,92,165,147,18,16,48,235,94,171,Third Pair,36.0,567.9333333333334,2.0,5.0,7.0,0.9580949666053106,58.333333333333336,45.52989005633915,8474125,D,74.0,198.0,1986-11-09,SWE,2007.0,7.0,194.0,L,32,"[53, 62, 69, 59, 22]","[5, 7, 2, 29, 3]","[86, 81, 96, 67, 62]","['STL', 'STL', 'STL', 'STL', 'STL']"
2019-2020,Carson Soucy,MIN,D,62.6,9.8,60.0,,64.3,94.5,98.7,71.1,78.3,96.0,53.6,6.0,99.6,73.2,21.3,89,213,95,,62.0,14,4,69,52,9,110,222,2,64,186,235,94,171,Third Pair,55.0,859.5833333333334,7.0,7.0,14.0,3.3636117542550434,61.40350877192983,50.57942550894432,8477369,D,76.0,211.0,1994-07-27,CAN,2013.0,5.0,137.0,L,25,"[None, None, None, None, 64]","[None, None, None, None, 7]","[None, None, None, None, 63]","[None, None, None, None, 'MIN']"
2019-2020,Chad Ruhwedel,PIT,D,63.8,42.1,52.3,,58.5,65.5,63.4,33.6,3.8,95.3,78.3,84.3,51.5,42.6,8.9,86,137,113,,72.0,82,87,157,227,10,52,38,115,136,215,235,94,171,Third Pair,41.0,605.5333333333333,2.0,4.0,6.0,1.44588518030902,51.28205128205128,49.04695639317114,8477244,D,71.0,189.0,1990-05-07,USA,,,,R,29,"[None, 40, 65, None, 69]","[None, 43, 53, None, 40]","[None, 34, 46, None, 54]","[None, 'PIT', 'PIT', None, 'PIT']"
2019-2020,Charlie McAvoy,BOS,D,95.3,83.0,97.0,17.0,70.8,21.3,51.9,65.5,97.4,87.7,76.2,65.1,80.4,90.2,96.6,12,41,8,79.0,51.0,186,114,82,7,27,57,83,47,24,9,235,94,171,First Pair,67.0,1551.9333333333334,5.0,27.0,32.0,6.622086646273922,59.61538461538461,55.95083065107349,8479325,D,73.0,211.0,1997-12-21,USA,2016.0,1.0,14.0,R,21,"[None, None, 58, 89, 98]","[None, None, 55, 70, 93]","[None, None, 81, 88, 99]","[None, None, 'BOS', 'BOS', 'BOS']"
2019-2020,Chris Tanev,VAN,D,57.9,3.8,97.9,,88.9,40.0,15.7,2.1,61.3,20.4,28.5,18.7,66.4,26.0,98.7,100,227,6,,20.0,142,199,231,92,170,169,192,80,175,4,235,94,171,Second Pair,69.0,1347.6666666666667,2.0,18.0,20.0,2.016282435775702,46.31578947368421,47.132551421630275,8475690,D,75.0,200.0,1989-12-20,CAN,,,,R,29,"[94, 87, 79, 67, 48]","[22, 16, 18, 4, 4]","[98, 96, 93, 95, 95]","['VAN', 'VAN', 'VAN', 'VAN', 'VAN']"
2019-2020,Cody Ceci,TOR,D,20.9,40.0,16.2,,17.5,41.7,35.7,46.0,44.3,81.7,66.8,23.0,45.5,31.5,81.3,187,142,198,,142.0,138,152,128,132,39,79,182,129,162,45,235,94,171,Second Pair,56.0,1150.3,1.0,7.0,8.0,2.5416749020233023,49.29577464788733,51.113871113179066,8476879,D,75.0,210.0,1993-12-21,CAN,2012.0,1.0,15.0,R,25,"[63, 17, 4, 15, 37]","[73, 10, 28, 68, 18]","[56, 63, 2, 4, 47]","['OTT', 'OTT', 'OTT', 'OTT', 'TOR']"
2019-2020,Cody Goloubef,DET,D,34.9,25.1,35.3,,52.0,59.6,48.5,5.5,1.7,75.5,69.8,59.1,26.4,14.9,8.1,154,177,153,,83.0,96,122,223,232,51,72,97,174,201,217,235,94,171,Third Pair,26.0,394.8833333333333,1.0,1.0,2.0,0.6556122266739137,41.935483870967744,43.13837675850916,8474597,D,73.0,190.0,1989-11-30,CAN,2008.0,2.0,37.0,R,29,"[27, 34, None, None, 33]","[39, 47, None, None, 25]","[45, 48, None, None, 36]","['CBJ', 'COL', None, None, 'DET']"
2019-2020,Colin Miller,BUF,D,80.9,78.3,88.9,3.2,,4.7,7.2,34.5,64.3,55.7,73.2,93.2,14.5,49.8,26.8,46,52,27,92.0,,225,219,155,85,93,64,17,202,119,173,235,94,171,Third Pair,51.0,873.8333333333334,1.0,10.0,11.0,2.918379849335271,41.07142857142857,48.95780198432177,8476525,D,73.0,200.0,1992-10-29,CAN,2012.0,5.0,151.0,R,26,"[51, 85, 84, 84, 76]","[61, 83, 84, 87, 68]","[57, 82, 92, 90, 80]","['BOS', 'BOS', 'VGK', 'VGK', 'BUF']"
2019-2020,Colton Parayko,STL,D,94.0,61.3,98.3,30.9,83.0,56.6,73.2,83.0,19.1,92.8,47.2,14.0,79.1,61.7,69.4,15,92,5,66.0,30.0,103,64,41,191,16,125,203,50,91,73,235,94,171,First Pair,64.0,1472.15,10.0,18.0,28.0,7.157353013496512,55.68181818181818,49.19521338359398,8476892,D,78.0,228.0,1993-05-12,CAN,2012.0,3.0,86.0,R,26,"[89, 64, 97, 95, 88]","[93, 73, 90, 33, 63]","[55, 80, 95, 97, 95]","['STL', 'STL', 'STL', 'STL', 'STL']"
2019-2020,Connor Carrick,NJD,D,33.2,43.8,42.1,,,63.0,57.9,31.1,60.4,45.1,54.5,27.7,24.7,14.0,12.3,158,133,137,,,88,100,163,94,114,108,171,178,203,207,235,94,171,Third Pair,29.0,417.8833333333333,1.0,5.0,6.0,0.7724810483830759,39.39393939393939,41.14395529594225,8476941,D,70.0,198.0,1994-04-13,USA,2012.0,5.0,137.0,R,25,"[None, 40, 63, 27, 31]","[None, 72, 57, 45, 41]","[None, 36, 73, 35, 36]","[None, 'TOR', 'TOR', 'NJD', 'NJD']"
2019-2020,Connor Clifton,BOS,D,42.1,18.7,43.0,,,59.1,43.4,10.6,1.3,86.4,97.4,68.9,95.7,77.9,10.6,137,192,135,,,97,134,211,233,30,7,74,11,53,211,235,94,171,Third Pair,31.0,447.06666666666666,2.0,0.0,2.0,1.189839791795813,54.83870967741935,45.88244657916134,8477365,D,72.0,196.0,1995-04-28,USA,2013.0,5.0,133.0,R,24,"[None, None, None, 43, 43]","[None, None, None, 32, 13]","[None, None, None, 48, 38]","[None, None, None, 'BOS', 'BOS']"
2019-2020,Connor Murphy,CHI,D,49.4,21.3,63.8,,6.4,69.4,67.2,52.3,43.0,84.3,87.7,6.8,38.3,7.2,60.0,120,186,86,,161.0,73,78,113,135,33,30,220,146,219,95,235,94,171,Second Pair,58.0,1232.5333333333333,5.0,14.0,19.0,4.545167275871469,44.680851063829785,48.57026917401794,8476473,D,76.0,212.0,1993-03-26,USA,2011.0,1.0,20.0,R,26,"[13, 8, 51, 30, 60]","[40, 6, 15, 9, 49]","[33, 74, 75, 66, 64]","['ARI', 'ARI', 'CHI', 'CHI', 'CHI']"
2019-2020,Damon Severson,NJD,D,65.5,90.2,13.6,59.6,62.0,91.5,83.0,63.8,90.6,38.7,23.4,17.4,9.4,12.3,85.1,82,24,204,39.0,66.0,21,41,86,23,128,181,195,214,207,36,235,94,171,First Pair,69.0,1584.4333333333334,8.0,23.0,31.0,8.144645345640997,40.5940594059406,48.3444216615556,8476923,D,74.0,204.0,1994-08-07,CAN,2012.0,2.0,60.0,R,25,"[32, 16, 38, 48, 82]","[70, 65, 82, 90, 85]","[23, 21, 4, 7, 31]","['NJD', 'NJD', 'NJD', 'NJD', 'NJD']"
2019-2020,Dan Hamhuis,NSH,D,53.6,19.6,83.8,,95.3,22.6,4.3,7.2,56.6,20.0,44.7,27.2,40.0,40.4,9.4,110,190,39,,9.0,183,226,219,103,171,131,172,142,141,214,235,94,171,Third Pair,60.0,870.8166666666666,0.0,8.0,8.0,2.343063640297197,52.94117647058824,49.27361393316287,8469465,D,73.0,204.0,1982-12-13,CAN,2001.0,1.0,12.0,L,36,"[88, 81, 88, 56, 41]","[75, 73, 44, 19, 20]","[79, 65, 95, 73, 81]","['VAN', 'DAL', 'DAL', 'NSH', 'NSH']"
2019-2020,Dante Fabbro,NSH,D,16.2,2.6,56.6,,,67.2,43.8,23.0,8.5,63.2,38.3,68.5,12.8,75.3,35.3,198,230,103,,,78,133,182,216,76,146,75,206,59,153,235,94,171,Second Pair,64.0,1217.6166666666666,5.0,6.0,11.0,3.9892170662293562,46.06741573033708,45.85765381798942,8479371,D,72.0,200.0,1998-06-20,CAN,2016.0,1.0,17.0,R,21,"[None, None, None, None, 17]","[None, None, None, None, 1]","[None, None, None, None, 59]","[None, None, None, None, 'NSH']"
2019-2020,Darnell Nurse,EDM,D,10.6,66.8,28.1,14.9,7.0,2.6,68.5,94.9,77.4,6.4,60.0,49.8,42.1,37.9,80.9,211,79,170,81.0,160.0,230,75,13,54,202,95,119,137,147,46,235,94,171,First Pair,71.0,1665.2666666666669,5.0,28.0,33.0,8.042185692135668,46.616541353383454,49.27526134772328,8477498,D,76.0,215.0,1995-02-04,CAN,2013.0,1.0,7.0,L,24,"[3, 19, 12, 11, 11]","[10, 30, 73, 19, 80]","[21, 22, 33, 17, 41]","['EDM', 'EDM', 'EDM', 'EDM', 'EDM']"
2019-2020,David Savard,CBJ,D,86.8,71.1,97.4,,77.2,12.8,27.2,46.8,33.6,26.8,60.4,34.5,62.6,58.3,45.1,32,69,7,,40.0,206,172,126,157,156,94,155,89,99,130,235,94,171,Second Pair,68.0,1406.6166666666666,0.0,11.0,11.0,3.0547541465835533,49.43820224719101,51.8415625706803,8475233,D,73.0,235.0,1990-10-22,CAN,2009.0,4.0,94.0,R,28,"[52, 73, 67, 96, 71]","[52, 85, 88, 80, 61]","[67, 89, 73, 98, 91]","['CBJ', 'CBJ', 'CBJ', 'CBJ', 'CBJ']"
2019-2020,Dean Kukan,CBJ,D,47.7,52.3,49.8,41.5,,29.4,2.1,30.6,83.8,53.2,32.8,89.8,37.4,66.4,13.6,124,113,119,56.0,,167,227,164,39,97,159,25,148,80,204,235,94,171,Third Pair,33.0,527.1166666666667,1.0,4.0,5.0,1.930867638376278,39.39393939393939,54.05585305184402,8478567,D,74.0,190.0,1993-07-08,CHE,,,,L,26,"[None, None, None, 56, 43]","[None, None, None, 57, 49]","[None, None, None, 45, 54]","[None, None, None, 'CBJ', 'CBJ']"
2019-2020,Dennis Cholowski,DET,D,28.5,45.1,23.8,36.2,,32.8,23.4,48.1,4.3,57.4,5.5,91.9,3.4,2.6,15.3,169,130,180,61.0,,159,181,123,226,89,223,20,228,230,200,235,94,171,Second Pair,36.0,691.9666666666667,2.0,6.0,8.0,2.4072316920817447,31.70731707317073,44.814570672877466,8479395,D,74.0,210.0,1998-02-15,CAN,2016.0,1.0,20.0,L,21,"[None, None, None, 27, 29]","[None, None, None, 54, 44]","[None, None, None, 27, 23]","[None, None, None, 'DET', 'DET']"
2019-2020,Dennis Gilbert,CHI,D,36.6,33.2,34.9,,40.9,60.0,60.4,0.4,3.0,75.5,98.3,11.5,7.2,2.1,16.6,150,158,154,,102.0,95,94,235,229,51,5,209,219,231,197,235,94,171,Third Pair,21.0,329.81666666666666,1.0,2.0,3.0,0.29340915026651443,34.48275862068966,42.52650098629,8478502,D,74.0,216.0,1996-10-30,USA,2015.0,3.0,91.0,L,22,"[None, None, None, None, 36]","[None, None, None, None, 33]","[None, None, None, None, 35]","[None, None, None, None, 'CHI']"
2019-2020,Derek Forbort,CGY,D,14.5,6.0,59.1,,8.2,34.0,6.0,6.4,5.1,32.3,66.0,34.9,17.9,40.0,95.7,202,222,97,,158.0,156,222,221,224,143,81,154,194,142,11,235,94,171,Third Pair,20.0,356.25,0.0,1.0,1.0,0.6576574996405221,37.5,51.528570029919706,8475762,D,76.0,216.0,1992-03-04,USA,2010.0,1.0,15.0,L,27,"[None, 21, 18, 6, 38]","[None, 37, 8, 3, 24]","[None, 41, 78, 68, 48]","[None, 'LAK', 'LAK', 'LAK', 'CGY']"
2019-2020,Deryk Engelland,VGK,D,6.4,7.7,8.1,,53.8,44.3,24.3,15.3,16.2,41.7,88.5,67.2,46.8,94.9,22.6,221,218,217,,80.0,132,179,200,198,121,28,78,126,13,183,235,94,171,Third Pair,49.0,860.2666666666667,1.0,5.0,6.0,1.7286130462223432,50.79365079365079,52.72161510287293,8468674,D,74.0,212.0,1982-04-03,CAN,2000.0,6.0,194.0,R,37,"[8, 11, 13, 3, 10]","[3, 1, 8, 4, 34]","[40, 13, 13, 9, 8]","['CGY', 'CGY', 'VGK', 'VGK', 'VGK']"
2019-2020,Devon Toews,NYI,D,90.2,86.0,69.4,66.0,,34.9,58.3,72.8,70.2,83.4,6.8,72.3,59.1,47.7,34.0,24,34,73,33.0,,154,99,65,71,35,220,66,97,124,156,235,94,171,Second Pair,68.0,1394.8333333333333,6.0,22.0,28.0,6.206006662786967,50.57471264367817,53.39824371115488,8478038,D,73.0,191.0,1994-02-21,CAN,2014.0,4.0,108.0,L,25,"[None, None, None, 78, 94]","[None, None, None, 72, 92]","[None, None, None, 50, 84]","[None, None, None, 'NYI', 'NYI']"
2019-2020,Dmitry Kulikov,WPG,D,19.1,27.2,60.9,,10.5,36.6,20.4,11.5,30.2,14.5,79.6,58.7,48.1,5.5,61.7,191,172,93,,154.0,150,188,209,165,183,49,98,123,223,91,235,94,171,Second Pair,51.0,1020.9833333333332,2.0,10.0,12.0,2.6469815982784555,44.927536231884055,45.98948856292912,8475179,D,73.0,212.0,1990-10-29,RUS,2009.0,1.0,14.0,L,28,"[10, 12, 49, 18, 17]","[21, 10, 30, 25, 32]","[67, 57, 54, 53, 71]","['FLA', 'BUF', 'WPG', 'WPG', 'WPG']"
2019-2020,Dmitry Orlov,WSH,D,79.1,85.5,65.1,9.6,67.3,11.9,34.0,56.2,79.1,44.7,39.1,43.4,39.6,41.7,85.5,50,35,83,86.0,57.0,208,156,104,50,115,144,134,143,138,35,235,94,171,First Pair,69.0,1530.0333333333333,4.0,23.0,27.0,6.229224965376861,49.15254237288136,52.9425883499645,8475200,D,71.0,215.0,1991-07-23,RUS,2009.0,2.0,55.0,L,28,"[90, 70, 95, 41, 85]","[81, 92, 87, 40, 96]","[58, 58, 69, 50, 76]","['WSH', 'WSH', 'WSH', 'WSH', 'WSH']"
2019-2020,Dougie Hamilton,CAR,D,97.9,100.0,46.4,95.7,66.7,99.6,100.0,100.0,84.7,11.9,37.4,66.4,60.0,99.6,56.2,6,1,127,5.0,58.0,2,1,1,37,189,148,80,95,2,104,235,94,171,First Pair,47.0,1094.35,14.0,26.0,40.0,11.26460359163068,64.40677966101694,58.247588193674325,8476462,D,78.0,230.0,1993-06-17,CAN,2011.0,1.0,9.0,R,26,"[78, 77, 89, 99, 94]","[86, 97, 99, 100, 98]","[16, 19, 55, 32, 59]","['CGY', 'CGY', 'CGY', 'CAR', 'CAR']"
2019-2020,Drew Doughty,LAK,D,7.7,25.5,34.5,51.1,25.1,2.1,8.5,12.8,55.3,5.1,47.7,38.7,34.5,43.0,91.5,218,176,155,47.0,129.0,231,216,206,106,205,124,145,155,135,21,235,94,171,First Pair,67.0,1730.1833333333334,7.0,28.0,35.0,9.437176598453124,46.31578947368421,46.86961671113015,8474563,D,73.0,210.0,1989-12-08,CAN,2008.0,1.0,2.0,R,29,"[93, 84, 77, 10, 3]","[87, 75, 78, 28, 11]","[97, 86, 65, 58, 20]","['LAK', 'LAK', 'LAK', 'LAK', 'LAK']"
2019-2020,Duncan Keith,CHI,D,4.7,77.9,1.7,16.0,5.3,3.0,12.3,37.9,65.1,13.2,3.0,84.7,67.7,8.1,74.5,225,53,232,80.0,163.0,229,207,147,83,186,229,37,77,217,61,235,94,171,First Pair,61.0,1487.5166666666669,3.0,24.0,27.0,4.740504411373821,48.35164835164835,46.86151002899376,8470281,D,73.0,192.0,1983-07-16,CAN,2002.0,2.0,54.0,L,36,"[85, 52, 5, 8, 5]","[95, 95, 94, 79, 73]","[55, 13, 2, 8, 2]","['CHI', 'CHI', 'CHI', 'CHI', 'CHI']"
2019-2020,Dylan DeMelo,WPG,D,85.1,90.6,80.9,,30.4,21.7,10.2,11.1,58.7,29.4,76.6,35.3,36.6,17.4,45.5,36,23,46,,120.0,185,212,210,98,150,56,153,150,195,129,235,94,171,Second Pair,59.0,1188.4333333333334,0.0,10.0,10.0,2.0928807282689865,49.35064935064935,53.660276513725314,8476331,D,73.0,194.0,1993-05-01,CAN,2011.0,6.0,179.0,R,26,"[70, 61, 71, 87, 85]","[56, 45, 65, 88, 91]","[61, 52, 70, 49, 92]","['SJS', 'SJS', 'SJS', 'OTT', 'WPG']"
2019-2020,Erik Brannstrom,OTT,D,25.1,30.2,38.3,34.0,,30.6,2.1,40.9,47.2,54.0,35.3,56.2,4.7,26.8,43.0,177,165,146,63.0,,164,227,140,125,96,153,104,225,173,135,235,94,171,Third Pair,31.0,460.1166666666667,0.0,4.0,4.0,1.8578247505421726,40.625,47.68939910474385,8480073,D,70.0,185.0,1999-09-02,SWE,2017.0,1.0,15.0,L,19,"[None, None, None, None, 26]","[None, None, None, None, 28]","[None, None, None, None, 39]","[None, None, None, None, 'OTT']"
2019-2020,Erik Cernak,TBL,D,66.8,28.5,75.7,,99.4,64.7,76.6,85.1,36.2,43.6,94.5,13.2,89.8,97.0,84.7,79,169,58,,2.0,84,56,36,151,117,14,205,25,8,37,235,94,171,Second Pair,67.0,1269.6666666666667,5.0,7.0,12.0,4.914657900718017,53.01204819277109,50.862088871943754,8478416,D,76.0,230.0,1997-05-28,SVK,2015.0,2.0,43.0,R,22,"[None, None, None, 74, 56]","[None, None, None, 51, 11]","[None, None, None, 77, 72]","[None, None, None, 'TBL', 'TBL']"
2019-2020,Erik Gudbranson,ANA,D,9.8,8.5,23.0,,63.7,73.6,61.3,29.4,6.8,16.6,83.4,37.4,23.8,23.4,55.7,213,216,182,,63.0,63,92,167,220,178,40,148,180,181,105,235,94,171,Second Pair,51.0,987.7,4.0,5.0,9.0,2.860274751830825,47.05882352941176,46.608299639791625,8475790,D,77.0,222.0,1992-01-07,CAN,2010.0,1.0,3.0,R,27,"[62, 47, 33, 11, 9]","[20, 31, 6, 9, 16]","[60, 34, 52, 21, 21]","['FLA', 'VAN', 'VAN', 'PIT', 'ANA']"
2019-2020,Erik Gustafsson,CGY,D,51.5,83.8,5.1,85.1,,93.6,87.7,70.6,83.4,34.9,52.3,93.6,87.7,4.3,63.8,115,39,224,15.0,,16,30,70,40,137,113,16,30,226,86,235,94,171,Second Pair,66.0,1345.1666666666667,6.0,23.0,29.0,6.4735083739577455,53.46534653465347,46.16676516550501,8476979,D,72.0,190.0,1992-03-14,SWE,2012.0,4.0,93.0,L,27,"[52, None, 74, 45, 52]","[55, None, 77, 90, 82]","[28, None, 44, 8, 2]","['CHI', None, 'CHI', 'CHI', 'CGY']"
2019-2020,Erik Johnson,COL,D,56.6,72.3,53.2,,8.8,35.7,52.3,74.0,62.6,50.6,50.2,54.0,68.9,59.6,78.3,103,66,111,,157.0,152,113,62,89,103,118,109,74,96,52,235,94,171,Second Pair,58.0,1221.4333333333334,3.0,13.0,16.0,6.096404318974666,55.12820512820513,50.54864199619728,8473446,D,76.0,225.0,1988-03-21,USA,2006.0,1.0,1.0,R,31,"[53, 69, 56, 67, 49]","[81, 74, 72, 78, 70]","[19, 35, 59, 64, 45]","['COL', 'COL', 'COL', 'COL', 'COL']"
2019-2020,Erik Karlsson,SJS,D,89.8,96.6,31.9,50.0,34.5,7.7,48.1,76.6,99.6,87.2,7.2,85.5,13.6,60.0,66.0,25,9,161,48.0,113.0,218,123,56,2,28,219,35,204,95,81,235,94,171,First Pair,56.0,1373.2833333333333,6.0,34.0,40.0,5.42601481157245,48.837209302325576,49.894352232923474,8474578,D,72.0,185.0,1990-05-31,SWE,2008.0,1.0,15.0,R,29,"[96, 96, 88, 88, 87]","[100, 99, 97, 98, 93]","[11, 10, 23, 43, 31]","['OTT', 'OTT', 'OTT', 'SJS', 'SJS']"
2019-2020,Esa Lindell,DAL,D,29.8,2.1,72.8,45.7,29.8,16.2,20.9,20.0,31.1,94.0,49.8,28.9,73.2,80.0,89.8,166,231,65,52.0,121.0,198,187,189,163,13,119,168,64,48,25,235,94,171,First Pair,69.0,1615.2166666666667,3.0,20.0,23.0,5.549465153365816,47.87234042553192,51.0381231332537,8476902,D,75.0,217.0,1994-05-23,FIN,2012.0,3.0,74.0,L,25,"[None, 55, 82, 13, 37]","[None, 19, 75, 0, 3]","[None, 62, 84, 75, 67]","[None, 'DAL', 'DAL', 'DAL', 'DAL']"
2019-2020,Ethan Bear,EDM,D,62.1,84.3,19.1,,11.7,73.2,39.6,15.7,48.9,80.4,19.6,86.0,16.2,43.8,73.2,90,38,191,,152.0,64,143,199,121,42,190,34,198,133,64,235,94,171,Second Pair,71.0,1559.7,5.0,16.0,21.0,3.947268141633053,47.368421052631575,49.59310286058574,8478451,D,71.0,219.0,1997-06-26,CAN,2015.0,5.0,124.0,R,22,"[None, None, 37, None, 74]","[None, None, 44, None, 86]","[None, None, 27, None, 17]","[None, None, 'EDM', None, 'EDM']"
2019-2020,Filip Hronek,DET,D,31.5,6.8,40.4,28.7,33.9,87.7,81.3,35.7,39.1,88.1,51.5,26.0,3.8,3.0,97.4,162,220,141,68.0,114.0,30,45,152,144,26,115,175,227,229,7,235,94,171,First Pair,65.0,1553.2333333333331,9.0,22.0,31.0,8.305771682323682,34.65346534653465,41.76354566317338,8479425,D,72.0,190.0,1997-11-02,CZE,2016.0,2.0,53.0,R,21,"[None, None, None, 51, 21]","[None, None, None, 18, 4]","[None, None, None, 58, 28]","[None, None, None, 'DET', 'DET']"
2019-2020,Greg Pateryn,MIN,D,43.0,10.6,91.1,,41.5,13.6,5.1,13.2,12.3,22.1,69.4,7.2,57.0,74.9,19.6,135,211,22,,101.0,204,224,205,207,166,73,219,102,60,190,235,94,171,Third Pair,20.0,309.4166666666667,0.0,3.0,3.0,0.5643485558593526,52.17391304347826,44.296708485529365,8474688,D,74.0,221.0,1990-06-20,USA,2008.0,5.0,128.0,R,29,"[38, 55, 49, 55, 40]","[27, 52, 11, 7, 26]","[52, 56, 97, 97, 58]","['MTL', 'DAL', 'DAL', 'MIN', 'MIN']"
2019-2020,Gustav Lindstrom,DET,D,22.1,42.6,38.7,,35.7,52.3,2.1,0.9,0.6,24.9,46.8,90.2,0.9,0.9,14.9,184,136,145,,111.0,113,227,234,234,160,126,24,234,234,201,235,94,171,Third Pair,16.0,264.6166666666667,0.0,1.0,1.0,0.4759585053408613,22.22222222222222,44.02733969092934,8480184,D,74.0,194.0,1998-10-20,SWE,2017.0,2.0,38.0,R,20,"[None, None, None, None, 22]","[None, None, None, None, 42]","[None, None, None, None, 40]","[None, None, None, None, 'DET']"
2019-2020,Hampus Lindholm,ANA,D,83.0,91.1,89.4,74.5,38.0,6.0,17.4,26.4,45.5,6.0,18.3,23.8,11.1,23.8,96.2,41,22,26,25.0,107.0,222,195,174,129,203,193,180,210,180,10,235,94,171,First Pair,55.0,1268.7166666666667,2.0,21.0,23.0,4.758685788962548,38.961038961038966,48.16238019174472,8476854,D,76.0,217.0,1994-01-20,SWE,2012.0,1.0,6.0,L,25,"[92, 88, 94, 79, 82]","[88, 90, 91, 93, 83]","[92, 90, 94, 92, 77]","['ANA', 'ANA', 'ANA', 'ANA', 'ANA']"
2019-2020,Haydn Fleury,CAR,D,23.8,7.2,22.1,,,68.5,89.8,92.3,92.3,93.6,63.8,73.6,20.0,46.4,25.5,180,219,184,,,75,25,19,19,14,86,63,189,127,176,235,94,171,Third Pair,44.0,598.35,4.0,10.0,14.0,3.327533839288981,47.72727272727273,50.1646656796422,8477938,D,76.0,207.0,1996-07-08,CAN,2014.0,1.0,7.0,L,23,"[None, None, 2, None, 46]","[None, None, 3, None, 12]","[None, None, 11, None, 32]","[None, None, 'CAR', None, 'CAR']"
2019-2020,Henri Jokiharju,BUF,D,32.3,58.3,57.9,,20.5,22.1,9.8,23.4,68.1,15.7,45.1,74.9,10.2,22.6,91.9,160,99,100,,137.0,184,213,181,76,180,130,60,212,183,20,235,94,171,Third Pair,69.0,1187.9666666666667,4.0,11.0,15.0,2.5902219025932407,46.913580246913575,48.88808358084529,8480035,D,72.0,205.0,1999-06-17,FIN,2017.0,1.0,29.0,R,20,"[None, None, None, 25, 38]","[None, None, None, 53, 64]","[None, None, None, 37, 71]","[None, None, None, 'CHI', 'BUF']"
2019-2020,Ian Cole,COL,D,63.0,73.2,94.5,,76.0,54.0,56.2,56.6,75.3,0.9,63.4,9.4,53.6,59.1,26.0,88,64,14,,42.0,109,104,103,59,215,87,214,110,97,175,235,94,171,Third Pair,64.0,1131.3833333333334,4.0,22.0,26.0,4.651375390866791,60.75949367088608,52.87690444030984,8474013,D,73.0,237.0,1989-02-21,USA,2007.0,1.0,18.0,L,30,"[40, 57, 40, 36, 83]","[68, 71, 54, 62, 81]","[76, 80, 79, 94, 91]","['PIT', 'PIT', 'CBJ', 'COL', 'COL']"
2019-2020,Ilya Lyubushkin,ARI,D,61.3,48.9,63.0,,,19.6,2.1,12.3,34.9,80.0,98.7,61.7,33.6,6.4,31.9,92,121,88,,,190,227,207,154,43,4,91,157,221,161,235,94,171,Third Pair,51.0,723.7666666666667,0.0,4.0,4.0,1.7459268205090197,52.94117647058824,55.84098657035788,8480950,D,74.0,206.0,1994-04-06,RUS,,,,R,25,"[None, None, None, 54, 73]","[None, None, None, 34, 61]","[None, None, None, 42, 78]","[None, None, None, 'ARI', 'ARI']"
2019-2020,Ivan Provorov,PHI,D,59.1,17.9,68.9,1.1,94.2,89.4,83.4,82.6,17.9,89.4,45.5,12.3,31.9,88.1,94.0,97,194,74,94.0,11.0,26,40,42,194,23,129,207,161,29,15,235,94,171,First Pair,69.0,1714.15,13.0,23.0,36.0,8.978036290333298,51.92307692307693,51.63382165209157,8478500,D,73.0,224.0,1997-01-13,RUS,2015.0,1.0,7.0,L,22,"[None, 21, 76, 58, 63]","[None, 7, 11, 26, 23]","[None, 59, 74, 65, 75]","[None, 'PHI', 'PHI', 'PHI', 'PHI']"
2019-2020,Jaccob Slavin,CAR,D,98.7,94.9,81.3,46.8,100.0,47.7,53.2,54.9,86.4,94.5,15.7,51.1,37.0,98.7,74.9,4,13,45,51.0,1.0,124,111,107,33,12,199,116,149,4,60,235,94,171,First Pair,67.0,1563.6166666666666,6.0,30.0,36.0,6.341100644654376,58.55855855855856,55.602501578133825,8476958,D,75.0,207.0,1994-05-01,USA,2012.0,4.0,120.0,L,25,"[89, 97, 99, 95, 99]","[86, 93, 95, 96, 89]","[45, 82, 93, 55, 88]","['CAR', 'CAR', 'CAR', 'CAR', 'CAR']"
2019-2020,Jack Johnson,PIT,D,0.4,1.7,9.8,,3.5,8.9,8.1,6.0,11.5,11.1,88.9,36.6,40.4,82.1,53.6,235,232,213,,166.0,215,217,222,209,191,27,150,141,43,110,235,94,171,Second Pair,67.0,1303.75,3.0,8.0,11.0,2.191064511060386,45.55555555555556,46.464082332660865,8471677,D,74.0,225.0,1987-01-13,USA,2005.0,1.0,3.0,L,32,"[19, 38, 4, 1, 0]","[34, 69, 32, 3, 0]","[18, 23, 14, 9, 12]","['CBJ', 'CBJ', 'CBJ', 'PIT', 'PIT']"
2019-2020,Jacob Larsson,ANA,D,21.7,49.4,20.0,,36.8,23.4,16.6,17.9,29.8,51.1,36.2,30.6,48.5,19.6,40.4,185,120,189,,109.0,181,197,194,166,102,151,164,122,190,141,235,94,171,Third Pair,60.0,968.5666666666668,2.0,9.0,11.0,1.8558460343270426,43.05555555555556,45.02039673497074,8478491,D,74.0,193.0,1997-04-29,SWE,2015.0,1.0,27.0,L,22,"[None, None, None, 25, 17]","[None, None, None, 49, 53]","[None, None, None, 36, 9]","[None, None, None, 'ANA', 'ANA']"
2019-2020,Jacob Trouba,NYR,D,24.3,73.6,54.9,57.4,2.3,0.4,38.7,87.7,75.7,12.3,56.6,18.3,34.0,39.1,88.5,179,63,107,41.0,168.0,235,145,30,58,188,103,193,156,144,28,235,94,171,First Pair,70.0,1579.5,7.0,20.0,27.0,8.857176208736478,41.41414141414141,45.86870890970165,8476885,D,75.0,212.0,1994-02-26,USA,2012.0,1.0,9.0,R,25,"[88, 86, 81, 25, 15]","[95, 86, 85, 83, 62]","[83, 57, 79, 66, 42]","['WPG', 'WPG', 'WPG', 'WPG', 'NYR']"
2019-2020,Jake Gardiner,CAR,D,70.6,88.5,43.4,87.2,,40.9,34.9,25.5,63.0,8.5,34.0,83.8,42.6,63.4,46.8,70,28,134,13.0,,140,154,176,88,197,156,39,136,87,126,235,94,171,Third Pair,67.0,1120.0833333333333,4.0,20.0,24.0,3.5423209595625997,39.743589743589745,52.436809698199184,8474581,D,74.0,203.0,1990-07-04,USA,2008.0,1.0,17.0,L,29,"[68, 86, 83, 77, 63]","[75, 97, 79, 89, 86]","[68, 64, 71, 60, 28]","['TOR', 'TOR', 'TOR', 'TOR', 'CAR']"
2019-2020,Jake McCabe,BUF,D,50.6,8.1,90.6,,55.6,53.6,37.4,17.0,40.9,27.2,64.7,21.3,10.6,11.9,77.0,117,217,23,,77.0,110,148,196,140,155,84,186,211,208,55,235,94,171,Second Pair,66.0,1222.9,3.0,10.0,13.0,2.4494708950075026,43.373493975903614,49.072699015654855,8476931,D,73.0,210.0,1993-10-12,USA,2012.0,2.0,44.0,L,25,"[78, 31, 48, 42, 58]","[48, 13, 13, 30, 5]","[78, 32, 68, 72, 97]","['BUF', 'BUF', 'BUF', 'BUF', 'BUF']"
2019-2020,Jake Muzzin,TOR,D,95.7,93.6,80.0,,96.5,95.7,88.1,61.7,79.6,26.0,82.1,15.3,58.7,50.2,76.2,11,16,48,,7.0,11,29,91,49,158,43,200,98,118,57,235,94,171,Second Pair,53.0,1144.5333333333333,6.0,17.0,23.0,4.073713461835626,51.48514851485149,52.15965979155899,8474162,D,75.0,227.0,1989-02-21,CAN,2007.0,5.0,141.0,L,30,"[97, 90, 86, 97, 94]","[97, 91, 96, 95, 90]","[93, 85, 66, 84, 79]","['LAK', 'LAK', 'LAK', 'TOR', 'TOR']"
2019-2020,Jakob Chychrun,ARI,D,66.0,46.8,57.4,13.8,90.6,88.1,80.0,73.2,26.8,77.4,54.0,69.4,50.6,22.1,51.1,81,126,101,82.0,17.0,29,48,64,173,49,109,73,117,184,116,235,94,171,First Pair,63.0,1413.3833333333334,12.0,14.0,26.0,8.174265380712772,54.54545454545454,50.00923971796544,8479345,D,74.0,215.0,1998-03-31,USA,2016.0,1.0,16.0,L,21,"[None, 13, 23, 63, 79]","[None, 26, 49, 47, 53]","[None, 23, 21, 46, 73]","[None, 'ARI', 'ARI', 'ARI', 'ARI']"
2019-2020,Jamie Oleksiak,DAL,D,52.3,57.0,82.1,,,71.1,71.1,54.0,28.9,8.1,90.6,30.2,43.0,71.9,17.9,113,102,43,,,69,69,109,168,198,23,165,135,67,194,235,94,171,Third Pair,69.0,1090.8833333333332,3.0,7.0,10.0,3.6725174289173856,46.15384615384615,57.42753830378285,8476467,D,79.0,252.0,1992-12-21,CAN,2011.0,1.0,14.0,L,26,"[None, 43, 39, 34, 68]","[None, 47, 67, 38, 64]","[None, 45, 39, 60, 94]","[None, 'DAL', 'PIT', 'DAL', 'DAL']"
2019-2020,Jan Rutta,TBL,D,38.3,63.0,34.0,,19.9,57.4,51.1,54.5,67.2,48.3,23.0,59.6,97.0,85.1,68.1,146,88,156,,138.0,101,116,108,78,108,182,96,8,36,76,235,94,171,Third Pair,33.0,512.8833333333333,1.0,6.0,7.0,1.718362515596876,60.0,56.23975387174903,8480172,D,75.0,204.0,1990-07-29,CZE,,,,R,29,"[None, None, 32, 44, 42]","[None, None, 58, 56, 68]","[None, None, 19, 43, 34]","[None, None, 'CHI', 'TBL', 'TBL']"
2019-2020,Jared Spurgeon,MIN,D,99.1,87.2,98.7,84.0,72.5,98.7,95.3,80.4,54.9,58.7,24.3,68.1,65.1,92.3,57.9,3,31,4,16.0,48.0,4,12,47,107,86,179,76,83,19,100,235,94,171,First Pair,62.0,1399.5333333333333,12.0,20.0,32.0,7.832428250798674,57.14285714285714,57.54882547159904,8474716,D,69.0,166.0,1989-11-29,CAN,2008.0,6.0,156.0,R,29,"[93, 100, 97, 99, 98]","[78, 93, 89, 77, 89]","[87, 95, 94, 98, 98]","['MIN', 'MIN', 'MIN', 'MIN', 'MIN']"
2019-2020,Jarred Tinordi,NSH,D,20.0,22.1,24.3,,39.2,57.0,38.3,4.7,37.9,54.0,94.9,17.0,78.3,57.4,34.9,189,184,179,,105.0,102,146,225,147,96,13,196,52,101,154,235,94,171,Third Pair,28.0,465.18333333333334,1.0,4.0,5.0,0.7530402866675241,45.94594594594595,43.988900144370575,8475797,D,78.0,229.0,1992-02-20,USA,2010.0,1.0,22.0,L,27,"[None, None, None, None, 19]","[None, None, None, None, 22]","[None, None, None, None, 26]","[None, None, None, None, 'NSH']"
2019-2020,Jason Demers,ARI,D,79.6,57.9,85.1,,78.4,41.3,23.8,10.2,33.2,66.0,43.0,52.8,76.2,21.3,64.3,49,100,36,,38.0,139,180,212,158,72,135,112,57,186,85,235,94,171,Second Pair,50.0,1024.7333333333331,0.0,11.0,11.0,2.024117166841558,50.81967213114754,48.55596659907265,8474218,D,73.0,195.0,1988-06-09,CAN,2008.0,7.0,186.0,R,31,"[73, 72, 86, 70, 81]","[89, 49, 74, 36, 65]","[80, 87, 96, 67, 88]","['DAL', 'FLA', 'ARI', 'ARI', 'ARI']"
2019-2020,Jay Bouwmeester,STL,D,2.6,0.4,42.6,,31.0,34.5,22.6,8.5,27.2,13.6,14.5,4.7,73.6,92.8,68.5,230,235,136,,119.0,155,183,216,172,185,202,225,63,18,75,235,94,171,Second Pair,56.0,1208.0333333333333,1.0,8.0,9.0,1.666441613554855,51.51515151515152,45.46114232019562,8470151,D,76.0,206.0,1983-09-27,CAN,2002.0,1.0,3.0,L,35,"[24, 7, 26, 2, 2]","[16, 3, 10, 2, 0]","[62, 76, 41, 39, 43]","['STL', 'STL', 'STL', 'STL', 'STL']"
2019-2020,Jeff Petry,MTL,D,97.0,98.7,94.0,2.1,69.6,43.0,65.5,82.1,80.9,60.4,78.7,52.3,8.9,80.4,48.9,8,4,15,93.0,53.0,135,82,43,46,82,51,113,215,47,121,235,94,171,First Pair,71.0,1678.8666666666666,11.0,29.0,40.0,8.599341763407597,48.57142857142857,56.57996202131227,8473507,D,75.0,208.0,1987-12-09,USA,2006.0,2.0,45.0,R,31,"[65, 90, 95, 92, 97]","[73, 94, 95, 97, 99]","[70, 83, 88, 86, 97]","['MTL', 'MTL', 'MTL', 'MTL', 'MTL']"
2019-2020,Jeremy Lauzon,BOS,D,26.8,40.9,45.1,,49.1,54.5,74.9,79.1,2.1,24.9,74.5,67.7,86.0,86.8,1.7,173,140,130,,88.0,108,60,50,231,160,61,77,34,32,232,235,94,171,Third Pair,19.0,293.0333333333333,1.0,1.0,2.0,0.9415082697536383,56.25,55.041343686522225,8478468,D,75.0,225.0,1997-04-28,CAN,2015.0,2.0,52.0,L,22,"[None, None, None, None, 26]","[None, None, None, None, 40]","[None, None, None, None, 46]","[None, None, None, None, 'BOS']"
2019-2020,Joakim Ryan,LAK,D,55.7,51.1,58.7,,25.7,31.1,15.3,31.9,12.8,61.7,41.3,78.7,4.3,70.6,18.3,105,116,98,,128.0,163,200,161,206,79,139,51,226,70,193,235,94,171,Second Pair,35.0,670.0166666666667,1.0,4.0,5.0,1.788608115944291,35.294117647058826,52.520317181684675,8477046,D,71.0,185.0,1993-06-17,USA,2012.0,7.0,198.0,L,26,"[None, None, 65, 58, 55]","[None, None, 61, 62, 39]","[None, None, 62, 44, 68]","[None, None, 'SJS', 'SJS', 'LAK']"
2019-2020,Joel Edmundson,CAR,D,3.8,24.7,12.8,,63.2,66.8,81.7,89.4,51.5,3.4,65.5,14.5,47.7,94.0,72.3,227,178,206,,64.0,79,44,26,115,209,82,202,124,15,66,235,94,171,Second Pair,67.0,1233.9166666666667,7.0,13.0,20.0,5.360409909066909,48.837209302325576,47.96459078244988,8476441,D,77.0,220.0,1993-06-28,CAN,2011.0,2.0,46.0,L,26,"[15, 6, 18, 4, 6]","[70, 13, 45, 18, 29]","[22, 12, 8, 56, 3]","['STL', 'STL', 'STL', 'STL', 'CAR']"
2019-2020,John Carlson,WSH,D,88.5,97.9,6.4,92.6,57.3,100.0,98.3,94.0,98.3,39.6,6.4,65.5,84.7,41.3,92.3,28,6,221,8.0,74.0,1,5,15,5,126,221,82,37,139,19,235,94,171,First Pair,69.0,1699.6833333333334,15.0,60.0,75.0,12.290226562893386,52.03252032520326,49.37527618518682,8474590,D,75.0,220.0,1990-01-10,USA,2008.0,1.0,27.0,R,29,"[84, 84, 55, 90, 89]","[83, 92, 95, 99, 97]","[59, 18, 12, 2, 12]","['WSH', 'WSH', 'WSH', 'WSH', 'WSH']"
2019-2020,John Klingberg,DAL,D,90.6,94.0,24.7,96.8,,23.0,54.5,73.6,67.7,69.8,20.0,92.8,63.4,60.4,89.4,23,15,178,4.0,,182,108,63,77,63,189,18,87,94,26,235,94,171,First Pair,58.0,1285.5666666666666,6.0,26.0,32.0,5.8232953624753305,46.05263157894737,51.582797016546635,8475906,D,74.0,185.0,1992-08-14,SWE,2010.0,5.0,131.0,R,27,"[73, 78, 93, 94, 83]","[96, 85, 98, 92, 95]","[13, 12, 18, 53, 19]","['DAL', 'DAL', 'DAL', 'DAL', 'DAL']"
2019-2020,John Marino,PIT,D,77.4,21.7,87.2,,87.1,85.1,79.1,36.2,96.6,75.5,65.1,45.1,91.1,53.2,71.5,54,185,31,,23.0,36,50,151,9,51,83,130,22,111,68,235,94,171,Second Pair,56.0,1133.5833333333333,6.0,20.0,26.0,3.5137045146749886,56.41025641025641,54.925714063935416,8478507,D,73.0,200.0,1997-05-21,USA,2015.0,6.0,154.0,R,22,"[None, None, None, None, 78]","[None, None, None, None, 21]","[None, None, None, None, 87]","[None, None, None, None, 'PIT']"
2019-2020,John Moore,BOS,D,6.8,23.4,7.7,,18.7,27.7,75.3,67.2,13.2,42.6,71.5,71.1,14.0,75.7,5.5,220,181,218,,140.0,171,59,78,205,119,68,69,203,58,223,235,94,171,Third Pair,24.0,397.03333333333336,2.0,1.0,3.0,1.1960585739641798,45.83333333333333,56.597803020079326,8475186,D,75.0,207.0,1990-11-19,USA,2009.0,1.0,21.0,L,28,"[5, 14, 0, 2, 30]","[45, 28, 22, 13, 45]","[3, 5, 1, 2, 23]","['NJD', 'NJD', 'NJD', 'BOS', 'BOS']"
2019-2020,Johnny Boychuk,NYI,D,12.3,51.9,17.4,,15.8,1.7,22.1,66.8,49.8,44.3,86.8,74.5,36.2,15.7,29.4,207,114,195,,145.0,232,184,79,119,116,32,61,151,199,167,235,94,171,Third Pair,64.0,1106.2666666666669,2.0,9.0,11.0,3.408527234596172,38.46153846153847,46.78591339076693,8470187,D,74.0,227.0,1984-01-19,CAN,2002.0,2.0,61.0,R,35,"[90, 79, 52, 21, 7]","[68, 83, 39, 60, 50]","[79, 60, 58, 21, 11]","['NYI', 'NYI', 'NYI', 'NYI', 'NYI']"
2019-2020,Jon Merrill,VGK,D,36.2,44.7,87.7,,28.1,46.4,36.2,18.3,11.1,4.7,71.9,87.7,58.3,94.5,8.5,151,131,30,,124.0,127,151,193,210,206,67,30,99,14,216,235,94,171,Second Pair,49.0,889.55,2.0,5.0,7.0,1.919041912134779,53.44827586206896,56.97591043265474,8475750,D,75.0,204.0,1992-02-03,USA,2010.0,2.0,38.0,L,27,"[29, 20, 19, 36, 47]","[25, 11, 20, 64, 35]","[51, 65, 53, 84, 92]","['NJD', 'NJD', 'VGK', 'VGK', 'VGK']"
2019-2020,Jonas Brodin,MIN,D,88.1,1.3,100.0,,82.5,25.1,31.5,21.7,73.6,33.2,12.8,25.1,55.7,78.3,65.1,29,233,1,,31.0,177,162,185,63,141,206,177,105,52,83,235,94,171,Second Pair,69.0,1487.05,2.0,26.0,28.0,3.8704782508423814,54.36893203883495,54.26672255560502,8476463,D,74.0,196.0,1993-07-12,SWE,2011.0,1.0,10.0,L,26,"[45, 83, 79, 84, 90]","[1, 6, 4, 1, 3]","[92, 97, 97, 99, 100]","['MIN', 'MIN', 'MIN', 'MIN', 'MIN']"
2019-2020,Jonas Siegenthaler,WSH,D,59.6,53.2,69.8,,62.6,60.9,18.7,4.3,68.9,43.6,57.0,32.3,95.3,30.2,24.3,96,111,72,,65.0,93,192,226,74,117,102,160,12,165,179,235,94,171,Third Pair,64.0,1006.65,2.0,7.0,9.0,1.4792024185051817,55.932203389830505,53.038304888768614,8478399,D,74.0,218.0,1997-05-06,CHE,2015.0,2.0,57.0,L,22,"[None, None, None, 53, 71]","[None, None, None, 46, 59]","[None, None, None, 59, 81]","[None, None, None, 'WSH', 'WSH']"
2019-2020,Jordan Oesterle,ARI,D,37.4,26.8,27.2,55.3,,74.5,57.0,22.1,23.8,86.8,48.9,74.0,23.0,23.0,41.7,148,173,172,43.0,,61,102,184,180,29,121,62,182,182,138,235,94,171,Third Pair,58.0,986.85,3.0,10.0,13.0,2.646906179589954,44.642857142857146,49.236506414254855,8477851,D,72.0,181.0,1992-06-25,USA,,,,L,27,"[56, None, 68, 34, 33]","[49, None, 48, 9, 48]","[34, None, 48, 48, 17]","['EDM', None, 'CHI', 'ARI', 'ARI']"
2019-2020,Jordie Benn,VAN,D,69.8,32.8,78.3,,85.4,70.6,30.2,8.9,50.2,68.5,55.7,11.1,39.1,48.5,15.7,72,159,52,,26.0,70,165,215,118,66,105,210,144,122,199,235,94,171,Third Pair,44.0,716.6,1.0,6.0,7.0,1.4987118037841032,42.5531914893617,43.53941672578186,8474818,D,74.0,201.0,1987-07-26,CAN,,,,L,32,"[71, 79, 44, 86, 61]","[48, 80, 21, 47, 27]","[75, 62, 82, 91, 49]","['DAL', 'MTL', 'MTL', 'MTL', 'VAN']"
2019-2020,Josh Manson,ANA,D,46.0,69.8,62.1,,56.7,17.9,26.0,51.5,36.6,7.2,72.8,21.7,15.3,47.2,97.9,128,72,90,,75.0,194,175,115,150,200,65,185,200,125,6,235,94,171,Second Pair,50.0,1031.55,1.0,8.0,9.0,3.874445574424486,39.39393939393939,49.65309308183073,8476312,D,75.0,218.0,1991-10-07,USA,2011.0,6.0,160.0,R,27,"[83, 71, 77, 16, 63]","[56, 84, 87, 52, 74]","[90, 86, 83, 69, 55]","['ANA', 'ANA', 'ANA', 'ANA', 'ANA']"
2019-2020,Josh Morrissey,WPG,D,28.9,54.9,40.9,12.8,22.8,61.7,44.3,47.2,54.5,40.0,8.5,70.6,66.0,28.5,90.2,168,107,140,83.0,133.0,91,132,125,108,125,216,70,81,169,24,235,94,171,First Pair,65.0,1480.0666666666666,5.0,26.0,31.0,5.878668071974165,49.01960784313725,43.68656661018095,8477504,D,72.0,195.0,1995-03-28,CAN,2013.0,1.0,13.0,L,24,"[None, 60, 66, 60, 13]","[None, 41, 50, 65, 47]","[None, 72, 86, 60, 19]","[None, 'WPG', 'WPG', 'WPG', 'WPG']"
2019-2020,Joshua Brown,FLA,D,40.9,16.6,61.3,,,55.3,41.7,18.7,3.4,55.3,91.1,75.7,40.9,17.9,12.8,140,197,92,,,106,138,192,228,94,22,58,140,194,206,235,94,171,Third Pair,56.0,751.4,3.0,5.0,8.0,2.144390522576171,51.72413793103448,48.31070490341461,8477384,D,77.0,220.0,1994-01-21,CAN,2013.0,6.0,152.0,R,25,"[None, None, None, 48, 39]","[None, None, None, 42, 6]","[None, None, None, 61, 66]","[None, None, None, 'FLA', 'FLA']"
2019-2020,Justin Braun,PHI,D,9.4,0.9,90.2,,14.0,50.2,29.8,11.9,87.2,12.8,64.3,14.9,9.8,84.7,42.1,214,234,24,,148.0,118,166,208,31,187,85,201,213,37,137,235,94,171,Third Pair,62.0,1070.6833333333334,3.0,16.0,19.0,2.406761501192106,47.5,51.21139112633578,8474027,D,74.0,205.0,1987-02-10,USA,2007.0,7.0,201.0,R,32,"[83, 46, 9, 8, 15]","[65, 2, 2, 0, 2]","[95, 96, 64, 93, 82]","['SJS', 'SJS', 'SJS', 'SJS', 'PHI']"
2019-2020,Justin Faulk,STL,D,31.1,92.8,8.9,93.6,32.7,3.4,57.4,91.5,24.7,3.0,44.3,69.8,20.9,89.4,46.4,163,18,215,7.0,116.0,228,101,21,178,210,132,72,187,26,127,235,94,171,Second Pair,69.0,1419.1166666666666,5.0,11.0,16.0,7.497497242842838,45.16129032258064,52.13978635418744,8475753,D,72.0,208.0,1992-03-20,USA,2010.0,2.0,37.0,R,27,"[47, 80, 53, 16, 44]","[88, 96, 93, 86, 94]","[1, 1, 10, 5, 14]","['CAR', 'CAR', 'CAR', 'CAR', 'STL']"
2019-2020,Justin Holl,TOR,D,25.5,76.2,64.7,,71.9,0.9,8.9,80.0,77.0,1.7,61.7,6.4,49.4,81.3,29.8,176,57,84,,49.0,234,215,48,55,213,91,221,120,45,166,235,94,171,Second Pair,68.0,1258.6166666666668,2.0,16.0,18.0,4.826575985526464,52.22222222222223,53.81811866412354,8475718,D,76.0,194.0,1992-01-30,USA,2010.0,2.0,54.0,R,27,"[None, None, None, None, 26]","[None, None, None, None, 74]","[None, None, None, None, 68]","[None, None, None, None, 'TOR']"
2019-2020,Justin Schultz,PIT,D,16.6,41.7,14.5,11.7,,48.9,54.9,69.4,18.7,74.5,41.7,81.7,57.4,68.1,67.7,197,138,202,84.0,,121,107,73,192,52,138,44,101,76,77,235,94,171,Second Pair,46.0,913.9,3.0,9.0,12.0,4.5337346941212,47.61904761904761,49.45278270266555,8474602,D,74.0,190.0,1990-07-06,CAN,2008.0,2.0,43.0,R,29,"[14, 57, 21, 26, 14]","[45, 86, 58, 43, 38]","[6, 7, 9, 17, 14]","['PIT', 'PIT', 'PIT', 'PIT', 'PIT']"
2019-2020,Juuso Riikola,PIT,D,53.2,34.0,58.3,42.6,,28.5,16.2,68.5,37.4,77.9,95.7,70.2,83.8,51.1,17.4,111,156,99,55.0,,169,198,75,148,48,11,71,39,116,195,235,94,171,Third Pair,36.0,499.66666666666663,1.0,6.0,7.0,2.308964330652805,58.333333333333336,57.30189584556394,8480945,D,72.0,189.0,1993-11-09,FIN,,,,L,25,"[None, None, None, 38, 66]","[None, None, None, 30, 43]","[None, None, None, 46, 67]","[None, None, None, 'PIT', 'PIT']"
2019-2020,Keith Yandle,FLA,D,17.4,86.4,0.4,98.9,,15.7,28.1,31.5,93.2,47.7,0.4,73.2,79.6,65.1,59.6,195,33,235,2.0,,199,170,162,17,109,235,64,49,83,96,235,94,171,Second Pair,69.0,1359.0666666666666,5.0,40.0,45.0,5.6272074312652185,56.62650602409639,47.71652383168262,8471735,D,73.0,192.0,1986-09-09,USA,2005.0,4.0,105.0,L,32,"[11, 10, 24, 17, 21]","[90, 78, 88, 93, 77]","[1, 0, 0, 0, 0]","['NYR', 'FLA', 'FLA', 'FLA', 'FLA']"
2019-2020,Kevin Shattenkirk,TBL,D,67.2,59.1,86.8,67.0,,76.2,70.6,63.4,91.1,14.9,42.6,88.1,78.7,70.2,52.3,78,97,32,32.0,,57,70,87,22,182,136,29,51,71,113,235,94,171,Second Pair,70.0,1322.9833333333331,8.0,26.0,34.0,6.108271623889342,62.637362637362635,55.64425363266044,8474031,D,72.0,203.0,1989-01-29,USA,2007.0,1.0,14.0,R,30,"[76, 77, 16, 71, 78]","[66, 79, 33, 77, 54]","[81, 91, 40, 81, 94]","['STL', 'WSH', 'NYR', 'NYR', 'TBL']"
2019-2020,Korbinian Holzer,NSH,D,11.9,12.3,30.2,,31.6,43.8,35.3,33.2,2.6,30.2,91.9,9.8,88.5,10.2,19.1,208,207,165,,118.0,133,153,158,230,148,20,213,28,212,191,235,94,171,Third Pair,49.0,785.8333333333334,1.0,3.0,4.0,2.901941421379084,42.5,41.50042413848932,8473560,D,75.0,213.0,1988-02-16,DEU,2006.0,4.0,111.0,R,31,"[40, 27, None, 35, 5]","[37, 26, None, 38, 5]","[26, 35, None, 33, 25]","['ANA', 'ANA', None, 'ANA', 'NSH']"
2019-2020,Kris Letang,PIT,D,93.6,96.2,66.8,58.5,90.1,94.0,91.9,93.6,90.2,21.7,53.2,48.1,50.2,86.0,99.6,16,10,79,40.0,18.0,15,20,16,24,167,111,123,118,34,2,235,94,171,First Pair,61.0,1569.25,15.0,29.0,44.0,10.243299718740774,50.86206896551724,51.784460157126134,8471724,D,72.0,199.0,1987-04-24,CAN,2005.0,3.0,62.0,R,32,"[76, 78, 90, 93, 93]","[93, 88, 96, 94, 96]","[71, 49, 89, 74, 60]","['PIT', 'PIT', 'PIT', 'PIT', 'PIT']"
2019-2020,Kris Russell,EDM,D,57.0,4.7,79.6,,61.4,49.8,13.6,5.1,46.8,88.9,55.3,11.9,68.1,13.2,34.5,102,225,49,,67.0,119,204,224,126,24,106,208,76,205,155,235,94,171,Third Pair,55.0,922.8833333333332,0.0,9.0,9.0,1.3324909299909449,48.78048780487805,46.6805457702467,8471729,D,70.0,170.0,1987-05-02,CAN,2005.0,3.0,67.0,L,32,"[33, 46, 76, 64, 49]","[7, 4, 22, 5, 6]","[63, 72, 58, 89, 69]","['DAL', 'EDM', 'EDM', 'EDM', 'EDM']"
2019-2020,Kurtis MacDermid,LAK,D,8.5,36.2,14.0,,60.2,78.7,84.7,43.0,21.7,10.6,93.6,88.5,2.1,63.0,20.4,216,151,203,,69.0,51,37,135,185,192,16,28,231,88,188,235,94,171,Third Pair,45.0,617.1,3.0,5.0,8.0,1.6310707882752298,35.714285714285715,45.12592166287803,8477073,L,77.0,233.0,1994-03-25,CAN,,,,L,25,"[None, None, 13, None, 8]","[None, None, 33, None, 37]","[None, None, 30, None, 10]","[None, None, 'LAK', None, 'LAK']"
2019-2020,Libor Hajek,NYR,D,18.7,22.6,21.7,,35.1,38.3,2.1,7.7,63.4,63.2,59.6,0.4,77.9,36.2,59.1,192,183,185,,112.0,146,227,218,87,76,96,235,53,151,97,235,94,171,Third Pair,28.0,447.56666666666666,0.0,5.0,5.0,0.8509863621447357,43.24324324324324,38.927185872821944,8479333,D,74.0,209.0,1998-02-04,CZE,2016.0,2.0,37.0,L,21,"[None, None, None, None, 18]","[None, None, None, None, 22]","[None, None, None, None, 22]","[None, None, None, None, 'NYR']"
2019-2020,Luca Sbisa,WPG,D,8.1,20.4,11.5,,11.1,68.9,55.7,9.4,37.0,41.3,83.0,20.4,85.1,3.4,58.3,217,188,209,,153.0,74,105,214,149,122,41,188,36,228,99,235,94,171,Third Pair,44.0,789.25,2.0,8.0,10.0,1.5098748968400324,49.15254237288136,43.66523348113957,8474579,D,75.0,206.0,1990-01-30,ITA,2008.0,1.0,19.0,L,29,"[8, 1, 16, None, 6]","[15, 1, 27, None, 21]","[6, 8, 14, None, 9]","['VAN', 'VAN', 'VGK', None, 'WPG']"
2019-2020,Luke Schenn,TBL,D,20.4,13.2,23.4,,42.1,38.7,32.3,59.6,8.1,73.2,100.0,31.9,1.7,55.7,10.2,188,205,181,,100.0,145,160,96,217,55,1,161,232,105,212,235,94,171,Fringe,25.0,311.2833333333333,1.0,2.0,3.0,0.9960903573330117,35.714285714285715,45.12629053430143,8474568,D,74.0,225.0,1989-11-02,CAN,2008.0,1.0,5.0,R,29,"[5, 2, 15, 24, 19]","[11, 14, 9, 18, 16]","[12, 4, 20, 24, 27]","['LAK', 'ARI', 'ARI', 'VAN', 'TBL']"
2019-2020,MacKenzie Weegar,FLA,D,85.5,69.4,85.5,,51.5,88.5,92.3,79.6,54.0,62.6,80.9,34.0,28.1,46.8,37.0,35,73,35,,84.0,28,19,49,109,77,46,156,170,126,149,235,94,171,Second Pair,45.0,905.25,7.0,11.0,18.0,4.380033353189607,53.24675324675325,54.87846382282574,8477346,D,72.0,206.0,1994-01-07,CAN,2013.0,7.0,206.0,R,25,"[None, None, 72, 72, 90]","[None, None, 71, 56, 77]","[None, None, 67, 85, 88]","[None, None, 'FLA', 'FLA', 'FLA']"
2019-2020,Madison Bowey,DET,D,1.7,10.2,9.4,,17.0,53.2,50.2,55.7,78.7,5.5,56.2,46.4,51.1,1.7,32.8,232,212,214,,143.0,111,118,105,51,204,104,127,116,232,159,235,94,171,Third Pair,53.0,949.1166666666668,3.0,14.0,17.0,3.3959944427326585,42.168674698795186,41.276079597403424,8477474,D,73.0,207.0,1995-04-22,CAN,2013.0,2.0,53.0,R,24,"[None, None, 7, 7, 1]","[None, None, 16, 16, 8]","[None, None, 24, 14, 4]","[None, None, 'WSH', 'DET', 'DET']"
2019-2020,Marc Staal,NYR,D,1.3,14.5,4.7,,1.2,35.3,33.2,20.9,24.3,28.5,46.4,15.7,69.4,29.4,61.3,233,202,225,,170.0,153,158,187,179,152,127,199,73,167,92,235,94,171,Third Pair,52.0,917.3833333333332,2.0,9.0,11.0,1.6506641404119176,50.0,45.40080084203866,8471686,D,76.0,208.0,1987-01-13,CAN,2005.0,1.0,12.0,L,32,"[3, 44, 11, 2, 2]","[29, 59, 39, 22, 10]","[7, 31, 3, 5, 5]","['NYR', 'NYR', 'NYR', 'NYR', 'NYR']"
2019-2020,Marc-Edouard Vlasic,SJS,D,80.0,54.5,89.8,,14.6,66.4,49.4,44.7,48.1,83.8,3.8,16.2,6.4,53.6,83.8,48,108,25,,147.0,80,120,131,123,34,227,198,221,110,39,235,94,171,Second Pair,70.0,1420.6333333333332,5.0,10.0,15.0,3.3124981169575545,39.56043956043956,47.212767298532086,8471709,D,73.0,205.0,1987-03-30,CAN,2005.0,2.0,35.0,L,32,"[99, 94, 98, 77, 66]","[82, 60, 76, 67, 30]","[99, 98, 99, 81, 83]","['SJS', 'SJS', 'SJS', 'SJS', 'SJS']"
2019-2020,Marco Scandella,STL,D,28.1,3.4,78.7,,15.2,91.1,84.3,39.1,20.9,48.9,34.9,53.6,70.2,45.1,48.1,170,228,51,,146.0,22,38,144,187,107,154,110,71,130,123,235,94,171,Third Pair,62.0,1090.2666666666669,4.0,9.0,13.0,3.4583465368907573,62.33766233766234,53.81043001747956,8474618,D,75.0,212.0,1990-02-23,CAN,2008.0,2.0,55.0,L,29,"[79, 65, 16, 11, 66]","[20, 23, 0, 2, 17]","[85, 75, 90, 45, 86]","['MIN', 'MIN', 'BUF', 'BUF', 'STL']"
2019-2020,Marcus Pettersson,PIT,D,60.9,66.0,80.4,27.7,55.0,12.3,17.9,13.6,74.9,23.0,87.2,77.9,76.6,39.6,49.4,93,81,47,69.0,78.0,207,194,204,60,164,31,53,56,143,120,235,94,171,Second Pair,69.0,1338.5333333333333,2.0,20.0,22.0,3.1748323138847137,54.08163265306123,52.96720414561265,8477969,D,77.0,174.0,1996-05-08,SWE,2014.0,2.0,38.0,L,23,"[None, None, None, 72, 51]","[None, None, None, 79, 56]","[None, None, None, 81, 76]","[None, None, None, 'PIT', 'PIT']"
2019-2020,Mario Ferraro,SJS,D,30.2,53.6,51.9,,,11.1,13.2,41.3,30.6,17.7,92.3,26.8,1.3,20.0,9.8,165,110,114,,,210,205,139,164,176,19,173,233,189,213,235,94,171,Third Pair,61.0,969.1333333333332,2.0,9.0,11.0,2.5454982142803417,38.75,48.398662367021835,8479983,D,71.0,200.0,1998-09-17,CAN,2017.0,2.0,49.0,L,20,"[None, None, None, None, 28]","[None, None, None, None, 54]","[None, None, None, None, 50]","[None, None, None, None, 'SJS']"
2019-2020,Mark Barberio,COL,D,35.3,46.4,57.0,,48.0,37.9,6.8,65.1,69.8,22.6,28.1,1.7,77.0,62.1,5.1,153,127,102,,90.0,147,220,83,72,165,170,232,55,90,224,235,94,171,Third Pair,21.0,296.0833333333333,0.0,2.0,2.0,0.9100297728518373,55.00000000000001,48.0591653125148,8474717,D,73.0,200.0,1990-03-23,CAN,2008.0,6.0,152.0,L,29,"[70, 66, 54, None, 32]","[69, 74, 63, None, 44]","[65, 59, 81, None, 50]","['MTL', 'COL', 'COL', None, 'COL']"
2019-2020,Mark Borowiecki,OTT,D,22.6,24.3,48.5,,66.1,80.0,80.4,45.5,8.9,14.0,99.6,1.3,12.3,18.7,91.1,183,179,122,,59.0,48,47,129,215,184,2,233,207,192,22,235,94,171,Third Pair,53.0,950.7833333333332,7.0,11.0,18.0,2.194555591594148,42.64705882352941,47.00579104413683,8474697,D,74.0,204.0,1989-07-12,CAN,2008.0,5.0,139.0,L,30,"[22, 25, 67, 15, 24]","[14, 15, 54, 33, 15]","[44, 76, 63, 44, 51]","['OTT', 'OTT', 'OTT', 'OTT', 'OTT']"
2019-2020,Mark Giordano,CGY,D,100.0,94.5,99.1,90.4,88.3,86.4,77.4,87.2,86.8,18.7,22.1,62.6,71.9,83.0,99.1,1,14,3,10.0,21.0,33,54,31,32,174,184,89,67,41,3,235,94,171,First Pair,60.0,1432.9166666666667,5.0,26.0,31.0,6.672750540046311,55.26315789473685,53.02854774983765,8470966,D,72.0,202.0,1983-10-03,CAN,,,,L,35,"[97, 98, 100, 100, 97]","[91, 81, 99, 95, 87]","[89, 97, 100, 99, 99]","['CGY', 'CGY', 'CGY', 'CGY', 'CGY']"
2019-2020,Mark Pysyk,FLA,D,58.3,50.6,74.5,,,67.7,94.9,97.9,61.7,43.0,50.6,2.6,67.2,32.3,46.0,99,117,61,,,77,13,6,91,118,117,230,78,160,128,235,94,171,Fringe,58.0,739.5833333333334,9.0,9.0,18.0,6.5286976595697785,50.90909090909091,46.63526075941063,8475796,D,73.0,205.0,1992-01-11,CAN,2010.0,1.0,23.0,R,27,"[33, 83, 95, 45, 51]","[63, 45, 81, 35, 52]","[67, 88, 90, 85, 53]","['BUF', 'FLA', 'FLA', 'FLA', 'FLA']"
2019-2020,Markus Nutivaara,CBJ,D,73.6,63.8,52.8,,,80.9,77.9,68.9,28.5,93.2,31.1,85.1,61.3,68.5,28.5,63,86,112,,,46,53,74,169,15,163,36,92,75,169,235,94,171,Third Pair,37.0,589.0833333333334,3.0,6.0,9.0,2.0735894910671835,53.125,48.1904748206953,8478906,D,73.0,187.0,1994-06-06,FIN,2015.0,7.0,189.0,L,25,"[None, 54, 90, 86, 55]","[None, 67, 90, 64, 55]","[None, 22, 44, 59, 51]","[None, 'CBJ', 'CBJ', 'CBJ', 'CBJ']"
2019-2020,Martin Marincin,TOR,D,45.5,48.1,39.6,,54.4,46.8,48.9,81.3,25.5,65.5,40.4,10.6,8.1,49.4,3.8,129,123,143,,79.0,126,121,45,176,73,141,211,217,120,227,235,94,171,Third Pair,26.0,394.98333333333335,1.0,3.0,4.0,1.2019277444795973,45.16129032258064,51.56529395698677,8475716,D,77.0,217.0,1992-02-18,SVK,2010.0,2.0,46.0,L,27,"[24, 56, None, 43, 50]","[23, 62, None, 44, 57]","[53, 43, None, 42, 35]","['TOR', 'TOR', None, 'TOR', 'TOR']"
2019-2020,Mathew Dumba,MIN,D,15.3,43.4,26.0,8.5,50.9,71.9,90.2,91.1,32.8,21.3,39.6,55.7,35.3,97.9,50.6,200,134,175,87.0,85.0,67,24,22,159,168,143,105,153,6,117,235,94,171,First Pair,69.0,1552.4833333333331,6.0,18.0,24.0,8.661213748004936,48.27586206896552,51.47694293796599,8476856,D,72.0,191.0,1994-07-25,CAN,2012.0,1.0,7.0,R,25,"[37, 41, 20, 56, 6]","[11, 19, 4, 58, 51]","[33, 53, 36, 25, 25]","['MIN', 'MIN', 'MIN', 'MIN', 'MIN']"
2019-2020,Matt Benning,EDM,D,51.1,34.5,50.2,,,65.1,45.5,42.1,86.0,71.1,90.2,46.8,94.5,13.6,16.2,116,155,118,,,83,129,137,34,60,24,126,14,204,198,235,94,171,Third Pair,43.0,568.7666666666667,1.0,7.0,8.0,1.346384838436994,60.0,49.16060254213859,8476988,D,73.0,220.0,1994-05-25,CAN,2012.0,6.0,175.0,R,25,"[None, 59, 62, 46, 54]","[None, 29, 60, 35, 28]","[None, 68, 29, 56, 56]","[None, 'EDM', 'EDM', 'EDM', 'EDM']"
2019-2020,Matt Grzelcyk,BOS,D,68.1,67.2,91.9,48.9,73.1,9.8,36.6,67.7,42.6,9.4,31.5,55.3,75.7,64.3,20.9,76,78,20,49.0,47.0,213,150,77,136,195,162,106,58,85,187,235,94,171,Second Pair,68.0,1227.9833333333331,4.0,17.0,21.0,5.347278358578043,55.73770491803278,56.363460969333936,8476891,D,70.0,180.0,1994-01-05,USA,2012.0,3.0,85.0,L,25,"[None, None, 77, 22, 84]","[None, None, 62, 57, 72]","[None, None, 74, 76, 97]","[None, None, 'BOS', 'BOS', 'BOS']"
2019-2020,Matt Irwin,ANA,D,40.4,27.7,54.5,,42.7,14.0,11.1,83.4,38.7,64.7,95.3,54.9,6.8,28.9,11.9,141,171,108,,99.0,203,210,40,145,74,12,107,220,168,208,235,94,171,Third Pair,36.0,521.0,0.0,3.0,3.0,2.1968453008645827,33.33333333333333,45.88791214697509,8475625,D,74.0,200.0,1987-11-29,CAN,,,,L,31,"[None, 75, 53, 50, 35]","[None, 24, 28, 23, 32]","[None, 84, 66, 70, 43]","[None, 'NSH', 'NSH', 'NSH', 'ANA']"
2019-2020,Matt Niskanen,PHI,D,82.6,55.3,92.3,7.4,98.8,72.3,49.8,45.1,56.2,35.3,67.2,7.7,65.5,54.0,93.2,42,106,19,88.0,3.0,66,119,130,104,136,78,218,82,109,17,235,94,171,Second Pair,68.0,1489.5333333333333,8.0,25.0,33.0,6.866085163010066,54.54545454545454,53.13233839610917,8471702,D,73.0,203.0,1986-12-06,USA,2005.0,1.0,28.0,R,32,"[94, 89, 82, 73, 86]","[87, 76, 80, 13, 67]","[97, 94, 85, 89, 93]","['WSH', 'WSH', 'WSH', 'WSH', 'PHI']"
2019-2020,Matt Roy,LAK,D,75.7,70.2,65.5,,43.9,17.4,60.0,48.5,10.2,76.8,75.3,26.4,57.9,30.6,42.6,58,71,82,,97.0,195,95,122,212,50,59,174,100,164,136,235,94,171,Second Pair,70.0,1267.9833333333331,4.0,14.0,18.0,3.9863890990145636,55.81395348837209,55.51216751820647,8478911,D,74.0,220.0,1995-03-01,USA,2015.0,7.0,194.0,R,24,"[None, None, None, 39, 88]","[None, None, None, 37, 82]","[None, None, None, 26, 90]","[None, None, None, 'LAK', 'LAK']"
2019-2020,Mattias Ekholm,NSH,D,97.4,92.3,96.6,35.1,86.0,81.7,79.6,81.7,89.8,71.5,9.8,53.2,41.7,31.1,72.8,7,19,9,62.0,25.0,44,49,44,25,59,213,111,138,163,65,235,94,171,First Pair,68.0,1589.3833333333334,8.0,25.0,33.0,6.968301120166499,47.863247863247864,48.190015256124966,8475218,D,77.0,225.0,1990-05-24,SWE,2009.0,4.0,102.0,L,29,"[95, 93, 99, 96, 95]","[83, 66, 91, 87, 88]","[96, 99, 98, 97, 82]","['NSH', 'NSH', 'NSH', 'NSH', 'NSH']"
2019-2020,Michael Del Zotto,ANA,D,26.0,62.6,6.8,33.0,48.5,28.9,37.9,72.3,57.0,89.8,85.1,82.6,71.1,15.3,40.9,175,89,220,64.0,89.0,168,147,66,102,22,36,42,69,200,140,235,94,171,Second Pair,49.0,916.9166666666666,2.0,13.0,15.0,3.0537910227884026,52.112676056338024,46.73353541171181,8474584,D,72.0,195.0,1990-06-24,CAN,2008.0,1.0,20.0,L,29,"[37, 68, 3, 32, 40]","[44, 68, 64, 59, 66]","[21, 16, 1, 16, 5]","['PHI', 'PHI', 'VAN', 'STL', 'ANA']"
2019-2020,Michael Stone,CGY,D,12.8,38.7,17.0,,18.1,69.8,71.5,48.9,60.0,31.5,68.5,64.7,31.5,64.7,24.7,206,145,196,,141.0,72,68,121,95,145,75,84,162,84,178,235,94,171,Third Pair,33.0,538.6833333333333,2.0,5.0,7.0,1.6777334232788115,43.90243902439025,41.08413277284279,8474628,D,75.0,210.0,1990-06-07,CAN,2008.0,3.0,69.0,R,29,"[2, 5, 22, None, 11]","[37, 29, 66, None, 31]","[9, 8, 18, None, 18]","['ARI', 'CGY', 'CGY', None, 'CGY']"
2019-2020,Michal Kempny,WSH,D,60.0,84.7,35.7,,76.6,87.2,71.9,50.6,80.4,11.5,33.2,39.6,96.6,42.1,62.1,95,37,152,,41.0,31,67,117,47,190,158,143,9,137,90,235,94,171,Second Pair,58.0,1080.8,3.0,15.0,18.0,3.2270769663186565,57.291666666666664,47.929203870755146,8479482,D,73.0,190.0,1990-09-08,CZE,,,,L,28,"[None, 74, 68, 69, 57]","[None, 77, 74, 93, 78]","[None, 71, 77, 32, 29]","[None, 'CHI', 'WSH', 'WSH', 'WSH']"
2019-2020,Mike Green,EDM,D,13.6,28.1,33.6,18.1,,63.8,62.6,61.3,28.1,15.3,48.5,42.6,5.1,10.6,49.8,204,170,157,78.0,,86,89,92,170,181,122,136,224,211,119,235,94,171,Second Pair,50.0,1043.85,3.0,8.0,11.0,3.767254155959581,31.818181818181817,49.14448305585459,8471242,D,73.0,210.0,1985-10-12,CAN,2004.0,1.0,29.0,R,33,"[54, 62, 5, 12, 20]","[79, 24, 27, 25, 34]","[63, 55, 11, 22, 49]","['DET', 'DET', 'DET', 'DET', 'EDM']"
2019-2020,Mike Matheson,FLA,D,34.0,40.4,13.2,,84.8,96.2,94.0,78.7,42.1,68.1,21.3,19.1,17.0,68.9,86.4,156,141,205,,27.0,10,15,51,137,67,186,191,196,74,33,235,94,171,Second Pair,59.0,1064.1,8.0,12.0,20.0,5.712479294954868,47.82608695652174,48.02716817737046,8476875,D,74.0,196.0,1994-02-27,CAN,2012.0,1.0,23.0,L,25,"[None, 26, 21, 32, 42]","[None, 25, 57, 49, 30]","[None, 17, 10, 11, 15]","[None, 'FLA', 'FLA', 'FLA', 'FLA']"
2019-2020,Mike Reilly,OTT,D,31.9,56.2,20.4,56.4,,5.5,10.6,71.9,27.7,72.3,37.9,66.0,26.8,56.6,20.0,161,104,188,42.0,,223,211,67,171,57,147,81,173,103,189,235,94,171,Second Pair,44.0,792.8833333333333,1.0,15.0,16.0,3.8062985546556614,44.44444444444444,52.067544506169014,8476422,D,74.0,191.0,1993-07-13,USA,2011.0,4.0,98.0,L,26,"[53, None, 8, 31, 45]","[44, None, 18, 27, 71]","[40, None, 17, 22, 20]","['MIN', None, 'MTL', 'MTL', 'OTT']"
2019-2020,Mikhail Sergachev,TBL,D,48.1,68.9,46.8,64.9,74.3,61.3,74.0,83.8,83.0,8.9,60.9,91.1,86.4,91.5,27.7,123,74,126,34.0,45.0,92,62,39,41,196,93,22,33,21,171,235,94,171,Second Pair,70.0,1425.7166666666667,10.0,24.0,34.0,6.7166343335307115,57.30337078651685,54.72440628021877,8479410,D,75.0,212.0,1998-06-25,RUS,2016.0,1.0,9.0,L,21,"[None, None, 23, 66, 45]","[None, None, 56, 71, 70]","[None, None, 15, 58, 55]","[None, None, 'TBL', 'TBL', 'TBL']"
2019-2020,Mirco Mueller,NJD,D,24.7,13.6,44.7,,53.2,55.7,25.5,6.8,7.7,52.3,49.4,5.1,21.7,11.1,33.2,178,204,131,,81.0,105,176,220,218,99,120,224,185,210,158,235,94,171,Third Pair,50.0,882.1166666666667,2.0,5.0,7.0,1.7487888393802657,38.983050847457626,43.67390144279997,8477509,D,75.0,210.0,1995-03-21,CHE,2013.0,1.0,18.0,L,24,"[None, None, 57, 57, 13]","[None, None, 26, 16, 13]","[None, None, 56, 65, 33]","[None, None, 'NJD', 'NJD', 'NJD']"
2019-2020,Miro Heiskanen,DAL,D,92.3,85.1,77.9,20.2,74.9,19.1,66.4,92.8,85.1,96.6,12.3,81.3,66.8,66.0,63.4,19,36,53,76.0,44.0,191,80,18,36,8,207,45,79,81,87,235,94,171,First Pair,68.0,1616.1333333333334,8.0,27.0,35.0,11.49073725028287,56.41025641025641,54.57078389479862,8480036,D,74.0,197.0,1999-07-18,FIN,2017.0,1.0,3.0,L,20,"[None, None, None, 89, 93]","[None, None, None, 90, 80]","[None, None, None, 63, 84]","[None, None, None, 'DAL', 'DAL']"
2019-2020,Morgan Rielly,TOR,D,83.4,98.3,5.5,89.4,26.3,97.9,86.8,90.6,97.0,31.9,20.4,76.2,92.3,72.3,98.3,40,5,223,11.0,127.0,6,32,23,8,144,188,57,19,66,5,235,94,171,First Pair,47.0,1137.4333333333334,3.0,24.0,27.0,5.99620164806476,53.01204819277109,51.41044258517839,8476853,D,73.0,219.0,1994-03-09,CAN,2012.0,1.0,5.0,L,25,"[46, 42, 87, 98, 35]","[80, 91, 97, 99, 94]","[10, 14, 4, 2, 13]","['TOR', 'TOR', 'TOR', 'TOR', 'TOR']"
2019-2020,Nate Schmidt,VGK,D,61.7,77.0,39.1,31.9,49.7,64.3,64.7,63.0,50.6,51.9,3.4,33.2,72.8,99.1,88.9,91,55,144,65.0,87.0,85,84,88,117,100,228,158,65,3,27,235,94,171,Second Pair,59.0,1279.0166666666669,7.0,24.0,31.0,5.026181544572458,52.27272727272727,53.74209945097633,8477220,D,72.0,197.0,1991-07-16,USA,,,,L,28,"[71, 69, 78, 74, 51]","[26, 70, 77, 80, 76]","[50, 69, 65, 54, 27]","['WSH', 'WSH', 'VGK', 'VGK', 'VGK']"
2019-2020,Nathan Beaulieu,WPG,D,39.1,31.9,28.9,,24.6,68.1,63.8,25.1,84.3,88.5,59.1,51.9,98.3,18.3,22.1,144,161,168,,130.0,76,86,177,38,25,97,114,5,193,184,235,94,171,Third Pair,38.0,645.85,2.0,8.0,10.0,1.3914836193710405,67.5,46.25719281728175,8476470,D,74.0,200.0,1992-12-05,CAN,2011.0,1.0,17.0,L,26,"[36, 67, 28, 68, 25]","[53, 81, 30, 45, 25]","[24, 24, 22, 37, 26]","['MTL', 'MTL', 'BUF', 'WPG', 'WPG']"
2019-2020,Neal Pionk,WPG,D,7.2,23.0,10.6,71.3,1.8,4.3,28.9,60.9,38.3,51.5,73.6,40.9,30.2,6.8,83.4,219,182,211,28.0,169.0,226,168,93,146,101,63,140,165,220,40,235,94,171,First Pair,71.0,1659.7,6.0,39.0,45.0,7.953038620356635,47.0,45.674291478850385,8480145,D,72.0,190.0,1995-07-29,USA,,,,R,24,"[None, None, 29, 7, 8]","[None, None, 29, 10, 46]","[None, None, 33, 13, 4]","[None, None, 'NYR', 'NYR', 'WPG']"
2019-2020,Nick Holden,VGK,D,81.7,81.3,76.2,,4.1,75.3,65.1,53.2,17.0,68.9,82.6,60.9,6.0,95.7,14.0,44,45,57,,165.0,59,83,111,196,65,42,93,222,11,203,235,94,171,Second Pair,61.0,1150.3166666666666,6.0,8.0,14.0,4.312330251106335,47.05882352941176,58.7597466120456,8474207,D,76.0,210.0,1987-05-15,CAN,,,,L,32,"[17, 17, 64, 65, 87]","[64, 59, 65, 81, 83]","[17, 14, 74, 40, 90]","['COL', 'NYR', 'BOS', 'VGK', 'VGK']"
2019-2020,Nick Jensen,WSH,D,91.5,56.6,95.7,,95.9,3.8,5.5,20.4,46.0,94.9,52.8,44.7,54.0,45.5,50.2,21,103,11,,8.0,227,223,188,128,11,112,131,109,129,118,235,94,171,Third Pair,68.0,1212.0833333333333,0.0,8.0,8.0,2.7249634927288047,49.36708860759494,51.17013875935755,8475324,D,72.0,202.0,1990-09-21,USA,2009.0,5.0,150.0,R,28,"[None, 72, 56, 94, 91]","[None, 56, 47, 67, 54]","[None, 58, 86, 96, 91]","[None, 'DET', 'DET', 'WSH', 'WSH']"
2019-2020,Nick Leddy,NYI,D,10.2,32.3,4.3,77.7,44.4,17.0,31.9,49.4,66.4,63.8,21.7,33.6,68.5,38.7,70.6,212,160,226,22.0,96.0,196,161,120,80,75,185,157,75,145,70,235,94,171,Second Pair,60.0,1266.7333333333331,3.0,18.0,21.0,4.3025459093061915,47.12643678160919,46.79245515283825,8475181,D,72.0,205.0,1991-03-20,USA,2009.0,1.0,16.0,L,28,"[72, 76, 27, 28, 4]","[92, 84, 44, 39, 26]","[17, 20, 9, 10, 3]","['NYI', 'NYI', 'NYI', 'NYI', 'NYI']"
2019-2020,Nicolas Hague,VGK,D,21.3,45.5,27.7,53.2,,10.6,2.1,53.6,82.6,32.8,89.4,99.6,16.6,100.0,3.0,186,129,171,45.0,,211,227,110,42,142,26,2,197,1,229,235,94,171,Third Pair,38.0,611.4,1.0,10.0,11.0,2.5171999714165683,50.0,52.65673474164736,8479980,D,78.0,245.0,1998-12-05,CAN,2017.0,2.0,34.0,L,20,"[None, None, None, None, 20]","[None, None, None, None, 47]","[None, None, None, None, 30]","[None, None, None, None, 'VGK']"
2019-2020,Nikita Zadorov,COL,D,11.5,14.0,74.0,,57.9,90.6,85.5,70.2,14.5,0.4,93.2,40.0,81.3,73.6,37.9,209,203,62,,73.0,23,35,71,202,216,17,142,45,63,147,235,94,171,Third Pair,63.0,1123.0166666666669,4.0,9.0,13.0,3.7674203923580345,51.35135135135135,49.250108164115865,8477507,D,79.0,255.0,1995-04-16,RUS,2013.0,1.0,16.0,L,24,"[44, 4, 8, 13, 16]","[32, 12, 25, 15, 19]","[36, 65, 77, 78, 71]","['COL', 'COL', 'COL', 'COL', 'COL']"
2019-2020,Nikita Zaitsev,OTT,D,5.5,37.0,12.3,,2.9,27.2,17.0,8.1,34.0,26.4,66.4,20.9,46.4,55.3,82.1,223,149,207,,167.0,172,196,217,156,157,80,187,127,106,43,235,94,171,First Pair,58.0,1284.8666666666666,1.0,11.0,12.0,3.0659986298053123,39.285714285714285,44.70957829304238,8479458,D,74.0,192.0,1991-10-29,RUS,,,,R,27,"[None, 47, 28, 14, 1]","[None, 90, 75, 55, 14]","[None, 20, 16, 16, 7]","[None, 'TOR', 'TOR', 'TOR', 'OTT']"
2019-2020,Niklas Hjalmarsson,ARI,D,87.7,17.4,99.6,,60.8,37.0,18.3,1.3,6.4,25.5,17.0,12.8,8.5,17.0,93.6,30,195,2,,68.0,149,193,233,221,159,196,206,216,196,16,235,94,171,Second Pair,27.0,506.6,1.0,4.0,5.0,0.5897708084883146,37.5,42.423737982436386,8471769,D,75.0,197.0,1987-06-06,SWE,2005.0,4.0,108.0,L,32,"[95, 95, 92, 97, 60]","[18, 20, 21, 21, 23]","[100, 99, 98, 100, 86]","['CHI', 'CHI', 'ARI', 'ARI', 'ARI']"
2019-2020,Noah Dobson,NYI,D,44.7,48.5,45.5,39.4,,46.0,40.0,60.0,53.2,54.0,37.0,99.1,70.6,27.2,0.9,131,122,129,58.0,,128,142,95,111,96,149,3,70,172,234,235,94,171,Third Pair,34.0,451.4166666666667,1.0,6.0,7.0,1.7604026655469311,53.333333333333336,54.08823258366606,8480865,D,76.0,200.0,2000-01-07,CAN,2018.0,1.0,12.0,R,19,"[None, None, None, None, 46]","[None, None, None, None, 50]","[None, None, None, None, 46]","[None, None, None, None, 'NYI']"
2019-2020,Noah Hanifin,CGY,D,67.7,95.3,7.2,62.8,23.4,6.4,56.6,88.5,43.4,74.0,24.7,48.5,30.6,77.4,44.7,77,12,219,36.0,132.0,221,103,28,134,53,178,122,164,54,131,235,94,171,Second Pair,70.0,1482.0,5.0,17.0,22.0,7.427533157964384,45.714285714285715,49.333805284794416,8478396,D,75.0,206.0,1997-01-25,USA,2015.0,1.0,5.0,L,22,"[16, 7, 70, 68, 72]","[67, 60, 86, 96, 95]","[5, 3, 18, 7, 6]","['CAR', 'CAR', 'CAR', 'CGY', 'CGY']"
2019-2020,Oliver Ekman-Larsson,ARI,D,74.5,74.0,64.3,61.7,21.1,78.3,77.0,77.4,63.8,49.8,70.2,61.3,34.9,35.3,88.1,61,62,85,37.0,136.0,52,55,54,86,105,71,92,154,153,29,235,94,171,First Pair,66.0,1518.5666666666666,9.0,21.0,30.0,6.853195016021796,49.411764705882355,46.81448323178885,8475171,D,74.0,190.0,1991-07-17,SWE,2009.0,1.0,6.0,L,28,"[100, 73, 96, 59, 75]","[85, 77, 83, 70, 73]","[93, 70, 88, 65, 62]","['ARI', 'ARI', 'ARI', 'ARI', 'ARI']"
2019-2020,Oliver Kylington,CGY,D,26.4,18.3,31.1,,,60.4,69.4,24.7,44.7,70.2,25.5,95.3,37.9,69.8,3.4,174,193,163,,,94,73,178,131,62,176,12,147,72,228,235,94,171,Third Pair,48.0,657.9166666666666,2.0,5.0,7.0,1.634824084791563,42.5531914893617,48.46815445173057,8478430,D,72.0,183.0,1997-05-19,SWE,2015.0,2.0,60.0,L,22,"[None, None, None, 31, 24]","[None, None, None, 31, 15]","[None, None, None, 37, 26]","[None, None, None, 'CGY', 'CGY']"
2019-2020,Olli Maatta,CHI,D,41.7,23.8,66.4,,77.8,74.0,45.1,27.7,59.1,24.3,84.3,29.8,64.3,34.9,33.6,138,180,80,,39.0,62,130,171,97,161,38,166,85,154,157,235,94,171,Second Pair,65.0,1197.3,4.0,14.0,18.0,2.9867996384067514,47.474747474747474,48.2779477064851,8476874,D,74.0,207.0,1994-08-22,FIN,2012.0,1.0,22.0,L,25,"[67, 63, 70, 57, 28]","[41, 50, 19, 22, 33]","[69, 75, 80, 79, 61]","['PIT', 'PIT', 'PIT', 'PIT', 'CHI']"
2019-2020,Oscar Fantenberg,VAN,D,48.9,9.4,71.1,,36.3,47.2,42.1,30.2,4.7,71.9,83.8,8.1,35.7,29.8,54.5,121,214,69,,110.0,125,137,165,225,58,39,217,152,166,108,235,94,171,Third Pair,36.0,572.9333333333333,1.0,5.0,6.0,1.2998960961081705,37.83783783783784,44.30632762750664,8480147,D,72.0,206.0,1991-10-07,SWE,,,,L,27,"[None, None, 57, 64, 37]","[None, None, 34, 11, 8]","[None, None, 42, 87, 66]","[None, None, 'LAK', 'CGY', 'VAN']"
2019-2020,Oscar Klefbom,EDM,D,71.1,82.1,47.7,86.2,28.7,1.3,26.4,84.3,26.0,48.3,26.4,47.2,19.1,36.6,81.7,69,43,124,14.0,123.0,233,174,38,175,108,174,125,191,150,44,235,94,171,First Pair,62.0,1575.5,5.0,29.0,34.0,6.31477254338941,46.875,48.68501456292577,8476472,D,75.0,216.0,1993-07-20,SWE,2011.0,1.0,19.0,L,26,"[60, 76, 63, 61, 80]","[43, 76, 84, 82, 80]","[60, 19, 40, 51, 51]","['EDM', 'EDM', 'EDM', 'EDM', 'EDM']"
2019-2020,P.K. Subban,NJD,D,60.4,88.9,15.7,23.4,89.5,94.9,82.1,50.2,51.1,19.6,26.0,60.4,15.7,48.9,79.1,94,27,199,73.0,19.0,13,43,118,116,172,175,94,199,121,50,235,94,171,First Pair,68.0,1504.4166666666667,7.0,11.0,18.0,6.573075541525798,39.325842696629216,45.18230271330857,8474056,D,72.0,210.0,1989-05-13,CAN,2007.0,2.0,43.0,R,30,"[90, 96, 98, 65, 34]","[85, 94, 94, 86, 84]","[77, 79, 81, 18, 6]","['MTL', 'NSH', 'NSH', 'NSH', 'NJD']"
2019-2020,Patrik Nemeth,DET,D,70.2,68.1,93.6,,29.2,5.1,12.8,42.6,21.3,10.2,62.1,2.1,32.3,6.0,66.4,71,76,16,,122.0,224,206,136,186,193,90,231,160,222,80,235,94,171,First Pair,64.0,1410.4333333333334,1.0,8.0,9.0,4.32403940520785,40.78947368421053,47.56078548392153,8475747,D,76.0,230.0,1992-02-08,SWE,2010.0,2.0,41.0,L,27,"[50, 35, 61, 72, 74]","[51, 40, 71, 73, 66]","[54, 50, 77, 82, 98]","['DAL', 'DAL', 'COL', 'COL', 'DET']"
2019-2020,Philippe Myers,PHI,D,29.4,19.1,48.9,,,72.8,78.7,64.3,22.1,39.1,77.4,89.4,69.8,66.8,57.4,167,191,121,,,65,51,85,184,127,54,26,72,79,101,235,94,171,Third Pair,50.0,855.35,4.0,12.0,16.0,3.710304750538926,62.16216216216216,51.78231023662768,8479026,D,77.0,221.0,1997-01-25,CAN,,,,R,22,"[None, None, None, 42, 23]","[None, None, None, 26, 18]","[None, None, None, 33, 64]","[None, None, None, 'PHI', 'PHI']"
2019-2020,Quinn Hughes,VAN,D,91.1,87.7,20.9,94.7,,84.7,63.0,28.5,93.6,98.1,0.9,98.7,60.9,46.0,55.3,22,30,187,6.0,,37,88,169,16,5,234,4,93,128,106,235,94,171,Second Pair,68.0,1488.15,8.0,45.0,53.0,6.720638447848519,51.78571428571429,51.71415171513851,8480800,D,70.0,180.0,1999-10-14,USA,2018.0,1.0,7.0,L,19,"[None, None, None, None, 91]","[None, None, None, None, 85]","[None, None, None, None, 21]","[None, None, None, None, 'VAN']"
2019-2020,Radim Simek,SJS,D,33.6,11.1,50.6,,43.3,33.6,20.0,29.8,64.7,76.8,81.7,16.6,19.6,51.9,31.5,157,210,117,,98.0,157,189,166,84,50,44,197,190,114,162,235,94,171,Third Pair,48.0,824.6333333333333,2.0,7.0,9.0,2.9144796736349243,38.59649122807017,45.55741320106602,8480160,D,72.0,204.0,1992-09-20,CZE,,,,L,26,"[None, None, None, 52, 23]","[None, None, None, 15, 8]","[None, None, None, 71, 37]","[None, None, None, 'SJS', 'SJS']"
2019-2020,Radko Gudas,WSH,D,69.4,71.9,67.2,,80.1,18.7,33.6,44.3,66.8,34.5,96.2,25.5,71.5,44.3,26.4,73,67,78,,35.0,192,157,132,79,138,10,176,68,132,174,235,94,171,Third Pair,63.0,1053.9333333333334,2.0,13.0,15.0,2.538715062669934,54.65116279069767,50.13355169558075,8475462,D,72.0,208.0,1990-06-05,CZE,2010.0,3.0,66.0,R,29,"[11, 89, 75, 81, 60]","[79, 80, 81, 69, 71]","[15, 90, 62, 91, 43]","['PHI', 'PHI', 'PHI', 'PHI', 'WSH']"
2019-2020,Rasmus Andersson,CGY,D,84.3,31.5,81.7,72.3,,31.5,37.0,40.0,19.6,99.1,19.1,87.2,55.3,78.7,28.9,38,162,44,27.0,,162,149,142,190,3,191,31,106,51,168,235,94,171,Second Pair,70.0,1395.5,5.0,17.0,22.0,5.778982609815556,46.42857142857143,52.85925840919413,8478397,D,73.0,202.0,1996-10-27,SWE,2015.0,2.0,53.0,R,22,"[None, None, None, 71, 89]","[None, None, None, 14, 55]","[None, None, None, 76, 83]","[None, None, None, 'CGY', 'CGY']"
2019-2020,Rasmus Dahlin,BUF,D,37.0,50.2,29.4,80.9,,14.5,40.9,58.7,88.5,50.2,43.8,97.4,72.3,28.1,36.6,149,118,167,19.0,,202,140,98,28,104,133,7,66,170,150,235,94,171,Second Pair,59.0,1138.4333333333334,4.0,36.0,40.0,5.330254940565375,54.6875,46.34579803863295,8480839,D,75.0,204.0,2000-04-13,SWE,2018.0,1.0,1.0,L,19,"[None, None, None, 49, 30]","[None, None, None, 63, 37]","[None, None, None, 47, 20]","[None, None, None, 'BUF', 'BUF']"
2019-2020,Rasmus Ristolainen,BUF,D,0.9,3.0,11.1,5.3,4.7,42.6,46.0,38.3,57.9,9.8,91.5,37.0,46.0,34.5,95.3,234,229,210,90.0,164.0,136,128,146,100,194,21,149,128,155,12,235,94,171,First Pair,69.0,1573.15,6.0,27.0,33.0,7.3509487263313975,50.0,45.182206152235885,8477499,D,76.0,208.0,1994-10-27,FIN,2013.0,1.0,8.0,R,24,"[14, 0, 4, 3, 0]","[19, 35, 17, 17, 1]","[2, 1, 5, 13, 13]","['BUF', 'BUF', 'BUF', 'BUF', 'BUF']"
2019-2020,Rasmus Sandin,TOR,D,46.8,43.0,36.2,,,54.9,44.7,26.0,72.8,85.1,72.3,96.2,2.6,48.1,4.7,126,135,151,,,107,131,175,65,32,66,10,230,123,225,235,94,171,Third Pair,28.0,400.81666666666666,1.0,7.0,8.0,1.0466054630519472,41.66666666666667,47.43437197196202,8480873,D,71.0,189.0,2000-03-07,SWE,2018.0,1.0,29.0,L,19,"[None, None, None, None, 46]","[None, None, None, None, 42]","[None, None, None, None, 37]","[None, None, None, None, 'TOR']"
2019-2020,Riley Stillman,FLA,D,44.3,41.3,36.6,,33.3,10.2,2.1,75.7,23.4,91.7,67.7,3.8,53.2,67.7,82.6,132,139,150,,115.0,212,227,58,181,18,77,227,111,77,42,235,94,171,Second Pair,34.0,650.0333333333333,0.0,5.0,5.0,1.9761267604219566,48.78048780487805,48.6110276949662,8479388,D,74.0,207.0,1998-03-09,CAN,2016.0,4.0,114.0,L,21,"[None, None, None, None, 44]","[None, None, None, None, 40]","[None, None, None, None, 37]","[None, None, None, None, 'FLA']"
2019-2020,Robert Bortuzzo,STL,D,54.0,54.0,73.2,,21.6,36.2,68.9,84.7,52.3,38.3,77.0,83.0,93.2,62.6,2.1,109,109,64,,135.0,151,74,37,113,129,55,41,17,89,231,235,94,171,Third Pair,42.0,551.2166666666667,2.0,4.0,6.0,1.775888688034387,66.66666666666666,51.4673311518336,8474145,D,76.0,206.0,1989-03-18,CAN,2007.0,3.0,78.0,R,30,"[30, 71, 51, 51, 59]","[38, 55, 49, 54, 56]","[69, 73, 85, 83, 63]","['STL', 'STL', 'STL', 'STL', 'STL']"
2019-2020,Robert Hagg,PHI,D,3.0,12.8,3.8,,9.4,58.3,50.6,37.0,71.9,30.6,97.0,38.3,99.1,57.9,18.7,229,206,227,,156.0,99,117,149,67,147,8,146,3,100,192,235,94,171,Third Pair,49.0,764.2333333333333,3.0,10.0,13.0,1.8127761741334725,62.264150943396224,46.73179340202622,8477462,D,74.0,210.0,1995-02-08,SWE,2013.0,2.0,41.0,L,24,"[None, None, 19, 0, 9]","[None, None, 32, 20, 7]","[None, None, 28, 1, 8]","[None, None, 'PHI', 'PHI', 'PHI']"
2019-2020,Roman Josi,NSH,D,94.5,99.1,49.4,75.5,45.6,92.3,94.5,99.1,99.1,57.0,13.2,57.4,88.1,63.8,75.3,14,3,120,24.0,94.0,19,14,3,3,90,205,101,29,86,59,235,94,171,First Pair,69.0,1778.75,16.0,49.0,65.0,14.822701531295763,61.86440677966102,53.48423011134389,8474600,D,73.0,201.0,1990-06-01,CHE,2008.0,2.0,38.0,L,29,"[74, 93, 85, 79, 97]","[90, 88, 98, 94, 99]","[71, 67, 46, 20, 73]","['NSH', 'NSH', 'NSH', 'NSH', 'NSH']"
2019-2020,Roman Polak,DAL,D,17.9,35.3,32.8,,56.1,13.2,6.4,34.0,5.5,27.7,86.4,0.9,23.4,56.2,52.8,194,153,159,,76.0,205,221,156,223,154,33,234,181,104,112,235,94,171,Third Pair,41.0,683.2,0.0,4.0,4.0,1.7895748925950026,36.36363636363637,48.29004635611562,8471392,D,74.0,240.0,1986-04-28,CZE,2004.0,6.0,180.0,R,33,"[62, 23, 25, 17, 20]","[2, 63, 42, 59, 17]","[91, 63, 50, 28, 34]","['SJS', 'TOR', 'TOR', 'DAL', 'DAL']"
2019-2020,Ron Hainsey,OTT,D,72.8,63.4,68.5,,92.4,62.6,19.1,2.6,14.0,42.1,18.7,28.1,93.6,50.6,87.2,65,87,75,,14.0,89,191,230,203,120,192,170,16,117,31,235,94,171,Second Pair,64.0,1323.6333333333334,1.0,11.0,12.0,2.2052211922298883,52.38095238095239,47.653261015768294,8468493,D,75.0,201.0,1981-03-24,USA,2000.0,1.0,13.0,L,38,"[86, 94, 81, 81, 65]","[54, 83, 79, 79, 43]","[96, 93, 75, 70, 72]","['CAR', 'PIT', 'TOR', 'TOR', 'OTT']"
2019-2020,Ryan Ellis,NSH,D,96.6,75.3,93.2,21.3,93.6,76.6,69.8,51.1,97.9,97.0,17.9,60.0,91.9,84.3,73.6,9,59,17,75.0,12.0,56,72,116,6,7,194,95,20,38,63,235,94,171,First Pair,49.0,1151.7166666666667,8.0,30.0,38.0,7.934412459674584,61.702127659574465,55.86808742909174,8475176,D,70.0,180.0,1991-01-03,CAN,2009.0,1.0,11.0,R,28,"[98, 97, 93, 92, 96]","[87, 76, 81, 76, 76]","[90, 76, 80, 92, 93]","['NSH', 'NSH', 'NSH', 'NSH', 'NSH']"
2019-2020,Ryan Graves,COL,D,41.3,20.0,73.6,,12.3,98.3,97.9,96.6,71.1,17.7,61.3,54.5,100.0,89.8,40.0,139,189,63,,151.0,5,6,9,69,176,92,108,1,25,142,235,94,171,Second Pair,68.0,1285.1,9.0,17.0,26.0,6.947995161702778,65.625,52.41818712155122,8477435,D,77.0,225.0,1995-05-21,CAN,2013.0,4.0,110.0,L,24,"[None, None, None, None, 41]","[None, None, None, None, 20]","[None, None, None, None, 74]","[None, None, None, None, 'COL']"
2019-2020,Ryan Lindgren,NYR,D,58.7,30.6,59.6,,19.3,39.6,14.0,3.8,81.3,96.0,80.4,43.0,98.7,74.5,67.2,98,164,96,,139.0,143,203,227,45,9,47,135,4,61,78,235,94,171,Third Pair,60.0,994.0,1.0,13.0,14.0,2.298136830120285,59.74025974025974,49.64104040749445,8479324,D,72.0,194.0,1998-02-11,USA,2016.0,2.0,49.0,L,21,"[None, None, None, None, 58]","[None, None, None, None, 28]","[None, None, None, None, 63]","[None, None, None, None, 'NYR']"
2019-2020,Ryan McDonagh,TBL,D,86.0,79.1,77.4,,50.3,62.1,26.8,43.8,91.5,59.1,15.3,8.5,89.4,82.6,83.0,34,50,54,,86.0,90,173,133,21,85,200,216,26,42,41,235,94,171,Second Pair,50.0,1035.2666666666669,1.0,11.0,12.0,2.4437476853945825,52.307692307692314,50.861963902876006,8474151,D,73.0,216.0,1989-06-13,USA,2007.0,1.0,12.0,L,30,"[98, 99, 91, 95, 61]","[98, 98, 84, 92, 62]","[68, 77, 61, 82, 74]","['NYR', 'NYR', 'TBL', 'TBL', 'TBL']"
2019-2020,Ryan Murray,CBJ,D,46.4,20.9,55.3,44.7,78.9,20.4,41.3,62.6,95.7,64.7,6.0,71.5,51.9,83.4,53.2,127,187,106,53.0,37.0,188,139,89,11,74,222,68,114,40,111,235,94,171,Second Pair,27.0,538.8,2.0,7.0,9.0,1.99274001444059,46.42857142857143,51.54739788582946,8476850,D,73.0,206.0,1993-09-27,CAN,2012.0,1.0,2.0,L,25,"[31, 10, 45, 44, 52]","[54, 9, 15, 37, 19]","[37, 31, 67, 52, 58]","['CBJ', 'CBJ', 'CBJ', 'CBJ', 'CBJ']"
2019-2020,Ryan Pulock,NYI,D,74.9,29.4,96.2,10.6,47.4,8.1,61.7,86.8,72.3,60.9,57.4,5.5,91.5,37.4,87.7,60,167,10,85.0,91.0,217,91,32,66,81,101,223,21,148,30,235,94,171,First Pair,68.0,1523.7333333333331,10.0,25.0,35.0,6.949524059652162,52.17391304347826,49.17342726837868,8477506,D,73.0,219.0,1994-10-06,CAN,2013.0,1.0,15.0,R,24,"[None, None, 63, 85, 71]","[None, None, 49, 65, 6]","[None, None, 70, 95, 96]","[None, None, 'NYI', 'NYI', 'NYI']"
2019-2020,Ryan Suter,MIN,D,81.3,59.6,95.3,22.3,46.8,82.1,55.3,14.0,89.4,29.8,1.7,72.8,52.8,97.4,60.9,45,96,12,74.0,92.0,43,106,203,26,149,232,65,112,7,93,235,94,171,First Pair,69.0,1700.15,8.0,40.0,48.0,5.348009241376079,50.40650406504065,53.162387798308565,8470600,D,73.0,201.0,1985-01-21,USA,2003.0,1.0,7.0,L,34,"[87, 93, 93, 82, 76]","[13, 51, 23, 75, 59]","[99, 100, 99, 95, 79]","['MIN', 'MIN', 'MIN', 'MIN', 'MIN']"
2019-2020,Sami Niku,WPG,D,23.4,31.1,25.1,,,48.5,11.9,16.6,82.1,59.6,22.6,80.4,74.5,8.5,31.1,181,163,177,,,122,208,197,43,84,183,47,61,216,163,235,94,171,Third Pair,17.0,274.7,0.0,5.0,5.0,0.601887939622237,44.44444444444444,37.26585852654867,8478915,D,73.0,176.0,1996-10-10,FIN,2015.0,7.0,198.0,L,22,"[None, None, None, 42, 16]","[None, None, None, 36, 26]","[None, None, None, 23, 30]","[None, None, None, 'WPG', 'WPG']"
2019-2020,Sami Vatanen,NJD,D,71.9,58.7,31.5,88.3,59.6,63.4,64.3,37.4,31.9,92.3,40.9,56.6,11.9,24.7,76.6,67,98,162,12.0,70.0,87,85,148,161,17,140,103,208,178,56,235,94,171,Second Pair,47.0,1022.2666666666668,5.0,18.0,23.0,4.317474915382482,43.103448275862064,45.016780613263386,8475222,D,70.0,185.0,1991-06-03,FIN,2009.0,4.0,106.0,R,28,"[84, 80, 60, 74, 73]","[83, 93, 80, 72, 38]","[64, 27, 36, 20, 42]","['ANA', 'ANA', 'NJD', 'NJD', 'NJD']"
2019-2020,Samuel Girard,COL,D,83.8,11.5,72.3,43.6,,71.5,42.6,14.9,62.1,100.0,23.8,83.4,82.1,74.0,68.9,39,209,66,54.0,,68,136,201,90,1,180,40,43,62,74,235,94,171,Second Pair,69.0,1473.7333333333331,4.0,30.0,34.0,4.610930164892765,55.670103092783506,52.39058967200231,8479398,D,70.0,170.0,1998-05-12,CAN,2016.0,2.0,47.0,L,21,"[None, None, 79, 73, 86]","[None, None, 7, 2, 58]","[None, None, 51, 63, 83]","[None, None, 'COL', 'COL', 'COL']"
2019-2020,Scott Harrington,CBJ,D,11.1,28.9,14.9,,,30.2,39.1,58.3,74.5,31.1,70.6,77.0,44.7,65.5,11.1,210,168,201,,,165,144,99,61,146,70,55,131,82,210,235,94,171,Third Pair,39.0,543.8833333333333,1.0,7.0,8.0,1.6353410971180875,43.333333333333336,48.940579289882216,8476449,D,74.0,204.0,1993-03-10,CAN,2011.0,2.0,54.0,L,26,"[None, None, 30, 14, 8]","[None, None, 26, 31, 29]","[None, None, 34, 11, 16]","[None, None, 'CBJ', 'CBJ', 'CBJ']"
2019-2020,Scott Mayfield,NYI,D,43.4,57.4,63.4,,5.8,33.2,53.6,59.1,29.4,37.0,51.1,29.4,83.0,52.8,44.3,134,101,87,,162.0,158,110,97,167,132,116,167,41,112,132,235,94,171,Second Pair,67.0,1336.1,5.0,8.0,13.0,4.919069770519204,53.52112676056338,50.13177562360987,8476429,D,76.0,215.0,1992-10-14,USA,2011.0,2.0,34.0,R,26,"[None, 64, 44, 62, 31]","[None, 62, 65, 68, 51]","[None, 45, 41, 75, 65]","[None, 'NYI', 'NYI', 'NYI', 'NYI']"
2019-2020,Sean Walker,LAK,D,64.3,81.7,26.8,54.3,84.2,9.4,51.5,76.2,77.9,66.8,51.9,36.2,3.0,33.2,60.4,85,44,173,44.0,28.0,214,115,57,53,70,114,151,229,158,94,235,94,171,Second Pair,70.0,1318.5666666666666,5.0,19.0,24.0,7.703846757037071,42.04545454545455,49.5988256798189,8480336,D,71.0,191.0,1994-11-13,CAN,,,,R,24,"[None, None, None, 65, 70]","[None, None, None, 51, 90]","[None, None, None, 47, 16]","[None, None, None, 'LAK', 'LAK']"
2019-2020,Seth Jones,CBJ,D,77.0,75.7,70.6,4.3,97.1,23.8,72.3,86.4,69.4,45.5,35.7,86.4,56.2,71.5,74.0,55,58,70,91.0,6.0,180,66,33,73,113,152,33,104,68,62,235,94,171,First Pair,56.0,1415.6833333333334,6.0,24.0,30.0,6.174016017445137,55.84415584415584,50.96383562306672,8477495,D,76.0,213.0,1994-10-03,USA,2013.0,1.0,4.0,R,24,"[82, 76, 91, 76, 72]","[84, 27, 83, 81, 68]","[53, 71, 71, 77, 70]","['CBJ', 'CBJ', 'CBJ', 'CBJ', 'CBJ']"
2019-2020,Shayne Gostisbehere,PHI,D,76.6,49.8,51.5,60.6,,31.9,58.7,64.7,11.9,98.7,2.1,96.6,17.4,44.7,23.4,56,119,115,38.0,,161,98,84,208,4,231,9,195,131,181,235,94,171,Second Pair,42.0,768.3,5.0,7.0,12.0,4.075643966488256,47.72727272727273,45.41686123107156,8476906,D,71.0,183.0,1993-04-20,USA,2012.0,3.0,78.0,L,26,"[72, 59, 89, 80, 70]","[72, 86, 78, 61, 31]","[23, 4, 64, 57, 47]","['PHI', 'PHI', 'PHI', 'PHI', 'PHI']"
2019-2020,Shea Theodore,VGK,D,99.6,99.6,71.5,97.9,,88.9,92.8,97.0,39.6,79.1,5.1,91.5,18.3,88.5,25.1,2,2,68,3.0,,27,18,8,143,45,224,21,193,28,177,235,94,171,First Pair,71.0,1579.1333333333332,13.0,33.0,46.0,12.64263359396887,55.10204081632652,59.147719664143594,8477447,D,74.0,197.0,1995-08-03,CAN,2013.0,1.0,26.0,L,24,"[58, 32, 69, 97, 100]","[46, 44, 72, 95, 100]","[41, 39, 25, 79, 77]","['ANA', 'ANA', 'VGK', 'VGK', 'VGK']"
2019-2020,Shea Weber,MTL,D,94.9,88.1,91.5,19.1,64.9,99.1,99.1,86.0,85.5,36.6,58.3,24.3,44.3,90.6,86.8,13,29,21,77.0,61.0,3,3,34,35,133,99,179,132,23,32,235,94,171,First Pair,65.0,1560.5,15.0,21.0,36.0,9.686337113508763,53.271028037383175,54.82074669936097,8470642,D,76.0,230.0,1985-08-14,CAN,2003.0,2.0,49.0,R,34,"[99, 92, 80, 90, 96]","[92, 46, 60, 74, 97]","[97, 98, 76, 93, 85]","['NSH', 'MTL', 'MTL', 'MTL', 'MTL']"
2019-2020,Slater Koekkoek,CHI,D,43.8,62.1,46.0,,52.6,40.4,66.8,66.0,57.4,28.1,81.3,41.7,81.7,19.1,11.5,133,90,128,,82.0,141,79,81,101,153,45,138,44,191,209,235,94,171,Third Pair,42.0,703.8333333333334,1.0,9.0,10.0,2.349646047535445,52.94117647058824,52.40530497488661,8476886,D,74.0,193.0,1994-02-18,CAN,2012.0,1.0,10.0,L,25,"[None, 54, 39, 38, 53]","[None, 43, 38, 48, 71]","[None, 37, 48, 30, 60]","[None, 'TBL', 'TBL', 'CHI', 'CHI']"
2019-2020,Stephen Johns,DAL,D,27.2,6.4,62.6,,,86.8,96.6,47.7,25.1,40.4,94.0,57.0,74.9,76.6,47.2,172,221,89,,,32,9,124,177,124,15,102,60,56,125,235,94,171,Third Pair,17.0,300.3,2.0,3.0,5.0,0.9823444251487456,52.63157894736842,51.03665172300149,8475730,D,76.0,225.0,1992-04-18,USA,2010.0,2.0,60.0,R,27,"[None, 50, 41, None, 28]","[None, 49, 2, None, 9]","[None, 77, 87, None, 57]","[None, 'DAL', 'DAL', None, 'DAL']"
2019-2020,TJ Brodie,CGY,D,55.3,35.7,83.0,,16.4,56.2,43.0,21.3,52.8,40.9,2.6,51.5,75.3,96.6,84.3,106,152,41,,144.0,104,135,186,112,123,230,115,59,9,38,235,94,171,Second Pair,64.0,1309.3166666666666,4.0,15.0,19.0,3.2032659350949455,53.2608695652174,52.236601841964024,8474673,D,74.0,187.0,1990-06-07,CAN,2008.0,4.0,114.0,L,29,"[83, 85, 47, 50, 62]","[78, 15, 28, 8, 63]","[78, 90, 37, 86, 86]","['CGY', 'CGY', 'CGY', 'CGY', 'CGY']"
2019-2020,Taylor Fedun,DAL,D,57.4,47.7,60.4,,,80.4,91.5,74.9,94.9,57.9,14.9,57.9,56.6,61.3,13.2,101,124,94,,,47,21,60,13,88,201,100,103,92,205,235,94,171,Third Pair,27.0,371.3,2.0,7.0,9.0,1.3524009280900668,53.57142857142857,54.32262473078722,8476166,D,73.0,200.0,1988-06-04,CAN,,,,R,31,"[None, 34, None, 69, 47]","[None, 44, None, 48, 52]","[None, 46, None, 70, 52]","[None, 'BUF', None, 'DAL', 'DAL']"
2019-2020,Thomas Chabot,OTT,D,73.2,91.5,11.9,78.7,,97.0,93.2,88.9,87.7,56.6,29.8,63.4,45.1,20.9,58.7,64,21,208,21.0,,8,17,27,30,91,166,87,130,187,98,235,94,171,First Pair,71.0,1846.2666666666669,6.0,33.0,39.0,9.29740489283247,48.4375,50.491775204106695,8478469,D,73.0,200.0,1997-01-30,CAN,2015.0,1.0,18.0,L,22,"[None, None, 51, 81, 75]","[None, None, 37, 91, 88]","[None, None, 21, 6, 17]","[None, None, 'OTT', 'OTT', 'OTT']"
2019-2020,Tim Heed,SJS,D,56.2,44.3,53.6,40.4,,51.5,34.5,32.8,71.5,73.6,14.0,94.5,20.4,51.5,7.2,104,132,110,57.0,,115,155,159,68,54,203,14,188,115,219,235,94,171,Third Pair,38.0,494.1,1.0,4.0,5.0,1.472477806552412,34.48275862068966,51.3383775942723,8475841,D,71.0,180.0,1991-01-27,SWE,2010.0,5.0,132.0,R,28,"[None, None, 50, 49, 64]","[None, None, 47, 46, 45]","[None, None, 51, 54, 56]","[None, None, 'SJS', 'SJS', 'SJS']"
2019-2020,Tony DeAngelo,NYR,D,45.1,86.8,2.1,91.5,,93.2,93.6,94.5,91.9,23.4,25.1,77.4,80.9,11.5,69.8,130,32,231,9.0,,17,16,14,20,163,177,54,46,209,72,235,94,171,Second Pair,68.0,1311.5333333333333,15.0,38.0,53.0,8.937237509724744,56.70103092783505,49.10166840426481,8477950,D,72.0,190.0,1995-10-24,USA,2014.0,1.0,19.0,R,23,"[None, 34, 54, 26, 57]","[None, 46, 58, 81, 91]","[None, 10, 24, 4, 1]","[None, 'ARI', 'NYR', 'NYR', 'NYR']"
2019-2020,Torey Krug,BOS,D,93.2,83.4,48.1,100.0,,57.9,72.8,80.9,80.0,90.6,20.9,100.0,60.4,77.0,43.8,17,40,123,1.0,,100,65,46,48,20,187,1,94,55,133,235,94,171,Second Pair,61.0,1249.7333333333331,9.0,40.0,49.0,7.719791945522959,55.12820512820513,52.030687033856694,8476792,D,69.0,194.0,1991-04-12,USA,,,,L,28,"[77, 99, 94, 91, 92]","[96, 99, 92, 85, 81]","[8, 67, 55, 41, 54]","['BOS', 'BOS', 'BOS', 'BOS', 'BOS']"
2019-2020,Travis Dermott,TOR,D,80.4,64.7,70.2,,24.0,77.9,75.7,57.4,20.0,91.1,74.0,71.9,84.3,54.9,4.3,47,84,71,,131.0,53,58,101,189,19,62,67,38,107,226,235,94,171,Third Pair,56.0,969.2833333333332,4.0,7.0,11.0,2.9304691881280234,55.26315789473685,54.03989088920211,8478408,D,72.0,200.0,1996-12-22,CAN,2015.0,2.0,34.0,L,22,"[None, None, 74, 87, 77]","[None, None, 64, 75, 60]","[None, None, 54, 73, 75]","[None, None, 'TOR', 'TOR', 'TOR']"
2019-2020,Travis Hamonic,CGY,D,51.9,80.4,17.9,,70.2,50.6,52.8,68.1,40.4,47.2,28.9,31.5,29.4,80.9,51.9,114,47,194,,52.0,117,112,76,141,110,168,162,167,46,114,235,94,171,Second Pair,50.0,1059.7333333333331,3.0,9.0,12.0,3.5484438312677042,42.857142857142854,47.35341393219514,8474612,D,73.0,193.0,1990-08-16,CAN,2008.0,2.0,53.0,R,29,"[87, 42, 11, 88, 25]","[97, 70, 68, 91, 69]","[29, 18, 15, 35, 11]","['NYI', 'NYI', 'CGY', 'CGY', 'CGY']"
2019-2020,Travis Sanheim,PHI,D,82.1,71.5,66.0,52.1,86.5,90.2,87.2,85.5,81.7,60.0,16.6,48.9,47.2,67.2,54.9,43,68,81,46.0,24.0,24,31,35,44,83,197,121,125,78,107,235,94,171,Second Pair,69.0,1390.6333333333334,8.0,17.0,25.0,7.013752503186053,51.81818181818182,52.58489780388757,8477948,D,76.0,222.0,1996-03-29,CAN,2014.0,1.0,17.0,L,23,"[None, None, 33, 90, 80]","[None, None, 46, 66, 78]","[None, None, 57, 83, 61]","[None, None, 'PHI', 'PHI', 'PHI']"
2019-2020,Trevor Daley,DET,D,6.0,39.6,6.0,,,29.8,11.5,57.0,15.3,33.6,1.3,22.1,14.9,1.3,38.3,222,143,222,,,166,209,102,200,140,233,184,201,233,146,235,94,171,Third Pair,43.0,673.2666666666667,0.0,7.0,7.0,1.7815930931708792,30.76923076923077,41.32994354035176,8470110,D,71.0,199.0,1983-10-09,CAN,2002.0,2.0,43.0,L,35,"[34, 9, 25, 6, 7]","[80, 69, 70, 32, 39]","[17, 3, 7, 3, 11]","['PIT', 'PIT', 'DET', 'DET', 'DET']"
2019-2020,Trevor van Riemsdyk,CAR,D,77.9,60.9,79.1,,45.0,24.7,29.4,41.7,40.0,83.0,8.1,79.6,7.7,86.4,7.7,53,93,50,,95.0,178,167,138,142,36,217,49,218,33,218,235,94,171,Third Pair,48.0,714.5833333333334,1.0,7.0,8.0,1.5507983756584456,42.30769230769231,52.04555861659013,8477845,D,75.0,210.0,1991-07-24,USA,,,,R,28,"[70, 70, 80, 86, 69]","[29, 61, 77, 74, 46]","[85, 78, 87, 80, 70]","['CHI', 'CHI', 'CAR', 'CAR', 'CAR']"
2019-2020,Troy Stecher,VAN,D,54.9,33.6,29.8,,,66.0,54.0,24.3,53.6,97.4,57.9,8.9,90.2,9.4,39.1,107,157,166,,,81,109,179,110,6,100,215,24,214,144,235,94,171,Third Pair,69.0,1058.9833333333331,5.0,12.0,17.0,2.9059934395677525,56.41025641025641,46.66251088868963,8479442,D,70.0,184.0,1994-04-07,CAN,,,,R,25,"[None, 36, 36, 70, 48]","[None, 52, 40, 24, 43]","[None, 26, 32, 38, 24]","[None, 'VAN', 'VAN', 'VAN', 'VAN']"
2019-2020,Tucker Poolman,WPG,D,18.3,16.2,15.3,,,70.2,59.6,38.7,48.5,80.9,46.0,64.3,86.8,3.8,30.2,193,198,200,,,71,96,145,122,41,128,85,32,227,165,235,94,171,Third Pair,57.0,994.55,4.0,12.0,16.0,3.2007740148495523,50.53763440860215,41.02334464192781,8477359,D,74.0,199.0,1993-06-08,USA,2013.0,5.0,127.0,R,26,"[None, None, 64, None, 12]","[None, None, 46, None, 10]","[None, None, 49, None, 10]","[None, None, 'WPG', None, 'WPG']"
2019-2020,Tyler Myers,VAN,D,5.1,47.2,18.3,26.6,0.6,26.8,68.1,88.1,46.4,6.8,36.6,75.3,33.2,32.8,65.5,224,125,193,70.0,171.0,173,76,29,127,201,150,59,158,159,82,235,94,171,Second Pair,68.0,1462.5166666666669,6.0,15.0,21.0,6.419976824385642,46.788990825688074,48.6888727773847,8474574,D,80.0,229.0,1990-02-01,USA,2008.0,1.0,12.0,R,29,"[1, None, 2, 4, 11]","[9, None, 9, 50, 60]","[46, None, 21, 14, 23]","['WPG', None, 'WPG', 'WPG', 'VAN']"
2019-2020,Tyson Barrie,TOR,D,15.7,82.6,1.3,24.5,,83.0,86.4,95.3,94.5,34.0,17.4,97.0,41.3,76.2,41.3,199,42,233,72.0,,41,33,12,14,139,195,8,139,57,139,235,94,171,Second Pair,70.0,1531.4166666666667,5.0,34.0,39.0,7.952347315087344,48.739495798319325,50.370851505688954,8475197,D,71.0,197.0,1991-07-26,CAN,2009.0,3.0,64.0,R,28,"[81, 52, 3, 35, 14]","[94, 79, 61, 83, 84]","[4, 7, 0, 6, 1]","['COL', 'COL', 'COL', 'COL', 'TOR']"
2019-2020,Victor Hedman,TBL,D,98.3,93.2,92.8,83.0,97.7,96.6,95.7,97.4,94.0,37.4,27.2,80.0,97.9,83.8,62.6,5,17,18,17.0,5.0,9,11,7,15,131,172,48,6,39,89,235,94,171,First Pair,66.0,1587.9166666666667,11.0,44.0,55.0,9.622430881117742,64.0,55.85579231058648,8475167,D,79.0,244.0,1990-12-18,SWE,2009.0,1.0,2.0,L,28,"[91, 91, 96, 91, 99]","[91, 35, 88, 88, 97]","[87, 91, 86, 88, 94]","['TBL', 'TBL', 'TBL', 'TBL', 'TBL']"
2019-2020,Victor Mete,MTL,D,68.5,77.4,41.3,,,24.3,47.2,69.8,47.7,79.6,10.2,22.6,85.5,93.2,47.7,75,54,139,,,179,125,72,124,44,212,183,35,17,124,235,94,171,Third Pair,51.0,815.6,4.0,7.0,11.0,3.2053050983106153,55.932203389830505,51.31178418543721,8479376,D,69.0,187.0,1998-06-07,CAN,2016.0,4.0,100.0,L,21,"[None, None, 75, 80, 57]","[None, None, 67, 89, 69]","[None, None, 56, 34, 40]","[None, None, 'MTL', 'MTL', 'MTL']"
2019-2020,Vince Dunn,STL,D,76.2,74.9,51.1,47.9,,86.0,88.5,91.9,60.9,69.4,26.8,95.7,80.0,85.5,14.5,57,60,116,50.0,,34,28,20,93,64,173,11,48,35,202,235,94,171,Third Pair,71.0,1155.1666666666667,9.0,14.0,23.0,6.245065888293182,60.97560975609756,53.83352361339598,8478407,D,72.0,200.0,1996-10-29,CAN,2015.0,2.0,56.0,L,22,"[None, None, 30, 85, 79]","[None, None, 51, 88, 67]","[None, None, 26, 35, 66]","[None, None, 'STL', 'STL', 'STL']"
2019-2020,Vladislav Gavrikov,CBJ,D,66.4,65.5,55.7,,87.7,79.6,80.9,74.5,35.7,46.2,43.4,19.6,32.8,69.4,30.6,80,82,105,,22.0,49,46,61,152,112,134,190,159,73,164,235,94,171,Second Pair,69.0,1309.5666666666666,5.0,13.0,18.0,5.361271396072165,50.0,52.820867191898024,8478882,D,75.0,210.0,1995-11-21,RUS,2015.0,6.0,159.0,L,23,"[None, None, None, None, 68]","[None, None, None, None, 65]","[None, None, None, None, 57]","[None, None, None, None, 'CBJ']"
2019-2020,Will Butcher,NJD,D,71.5,79.6,41.7,37.2,,48.1,46.8,40.4,76.2,67.7,7.7,88.9,28.5,9.8,23.0,68,49,138,60.0,,123,126,141,57,68,218,27,169,213,182,235,94,171,Third Pair,56.0,1003.3666666666668,4.0,17.0,21.0,3.5217076902238627,45.34883720930232,46.962237998666694,8477355,D,70.0,195.0,1995-01-06,USA,2013.0,5.0,123.0,L,24,"[None, None, 84, 83, 54]","[None, None, 86, 84, 75]","[None, None, 52, 78, 18]","[None, None, 'NJD', 'NJD', 'NJD']"
2019-2020,Yannick Weber,NSH,D,23.0,15.3,22.6,,,49.4,32.8,23.8,6.0,82.6,54.9,40.4,90.6,40.9,6.4,182,200,183,,,120,159,180,222,37,107,141,23,140,221,235,94,171,Third Pair,41.0,574.4833333333333,1.0,2.0,3.0,1.3893091046283015,52.63157894736842,45.709603827018455,8474134,D,71.0,200.0,1988-09-23,CHE,2007.0,3.0,73.0,R,30,"[18, 3, 23, 18, 32]","[30, 17, 18, 28, 12]","[30, 9, 30, 23, 22]","['VAN', 'NSH', 'NSH', 'NSH', 'NSH']"
2019-2020,Zach Bogosian,TBL,D,14.0,46.0,21.3,,32.2,37.4,28.5,36.6,88.9,20.9,27.7,28.5,22.1,35.7,64.7,203,128,186,,117.0,148,169,150,27,169,171,169,184,152,84,235,94,171,Third Pair,27.0,449.01666666666665,1.0,6.0,7.0,1.6714099219506093,42.857142857142854,44.718662699663255,8474567,D,75.0,231.0,1990-07-15,USA,2008.0,1.0,3.0,R,29,"[7, 16, 40, 9, 23]","[8, 54, 41, 65, 35]","[7, 29, 39, 12, 32]","['BUF', 'BUF', 'BUF', 'BUF', 'TBL']"
2019-2020,Zach Werenski,CBJ,D,72.3,74.5,18.7,73.4,75.4,97.4,97.4,98.3,43.8,81.3,8.9,92.3,59.6,87.7,71.9,66,61,192,26.0,43.0,7,7,5,133,40,215,19,96,30,67,235,94,171,First Pair,63.0,1511.0833333333333,20.0,21.0,41.0,13.131424860156926,56.32183908045977,51.06299133473614,8478460,D,74.0,214.0,1997-07-19,USA,2015.0,1.0,8.0,L,22,"[None, 59, 83, 51, 81]","[None, 53, 89, 71, 72]","[None, 36, 16, 7, 41]","[None, 'CBJ', 'CBJ', 'CBJ', 'CBJ']"
2019-2020,Zdeno Chara,BOS,D,78.3,80.9,84.7,,91.2,84.3,66.0,35.3,9.8,4.3,30.6,3.4,94.0,91.1,94.5,52,46,37,,16.0,38,81,153,213,207,164,228,15,22,14,235,94,171,Second Pair,68.0,1428.7333333333331,5.0,9.0,14.0,2.870875912384851,61.95652173913043,50.460424564121254,8465009,D,81.0,250.0,1977-03-18,SVK,1996.0,3.0,56.0,L,42,"[80, 88, 85, 75, 77]","[60, 71, 90, 84, 74]","[91, 87, 82, 79, 87]","['BOS', 'BOS', 'BOS', 'BOS', 'BOS']"
