Season,Player ID,Player,Team,Position,ovr_pct,evo_pct,evd_pct,ppl_pct,pkl_pct,fin_pct,gol_pct,xgl_pct,ast_pct,pen_pct,hit_pct,ozs_pct,pdo_pct,tmt_pct,cmp_pct,ovr_rank,evo_rank,evd_rank,ppl_rank,pkl_rank,fin_rank,gol_rank,xgl_rank,ast_rank,pen_rank,hit_rank,ozs_rank,pdo_rank,tmt_rank,cmp_rank,all_players,ppl_players,pkl_players,Role,GP,TOI,Goals,Total Assists,Total Points,ixG,GF%,xGF%,Specific Position,Height (in),Weight (lbs),Date of Birth,Birth Country,Draft Year,Draft Round,Overall Draft Position,Shoots Catches,Age,ovr_history,evo_history,evd_history,team_history
2020-2021,8477932,Aaron Ekblad,FLA,D,79.4,80.3,71.8,76.9,57.9,85.3,88.7,92.4,80.3,23.5,11.8,36.1,55.5,89.1,73.9,50,48,68,22.0,76.0,36,28,19,48,161,211,153,107,27,63,238,91,178,First Pair,35.0,878.1833333333333,11.0,11.0,22.0,7.517773212854647,55.00000000000001,55.00327838585892,D,76.0,220.0,1996-02-07,CAN,2014.0,1.0,1.0,R,24,"[9, 32, 67, 83, 79]","[19, 56, 65, 87, 74]","[48, 26, 70, 74, 70]","['FLA', 'FLA', 'FLA', 'FLA', 'FLA']"
2020-2021,8480871,Adam Boqvist,CHI,D,79.0,64.7,29.4,23.1,,68.1,80.3,57.1,51.7,99.2,45.0,90.8,77.3,4.2,44.1,51,85,169,71.0,,77,48,103,116,3,132,23,55,229,134,238,91,178,Third Pair,35.0,594.65,2.0,14.0,16.0,2.86750315369895,47.5,48.48178381078285,D,72.0,195.0,2000-08-15,SWE,2018.0,1.0,8.0,R,20,"[None, None, None, 76, 80]","[None, None, None, 60, 71]","[None, None, None, 28, 36]","[None, None, None, 'CHI', 'CHI']"
2020-2021,8479323,Adam Fox,NYR,D,98.3,93.7,92.4,92.3,44.9,16.4,65.5,91.2,95.8,89.1,8.4,38.2,91.6,39.9,87.4,5,16,19,8.0,99.0,200,83,22,11,26,219,148,21,144,31,238,91,178,First Pair,55.0,1358.85,5.0,42.0,47.0,6.621379083028059,58.108108108108105,55.20791551646028,D,71.0,185.0,1998-02-17,USA,2016.0,3.0,66.0,R,22,"[None, None, None, 96, 98]","[None, None, None, 86, 94]","[None, None, None, 91, 94]","[None, None, None, 'NYR', 'NYR']"
2020-2021,8476457,Adam Larsson,EDM,D,71.4,34.0,96.2,,87.6,66.8,52.5,37.8,16.4,8.4,89.9,3.4,42.4,36.6,68.5,69,158,10,,23.0,80,114,149,200,196,25,231,138,152,76,238,91,178,Second Pair,56.0,1100.25,4.0,6.0,10.0,2.545074912793982,49.15254237288136,51.74429596894264,D,75.0,207.0,1992-11-12,SWE,2011.0,1.0,4.0,R,27,"[18, 58, 51, 38, 86]","[35, 59, 48, 54, 18]","[73, 80, 87, 81, 98]","['EDM', 'EDM', 'EDM', 'EDM', 'EDM']"
2020-2021,8476917,Adam Pelech,NYI,D,90.8,76.9,95.8,,23.6,33.6,43.3,62.2,36.6,62.2,63.9,4.6,83.6,81.5,85.3,23,56,11,,137.0,159,136,91,152,75,87,228,40,45,36,238,91,178,Second Pair,56.0,1178.6,4.0,10.0,14.0,4.2345157094526655,57.89473684210527,59.29115053608075,D,75.0,212.0,1994-08-16,CAN,2012.0,3.0,65.0,L,26,"[47, 49, 83, 66, 95]","[14, 69, 29, 40, 91]","[29, 45, 93, 77, 97]","['NYI', 'NYI', 'NYI', 'NYI', 'NYI']"
2020-2021,8474166,Alec Martinez,VGK,D,42.9,79.8,8.4,68.1,14.0,89.5,85.3,72.3,69.7,46.2,27.3,61.8,68.9,93.3,55.5,137,49,219,30.0,154.0,26,36,67,73,111,174,92,75,17,107,238,91,178,First Pair,53.0,1195.9833333333331,9.0,23.0,32.0,6.7107970555900245,58.94736842105262,54.63331307797795,D,73.0,210.0,1987-07-26,USA,2007.0,4.0,95.0,L,33,"[81, 6, 42, 39, 44]","[91, 29, 74, 58, 90]","[48, 6, 9, 14, 9]","['LAK', 'LAK', 'LAK', 'VGK', 'VGK']"
2020-2021,8471274,Alex Goligoski,ARI,D,79.8,83.2,45.4,31.9,71.9,45.0,36.1,26.9,50.0,71.4,34.9,62.2,72.7,26.1,91.6,49,41,131,63.0,51.0,132,153,175,120,56,156,91,66,177,21,238,91,178,First Pair,56.0,1288.3666666666666,3.0,19.0,22.0,3.095820991122811,52.74725274725275,49.10958454108238,D,71.0,173.0,1985-07-30,USA,2004.0,2.0,61.0,L,35,"[41, 63, 81, 60, 84]","[88, 84, 84, 77, 85]","[10, 17, 29, 46, 48]","['ARI', 'ARI', 'ARI', 'ARI', 'ARI']"
2020-2021,8474565,Alex Pietrangelo,VGK,D,90.3,97.1,27.7,24.2,93.3,97.1,96.2,97.1,65.1,46.6,22.3,68.1,76.1,89.9,68.1,24,8,173,70.0,13.0,8,10,8,84,110,186,77,58,25,77,238,91,178,First Pair,41.0,1001.7333333333332,7.0,16.0,23.0,7.067794495677326,58.333333333333336,51.80652759754426,D,75.0,215.0,1990-01-18,CAN,2008.0,1.0,4.0,R,30,"[91, 89, 94, 94, 81]","[96, 93, 97, 98, 93]","[59, 22, 28, 45, 17]","['STL', 'STL', 'STL', 'STL', 'VGK']"
2020-2021,8471303,Alexander Edler,VAN,D,10.5,29.4,63.0,,96.6,19.3,20.6,31.1,77.7,1.7,77.3,1.7,35.7,30.3,96.6,214,169,89,,7.0,193,190,165,54,212,55,235,154,167,9,238,91,178,Second Pair,52.0,1087.1333333333334,0.0,8.0,8.0,2.5430482201401725,43.42105263157895,47.604183726197306,D,76.0,210.0,1986-04-21,SWE,2004.0,3.0,91.0,L,34,"[10, 11, 33, 18, 11]","[32, 14, 6, 25, 55]","[8, 39, 70, 53, 63]","['VAN', 'VAN', 'VAN', 'VAN', 'VAN']"
2020-2021,8481014,Alexander Romanov,MTL,D,53.4,40.3,51.3,,48.3,5.0,16.8,51.7,10.5,81.5,97.9,73.1,20.2,66.8,3.4,112,143,117,,93.0,227,199,116,214,38,6,65,191,80,231,238,91,178,Third Pair,54.0,931.8333333333334,1.0,5.0,6.0,2.708915053009753,49.23076923076923,54.295755539516385,D,73.0,220.0,2000-01-06,RUS,2018.0,2.0,38.0,L,20,"[None, None, None, None, 55]","[None, None, None, None, 44]","[None, None, None, None, 52]","[None, None, None, None, 'MTL']"
2020-2021,8478851,Alexandre Carrier,NSH,D,56.3,36.6,52.9,,43.8,24.8,56.3,98.3,10.9,81.5,54.6,37.4,89.9,52.9,42.0,105,152,113,,101.0,180,105,5,213,38,109,150,25,113,139,238,91,178,Second Pair,19.0,380.9,1.0,2.0,3.0,2.1482613366586474,58.82352941176471,49.96309943257648,D,71.0,174.0,1996-10-08,CAN,2015.0,4.0,115.0,R,23,"[None, None, None, None, 58]","[None, None, None, None, 37]","[None, None, None, None, 54]","[None, None, None, None, 'NSH']"
2020-2021,8471284,Andrej Sekera,DAL,D,44.1,26.9,40.3,,65.7,61.8,58.4,16.0,8.4,66.8,39.1,21.4,89.5,60.5,19.3,134,175,143,,62.0,92,100,201,219,64,146,188,26,95,193,238,91,178,Third Pair,46.0,719.4333333333333,3.0,2.0,5.0,1.4116719151796284,60.0,50.65884360640656,D,72.0,200.0,1986-06-08,SVK,2004.0,3.0,71.0,L,34,"[90, 45, 48, 48, 39]","[95, 56, 55, 55, 12]","[51, 23, 31, 34, 51]","['EDM', 'EDM', 'EDM', 'DAL', 'DAL']"
2020-2021,8472382,Andy Greene,NYI,D,36.6,9.7,50.8,,93.8,23.9,23.9,24.8,23.9,50.4,21.0,43.3,76.5,55.0,59.2,152,216,118,,12.0,182,182,180,182,102,189,136,57,108,98,238,91,178,Third Pair,55.0,966.7833333333332,1.0,4.0,5.0,2.008484420103908,57.692307692307686,48.66322132107649,D,71.0,190.0,1982-10-30,USA,,,,L,37,"[83, 89, 70, 49, 21]","[38, 12, 40, 8, 8]","[94, 96, 70, 68, 25]","['NJD', 'NJD', 'NJD', 'NYI', 'NYI']"
2020-2021,8471873,Anton Stralman,FLA,D,81.5,87.4,54.2,,39.3,68.9,77.3,54.6,38.7,59.9,32.4,26.9,44.1,64.3,60.5,45,31,110,,109.0,75,55,109,147,80,162,175,134,86,95,238,91,178,Second Pair,38.0,720.0833333333334,3.0,6.0,9.0,2.0224620867509007,48.93617021276596,52.704357393202585,D,71.0,193.0,1986-08-01,SWE,2005.0,7.0,216.0,R,34,"[97, 96, 79, 86, 70]","[96, 97, 77, 92, 78]","[93, 93, 64, 52, 50]","['TBL', 'TBL', 'TBL', 'FLA', 'FLA']"
2020-2021,8482245,Artem Zub,OTT,D,35.3,20.2,70.6,,82.0,86.6,74.8,8.0,81.9,14.3,87.0,3.8,86.6,23.5,26.1,155,191,71,,33.0,33,61,220,44,183,32,230,33,183,177,238,91,178,Second Pair,47.0,863.9666666666667,3.0,11.0,14.0,1.4897072699478375,52.5,48.207451595056824,D,75.0,201.0,1995-10-03,RUS,,,,R,24,"[None, None, None, None, 36]","[None, None, None, None, 22]","[None, None, None, None, 72]","[None, None, None, None, 'OTT']"
2020-2021,8475279,Ben Chiarot,MTL,D,2.5,5.9,47.1,,11.2,46.2,34.5,61.8,54.2,0.4,72.7,39.5,8.0,96.2,80.7,233,225,127,,159.0,129,157,92,110,215,66,145,220,10,47,238,91,178,Second Pair,41.0,893.2833333333333,1.0,6.0,7.0,3.0401920726250093,38.88888888888889,51.69728189349521,D,75.0,222.0,1991-05-09,CAN,2009.0,4.0,120.0,L,29,"[3, 11, 6, 2, 3]","[15, 18, 1, 41, 5]","[27, 38, 56, 31, 59]","['WPG', 'WPG', 'WPG', 'MTL', 'MTL']"
2020-2021,8477433,Ben Harpur,NSH,D,15.5,8.8,25.2,,70.8,32.8,7.1,4.6,61.8,52.9,69.7,16.4,94.5,14.3,15.1,202,218,179,,53.0,161,222,228,92,96,73,200,14,205,203,238,91,178,Third Pair,34.0,558.65,0.0,7.0,7.0,0.8731494019981104,55.55555555555556,44.84032879182852,D,80.0,235.0,1995-01-12,CAN,2013.0,4.0,108.0,L,25,"[None, 40, 30, None, 15]","[None, 30, 10, None, 10]","[None, 31, 31, None, 21]","[None, 'OTT', 'OTT', None, 'NSH']"
2020-2021,8477018,Ben Hutton,TOR,D,24.8,70.6,5.0,,81.5,42.4,42.4,60.1,20.2,52.5,40.8,13.4,7.6,37.0,49.2,180,71,227,,34.0,138,138,96,191,97,142,207,221,151,122,238,91,178,Second Pair,38.0,701.4333333333333,1.0,4.0,5.0,1.9617491145119603,32.55813953488372,44.675647809468245,D,75.0,209.0,1993-04-20,CAN,2012.0,5.0,147.0,L,27,"[17, 18, 7, 48, 27]","[30, 14, 35, 80, 60]","[15, 25, 0, 7, 8]","['VAN', 'VAN', 'VAN', 'LAK', 'TOR']"
2020-2021,8481524,Bowen Byram,COL,D,26.5,32.8,57.1,,,37.4,2.9,55.5,22.7,24.4,87.4,92.4,39.9,95.0,44.5,176,161,103,,,150,226,107,185,159,31,19,144,13,133,238,91,178,Third Pair,19.0,332.7166666666667,0.0,2.0,2.0,1.0771602943011014,55.00000000000001,55.369089858432496,D,73.0,205.0,2001-06-13,CAN,2019.0,1.0,4.0,L,19,"[None, None, None, None, 27]","[None, None, None, None, 33]","[None, None, None, None, 61]","[None, None, None, None, 'COL']"
2020-2021,8476869,Brady Skjei,CAR,D,5.0,76.1,2.5,,75.8,78.2,79.4,86.1,21.4,5.9,57.1,22.7,45.4,84.5,41.6,227,58,233,,44.0,53,50,34,188,202,103,185,131,38,140,238,91,178,Second Pair,52.0,1078.0833333333333,3.0,7.0,10.0,4.161351244285924,53.333333333333336,51.35727350947964,D,75.0,210.0,1994-03-26,USA,2012.0,1.0,28.0,L,26,"[38, 29, 24, 11, 4]","[58, 82, 74, 80, 67]","[44, 9, 10, 3, 5]","['NYR', 'NYR', 'NYR', 'CAR', 'CAR']"
2020-2021,8478443,Brandon Carlo,BOS,D,60.1,5.5,81.1,,88.8,63.9,81.5,41.6,9.2,45.0,73.9,71.0,28.2,79.4,31.1,96,226,46,,21.0,87,45,140,217,114,63,70,172,50,165,238,91,178,Second Pair,27.0,505.15,3.0,1.0,4.0,1.321664242613059,46.875,51.61087960754275,D,77.0,227.0,1996-11-26,USA,2015.0,2.0,37.0,R,23,"[17, 26, 53, 38, 68]","[82, 58, 16, 2, 18]","[43, 52, 90, 89, 70]","['BOS', 'BOS', 'BOS', 'BOS', 'BOS']"
2020-2021,8477986,Brandon Montour,FLA,D,1.3,18.9,2.9,,8.4,84.5,85.7,84.0,67.2,7.6,27.7,59.7,64.7,37.8,66.8,236,194,232,,164.0,38,35,39,79,198,173,97,85,149,80,238,91,178,Second Pair,50.0,1024.3,7.0,11.0,18.0,5.462421720430471,47.88732394366197,47.093691895594354,D,72.0,199.0,1994-04-11,CAN,2014.0,2.0,55.0,R,26,"[63, 8, 0, 6, 2]","[58, 44, 7, 14, 47]","[31, 10, 11, 8, 2]","['ANA', 'ANA', 'BUF', 'BUF', 'FLA']"
2020-2021,8475188,Brayden McNabb,VGK,D,84.9,89.9,74.4,,27.0,18.1,33.2,46.6,20.6,38.2,89.1,34.9,42.0,98.7,40.3,37,25,62,,131.0,196,160,128,190,126,27,156,139,4,143,238,91,178,Second Pair,41.0,791.25,2.0,6.0,8.0,2.1037481140634156,53.84615384615385,52.34125722283955,D,76.0,215.0,1991-01-21,CAN,2009.0,3.0,66.0,L,29,"[63, 86, 80, 88, 76]","[72, 93, 98, 89, 77]","[65, 84, 66, 81, 71]","['LAK', 'VGK', 'VGK', 'VGK', 'VGK']"
2020-2021,8470601,Braydon Coburn,OTT,D,28.6,27.7,62.2,,61.2,35.7,12.6,45.4,17.6,21.8,71.8,23.5,54.6,52.1,48.3,171,173,91,,70.0,154,209,131,197,165,68,183,109,115,124,238,91,178,Third Pair,19.0,304.85,0.0,2.0,2.0,0.980184166261757,40.909090909090914,41.37999872281467,D,77.0,224.0,1985-02-27,CAN,2003.0,1.0,8.0,L,35,"[28, 25, 58, 36, 20]","[21, 20, 36, 31, 29]","[74, 79, 86, 60, 48]","['TBL', 'TBL', 'TBL', 'TBL', 'OTT']"
2020-2021,8474090,Brendan Smith,NYR,D,58.0,24.4,32.8,,84.3,79.4,91.6,93.7,40.8,89.9,88.2,52.1,48.7,11.3,25.6,101,181,161,,29.0,50,21,16,142,24,29,115,123,212,178,238,91,178,Third Pair,48.0,788.8333333333334,5.0,5.0,10.0,2.6616796059280747,53.333333333333336,45.75131381816239,D,74.0,200.0,1989-02-08,CAN,2007.0,1.0,27.0,L,31,"[76, 36, 56, 33, 68]","[66, 73, 69, 23, 19]","[68, 33, 24, 36, 35]","['NYR', 'NYR', 'NYR', 'NYR', 'NYR']"
2020-2021,8475455,Brenden Dillon,WSH,D,62.2,59.7,97.1,,50.6,33.2,20.2,5.0,79.8,2.5,91.2,53.4,66.8,58.8,54.6,91,97,8,,89.0,160,191,227,49,210,22,112,80,99,109,238,91,178,Second Pair,56.0,1060.8333333333333,2.0,17.0,19.0,1.680708991537213,56.52173913043478,52.22442741991258,D,76.0,225.0,1990-11-13,CAN,,,,L,29,"[58, 59, 79, 20, 79]","[68, 72, 85, 48, 58]","[79, 49, 94, 96, 95]","['SJS', 'SJS', 'SJS', 'WSH', 'WSH']"
2020-2021,8470613,Brent Burns,SJS,D,34.5,97.9,1.7,64.8,25.8,64.7,83.2,95.0,91.2,8.0,3.8,36.6,31.5,49.6,73.5,157,6,235,33.0,133.0,85,41,13,22,197,230,152,164,121,64,238,91,178,First Pair,56.0,1463.9333333333334,7.0,22.0,29.0,8.996350701500981,45.91836734693878,50.83230216118915,D,77.0,228.0,1985-03-09,CAN,2003.0,1.0,20.0,R,35,"[96, 10, 46, 32, 34]","[100, 100, 97, 91, 98]","[0, 2, 2, 1, 7]","['SJS', 'SJS', 'SJS', 'SJS', 'SJS']"
2020-2021,8476967,Brett Kulak,MTL,D,69.7,67.2,82.8,,,13.4,31.5,55.0,39.1,35.3,51.3,81.1,18.9,93.7,21.0,73,79,42,,,207,164,108,146,133,117,46,194,16,189,238,91,178,Third Pair,46.0,740.95,2.0,6.0,8.0,2.0312477727771965,52.083333333333336,53.54862223168288,D,73.0,192.0,1994-01-06,CAN,2012.0,4.0,105.0,L,26,"[None, 71, 78, 82, 50]","[None, 49, 68, 74, 52]","[None, 51, 84, 85, 76]","[None, 'CGY', 'MTL', 'MTL', 'MTL']"
2020-2021,8477488,Brett Pesce,CAR,D,95.8,96.2,77.3,26.4,98.9,42.0,64.3,74.4,93.3,88.2,6.7,38.7,76.9,75.6,51.7,11,10,55,68.0,3.0,139,86,62,17,28,223,147,56,59,116,238,91,178,First Pair,55.0,1253.5666666666666,4.0,21.0,25.0,4.86401506161855,57.971014492753625,55.299491786582735,D,75.0,206.0,1994-11-15,USA,2013.0,3.0,66.0,R,25,"[94, 90, 98, 81, 99]","[59, 66, 86, 93, 97]","[93, 89, 95, 44, 79]","['CAR', 'CAR', 'CAR', 'CAR', 'CAR']"
2020-2021,8475208,Brian Dumoulin,PIT,D,85.7,66.4,73.5,,89.3,70.2,57.6,56.3,53.8,86.6,71.4,50.8,84.0,90.3,79.4,35,81,64,,20.0,72,102,105,111,32,69,118,39,24,50,238,91,178,First Pair,41.0,916.5333333333332,4.0,10.0,14.0,2.4314039967671115,58.620689655172406,49.37294512873199,D,76.0,215.0,1991-09-06,USA,2009.0,2.0,51.0,L,28,"[79, 85, 92, 73, 85]","[38, 63, 84, 65, 59]","[83, 89, 91, 71, 67]","['PIT', 'PIT', 'PIT', 'PIT', 'PIT']"
2020-2021,8479984,Cal Foote,TBL,D,19.7,16.0,29.0,,,25.2,39.1,83.2,10.1,43.3,76.5,86.1,98.3,68.1,2.1,192,201,170,,,179,146,41,215,116,57,34,5,77,234,238,91,178,Fringe,35.0,451.1166666666667,1.0,2.0,3.0,1.7317684062122634,64.70588235294117,49.21948572575059,D,77.0,224.0,1998-12-13,USA,2017.0,1.0,14.0,R,21,"[None, None, None, None, 21]","[None, None, None, None, 17]","[None, None, None, None, 29]","[None, None, None, None, 'TBL']"
2020-2021,8480069,Cale Makar,COL,D,93.7,78.6,74.8,98.9,55.6,95.4,95.0,93.3,99.2,94.5,20.2,95.8,85.3,99.6,46.2,16,52,61,2.0,80.0,12,13,17,3,14,191,11,36,2,129,238,91,178,First Pair,44.0,1069.5666666666666,8.0,36.0,44.0,6.14546515632189,62.0253164556962,60.47150779613874,D,72.0,187.0,1998-10-30,CAN,2017.0,1.0,4.0,R,21,"[None, None, None, 89, 95]","[None, None, None, 66, 85]","[None, None, None, 76, 75]","[None, None, None, 'COL', 'COL']"
2020-2021,8478452,Caleb Jones,EDM,D,59.2,28.2,50.0,,,67.6,48.7,12.6,74.4,88.7,50.8,74.8,11.3,45.4,34.0,98,172,120,,,78,123,209,62,27,118,61,212,131,158,238,91,178,Third Pair,33.0,449.03333333333336,0.0,4.0,4.0,0.7057491349628694,35.714285714285715,49.22132641296395,D,73.0,184.0,1997-06-06,USA,2015.0,4.0,117.0,L,23,"[None, None, 32, 63, 57]","[None, None, 28, 44, 21]","[None, None, 38, 44, 55]","[None, None, 'EDM', 'EDM', 'EDM']"
2020-2021,8475177,Calvin de Haan,CHI,D,83.2,68.5,80.7,,20.8,8.4,23.1,34.0,52.1,85.7,85.7,50.4,15.1,8.4,84.5,41,76,47,,142.0,219,184,158,115,34,35,119,203,219,38,238,91,178,Second Pair,44.0,819.15,1.0,9.0,10.0,1.9374568329992543,35.483870967741936,49.452924905358145,D,73.0,192.0,1991-05-09,CAN,2009.0,1.0,12.0,L,29,"[92, 81, 84, 69, 84]","[81, 65, 70, 56, 76]","[95, 74, 88, 54, 87]","['NYI', 'NYI', 'CAR', 'CHI', 'CHI']"
2020-2021,8475764,Cam Fowler,ANA,D,47.5,80.7,23.9,74.7,2.8,95.0,89.9,52.1,49.2,22.3,5.0,84.5,81.9,14.7,71.8,126,47,182,24.0,174.0,13,25,115,122,164,227,38,44,204,68,238,91,178,Second Pair,56.0,1218.5833333333333,5.0,18.0,23.0,4.082935673051502,53.65853658536586,47.95710217740879,D,74.0,213.0,1991-12-05,CAN,2010.0,1.0,12.0,L,28,"[48, 57, 9, 72, 45]","[75, 70, 23, 84, 83]","[27, 46, 4, 40, 28]","['ANA', 'ANA', 'ANA', 'ANA', 'ANA']"
2020-2021,8477369,Carson Soucy,MIN,D,24.4,6.7,66.8,,68.5,87.4,78.6,50.4,95.0,26.9,59.7,2.9,100.0,67.6,26.9,181,223,80,,57.0,31,52,119,13,153,97,232,1,78,175,238,91,178,Third Pair,50.0,764.2666666666667,1.0,16.0,17.0,1.759151388416837,67.24137931034483,50.72557845396643,D,76.0,211.0,1994-07-27,CAN,2013.0,5.0,137.0,L,26,"[None, None, None, 60, 7]","[None, None, None, 7, 6]","[None, None, None, 63, 68]","[None, None, None, 'MIN', 'MIN']"
2020-2021,8477244,Chad Ruhwedel,PIT,D,52.9,34.9,59.2,,47.2,59.2,24.8,13.0,21.0,57.6,85.3,48.3,67.6,50.8,18.9,113,156,98,,95.0,98,180,208,189,85,36,124,78,118,194,238,91,178,Third Pair,17.0,249.78333333333333,0.0,2.0,2.0,0.4205349600620728,57.14285714285714,57.88533898190469,D,71.0,189.0,1990-05-07,USA,,,,R,30,"[44, 67, None, 75, 26]","[42, 52, None, 36, 34]","[36, 46, None, 56, 60]","['PIT', 'PIT', None, 'PIT', 'PIT']"
2020-2021,8479325,Charlie McAvoy,BOS,D,96.2,94.1,97.5,6.6,94.9,17.2,52.1,65.1,96.6,48.7,64.3,67.2,65.5,91.6,87.0,10,15,7,86.0,10.0,198,115,84,9,105,86,79,83,21,32,238,91,178,First Pair,51.0,1223.7833333333333,5.0,25.0,30.0,5.05663096516526,60.97560975609756,56.53189352301165,D,73.0,211.0,1997-12-21,USA,2016.0,1.0,14.0,R,22,"[None, 47, 91, 98, 94]","[None, 54, 72, 94, 96]","[None, 83, 88, 99, 94]","[None, 'BOS', 'BOS', 'BOS', 'BOS']"
2020-2021,8475690,Chris Tanev,CGY,D,92.4,2.9,99.6,,97.8,39.1,22.7,8.4,35.3,66.0,25.6,31.9,66.0,71.4,92.0,19,232,2,,5.0,146,185,219,155,66,178,163,82,69,20,238,91,178,Second Pair,56.0,1216.9333333333334,2.0,11.0,13.0,2.3870176398702303,60.9375,60.42242055940099,D,75.0,200.0,1989-12-20,CAN,,,,R,30,"[88, 82, 74, 58, 98]","[16, 18, 4, 4, 4]","[95, 91, 95, 94, 100]","['VAN', 'VAN', 'VAN', 'VAN', 'CGY']"
2020-2021,8477043,Christian Djoos,DET,D,32.8,60.1,16.4,72.5,,51.3,33.6,39.1,88.2,48.3,2.9,92.9,13.4,19.7,9.2,161,96,200,26.0,,117,159,146,29,106,232,18,207,192,217,238,91,178,Third Pair,36.0,543.05,2.0,9.0,11.0,1.820250173173528,36.36363636363637,46.417833996455656,D,72.0,180.0,1994-08-06,SWE,2012.0,7.0,195.0,L,26,"[None, 74, 63, None, 28]","[None, 78, 63, None, 65]","[None, 44, 21, None, 15]","[None, 'WSH', 'WSH', None, 'DET']"
2020-2021,8478846,Christian Wolanin,LAK,D,42.0,49.6,47.5,45.1,,56.3,19.3,43.7,92.9,44.5,2.1,68.9,10.5,4.6,27.7,139,121,126,51.0,,105,193,135,18,115,234,75,214,228,173,238,91,178,Third Pair,18.0,238.85,0.0,3.0,3.0,0.678666657511174,39.130434782608695,46.96421500214931,D,74.0,190.0,1995-03-17,CAN,2015.0,4.0,107.0,L,25,"[None, None, 54, None, 40]","[None, None, 50, None, 52]","[None, None, 46, None, 47]","[None, None, 'OTT', None, 'LAK']"
2020-2021,8476879,Cody Ceci,PIT,D,21.4,33.6,16.0,,24.7,76.9,63.9,53.4,65.5,56.7,73.5,52.9,87.0,58.0,62.2,188,159,201,,135.0,56,87,112,83,87,64,113,32,101,91,238,91,178,Second Pair,53.0,981.4666666666668,4.0,13.0,17.0,2.5860957439648624,58.57142857142858,48.97299825229015,D,75.0,210.0,1993-12-21,CAN,2012.0,1.0,15.0,R,26,"[21, 5, 11, 20, 37]","[9, 26, 66, 17, 37]","[60, 2, 4, 46, 11]","['OTT', 'OTT', 'OTT', 'TOR', 'PIT']"
2020-2021,8476525,Colin Miller,BUF,D,81.9,69.7,87.4,4.4,42.7,34.5,37.0,27.3,41.6,71.8,75.2,79.0,6.7,34.9,58.8,44,73,31,88.0,103.0,157,151,174,140,55,60,51,223,156,99,238,91,178,Third Pair,48.0,864.0,4.0,8.0,12.0,2.457604662289506,36.206896551724135,46.97744240532472,D,73.0,200.0,1992-10-29,CAN,2012.0,5.0,151.0,R,27,"[85, 85, 80, 80, 81]","[84, 86, 87, 68, 53]","[80, 92, 88, 80, 87]","['BOS', 'VGK', 'VGK', 'BUF', 'BUF']"
2020-2021,8476892,Colton Parayko,STL,D,86.6,50.0,92.0,,60.1,76.5,54.6,62.6,75.2,60.5,48.7,23.9,47.1,53.4,89.1,33,120,20,,72.0,57,109,90,60,79,123,182,127,112,27,238,91,178,Second Pair,32.0,682.6,2.0,10.0,12.0,2.3957725750617453,44.44444444444444,48.64497889702286,D,78.0,228.0,1993-05-12,CAN,2012.0,3.0,86.0,R,27,"[70, 98, 94, 90, 66]","[75, 91, 42, 63, 34]","[83, 96, 98, 95, 83]","['STL', 'STL', 'STL', 'STL', 'STL']"
2020-2021,8476941,Connor Carrick,NJD,D,42.4,39.1,36.1,,,58.8,78.2,11.8,9.7,69.3,55.0,10.5,46.6,10.9,54.2,138,146,153,,,99,53,211,216,58,108,214,128,213,110,238,91,178,Second Pair,11.0,205.36666666666665,1.0,1.0,2.0,0.4513315916090032,38.88888888888889,40.77929480648605,D,70.0,198.0,1994-04-13,USA,2012.0,5.0,137.0,R,26,"[34, 65, 30, 34, 53]","[72, 58, 45, 42, 33]","[39, 75, 35, 37, 39]","['TOR', 'TOR', 'NJD', 'NJD', 'NJD']"
2020-2021,8477365,Connor Clifton,BOS,D,22.7,4.2,66.0,,59.0,47.5,39.5,19.3,4.2,40.8,96.6,47.9,89.1,72.3,16.4,185,229,82,,74.0,126,145,193,229,120,9,125,27,67,200,238,91,178,Second Pair,44.0,801.5333333333333,1.0,6.0,7.0,1.4898967697833807,57.446808510638306,49.22949297922348,D,72.0,196.0,1995-04-28,USA,2013.0,5.0,133.0,R,25,"[None, None, 45, 45, 12]","[None, None, 33, 13, 1]","[None, None, 48, 38, 78]","[None, None, 'BOS', 'BOS', 'BOS']"
2020-2021,8476473,Connor Murphy,CHI,D,74.4,42.0,68.9,,11.8,26.1,36.6,45.8,34.5,98.3,89.5,9.7,41.2,6.3,92.9,62,139,75,,158.0,177,152,130,157,5,26,216,141,224,18,238,91,178,First Pair,50.0,1107.2666666666669,3.0,12.0,15.0,2.6048966622573895,47.22222222222222,47.74325187074823,D,76.0,212.0,1993-03-26,USA,2011.0,1.0,20.0,R,27,"[10, 53, 19, 64, 86]","[5, 15, 9, 47, 55]","[75, 72, 67, 63, 73]","['ARI', 'CHI', 'CHI', 'CHI', 'CHI']"
2020-2021,8479982,Conor Timmins,COL,D,53.8,50.4,49.6,,,22.7,2.9,47.9,47.5,70.4,30.3,28.2,67.2,88.7,5.0,111,119,121,,,185,226,125,126,57,167,172,79,28,227,238,91,178,Third Pair,31.0,420.15,0.0,7.0,7.0,1.0950778980874667,58.620689655172406,57.68645469137348,D,75.0,213.0,1998-09-18,CAN,2017.0,2.0,32.0,R,21,"[None, None, None, None, 55]","[None, None, None, None, 56]","[None, None, None, None, 52]","[None, None, None, None, 'COL']"
2020-2021,8476923,Damon Severson,NJD,D,68.1,95.0,17.2,28.6,27.5,65.1,63.4,68.5,78.6,25.6,18.5,40.3,15.5,17.2,89.5,77,13,198,66.0,130.0,84,88,76,52,156,195,143,202,198,26,238,91,178,First Pair,56.0,1259.1333333333334,3.0,18.0,21.0,4.938042433339592,45.714285714285715,51.29337212638963,D,74.0,204.0,1994-08-07,CAN,2012.0,2.0,60.0,R,26,"[12, 33, 27, 70, 76]","[61, 81, 90, 85, 98]","[20, 4, 7, 31, 16]","['NJD', 'NJD', 'NJD', 'NJD', 'NJD']"
2020-2021,8477215,Danny DeKeyser,DET,D,17.6,11.3,50.4,,66.3,88.2,77.7,14.7,59.2,21.0,44.5,47.1,85.7,7.6,43.3,197,212,119,,61.0,29,54,204,98,167,133,127,35,221,136,238,91,178,Second Pair,47.0,850.6833333333333,4.0,8.0,12.0,1.5897249566271734,50.0,46.19153454958714,D,75.0,183.0,1990-03-07,USA,,,,L,30,"[23, 34, 22, None, 20]","[0, 7, 10, None, 15]","[90, 82, 74, None, 42]","['DET', 'DET', 'DET', None, 'DET']"
2020-2021,8479371,Dante Fabbro,NSH,D,16.0,2.5,62.6,,61.8,55.9,29.8,21.0,46.6,42.0,30.7,81.9,32.4,64.7,35.7,201,233,90,,69.0,106,168,189,128,117,166,44,162,85,154,238,91,178,Second Pair,40.0,772.6,2.0,10.0,12.0,1.5333256282506351,50.0,50.759149450666094,D,72.0,200.0,1998-06-20,CAN,2016.0,1.0,17.0,R,22,"[None, None, None, 17, 22]","[None, None, None, 1, 7]","[None, None, None, 59, 63]","[None, None, None, 'NSH', 'NSH']"
2020-2021,8477498,Darnell Nurse,EDM,D,12.6,84.0,13.4,11.0,2.2,99.2,97.1,94.5,56.7,5.5,62.2,75.6,74.8,57.6,88.7,209,39,207,82.0,175.0,3,8,14,104,203,91,59,61,102,28,238,91,178,First Pair,56.0,1435.0,16.0,20.0,36.0,7.971107147627571,55.90551181102362,50.877993644291344,D,76.0,215.0,1995-02-04,CAN,2013.0,1.0,7.0,L,25,"[24, 12, 3, 10, 44]","[33, 75, 22, 78, 92]","[22, 37, 18, 41, 5]","['EDM', 'EDM', 'EDM', 'EDM', 'EDM']"
2020-2021,8475233,David Savard,TBL,D,71.8,34.5,94.5,,80.9,2.5,9.2,36.6,6.7,29.0,79.4,21.0,4.6,55.5,84.0,68,157,14,,35.0,233,217,152,223,148,50,189,228,107,39,238,91,178,Second Pair,54.0,1071.6833333333334,1.0,5.0,6.0,3.4532203692978145,25.0,46.95399942501756,D,73.0,235.0,1990-10-22,CAN,2009.0,4.0,94.0,R,29,"[65, 67, 95, 72, 52]","[85, 88, 81, 59, 9]","[87, 72, 97, 88, 92]","['CBJ', 'CBJ', 'CBJ', 'CBJ', 'TBL']"
2020-2021,8478567,Dean Kukan,CBJ,D,55.9,49.2,59.7,,,38.2,14.3,17.6,43.3,54.2,39.9,87.0,24.4,36.1,47.9,106,122,97,,,148,205,197,136,93,144,32,181,153,125,238,91,178,Third Pair,35.0,496.6166666666667,1.0,4.0,5.0,0.8161009157120194,47.22222222222222,47.52326887278189,D,74.0,190.0,1993-07-08,CHE,,,,L,27,"[None, None, 57, 44, 62]","[None, None, 55, 51, 48]","[None, None, 44, 54, 65]","[None, None, 'CBJ', 'CBJ', 'CBJ']"
2020-2021,8479395,Dennis Cholowski,DET,D,29.4,45.8,22.7,44.0,,41.6,53.8,29.4,45.0,56.3,7.1,97.1,27.3,2.9,30.7,169,130,185,52.0,,140,111,169,132,88,222,8,174,232,166,238,91,178,Third Pair,16.0,254.35,1.0,2.0,3.0,0.4779961512592112,50.0,39.66665588830297,D,74.0,210.0,1998-02-15,CAN,2016.0,1.0,20.0,L,22,"[None, None, 30, 31, 30]","[None, None, 52, 45, 47]","[None, None, 28, 24, 21]","[None, None, 'DET', 'DET', 'DET']"
2020-2021,8475762,Derek Forbort,WPG,D,13.4,3.8,65.5,,12.4,61.3,18.1,5.9,18.9,36.1,68.5,45.8,26.9,42.4,99.2,207,230,83,,157.0,93,196,225,194,131,76,130,175,138,3,238,91,178,Second Pair,56.0,1161.5666666666666,2.0,10.0,12.0,1.8043314834129651,48.78048780487805,46.23487405600155,D,76.0,216.0,1992-03-04,USA,2010.0,1.0,15.0,L,28,"[35, 16, 8, 42, 13]","[52, 11, 4, 26, 2]","[40, 77, 65, 49, 71]","['LAK', 'LAK', 'LAK', 'CGY', 'WPG']"
2020-2021,8478038,Devon Toews,COL,D,97.5,90.8,95.0,59.3,89.9,91.6,87.0,85.3,58.0,94.1,6.3,77.3,58.0,87.0,31.5,7,23,13,38.0,19.0,21,32,36,101,15,224,55,101,32,164,238,91,178,First Pair,53.0,1312.9,9.0,22.0,31.0,6.167483571801432,61.79775280898876,63.036905840659976,D,73.0,191.0,1994-02-21,CAN,2014.0,4.0,108.0,L,26,"[None, None, 79, 94, 99]","[None, None, 71, 91, 89]","[None, None, 51, 84, 97]","[None, None, 'NYI', 'NYI', 'COL']"
2020-2021,8475179,Dmitry Kulikov,EDM,D,23.1,58.0,83.2,,4.5,10.5,10.1,25.6,16.0,4.2,81.1,24.4,25.2,16.0,62.6,184,101,41,,171.0,214,215,178,201,206,46,181,179,201,90,238,91,178,Second Pair,48.0,920.05,0.0,4.0,4.0,1.8423167975690808,45.76271186440678,54.93185048105278,D,73.0,212.0,1990-10-29,RUS,2009.0,1.0,14.0,L,29,"[14, 49, 23, 14, 38]","[13, 35, 30, 33, 76]","[55, 51, 51, 72, 89]","['BUF', 'WPG', 'WPG', 'WPG', 'EDM']"
2020-2021,8475200,Dmitry Orlov,WSH,D,88.2,91.6,75.6,,,87.8,84.5,68.1,71.4,34.5,45.4,76.9,73.1,52.5,67.6,29,21,59,,,30,38,77,69,135,131,56,65,114,78,238,91,178,Second Pair,51.0,1010.5,8.0,14.0,22.0,4.069687670167191,58.97435897435898,53.84854838493328,D,71.0,215.0,1991-07-23,RUS,2009.0,2.0,55.0,L,29,"[75, 96, 48, 89, 87]","[94, 89, 46, 96, 89]","[61, 69, 51, 78, 77]","['WSH', 'WSH', 'WSH', 'WSH', 'WSH']"
2020-2021,8476462,Dougie Hamilton,CAR,D,96.6,100.0,43.3,96.7,58.4,96.6,97.9,99.6,84.0,15.1,21.4,56.7,79.0,99.2,37.0,9,1,136,4.0,75.0,9,6,2,39,181,188,104,51,3,151,238,91,178,First Pair,55.0,1249.7166666666667,10.0,32.0,42.0,10.424144513883665,62.121212121212125,56.34031461972802,D,78.0,230.0,1993-06-17,CAN,2011.0,1.0,9.0,R,27,"[72, 88, 99, 94, 96]","[97, 99, 100, 98, 100]","[17, 56, 32, 61, 33]","['CGY', 'CGY', 'CAR', 'CAR', 'CAR']"
2020-2021,8474563,Drew Doughty,LAK,D,21.8,47.1,55.0,63.7,45.5,5.9,6.7,13.4,60.1,13.9,47.1,42.0,30.7,31.5,94.5,187,127,108,34.0,98.0,225,223,207,96,184,127,139,166,164,14,238,91,178,First Pair,56.0,1477.3333333333333,8.0,26.0,34.0,7.135468580013966,47.368421052631575,47.69135953698743,D,73.0,210.0,1989-12-08,CAN,2008.0,1.0,2.0,R,30,"[77, 68, 21, 6, 61]","[71, 79, 23, 14, 72]","[86, 68, 53, 21, 74]","['LAK', 'LAK', 'LAK', 'LAK', 'LAK']"
2020-2021,8470281,Duncan Keith,CHI,D,2.1,82.4,0.8,16.5,5.6,15.5,32.4,49.6,37.4,4.6,7.6,78.6,52.5,6.7,74.8,234,43,237,77.0,169.0,202,162,121,150,205,221,52,114,223,61,238,91,178,First Pair,54.0,1264.1166666666666,4.0,11.0,15.0,4.741089313944508,43.52941176470589,43.1929017200481,D,73.0,192.0,1983-07-16,CAN,2002.0,2.0,54.0,L,37,"[50, 7, 8, 3, 1]","[94, 95, 80, 74, 87]","[14, 2, 8, 2, 0]","['CHI', 'CHI', 'CHI', 'CHI', 'CHI']"
2020-2021,8479639,Dylan Coghlan,VGK,D,49.6,44.5,24.8,,,37.8,46.6,87.0,21.8,92.6,60.5,86.6,2.9,79.8,1.7,121,133,180,,,149,128,32,187,18,95,33,232,49,235,238,91,178,Third Pair,29.0,391.15,3.0,3.0,6.0,1.662044347092576,38.46153846153847,48.10195779216945,D,74.0,205.0,1998-02-19,CAN,,,,R,22,"[None, None, None, None, 48]","[None, None, None, None, 49]","[None, None, None, None, 24]","[None, None, None, None, 'VGK']"
2020-2021,8476331,Dylan DeMelo,WPG,D,82.8,83.6,84.0,,39.9,8.0,8.0,16.4,51.3,29.8,79.0,51.3,59.2,21.0,57.6,42,40,39,,108.0,220,220,200,117,146,51,117,98,189,102,238,91,178,Third Pair,52.0,882.4833333333333,0.0,9.0,9.0,1.7994967982043273,55.00000000000001,50.98517935391293,D,73.0,194.0,1993-05-01,CAN,2011.0,6.0,179.0,R,27,"[62, 69, 89, 87, 66]","[45, 66, 89, 90, 70]","[52, 70, 49, 92, 78]","['SJS', 'SJS', 'OTT', 'WPG', 'WPG']"
2020-2021,8480073,Erik Brannstrom,OTT,D,40.3,31.9,34.5,57.1,,53.4,49.6,58.0,83.2,73.1,52.5,42.9,62.6,16.8,52.5,143,163,157,40.0,,112,121,101,41,52,114,137,90,199,114,238,91,178,Third Pair,30.0,490.73333333333335,3.0,11.0,14.0,2.0332698518769052,54.34782608695651,43.27661848998529,D,70.0,185.0,1999-09-02,SWE,2017.0,1.0,15.0,L,20,"[None, None, None, 39, 42]","[None, None, None, 28, 40]","[None, None, None, 41, 32]","[None, None, None, 'OTT', 'OTT']"
2020-2021,8478416,Erik Cernak,TBL,D,67.2,21.0,84.5,,99.4,90.3,91.2,83.6,81.5,15.5,92.4,29.0,57.6,95.4,76.5,79,189,38,,2.0,24,22,40,45,180,19,170,102,12,57,238,91,178,Second Pair,46.0,910.0833333333334,5.0,13.0,18.0,3.380234584569778,52.38095238095239,56.07166801372946,D,76.0,230.0,1997-05-28,SVK,2015.0,2.0,43.0,R,23,"[None, None, 76, 53, 72]","[None, None, 49, 10, 32]","[None, None, 77, 74, 86]","[None, None, 'TBL', 'TBL', 'TBL']"
2020-2021,8475790,Erik Gudbranson,NSH,D,4.6,16.8,10.9,,75.3,77.7,62.6,40.8,5.5,6.3,90.3,33.6,34.5,35.7,55.0,228,199,213,,45.0,54,90,142,226,201,24,159,157,154,108,238,91,178,Third Pair,45.0,805.8833333333333,2.0,3.0,5.0,1.924971945135631,43.63636363636363,43.919452120785614,D,77.0,222.0,1992-01-07,CAN,2010.0,1.0,3.0,R,28,"[55, 36, 11, 8, 4]","[30, 6, 8, 17, 30]","[33, 53, 21, 20, 6]","['VAN', 'VAN', 'PIT', 'ANA', 'NSH']"
2020-2021,8476979,Erik Gustafsson,MTL,D,51.7,75.2,7.6,79.1,,83.6,61.3,42.9,71.8,73.9,45.8,95.0,73.5,23.1,29.8,116,60,221,20.0,,40,93,137,68,50,130,13,64,184,168,238,91,178,Third Pair,29.0,484.6666666666667,1.0,11.0,12.0,1.349688331575169,50.0,48.84162433335643,D,72.0,190.0,1992-03-14,SWE,2012.0,4.0,93.0,L,28,"[None, 75, 60, 50, 48]","[None, 76, 90, 82, 39]","[None, 44, 7, 2, 23]","[None, 'CHI', 'CHI', 'CGY', 'MTL']"
2020-2021,8474578,Erik Karlsson,SJS,D,76.1,96.6,3.8,34.1,31.5,43.3,71.4,80.7,89.1,78.6,4.2,70.2,19.3,53.8,73.1,58,9,230,61.0,123.0,136,69,47,27,39,229,72,193,111,65,238,91,178,First Pair,52.0,1226.8166666666666,8.0,14.0,22.0,6.424644518172375,43.18181818181818,45.43891066628093,D,72.0,185.0,1990-05-31,SWE,2008.0,1.0,15.0,R,30,"[99, 92, 87, 85, 54]","[99, 97, 98, 94, 95]","[9, 21, 40, 27, 1]","['OTT', 'OTT', 'SJS', 'SJS', 'SJS']"
2020-2021,8476902,Esa Lindell,DAL,D,10.1,0.4,81.9,50.5,5.1,60.9,45.8,37.4,48.3,59.2,66.0,47.5,60.1,81.1,66.0,215,238,44,46.0,170.0,94,130,150,124,81,82,126,96,46,82,238,91,178,First Pair,56.0,1298.1166666666668,5.0,11.0,16.0,4.582837024594815,54.54545454545454,51.80302599893318,D,75.0,217.0,1994-05-23,FIN,2012.0,3.0,74.0,L,26,"[46, 76, 13, 36, 8]","[21, 74, 0, 3, 0]","[62, 86, 79, 66, 86]","['DAL', 'DAL', 'DAL', 'DAL', 'DAL']"
2020-2021,8478451,Ethan Bear,EDM,D,76.9,84.5,44.5,,9.6,73.1,56.7,41.2,41.2,84.5,28.2,68.5,21.4,50.0,78.6,56,38,133,,162.0,65,104,141,141,37,172,76,188,120,52,238,91,178,Third Pair,43.0,772.35,2.0,6.0,8.0,2.0203821331908345,44.89795918367347,53.892320895287995,D,71.0,219.0,1997-06-26,CAN,2015.0,5.0,124.0,R,23,"[None, 39, None, 62, 84]","[None, 45, None, 86, 79]","[None, 28, None, 17, 73]","[None, 'EDM', None, 'EDM', 'EDM']"
2020-2021,8480803,Evan Bouchard,EDM,D,50.0,37.0,37.0,,,51.7,88.2,97.9,79.0,81.5,21.8,100.0,21.0,29.4,0.4,120,151,151,,,116,29,6,51,38,187,1,189,169,238,238,91,178,Third Pair,14.0,207.68333333333337,2.0,3.0,5.0,1.356859513018112,42.857142857142854,47.54059014462859,D,75.0,192.0,1999-10-20,CAN,2018.0,1.0,10.0,R,20,"[None, None, None, None, 49]","[None, None, None, None, 38]","[None, None, None, None, 41]","[None, None, None, None, 'EDM']"
2020-2021,8479425,Filip Hronek,DET,D,18.5,12.2,21.4,15.4,30.3,4.6,28.6,39.9,23.1,91.2,38.2,55.5,5.0,10.1,92.4,195,210,188,78.0,125.0,228,171,144,184,21,148,107,227,215,19,238,91,178,First Pair,56.0,1309.6166666666666,2.0,24.0,26.0,6.047906291967803,34.42622950819672,45.24589577253837,D,72.0,190.0,1997-11-02,CZE,2016.0,2.0,53.0,R,22,"[None, None, 54, 24, 14]","[None, None, 20, 5, 26]","[None, None, 59, 28, 13]","[None, None, 'DET', 'DET', 'DET']"
2020-2021,8478506,Gabriel Carlsson,CBJ,D,47.9,23.5,43.7,,,60.1,86.6,14.3,4.6,81.5,42.9,70.6,2.1,9.2,1.3,125,183,135,,,96,33,205,228,38,137,71,234,217,236,238,91,178,Third Pair,14.0,206.98333333333332,1.0,3.0,4.0,0.4049026233196592,33.33333333333333,40.1920992844352,D,77.0,195.0,1997-01-02,SWE,2015.0,1.0,29.0,L,23,"[None, None, None, None, 47]","[None, None, None, None, 25]","[None, None, None, None, 45]","[None, None, None, None, 'CBJ']"
2020-2021,8478055,Gustav Forsling,FLA,D,59.7,72.3,20.6,,14.6,82.4,87.4,84.5,58.8,84.9,29.8,15.1,88.7,80.3,17.6,97,67,190,,153.0,43,31,38,99,36,168,203,28,48,197,238,91,178,Second Pair,43.0,857.55,5.0,12.0,17.0,3.9103202667535726,65.38461538461539,58.13113792648747,D,73.0,199.0,1996-06-12,SWE,2014.0,5.0,126.0,L,24,"[54, 39, 11, None, 73]","[39, 34, 24, None, 80]","[30, 18, 15, None, 22]","['CHI', 'CHI', 'CHI', None, 'FLA']"
2020-2021,8480184,Gustav Lindstrom,DET,D,34.0,42.4,35.7,,33.7,47.9,2.9,7.1,19.7,49.2,59.2,45.4,28.6,2.1,21.4,158,138,154,,119.0,125,226,222,192,104,98,131,171,234,188,238,91,178,Third Pair,13.0,209.53333333333336,0.0,3.0,3.0,0.42065231633997,50.0,43.15588060840056,D,74.0,194.0,1998-10-20,SWE,2017.0,2.0,38.0,R,21,"[None, None, None, 25, 47]","[None, None, None, 42, 43]","[None, None, None, 39, 36]","[None, None, None, 'DET', 'DET']"
2020-2021,8476854,Hampus Lindholm,ANA,D,73.5,81.5,76.5,67.0,51.1,13.9,31.1,31.5,39.5,17.2,15.1,63.9,5.5,33.6,99.6,64,45,57,31.0,88.0,206,165,164,145,176,203,87,226,159,2,238,91,178,First Pair,18.0,396.53333333333336,2.0,4.0,6.0,2.13612281744835,43.47826086956522,53.32273726526922,D,76.0,217.0,1994-01-20,SWE,2012.0,1.0,6.0,L,26,"[89, 93, 83, 80, 64]","[89, 91, 93, 83, 74]","[89, 94, 92, 77, 68]","['ANA', 'ANA', 'ANA', 'ANA', 'ANA']"
2020-2021,8477938,Haydn Fleury,ANA,D,38.2,13.9,33.6,,23.0,86.1,92.4,82.8,42.4,90.8,68.9,57.6,8.4,47.9,20.2,148,206,159,,138.0,34,19,42,138,22,75,102,219,125,191,238,91,178,Third Pair,47.0,723.6833333333333,3.0,1.0,4.0,2.2684250655664915,36.58536585365854,49.04271633093648,D,76.0,207.0,1996-07-08,CAN,2014.0,1.0,7.0,L,24,"[None, 2, None, 47, 34]","[None, 3, None, 11, 14]","[None, 11, None, 32, 41]","[None, 'CAR', None, 'CAR', 'ANA']"
2020-2021,8480035,Henri Jokiharju,BUF,D,49.2,61.3,55.5,,15.2,72.7,48.3,17.2,42.9,37.8,33.6,74.4,23.9,26.9,96.2,122,93,107,,152.0,66,124,198,137,127,159,62,182,175,10,238,91,178,Second Pair,46.0,845.5,3.0,5.0,8.0,1.7609138609472388,45.76271186440678,46.001288579395755,D,72.0,205.0,1999-06-17,FIN,2017.0,1.0,29.0,R,21,"[None, None, 28, 28, 67]","[None, None, 53, 66, 60]","[None, None, 33, 69, 45]","[None, None, 'CHI', 'BUF', 'BUF']"
2020-2021,8474013,Ian Cole,MIN,D,55.0,74.8,91.2,,60.7,48.7,37.4,26.1,54.6,0.8,39.5,2.1,97.1,51.3,30.3,108,61,22,,71.0,123,150,177,109,214,145,234,8,117,167,238,91,178,Third Pair,54.0,857.45,1.0,7.0,8.0,1.1935251721448514,60.60606060606061,49.10725303776491,D,73.0,237.0,1989-02-21,USA,2007.0,1.0,18.0,L,31,"[52, 30, 18, 83, 34]","[69, 51, 61, 80, 68]","[81, 81, 94, 92, 88]","['PIT', 'CBJ', 'COL', 'COL', 'MIN']"
2020-2021,8480070,Ian Mitchell,CHI,D,22.3,21.4,25.6,,,66.0,68.1,24.4,12.6,43.3,16.4,48.7,21.8,1.3,12.6,186,188,178,,,82,77,181,209,116,200,123,187,236,209,238,91,178,Third Pair,39.0,586.0833333333334,3.0,4.0,7.0,1.4076229753156502,39.02439024390244,42.28837445517288,D,71.0,198.0,1999-01-18,CAN,2017.0,2.0,57.0,R,21,"[None, None, None, None, 23]","[None, None, None, None, 23]","[None, None, None, None, 24]","[None, None, None, None, 'CHI']"
2020-2021,8480950,Ilya Lyubushkin,ARI,D,66.0,40.8,72.7,,,28.2,10.9,9.7,11.8,68.5,97.5,20.2,25.6,8.8,37.8,82,142,66,,,172,213,216,211,60,7,191,178,218,149,238,91,178,Third Pair,42.0,659.05,1.0,1.0,2.0,1.0308984640710648,36.36363636363637,45.54767960855447,D,74.0,206.0,1994-04-06,RUS,,,,R,26,"[None, None, 56, 76, 60]","[None, None, 34, 64, 20]","[None, None, 42, 79, 73]","[None, None, 'ARI', 'ARI', 'ARI']"
2020-2021,8478500,Ivan Provorov,PHI,D,43.3,10.9,67.2,1.1,91.0,92.0,75.2,68.9,6.3,78.2,34.5,16.8,43.3,79.0,91.2,136,213,79,91.0,17.0,20,60,75,224,40,157,199,136,51,22,238,91,178,First Pair,56.0,1399.9166666666667,7.0,19.0,26.0,5.937519292375227,49.411764705882355,48.31360535549699,D,73.0,224.0,1997-01-13,RUS,2015.0,1.0,7.0,L,23,"[26, 72, 63, 75, 16]","[7, 12, 27, 23, 9]","[63, 78, 67, 75, 57]","['PHI', 'PHI', 'PHI', 'PHI', 'PHI']"
2020-2021,8476958,Jaccob Slavin,CAR,D,98.7,95.8,73.9,,100.0,6.3,43.7,73.1,63.0,97.5,13.0,41.2,71.0,100.0,41.2,4,11,63,,1.0,224,135,65,89,7,208,141,70,1,141,238,91,178,First Pair,52.0,1195.0833333333333,3.0,12.0,15.0,5.275409634230016,59.74025974025974,55.02248290979029,D,75.0,207.0,1994-05-01,USA,2012.0,4.0,120.0,L,26,"[98, 99, 96, 99, 95]","[93, 95, 96, 89, 95]","[84, 93, 61, 90, 66]","['CAR', 'CAR', 'CAR', 'CAR', 'CAR']"
2020-2021,8471677,Jack Johnson,NYR,D,2.9,2.1,18.1,,6.2,27.3,57.1,6.3,1.7,21.4,93.3,60.1,8.8,49.2,27.3,232,234,196,,168.0,174,103,224,235,166,17,96,218,122,174,238,91,178,Third Pair,13.0,220.56666666666663,1.0,0.0,1.0,0.3603052360184237,22.22222222222222,46.430520438475845,D,74.0,225.0,1987-01-13,USA,2005.0,1.0,3.0,L,33,"[40, 5, 2, 0, 19]","[66, 28, 3, 0, 13]","[25, 14, 10, 13, 34]","['CBJ', 'CBJ', 'PIT', 'PIT', 'NYR']"
2020-2021,8480196,Jacob Bryson,BUF,D,41.6,55.5,31.1,,68.0,50.8,25.2,6.7,13.9,49.8,31.1,10.9,90.3,5.5,65.1,140,107,165,,58.0,118,179,223,206,103,165,213,24,226,84,238,91,178,Second Pair,38.0,723.7333333333333,1.0,8.0,9.0,1.1558192854041298,46.42857142857143,46.485945424690186,D,69.0,177.0,1997-11-18,CAN,2017.0,4.0,99.0,L,22,"[None, None, None, None, 43]","[None, None, None, None, 61]","[None, None, None, None, 31]","[None, None, None, None, 'BUF']"
2020-2021,8478491,Jacob Larsson,ANA,D,8.8,46.2,10.1,,24.2,32.4,21.8,19.7,29.4,35.7,31.5,18.1,48.3,12.6,33.2,218,129,215,,136.0,162,187,192,169,132,164,196,124,209,160,238,91,178,Third Pair,46.0,799.9833333333333,1.0,6.0,7.0,1.5223697962332934,43.859649122807014,43.385658413270654,D,74.0,193.0,1997-04-29,SWE,2015.0,1.0,27.0,L,23,"[None, None, 32, 19, 7]","[None, None, 48, 47, 47]","[None, None, 39, 11, 10]","[None, None, 'ANA', 'ANA', 'ANA']"
2020-2021,8479439,Jacob MacDonald,COL,D,58.8,51.7,67.6,,49.4,9.7,34.9,95.8,90.3,43.3,60.1,77.7,93.3,89.5,3.8,99,116,78,,91.0,216,156,11,24,116,96,54,17,26,230,238,91,178,Third Pair,33.0,493.3666666666667,1.0,8.0,9.0,2.203740178470552,70.0,63.48105771404986,D,72.0,204.0,1993-02-26,USA,,,,L,27,"[None, None, None, None, 59]","[None, None, None, None, 57]","[None, None, None, None, 69]","[None, None, None, None, 'COL']"
2020-2021,8476885,Jacob Trouba,NYR,D,27.7,77.7,52.1,61.5,3.9,2.1,47.5,88.7,76.9,16.4,81.5,29.8,35.3,31.9,77.3,173,54,115,36.0,172.0,234,126,28,56,178,45,168,155,163,55,238,91,178,Second Pair,38.0,816.6666666666666,2.0,10.0,12.0,3.783118919185256,50.0,50.83041494049381,D,75.0,212.0,1994-02-26,USA,2012.0,1.0,9.0,R,26,"[81, 78, 12, 7, 73]","[85, 84, 83, 62, 82]","[56, 77, 66, 40, 58]","['WPG', 'WPG', 'WPG', 'NYR', 'NYR']"
2020-2021,8479402,Jake Bean,CAR,D,37.4,57.6,18.5,42.9,,4.2,2.9,78.2,71.0,81.5,18.9,81.5,49.2,59.2,2.9,150,102,195,53.0,,229,226,53,70,38,194,45,122,98,232,238,91,178,Third Pair,42.0,610.5833333333334,1.0,11.0,12.0,2.994387635158528,53.125,50.795577443101934,D,73.0,191.0,1998-06-09,CAN,2016.0,1.0,13.0,L,22,"[None, None, None, None, 37]","[None, None, None, None, 65]","[None, None, None, None, 16]","[None, None, None, None, 'CAR']"
2020-2021,8474581,Jake Gardiner,CAR,D,72.7,82.8,34.0,81.3,,39.9,13.0,20.6,53.4,41.6,43.3,84.9,40.8,80.7,37.4,66,42,158,18.0,,144,208,190,112,118,136,37,142,47,150,238,91,178,Third Pair,26.0,417.23333333333335,0.0,8.0,8.0,0.907357522260963,54.166666666666664,52.62820814948817,D,74.0,203.0,1990-07-04,USA,2008.0,1.0,17.0,L,30,"[91, 87, 76, 65, 77]","[97, 81, 89, 86, 75]","[64, 71, 58, 26, 39]","['TOR', 'TOR', 'TOR', 'CAR', 'CAR']"
2020-2021,8476931,Jake McCabe,BUF,D,65.1,14.3,84.9,,57.3,55.0,66.0,49.2,19.3,55.5,61.3,7.1,29.8,13.0,80.3,84,205,37,,77.0,108,82,122,193,90,93,222,168,208,48,238,91,178,Second Pair,13.0,249.36666666666667,1.0,2.0,3.0,0.738946739208351,55.55555555555556,61.99466977720953,D,73.0,210.0,1993-10-12,USA,2012.0,2.0,44.0,L,26,"[17, 28, 44, 61, 71]","[13, 14, 28, 4, 35]","[35, 67, 72, 97, 69]","['BUF', 'BUF', 'BUF', 'BUF', 'BUF']"
2020-2021,8474162,Jake Muzzin,TOR,D,95.4,94.5,89.9,,98.3,85.7,66.8,63.4,93.7,27.7,82.8,18.9,72.3,74.8,45.4,12,14,25,,4.0,35,80,88,16,151,42,194,67,61,131,238,91,178,Second Pair,53.0,1143.85,4.0,23.0,27.0,4.019869293351492,60.0,56.589305771157214,D,75.0,227.0,1989-02-21,CAN,2007.0,5.0,141.0,L,31,"[89, 80, 97, 91, 93]","[91, 96, 96, 90, 94]","[85, 65, 86, 77, 93]","['LAK', 'LAK', 'TOR', 'TOR', 'TOR']"
2020-2021,8478013,Jake Walman,STL,D,64.7,50.8,34.9,,34.3,18.5,59.7,99.2,13.0,97.9,52.1,96.6,1.3,35.3,75.6,85,118,156,,118.0,195,97,3,208,6,115,9,236,155,59,238,91,178,Third Pair,24.0,347.1,1.0,1.0,2.0,2.0982607297157396,31.818181818181817,47.562159829944974,D,73.0,218.0,1996-02-20,CAN,2014.0,3.0,82.0,L,24,"[None, None, None, None, 67]","[None, None, None, None, 57]","[None, None, None, None, 37]","[None, None, None, None, 'STL']"
2020-2021,8479345,Jakob Chychrun,ARI,D,83.6,73.5,65.1,40.7,86.5,100.0,99.2,94.1,69.3,32.8,35.7,79.8,61.3,24.8,86.1,40,64,84,55.0,25.0,1,3,15,74,139,154,49,93,180,34,238,91,178,First Pair,56.0,1309.7333333333331,18.0,23.0,41.0,9.898177056881902,51.64835164835166,49.77042297860253,D,74.0,215.0,1998-03-31,USA,2016.0,1.0,16.0,L,22,"[12, 21, 59, 78, 87]","[27, 49, 50, 53, 83]","[23, 22, 45, 72, 63]","['ARI', 'ARI', 'ARI', 'ARI', 'ARI']"
2020-2021,8478415,Jakub Zboril,BOS,D,15.1,7.6,39.1,,,24.4,2.9,2.1,72.7,49.8,78.2,90.3,41.6,63.4,8.0,203,221,146,,,181,226,234,66,103,53,24,140,88,220,238,91,178,Third Pair,42.0,716.2166666666667,0.0,9.0,9.0,1.0916847294726493,51.28205128205128,47.04188903826571,D,73.0,199.0,1997-02-21,CZE,2015.0,1.0,13.0,L,23,"[None, None, None, None, 17]","[None, None, None, None, 7]","[None, None, None, None, 43]","[None, None, None, None, 'BOS']"
2020-2021,8478970,Jalen Chatfield,VAN,D,46.2,43.3,36.6,,,48.3,2.9,1.3,28.2,70.4,38.7,0.8,0.8,8.0,56.3,129,136,152,,,124,226,236,172,57,147,237,237,220,105,238,91,178,Third Pair,18.0,241.86666666666667,0.0,1.0,1.0,0.3147445326883177,30.434782608695656,40.32665254299771,D,73.0,209.0,1996-05-15,USA,,,,R,24,"[None, None, None, None, 45]","[None, None, None, None, 46]","[None, None, None, None, 40]","[None, None, None, None, 'VAN']"
2020-2021,8482142,Jamie Drysdale,ANA,D,28.2,26.5,14.3,58.2,41.6,74.4,87.8,3.8,2.1,81.5,0.8,58.4,10.9,5.0,23.1,172,176,205,39.0,105.0,62,30,230,234,38,237,100,213,227,184,238,91,178,Second Pair,24.0,469.98333333333335,3.0,5.0,8.0,1.2640512082081312,33.33333333333333,37.02476570682536,D,71.0,185.0,2002-04-08,CAN,2020.0,1.0,6.0,R,18,"[None, None, None, None, 29]","[None, None, None, None, 27]","[None, None, None, None, 13]","[None, None, None, None, 'ANA']"
2020-2021,8476467,Jamie Oleksiak,DAL,D,73.1,53.8,90.3,,72.5,82.8,82.8,79.0,26.5,24.8,86.6,50.0,29.0,81.9,25.2,65,111,24,,50.0,42,42,51,176,158,33,120,170,44,179,238,91,178,Second Pair,56.0,1146.7333333333331,6.0,8.0,14.0,4.766253222017298,48.4375,53.810020954516446,D,79.0,252.0,1992-12-21,CAN,2011.0,1.0,14.0,L,27,"[48, 19, 34, 71, 81]","[45, 68, 37, 64, 45]","[45, 35, 59, 94, 91]","['DAL', 'PIT', 'DAL', 'DAL', 'DAL']"
2020-2021,8480172,Jan Rutta,TBL,D,31.9,62.6,28.2,,18.0,12.6,16.4,71.8,75.6,39.9,37.8,78.2,96.2,92.9,72.3,163,90,172,,147.0,209,200,68,59,122,149,53,10,18,67,238,91,178,Third Pair,35.0,561.1333333333333,0.0,8.0,8.0,1.852164434234731,58.333333333333336,48.0291553292377,D,75.0,204.0,1990-07-29,CZE,,,,R,30,"[None, 33, 44, 41, 26]","[None, 57, 54, 68, 64]","[None, 19, 44, 34, 21]","[None, 'CHI', 'TBL', 'TBL', 'TBL']"
2020-2021,8475825,Jani Hakanpää,CAR,D,9.7,8.0,76.1,,18.5,29.4,35.7,46.2,0.8,9.9,99.2,60.5,70.2,24.4,16.0,216,220,58,,146.0,169,154,129,237,193,3,95,72,181,201,238,91,178,Second Pair,57.0,1027.2,2.0,2.0,4.0,2.5720400845566203,50.74626865671642,46.770501850900224,D,79.0,225.0,1992-03-31,FIN,2010.0,4.0,104.0,R,28,"[None, None, None, None, 12]","[None, None, None, None, 8]","[None, None, None, None, 77]","[None, None, None, None, 'CAR']"
2020-2021,8474716,Jared Spurgeon,MIN,D,99.6,89.5,98.3,87.9,70.2,97.9,94.1,87.4,35.7,77.3,25.2,65.5,68.1,75.2,60.1,2,26,5,12.0,54.0,6,15,31,154,42,179,83,77,60,96,238,91,178,First Pair,54.0,1192.7666666666669,7.0,18.0,25.0,6.472564549922534,50.68493150684932,53.92788041443096,D,69.0,166.0,1989-11-29,CAN,2008.0,6.0,156.0,R,30,"[99, 97, 99, 97, 97]","[92, 88, 71, 88, 87]","[96, 94, 98, 98, 97]","['MIN', 'MIN', 'MIN', 'MIN', 'MIN']"
2020-2021,8475797,Jarred Tinordi,BOS,D,36.1,16.4,26.5,,28.7,46.6,13.4,8.8,24.4,91.6,98.7,45.0,11.8,54.6,39.9,153,200,176,,128.0,128,207,218,181,20,4,132,211,109,144,238,91,178,Third Pair,21.0,359.09999999999997,0.0,1.0,1.0,0.617308115181462,32.0,44.89205363329703,D,78.0,229.0,1992-02-20,USA,2010.0,1.0,22.0,L,28,"[None, None, None, 23, 57]","[None, None, None, 21, 16]","[None, None, None, 25, 33]","[None, None, None, 'NSH', 'BOS']"
2020-2021,8474218,Jason Demers,ARI,D,54.2,56.3,71.4,,73.0,6.7,8.4,32.4,29.0,29.4,58.0,17.6,70.6,20.6,93.7,110,105,69,,49.0,223,219,162,170,147,101,197,71,190,16,238,91,178,Third Pair,41.0,706.7666666666667,0.0,4.0,4.0,1.8931180280119877,48.78048780487805,44.81609050124409,D,73.0,195.0,1988-06-09,CAN,2008.0,7.0,186.0,R,32,"[78, 83, 71, 83, 18]","[46, 74, 36, 63, 61]","[88, 95, 69, 87, 56]","['FLA', 'ARI', 'ARI', 'ARI', 'ARI']"
2020-2021,8473507,Jeff Petry,MTL,D,97.1,98.7,94.1,2.2,46.6,94.1,84.9,75.6,77.3,58.8,71.0,71.4,17.2,77.3,59.7,8,4,15,90.0,96.0,15,37,59,55,82,70,69,198,55,97,238,91,178,First Pair,55.0,1250.5666666666666,12.0,30.0,42.0,6.874593651547256,51.94805194805194,54.76878697283068,D,75.0,208.0,1987-12-09,USA,2006.0,2.0,45.0,R,32,"[87, 95, 90, 97, 97]","[93, 94, 97, 99, 97]","[82, 88, 84, 97, 92]","['MTL', 'MTL', 'MTL', 'MTL', 'MTL']"
2020-2021,8479602,Jeremy Davies,NSH,D,46.6,31.1,38.7,,,36.1,2.9,92.9,25.6,81.5,29.4,34.0,99.2,13.4,38.7,128,165,147,,,153,226,18,178,38,169,158,3,207,147,238,91,178,Third Pair,16.0,240.65,0.0,1.0,1.0,1.069138347273347,58.82352941176471,46.1994933891615,D,71.0,190.0,1996-12-04,CAN,2016.0,7.0,192.0,L,23,"[None, None, None, None, 46]","[None, None, None, None, 31]","[None, None, None, None, 42]","[None, None, None, None, 'NSH']"
2020-2021,8478468,Jeremy Lauzon,BOS,D,32.4,30.3,51.7,,79.8,47.1,44.1,50.8,27.7,31.9,81.9,49.6,53.4,91.2,10.5,162,167,116,,37.0,127,134,118,173,141,44,121,112,22,214,238,91,178,Second Pair,41.0,767.1333333333333,1.0,7.0,8.0,1.4525184138036815,50.0,50.84222927285441,D,75.0,225.0,1997-04-28,CAN,2015.0,2.0,52.0,L,23,"[None, None, None, 28, 38]","[None, None, None, 40, 24]","[None, None, None, 47, 54]","[None, None, None, 'BOS', 'BOS']"
2020-2021,8476441,Joel Edmundson,MTL,D,6.3,12.6,20.2,,52.8,55.5,62.2,66.4,33.2,25.2,67.2,35.7,80.7,97.5,65.5,224,209,191,,85.0,107,91,81,160,157,79,154,47,7,83,238,91,178,Second Pair,55.0,1102.6,3.0,10.0,13.0,3.382317453241757,62.5,54.311988856588535,D,77.0,220.0,1993-06-28,CAN,2011.0,2.0,46.0,L,27,"[5, 24, 4, 8, 23]","[12, 43, 18, 24, 10]","[13, 8, 58, 3, 52]","['STL', 'STL', 'STL', 'CAR', 'MTL']"
2020-2021,8477810,Joel Hanley,DAL,D,77.7,48.7,73.1,,,26.5,2.9,30.3,79.4,96.6,74.4,44.1,30.3,46.2,0.8,54,123,65,,,176,226,167,50,9,62,134,167,129,237,238,91,178,Third Pair,35.0,455.6166666666667,0.0,8.0,8.0,1.0318003561401363,56.25,59.0860275250981,D,71.0,186.0,1991-06-08,CAN,,,,L,29,"[None, None, None, None, 80]","[None, None, None, None, 54]","[None, None, None, None, 74]","[None, None, None, None, 'DAL']"
2020-2021,8474590,John Carlson,WSH,D,89.9,97.5,6.3,89.0,67.4,99.6,97.5,90.3,98.7,57.1,13.9,80.7,75.2,72.7,90.3,25,7,224,11.0,59.0,2,7,24,4,86,206,47,60,66,24,238,91,178,First Pair,52.0,1236.6666666666667,10.0,34.0,44.0,8.577479806732402,53.48837209302325,52.12039518056192,D,75.0,220.0,1990-01-10,USA,2008.0,1.0,27.0,R,30,"[88, 54, 88, 91, 87]","[92, 95, 99, 97, 95]","[17, 11, 3, 6, 8]","['WSH', 'WSH', 'WSH', 'WSH', 'WSH']"
2020-2021,8475906,John Klingberg,DAL,D,92.0,93.3,29.8,93.4,,74.8,67.2,64.7,61.3,95.4,31.9,89.1,31.1,62.6,69.3,20,17,168,7.0,,61,79,85,93,12,163,27,165,90,74,238,91,178,First Pair,53.0,1202.8833333333334,7.0,29.0,36.0,6.06451849868112,48.0,51.21358961239304,D,74.0,185.0,1992-08-14,SWE,2010.0,5.0,131.0,R,28,"[76, 95, 96, 82, 92]","[86, 98, 92, 95, 88]","[12, 18, 57, 18, 40]","['DAL', 'DAL', 'DAL', 'DAL', 'DAL']"
2020-2021,8478507,John Marino,PIT,D,77.3,17.2,86.6,22.0,77.5,81.5,59.2,21.8,50.8,81.5,50.4,55.9,69.7,65.5,70.6,55,198,33,72.0,41.0,45,98,187,118,38,119,106,73,83,71,238,91,178,Second Pair,52.0,1078.15,3.0,10.0,13.0,2.515954541034231,49.25373134328358,48.18501368116356,D,73.0,200.0,1997-05-21,USA,2015.0,6.0,154.0,R,23,"[None, None, None, 79, 74]","[None, None, None, 23, 16]","[None, None, None, 86, 84]","[None, None, None, 'PIT', 'PIT']"
2020-2021,8475750,Jon Merrill,MTL,D,63.0,17.6,92.9,,35.4,26.9,15.1,10.1,26.1,19.7,52.9,56.3,23.1,71.8,36.1,89,197,18,,116.0,175,203,215,177,170,113,105,184,68,153,238,91,178,Second Pair,49.0,894.5666666666667,0.0,5.0,5.0,1.572548565005561,40.67796610169492,47.60916591110414,D,75.0,204.0,1992-02-03,USA,2010.0,2.0,38.0,L,28,"[22, 24, 40, 47, 74]","[10, 19, 65, 40, 8]","[64, 53, 83, 91, 95]","['NJD', 'VGK', 'VGK', 'VGK', 'MTL']"
2020-2021,8476463,Jonas Brodin,MIN,D,89.5,0.8,100.0,27.5,94.4,43.7,42.0,29.8,84.5,38.7,16.0,18.5,56.3,59.7,74.4,26,237,1,67.0,11.0,135,139,168,38,125,201,195,105,97,62,238,91,178,First Pair,53.0,1189.0166666666669,9.0,14.0,23.0,4.881013688927019,48.19277108433735,51.19680907857265,D,74.0,196.0,1993-07-12,SWE,2011.0,1.0,10.0,L,27,"[80, 81, 86, 92, 85]","[7, 5, 2, 3, 0]","[97, 97, 99, 100, 99]","['MIN', 'MIN', 'MIN', 'MIN', 'MIN']"
2020-2021,8478399,Jonas Siegenthaler,NJD,D,65.5,52.5,69.3,,51.7,57.6,11.3,4.2,14.3,53.4,62.6,21.8,2.5,42.0,21.8,83,114,74,,87.0,102,212,229,205,95,90,187,233,139,187,238,91,178,Third Pair,15.0,234.25,0.0,0.0,0.0,0.3056510926719097,22.22222222222222,50.47712423234949,D,74.0,218.0,1997-05-06,CHE,2015.0,2.0,57.0,L,23,"[None, None, 55, 74, 61]","[None, None, 47, 58, 50]","[None, None, 60, 82, 62]","[None, None, 'WSH', 'WSH', 'NJD']"
2020-2021,8477851,Jordan Oesterle,ARI,D,16.4,23.1,15.5,52.7,21.9,42.9,21.0,37.0,43.7,58.0,55.9,58.0,38.2,28.6,50.4,200,184,202,44.0,140.0,137,189,151,135,84,106,101,148,171,119,238,91,178,Third Pair,43.0,769.75,1.0,10.0,11.0,2.6127156807576837,46.2962962962963,47.19677768880553,D,72.0,181.0,1992-06-25,USA,,,,L,28,"[None, 66, 39, 40, 8]","[None, 46, 9, 48, 20]","[None, 50, 50, 15, 14]","[None, 'CHI', 'ARI', 'ARI', 'ARI']"
2020-2021,8474818,Jordie Benn,WPG,D,61.3,44.1,60.5,,80.3,40.8,29.0,42.0,88.7,55.0,26.1,31.5,84.9,28.2,35.3,93,134,95,,36.0,142,170,139,28,91,177,164,37,172,155,238,91,178,Third Pair,39.0,575.45,1.0,9.0,10.0,1.7116588019683512,56.86274509803921,46.598809021544355,D,74.0,201.0,1987-07-26,CAN,,,,L,33,"[59, 44, 60, 66, 52]","[78, 21, 51, 28, 55]","[56, 81, 91, 48, 47]","['MTL', 'MTL', 'MTL', 'VAN', 'WPG']"
2020-2021,8476312,Josh Manson,ANA,D,33.6,59.2,47.9,,64.0,17.6,9.7,28.2,87.8,26.5,86.1,16.0,55.0,23.9,100.0,159,98,125,,65.0,197,216,172,30,154,34,201,108,182,1,238,91,178,Third Pair,23.0,413.5833333333333,1.0,6.0,7.0,0.7639550959778137,46.875,37.44399074386514,D,75.0,218.0,1991-10-07,USA,2011.0,6.0,160.0,R,28,"[59, 71, 12, 70, 24]","[83, 85, 44, 72, 42]","[86, 82, 62, 54, 35]","['ANA', 'ANA', 'ANA', 'ANA', 'ANA']"
2020-2021,8477504,Josh Morrissey,WPG,D,3.4,15.5,8.0,9.9,10.7,15.1,37.8,54.2,28.6,18.5,9.7,66.4,69.3,22.3,97.5,231,202,220,83.0,160.0,203,149,110,171,173,216,81,74,186,7,238,91,178,First Pair,56.0,1318.7166666666667,4.0,17.0,21.0,5.454905223835155,50.0,42.93484165132288,D,72.0,195.0,1995-03-28,CAN,2013.0,1.0,13.0,L,25,"[62, 64, 63, 11, 0]","[41, 52, 65, 46, 6]","[70, 87, 60, 20, 2]","['WPG', 'WPG', 'WPG', 'WPG', 'WPG']"
2020-2021,8477384,Joshua Brown,OTT,D,37.0,11.8,64.3,,34.8,52.1,17.2,5.5,7.1,47.9,95.0,19.3,22.7,17.6,12.2,151,211,86,,117.0,115,198,226,222,107,13,193,185,197,210,238,91,178,Third Pair,26.0,367.6666666666667,0.0,1.0,1.0,0.3061731284501406,35.0,45.249905156838025,D,77.0,220.0,1994-01-21,CAN,2013.0,6.0,152.0,R,26,"[None, None, 52, 40, 31]","[None, None, 41, 6, 13]","[None, None, 61, 66, 62]","[None, None, 'FLA', 'FLA', 'OTT']"
2020-2021,8479372,Joshua Mahura,ANA,D,41.2,31.5,30.3,,,62.2,86.1,18.1,97.1,81.5,58.8,93.7,95.8,26.5,10.1,141,164,167,,,91,34,196,8,38,99,16,11,176,215,238,91,178,Third Pair,13.0,206.66666666666669,1.0,3.0,4.0,0.420564019870258,52.94117647058824,43.35814092156641,D,72.0,193.0,1998-05-05,CAN,2016.0,3.0,85.0,L,22,"[None, None, None, None, 42]","[None, None, None, None, 31]","[None, None, None, None, 30]","[None, None, None, None, 'ANA']"
2020-2021,8474027,Justin Braun,PHI,D,14.7,1.3,88.7,,21.3,23.5,22.3,20.2,39.9,23.1,57.6,11.8,27.7,68.5,49.6,204,236,28,,141.0,183,186,191,144,162,102,211,173,76,121,238,91,178,Second Pair,53.0,982.0666666666668,1.0,5.0,6.0,2.0155389009344225,47.76119402985074,49.945924833493166,D,74.0,205.0,1987-02-10,USA,2007.0,7.0,201.0,R,33,"[44, 4, 10, 16, 29]","[3, 2, 0, 2, 2]","[96, 58, 93, 80, 89]","['SJS', 'SJS', 'SJS', 'PHI', 'PHI']"
2020-2021,8475753,Justin Faulk,STL,D,12.2,88.2,8.8,82.4,20.2,31.5,73.9,81.9,34.0,3.8,49.6,46.2,63.4,67.2,76.9,210,29,218,17.0,143.0,164,63,44,158,207,121,129,88,79,56,238,91,178,First Pair,56.0,1358.5333333333333,7.0,18.0,25.0,6.20119010817332,55.68181818181818,46.86747518398404,D,72.0,208.0,1992-03-20,USA,2010.0,2.0,37.0,R,28,"[79, 54, 18, 46, 5]","[96, 92, 86, 95, 73]","[2, 11, 8, 17, 9]","['CAR', 'CAR', 'CAR', 'STL', 'STL']"
2020-2021,8475718,Justin Holl,TOR,D,39.9,63.4,66.4,,74.7,1.3,8.8,52.5,85.3,20.6,66.8,17.2,62.2,97.1,22.3,144,88,81,,46.0,236,218,114,36,168,80,198,91,8,186,238,91,178,Second Pair,55.0,1158.4666666666667,2.0,18.0,20.0,2.5116409426492923,53.93258426966292,53.8153863208734,D,76.0,194.0,1992-01-30,USA,2010.0,2.0,54.0,R,28,"[None, None, None, 29, 54]","[None, None, None, 75, 31]","[None, None, None, 67, 65]","[None, None, None, 'TOR', 'TOR']"
2020-2021,8474602,Justin Schultz,WSH,D,14.3,29.0,12.6,18.7,,31.1,55.5,67.6,95.4,67.2,26.9,80.3,91.2,73.1,46.6,205,170,209,75.0,,165,107,78,12,63,175,48,22,65,128,238,91,178,Second Pair,46.0,874.7333333333333,3.0,24.0,27.0,3.6221187466315743,60.56338028169014,49.64404119545539,D,74.0,190.0,1990-07-06,CAN,2008.0,2.0,43.0,R,30,"[52, 22, 29, 17, 17]","[86, 60, 42, 38, 21]","[6, 7, 17, 15, 12]","['PIT', 'PIT', 'PIT', 'PIT', 'WSH']"
2020-2021,8479976,Juuso Välimäki,CGY,D,21.0,57.1,40.8,,32.6,38.7,55.0,65.5,60.9,13.4,35.3,99.6,20.6,63.0,6.3,189,103,142,,121.0,147,108,83,94,185,155,2,190,89,224,238,91,178,Third Pair,49.0,756.15,2.0,9.0,11.0,2.8037255487723836,47.540983606557376,53.80404784655961,D,74.0,201.0,1998-10-06,FIN,2017.0,1.0,16.0,L,21,"[None, None, 37, None, 18]","[None, None, 39, None, 67]","[None, None, 35, None, 43]","[None, None, 'CGY', None, 'CGY']"
2020-2021,8480817,K'Andre Miller,NYR,D,11.8,35.7,19.3,33.0,33.1,96.2,89.1,15.1,3.8,20.2,43.7,26.5,88.2,34.5,18.1,211,154,193,62.0,120.0,10,27,203,230,169,135,176,29,157,196,238,91,178,Second Pair,53.0,1118.8166666666666,5.0,7.0,12.0,2.909757372906526,55.12820512820513,46.58539438483354,D,77.0,210.0,2000-01-21,USA,2018.0,1.0,22.0,L,20,"[None, None, None, None, 14]","[None, None, None, None, 37]","[None, None, None, None, 17]","[None, None, None, None, 'NYR']"
2020-2021,8479348,Kale Clague,LAK,D,50.4,45.4,33.2,56.0,37.1,40.3,2.9,23.5,97.5,81.5,9.2,71.8,6.3,3.4,16.8,119,131,160,41.0,113.0,143,226,183,7,38,217,68,224,231,199,238,91,178,Third Pair,18.0,309.7,0.0,6.0,6.0,0.6985707198161465,44.827586206896555,44.47526354676764,D,72.0,190.0,1998-06-05,CAN,2016.0,2.0,51.0,L,22,"[None, None, None, None, 50]","[None, None, None, None, 50]","[None, None, None, None, 34]","[None, None, None, None, 'LAK']"
2020-2021,8471735,Keith Yandle,FLA,D,16.8,85.7,1.3,97.8,,14.7,40.3,31.9,81.1,16.0,0.4,98.7,39.5,76.1,28.6,199,35,236,3.0,,204,143,163,46,179,238,4,145,58,171,238,91,178,Third Pair,56.0,965.5333333333332,3.0,24.0,27.0,4.26165865695841,48.333333333333336,55.36191470597211,D,73.0,192.0,1986-09-09,USA,2005.0,4.0,105.0,L,33,"[19, 22, 15, 29, 16]","[77, 88, 93, 77, 84]","[0, 0, 0, 0, 3]","['FLA', 'FLA', 'FLA', 'FLA', 'FLA']"
2020-2021,8476191,Kevan Miller,BOS,D,50.8,10.5,63.9,,86.0,49.2,27.7,7.6,5.0,58.4,94.1,51.7,16.8,68.9,6.7,118,214,87,,26.0,122,173,221,227,83,15,116,199,75,223,238,91,178,Second Pair,28.0,533.8166666666667,1.0,3.0,4.0,1.1727923547808632,42.30769230769231,51.37928572742008,D,74.0,210.0,1987-11-15,USA,,,,R,32,"[61, 79, 52, None, 50]","[22, 36, 32, None, 11]","[72, 93, 72, None, 64]","['BOS', 'BOS', 'BOS', None, 'BOS']"
2020-2021,8474031,Kevin Shattenkirk,ANA,D,74.8,66.8,88.2,73.6,,45.4,47.9,57.6,74.8,17.6,32.8,85.7,54.2,54.2,76.1,61,80,29,25.0,,131,125,102,61,175,161,35,110,110,58,238,91,178,Second Pair,55.0,1166.3,2.0,13.0,15.0,4.80541574022583,44.927536231884055,49.0983463189667,D,72.0,203.0,1989-01-29,USA,2007.0,1.0,14.0,R,31,"[74, 14, 72, 73, 78]","[79, 30, 76, 55, 73]","[90, 36, 80, 94, 85]","['WSH', 'NYR', 'NYR', 'TBL', 'ANA']"
2020-2021,8471724,Kris Letang,PIT,D,86.1,92.0,46.2,78.0,87.1,95.8,89.5,87.8,94.1,22.7,53.4,63.0,83.2,82.8,98.7,34,20,129,21.0,24.0,11,26,30,15,163,112,89,41,42,4,238,91,178,First Pair,55.0,1355.6666666666667,7.0,38.0,45.0,5.772670389285994,57.95454545454546,47.7930250944373,D,72.0,199.0,1987-04-24,CAN,2005.0,3.0,62.0,R,33,"[66, 83, 93, 92, 63]","[87, 96, 94, 97, 81]","[54, 90, 74, 60, 22]","['PIT', 'PIT', 'PIT', 'PIT', 'PIT']"
2020-2021,8471729,Kris Russell,EDM,D,45.8,3.4,83.6,,54.5,14.3,7.6,38.2,76.5,60.9,56.3,10.1,68.5,38.2,61.3,130,231,40,,82.0,205,221,148,57,78,105,215,76,148,93,238,91,178,Second Pair,35.0,643.7166666666667,0.0,9.0,9.0,2.012249899484644,48.48484848484848,45.8812600004455,D,70.0,170.0,1987-05-02,CAN,2005.0,3.0,67.0,L,33,"[32, 79, 57, 37, 47]","[4, 24, 5, 6, 4]","[71, 57, 90, 69, 84]","['EDM', 'EDM', 'EDM', 'EDM', 'EDM']"
2020-2021,8477073,Kurtis MacDermid,LAK,D,5.9,30.7,7.1,,53.4,81.1,93.3,21.4,7.6,27.3,87.8,63.4,3.4,39.5,38.2,225,166,222,,84.0,46,17,188,221,152,30,88,231,145,148,238,91,178,Third Pair,28.0,373.93333333333334,2.0,2.0,4.0,1.0288454546910537,33.33333333333333,37.367467951323505,L,77.0,233.0,1994-03-25,CAN,,,,L,26,"[None, 17, None, 10, 10]","[None, 34, None, 37, 26]","[None, 29, None, 10, 8]","[None, 'LAK', None, 'LAK', 'LAK']"
2020-2021,8479333,Libor Hajek,NYR,D,6.7,8.4,10.5,,,54.2,27.3,18.5,22.3,64.3,48.3,30.3,95.0,34.0,53.8,223,219,214,,,110,174,195,186,70,124,167,13,158,111,238,91,178,Third Pair,44.0,671.9333333333333,2.0,2.0,4.0,1.6257330761384163,52.27272727272727,40.952942597901135,D,74.0,209.0,1998-02-04,CZE,2016.0,2.0,37.0,L,22,"[None, None, None, 22, 5]","[None, None, None, 21, 5]","[None, None, None, 22, 5]","[None, None, None, 'NYR', 'NYR']"
2020-2021,8479378,Logan Stanley,WPG,D,39.5,43.7,54.6,,,10.9,31.9,84.9,1.3,43.3,76.1,55.0,98.7,39.1,7.1,145,135,109,,,213,163,37,236,116,58,108,4,146,222,238,91,178,Third Pair,37.0,489.23333333333335,1.0,3.0,4.0,1.9620764286666732,65.0,50.87262364135764,D,79.0,231.0,1998-05-26,CAN,2016.0,1.0,18.0,L,22,"[None, None, None, None, 41]","[None, None, None, None, 46]","[None, None, None, None, 56]","[None, None, None, None, 'WPG']"
2020-2021,8474568,Luke Schenn,TBL,D,18.1,15.1,32.4,,,56.7,76.1,81.5,12.2,39.5,100.0,65.1,14.3,77.7,15.5,196,203,162,,,104,58,45,210,123,1,84,205,54,202,238,91,178,Fringe,38.0,408.76666666666665,2.0,2.0,4.0,1.7979470836681677,51.72413793103448,57.46070506494198,D,74.0,225.0,1989-11-02,CAN,2008.0,1.0,5.0,R,30,"[2, 13, 27, 16, 24]","[14, 9, 18, 18, 17]","[3, 20, 24, 28, 42]","['ARI', 'ARI', 'VAN', 'TBL', 'TBL']"
2020-2021,8477346,MacKenzie Weegar,FLA,D,95.0,88.7,96.6,,65.2,93.3,94.5,90.8,86.1,52.1,75.6,28.6,60.5,73.9,63.4,13,28,9,,63.0,17,14,23,34,98,59,171,95,63,88,238,91,178,First Pair,54.0,1194.2666666666669,6.0,30.0,36.0,5.54223630915151,62.33766233766234,57.515915269776094,D,72.0,206.0,1994-01-07,CAN,2013.0,7.0,206.0,R,26,"[None, 73, 68, 87, 97]","[None, 71, 58, 78, 93]","[None, 67, 85, 88, 98]","[None, 'FLA', 'FLA', 'FLA', 'FLA']"
2020-2021,8471686,Marc Staal,DET,D,1.7,6.3,5.9,,1.1,73.9,54.2,22.3,24.8,31.1,36.1,13.0,52.1,30.7,72.7,235,224,225,,177.0,63,110,186,180,143,153,208,115,166,66,238,91,178,Second Pair,56.0,1030.9333333333334,3.0,7.0,10.0,2.6631722598882797,42.25352112676056,41.46860097201876,D,76.0,208.0,1987-01-13,CAN,2005.0,1.0,12.0,L,33,"[46, 14, 2, 3, 2]","[62, 43, 23, 10, 5]","[30, 3, 6, 5, 6]","['NYR', 'NYR', 'NYR', 'NYR', 'DET']"
2020-2021,8471709,Marc-Edouard Vlasic,SJS,D,78.6,58.8,85.7,,15.7,36.6,16.0,11.3,27.3,68.9,13.4,11.3,10.1,42.9,66.4,52,99,35,,151.0,152,201,212,174,59,207,212,215,137,81,238,91,178,Third Pair,51.0,893.0833333333334,1.0,5.0,6.0,1.617851038435732,40.35087719298245,49.90746160987584,D,73.0,205.0,1987-03-30,CAN,2005.0,2.0,35.0,L,33,"[95, 99, 81, 71, 82]","[62, 77, 72, 32, 70]","[98, 100, 82, 83, 85]","['SJS', 'SJS', 'SJS', 'SJS', 'SJS']"
2020-2021,8474618,Marco Scandella,STL,D,7.6,4.6,68.5,,6.7,89.1,76.9,44.1,8.0,14.7,37.4,37.0,93.7,56.7,83.2,221,228,76,,167.0,27,56,134,220,182,150,151,16,104,41,238,91,178,Second Pair,49.0,977.4666666666668,3.0,6.0,9.0,2.3823562553413584,54.83870967741935,43.23017741202421,D,75.0,212.0,1990-02-23,CAN,2008.0,2.0,55.0,L,30,"[68, 16, 9, 64, 3]","[23, 0, 2, 20, 3]","[74, 88, 46, 88, 50]","['MIN', 'BUF', 'BUF', 'STL', 'STL']"
2020-2021,8477969,Marcus Pettersson,PIT,D,68.5,64.3,85.3,,,34.9,35.3,25.2,57.6,26.1,84.9,73.9,81.5,58.4,45.0,76,86,36,,,156,155,179,102,155,37,63,45,100,132,238,91,178,Third Pair,47.0,774.8,2.0,7.0,9.0,1.7889814783881337,57.99999999999999,53.60152637099422,D,77.0,174.0,1996-05-08,SWE,2014.0,2.0,38.0,L,24,"[None, None, 75, 61, 71]","[None, None, 79, 59, 66]","[None, None, 81, 78, 87]","[None, None, 'PIT', 'PIT', 'PIT']"
2020-2021,8479983,Mario Ferraro,SJS,D,43.7,46.6,64.7,37.4,90.4,10.1,13.9,28.6,33.6,30.7,92.0,12.6,18.5,40.8,43.7,135,128,85,58.0,18.0,215,206,171,159,144,20,209,195,142,135,238,91,178,First Pair,56.0,1255.8333333333333,1.0,16.0,17.0,3.0008858269570213,47.77777777777778,50.14561289093826,D,71.0,200.0,1998-09-17,CAN,2017.0,2.0,49.0,L,21,"[None, None, None, 33, 51]","[None, None, None, 54, 42]","[None, None, None, 51, 71]","[None, None, None, 'SJS', 'SJS']"
2020-2021,8474697,Mark Borowiecki,NSH,D,11.3,14.7,55.9,,53.9,79.0,38.2,22.7,2.5,11.8,98.3,0.4,13.0,37.4,71.0,212,204,106,,83.0,51,148,185,233,189,5,238,208,150,70,238,91,178,Third Pair,22.0,300.8833333333333,0.0,1.0,1.0,0.5142797758011785,42.10526315789473,44.7537606103096,D,74.0,204.0,1989-07-12,CAN,2008.0,5.0,139.0,L,31,"[27, 60, 17, 23, 13]","[14, 53, 33, 12, 15]","[76, 65, 44, 51, 61]","['OTT', 'OTT', 'OTT', 'OTT', 'NSH']"
2020-2021,8470966,Mark Giordano,CGY,D,100.0,91.2,98.7,85.7,97.2,94.5,80.7,71.0,66.4,85.3,24.4,54.6,75.6,70.6,90.8,1,22,4,14.0,6.0,14,47,70,81,35,181,109,59,71,23,238,91,178,First Pair,56.0,1284.75,9.0,17.0,26.0,5.73978916241708,53.75,51.61037076234346,D,72.0,202.0,1983-10-03,CAN,,,,L,36,"[96, 100, 100, 97, 100]","[82, 99, 95, 87, 86]","[97, 99, 99, 99, 95]","['CGY', 'CGY', 'CGY', 'CGY', 'CGY']"
2020-2021,8475796,Mark Pysyk,DAL,D,48.7,53.4,70.2,,29.2,68.5,98.3,100.0,30.7,28.2,61.8,5.9,58.4,48.7,34.9,123,112,72,,127.0,76,5,1,166,150,92,225,100,123,156,238,91,178,Fringe,36.0,421.5833333333333,3.0,1.0,4.0,3.3490673611142125,57.14285714285714,62.205500397050805,D,73.0,205.0,1992-01-11,CAN,2010.0,1.0,23.0,R,28,"[85, 94, 25, 50, 53]","[48, 79, 35, 50, 64]","[89, 90, 85, 52, 72]","['FLA', 'FLA', 'FLA', 'FLA', 'DAL']"
2020-2021,8478906,Markus Nutivaara,FLA,D,57.6,55.0,57.6,,,29.8,26.1,76.1,45.8,53.8,55.5,62.6,36.6,63.9,23.5,102,108,102,,,168,177,58,130,94,107,90,152,87,183,238,91,178,Third Pair,30.0,479.26666666666665,0.0,10.0,10.0,2.121320292422804,50.0,53.48171908463646,D,73.0,187.0,1994-06-06,FIN,2015.0,7.0,189.0,L,26,"[56, 88, 85, 54, 41]","[67, 89, 62, 52, 58]","[21, 38, 58, 50, 60]","['CBJ', 'CBJ', 'CBJ', 'CBJ', 'FLA']"
2020-2021,8476856,Mathew Dumba,MIN,D,26.1,65.1,26.1,13.2,71.3,7.6,71.8,81.1,49.6,31.5,28.6,32.4,47.5,86.6,48.7,177,84,177,80.0,52.0,221,68,46,121,142,171,162,126,33,123,238,91,178,First Pair,51.0,1136.2666666666669,6.0,15.0,21.0,6.061405712606161,50.0,52.73773337710095,D,72.0,191.0,1994-07-25,CAN,2012.0,1.0,7.0,R,26,"[33, 21, 46, 26, 25]","[20, 4, 59, 51, 76]","[55, 36, 25, 29, 27]","['MIN', 'MIN', 'MIN', 'MIN', 'MIN']"
2020-2021,8476988,Matt Benning,NSH,D,66.8,25.2,71.0,,69.1,50.4,26.9,10.9,31.9,76.1,76.9,6.3,79.8,21.4,24.8,80,179,70,,56.0,119,175,213,163,45,56,224,49,188,180,238,91,178,Third Pair,53.0,865.4,1.0,3.0,4.0,1.0850459761485851,48.0,50.47056540734054,D,73.0,220.0,1994-05-25,CAN,2012.0,6.0,175.0,R,26,"[68, 61, 39, 54, 77]","[29, 61, 35, 28, 28]","[66, 28, 55, 53, 79]","['EDM', 'EDM', 'EDM', 'EDM', 'NSH']"
2020-2021,8476891,Matt Grzelcyk,BOS,D,67.6,75.6,91.6,36.3,,59.7,72.3,60.9,96.2,5.0,15.5,72.7,78.6,92.0,36.6,78,59,21,59.0,,97,67,94,10,204,202,66,52,20,152,238,91,178,Second Pair,37.0,730.5166666666667,5.0,15.0,20.0,2.8125470745913383,68.88888888888889,61.14919356509966,D,70.0,180.0,1994-01-05,USA,2012.0,3.0,85.0,L,26,"[None, 77, 24, 78, 69]","[None, 64, 58, 69, 78]","[None, 73, 78, 97, 90]","[None, 'BOS', 'BOS', 'BOS', 'BOS']"
2020-2021,8475625,Matt Irwin,BUF,D,29.0,24.8,39.5,,52.2,11.8,5.9,71.4,42.0,45.4,95.4,22.3,4.2,20.2,53.4,170,180,145,,86.0,211,225,69,139,113,12,186,229,191,112,238,91,178,Third Pair,24.0,390.01666666666665,0.0,2.0,2.0,1.006635583673145,33.33333333333333,40.6778169981705,D,74.0,200.0,1987-11-29,CAN,,,,L,32,"[80, 53, 49, 37, 23]","[23, 30, 24, 34, 25]","[84, 66, 69, 43, 29]","['NSH', 'NSH', 'NSH', 'ANA', 'BUF']"
2020-2021,8478911,Matt Roy,LAK,D,63.9,68.1,52.5,,30.9,21.4,49.2,50.0,13.4,65.5,72.3,57.1,50.0,18.9,56.7,87,77,114,,124.0,188,122,120,207,67,67,103,120,194,104,238,91,178,Second Pair,44.0,847.1833333333333,2.0,8.0,10.0,2.783415675553596,45.83333333333333,43.9110486995982,D,74.0,220.0,1995-03-01,USA,2015.0,7.0,194.0,R,25,"[None, None, 28, 85, 35]","[None, None, 38, 82, 44]","[None, None, 25, 89, 18]","[None, None, 'LAK', 'LAK', 'LAK']"
2020-2021,8476807,Matt Tennyson,NJD,D,40.8,26.1,31.9,,43.3,62.6,68.5,0.8,70.2,81.5,78.6,4.2,97.5,10.5,8.8,142,177,163,,102.0,90,76,237,72,38,52,229,7,214,218,238,91,178,Third Pair,21.0,304.6,1.0,2.0,3.0,0.3861679330463781,50.0,42.41569502376591,D,74.0,205.0,1990-04-23,USA,,,,R,30,"[34, None, None, None, 42]","[40, None, None, None, 27]","[19, None, None, None, 32]","['CAR', None, None, None, 'NJD']"
2020-2021,8475218,Mattias Ekholm,NSH,D,93.3,92.4,86.1,46.2,83.7,93.7,90.3,79.4,87.0,51.3,5.5,53.8,92.9,25.2,81.5,17,19,34,50.0,30.0,16,24,50,32,100,226,111,18,179,45,238,91,178,First Pair,48.0,1097.8166666666666,6.0,17.0,23.0,5.491284929691617,66.17647058823529,49.718873841488296,D,77.0,225.0,1990-05-24,SWE,2009.0,4.0,102.0,L,30,"[93, 98, 95, 95, 89]","[65, 90, 88, 88, 91]","[99, 98, 97, 83, 75]","['NSH', 'NSH', 'NSH', 'NSH', 'NSH']"
2020-2021,8480807,Mattias Samuelsson,BUF,D,37.8,38.2,42.0,,19.7,52.5,2.9,0.4,5.9,61.8,82.4,14.7,0.4,0.4,88.2,149,148,139,,144.0,114,226,238,225,76,43,204,238,238,29,238,91,178,Second Pair,12.0,216.36666666666667,0.0,2.0,2.0,0.1844173052240114,18.75,44.11821211827288,D,76.0,229.0,2000-03-14,USA,2018.0,2.0,32.0,L,20,"[None, None, None, None, 39]","[None, None, None, None, 39]","[None, None, None, None, 44]","[None, None, None, None, 'BUF']"
2020-2021,8474584,Michael Del Zotto,CBJ,D,27.3,69.3,5.5,,56.2,57.1,68.9,73.9,52.9,73.5,80.7,66.8,82.8,18.5,42.4,174,74,226,,79.0,103,75,63,113,51,47,80,42,195,138,238,91,178,Third Pair,53.0,947.9833333333332,4.0,9.0,13.0,3.551129837679621,52.702702702702695,46.37946182635676,D,72.0,195.0,1990-06-24,CAN,2008.0,1.0,20.0,L,30,"[57, 3, 25, 30, 29]","[67, 60, 56, 65, 73]","[18, 1, 16, 6, 4]","['PHI', 'VAN', 'STL', 'ANA', 'CBJ']"
2020-2021,8474628,Michael Stone,CGY,D,23.9,36.1,21.0,,25.3,73.5,92.9,69.7,46.2,47.5,67.6,76.1,44.5,70.2,29.0,182,153,189,,134.0,64,18,73,129,108,78,58,133,72,170,238,91,178,Third Pair,21.0,337.6666666666667,2.0,2.0,4.0,1.4767417975889152,51.85185185185185,55.82474492584364,D,75.0,210.0,1990-06-07,CAN,2008.0,3.0,69.0,R,30,"[7, 21, None, 13, 43]","[26, 65, None, 31, 43]","[7, 15, None, 18, 31]","['CGY', 'CGY', None, 'CGY', 'CGY']"
2020-2021,8476875,Mike Matheson,PIT,D,23.5,41.2,17.6,51.6,,97.5,95.4,79.8,68.1,33.6,29.0,24.8,50.4,60.9,81.1,183,141,197,45.0,,7,12,49,77,137,170,180,119,94,46,238,91,178,Second Pair,44.0,820.1,5.0,11.0,16.0,3.8530002406566695,53.42465753424658,49.60402006092814,D,74.0,196.0,1994-02-27,CAN,2012.0,1.0,23.0,L,26,"[15, 39, 16, 45, 16]","[24, 55, 47, 29, 51]","[17, 10, 13, 14, 26]","['FLA', 'FLA', 'FLA', 'FLA', 'PIT']"
2020-2021,8476422,Mike Reilly,BOS,D,60.9,81.1,41.2,49.5,37.6,1.7,6.3,58.4,72.3,39.1,40.3,49.2,23.5,45.0,40.8,94,46,141,47.0,112.0,235,224,100,67,124,143,122,183,132,142,238,91,178,Second Pair,55.0,1060.25,0.0,27.0,27.0,3.0661645571110308,51.68539325842697,53.99649767046814,D,74.0,191.0,1993-07-13,USA,2011.0,4.0,98.0,L,27,"[None, 9, 35, 46, 69]","[None, 17, 28, 72, 92]","[None, 17, 23, 20, 68]","[None, 'MTL', 'MTL', 'OTT', 'BOS']"
2020-2021,8479998,Mikey Anderson,LAK,D,7.1,9.2,56.7,,62.4,28.6,12.2,3.4,16.8,9.9,56.7,23.1,39.1,21.8,29.4,222,217,104,,68.0,171,210,231,199,193,104,184,146,187,169,238,91,178,Second Pair,54.0,1143.5166666666669,1.0,10.0,11.0,1.5912358011714294,47.69230769230769,46.0763057805617,D,72.0,195.0,1999-05-25,USA,2017.0,4.0,103.0,L,21,"[None, None, None, None, 9]","[None, None, None, None, 10]","[None, None, None, None, 60]","[None, None, None, None, 'LAK']"
2020-2021,8479410,Mikhail Sergachev,TBL,D,39.1,77.3,42.9,69.2,85.4,69.3,63.0,69.3,90.8,6.7,53.8,84.0,87.8,86.1,34.5,146,55,137,29.0,27.0,74,89,74,23,200,111,39,30,34,157,238,91,178,Second Pair,56.0,1230.3333333333333,4.0,26.0,30.0,6.847812318297152,56.75675675675676,52.45290813950477,D,75.0,212.0,1998-06-25,RUS,2016.0,1.0,9.0,L,22,"[None, 34, 75, 46, 26]","[None, 57, 74, 70, 79]","[None, 16, 57, 57, 26]","[None, 'TBL', 'TBL', 'TBL', 'TBL']"
2020-2021,8482247,Mikko Lehtonen,CBJ,D,31.1,47.5,24.4,,,16.8,2.9,86.6,92.0,55.9,73.1,60.9,61.8,9.7,13.4,165,126,181,,,199,226,33,20,89,65,94,92,216,207,238,91,178,Third Pair,26.0,412.9,0.0,6.0,6.0,1.8680012246394784,46.666666666666664,43.78498952856633,D,72.0,187.0,1994-01-16,FIN,,,,L,26,"[None, None, None, None, 32]","[None, None, None, None, 50]","[None, None, None, None, 23]","[None, None, None, None, 'CBJ']"
2020-2021,8480036,Miro Heiskanen,DAL,D,94.5,89.1,78.6,20.9,78.1,5.5,64.7,89.5,59.7,99.6,18.1,69.7,37.4,74.4,50.0,14,27,52,73.0,40.0,226,85,26,97,2,196,73,150,62,120,238,91,178,First Pair,55.0,1373.2166666666667,8.0,19.0,27.0,8.11336734941627,46.26865671641791,53.70008883627902,D,74.0,197.0,1999-07-18,FIN,2017.0,1.0,3.0,L,21,"[None, None, 89, 91, 96]","[None, None, 90, 77, 89]","[None, None, 63, 83, 76]","[None, None, 'DAL', 'DAL', 'DAL']"
2020-2021,8476853,Morgan Rielly,TOR,D,84.0,99.2,3.4,91.2,,78.6,65.1,77.3,83.6,33.2,36.6,79.4,86.1,90.8,64.7,39,3,231,9.0,,52,84,55,40,138,152,50,34,23,85,238,91,178,First Pair,55.0,1298.6833333333334,5.0,30.0,35.0,5.986850377453505,56.81818181818182,55.36408725160985,D,73.0,219.0,1994-03-09,CAN,2012.0,1.0,5.0,L,26,"[54, 84, 97, 34, 89]","[90, 97, 99, 94, 99]","[13, 5, 2, 11, 4]","['TOR', 'TOR', 'TOR', 'TOR', 'TOR']"
2020-2021,8477220,Nate Schmidt,VAN,D,73.9,87.0,27.3,30.8,32.0,89.9,81.9,64.3,60.5,61.3,1.7,8.8,51.3,83.2,97.9,63,32,174,64.0,122.0,25,44,86,95,77,235,218,117,41,6,238,91,178,Second Pair,54.0,1085.55,5.0,10.0,15.0,3.5780375560463855,45.94594594594595,46.12107309999027,D,72.0,197.0,1991-07-16,USA,,,,L,29,"[65, 77, 74, 54, 82]","[72, 78, 80, 76, 90]","[69, 62, 48, 25, 28]","['WSH', 'VGK', 'VGK', 'VGK', 'VAN']"
2020-2021,8476470,Nathan Beaulieu,WPG,D,13.9,18.1,23.5,,19.1,60.5,26.5,10.5,30.3,40.3,64.7,35.3,73.9,29.0,19.7,206,196,183,,145.0,95,176,214,167,121,85,155,63,170,192,238,91,178,Third Pair,25.0,418.18333333333334,0.0,1.0,1.0,0.5769386759107278,39.39393939393939,44.28769496252797,D,74.0,200.0,1992-12-05,CAN,2011.0,1.0,17.0,L,27,"[69, 42, 70, 21, 10]","[83, 32, 46, 25, 14]","[23, 23, 37, 27, 19]","['MTL', 'BUF', 'WPG', 'WPG', 'WPG']"
2020-2021,8480145,Neal Pionk,WPG,D,20.6,19.3,14.7,83.5,,3.8,21.4,52.9,78.2,90.3,80.3,58.8,53.8,18.1,98.3,190,193,204,16.0,,230,188,113,53,23,48,99,111,196,5,238,91,178,Second Pair,54.0,1186.5166666666669,3.0,29.0,32.0,3.9190915113395826,55.4054054054054,48.75976322328005,D,72.0,190.0,1995-07-29,USA,,,,R,25,"[None, 30, 6, 12, 60]","[None, 29, 12, 43, 19]","[None, 34, 14, 4, 37]","[None, 'NYR', 'NYR', 'WPG', 'WPG']"
2020-2021,8474207,Nick Holden,VGK,D,81.1,79.0,69.7,,,58.4,25.6,92.0,47.9,74.8,83.6,40.8,36.1,96.6,18.5,46,51,73,,,100,178,20,125,48,40,142,153,9,195,238,91,178,Third Pair,17.0,269.3333333333333,0.0,2.0,2.0,1.4578928223640983,57.89473684210527,55.433791769492856,D,76.0,210.0,1987-05-15,CAN,,,,L,33,"[24, 70, 68, 88, 68]","[64, 68, 81, 83, 69]","[15, 76, 41, 90, 53]","['NYR', 'BOS', 'VGK', 'VGK', 'VGK']"
2020-2021,8475324,Nick Jensen,WSH,D,91.2,45.0,93.3,,95.5,16.0,24.4,26.5,63.4,95.0,65.1,9.2,56.7,69.3,39.5,22,132,17,,9.0,201,181,176,88,13,84,217,104,74,145,238,91,178,Third Pair,53.0,917.2666666666668,2.0,12.0,14.0,1.849297986694024,51.72413793103448,52.87376631791679,D,72.0,202.0,1990-09-21,USA,2009.0,5.0,150.0,R,29,"[75, 62, 95, 86, 89]","[57, 46, 67, 57, 22]","[58, 86, 96, 91, 92]","['DET', 'DET', 'WSH', 'WSH', 'WSH']"
2020-2021,8475181,Nick Leddy,NYI,D,8.0,25.6,2.1,86.8,,2.9,11.8,42.4,85.7,66.4,20.6,42.4,60.9,66.0,63.9,220,178,234,13.0,,232,211,138,35,65,190,138,94,82,87,238,91,178,Second Pair,56.0,1209.05,2.0,29.0,31.0,4.117505371245273,50.0,50.06662722545461,D,72.0,205.0,1991-03-20,USA,2009.0,1.0,16.0,L,29,"[83, 27, 31, 3, 25]","[84, 44, 34, 29, 26]","[22, 7, 9, 3, 3]","['NYI', 'NYI', 'NYI', 'NYI', 'NYI']"
2020-2021,8480814,Nicolas Beaudin,CHI,D,31.5,22.3,26.9,48.4,,63.4,99.6,2.9,0.4,70.4,54.2,96.2,99.6,1.7,11.8,164,186,175,48.0,,88,2,232,238,57,110,10,2,235,211,238,91,178,Third Pair,19.0,261.8,2.0,4.0,6.0,0.4007503074244424,50.0,35.359878640276136,D,71.0,185.0,1999-10-07,CAN,2018.0,1.0,27.0,L,20,"[None, None, None, None, 32]","[None, None, None, None, 23]","[None, None, None, None, 26]","[None, None, None, None, 'CHI']"
2020-2021,8479980,Nicolas Hague,VGK,D,38.7,76.5,28.6,,56.7,76.1,70.6,76.5,84.9,23.9,93.7,97.5,59.7,98.3,7.6,147,57,171,,78.0,58,71,57,37,160,16,7,97,5,221,238,91,178,Third Pair,52.0,831.75,5.0,12.0,17.0,3.754954666879956,60.3448275862069,57.566388299540925,D,78.0,245.0,1998-12-05,CAN,2017.0,2.0,34.0,L,21,"[None, None, None, 25, 60]","[None, None, None, 48, 87]","[None, None, None, 31, 30]","[None, None, None, 'VGK', 'VGK']"
2020-2021,8476300,Nikita Nesterov,CGY,D,26.9,42.9,45.8,,38.2,12.2,2.9,29.0,31.1,34.0,33.2,98.3,5.9,43.3,2.5,175,137,130,,111.0,210,226,170,165,136,160,5,225,136,233,238,91,178,Third Pair,38.0,602.75,0.0,4.0,4.0,1.4234009421793874,39.130434782608695,52.67624872320413,D,71.0,191.0,1993-03-28,RUS,2011.0,5.0,148.0,L,27,"[41, None, None, None, 28]","[63, None, None, None, 45]","[11, None, None, None, 49]","['MTL', None, None, None, 'CGY']"
2020-2021,8477507,Nikita Zadorov,CHI,D,5.5,5.0,79.0,,22.5,65.5,50.0,53.8,15.1,2.9,95.8,15.5,82.4,45.8,67.2,226,227,51,,139.0,83,120,111,203,209,11,202,43,130,79,238,91,178,Second Pair,55.0,1056.2666666666669,1.0,7.0,8.0,2.2934028048096753,50.81967213114754,45.60142302734452,D,79.0,255.0,1995-04-16,RUS,2013.0,1.0,16.0,L,25,"[6, 4, 14, 5, 13]","[10, 26, 15, 16, 2]","[66, 74, 79, 71, 82]","['COL', 'COL', 'COL', 'COL', 'CHI']"
2020-2021,8479458,Nikita Zaitsev,OTT,D,4.2,37.8,9.7,,1.7,23.1,18.5,9.2,48.7,19.3,74.8,20.6,14.7,44.1,95.8,229,149,216,,176.0,184,195,217,123,171,61,190,204,134,11,238,91,178,First Pair,55.0,1250.7,4.0,13.0,17.0,3.033772193195799,38.82352941176471,47.08073741285949,D,74.0,192.0,1991-10-29,RUS,,,,R,28,"[53, 41, 14, 1, 6]","[89, 75, 60, 13, 53]","[21, 15, 16, 8, 13]","['TOR', 'TOR', 'TOR', 'OTT', 'OTT']"
2020-2021,8471769,Niklas Hjalmarsson,ARI,D,85.3,23.9,99.2,,13.5,31.9,10.5,2.5,26.9,30.3,10.1,6.7,3.8,12.2,93.3,36,182,3,,155.0,163,214,233,175,145,215,223,230,210,17,238,91,178,Third Pair,41.0,711.7833333333333,0.0,5.0,5.0,1.0092413018059876,34.48275862068966,52.4741347054138,D,75.0,197.0,1987-06-06,SWE,2005.0,4.0,108.0,L,33,"[95, 92, 98, 60, 83]","[17, 21, 19, 22, 38]","[99, 98, 100, 86, 99]","['CHI', 'ARI', 'ARI', 'ARI', 'ARI']"
2020-2021,8478859,Niko Mikkola,STL,D,55.5,19.7,49.2,,64.6,53.8,46.2,39.5,15.5,87.4,94.5,13.9,1.7,27.7,5.5,107,192,122,,64.0,111,129,145,202,30,14,206,235,173,226,238,91,178,Third Pair,30.0,435.5333333333333,1.0,2.0,3.0,1.0051727049707375,33.33333333333333,45.938479409681,D,78.0,204.0,1996-04-27,FIN,2015.0,5.0,127.0,L,24,"[None, None, None, None, 56]","[None, None, None, None, 21]","[None, None, None, None, 51]","[None, None, None, None, 'STL']"
2020-2021,8481812,Nikolai Knyzhov,SJS,D,13.0,48.3,22.3,,44.4,75.6,38.7,1.7,29.8,16.8,69.3,39.9,13.9,19.3,10.9,208,124,186,,100.0,59,147,235,168,177,74,144,206,193,213,238,91,178,Third Pair,56.0,937.4833333333332,2.0,8.0,10.0,1.3963007779944896,43.83561643835616,47.08566866745206,D,75.0,222.0,1998-03-20,RUS,,,,L,22,"[None, None, None, None, 15]","[None, None, None, None, 51]","[None, None, None, None, 20]","[None, None, None, None, 'SJS']"
2020-2021,8480865,Noah Dobson,NYI,D,44.5,39.9,39.9,29.7,,66.4,69.3,67.2,50.4,67.6,49.2,97.9,74.4,50.4,5.9,133,144,144,65.0,,81,74,79,119,62,122,6,62,119,225,238,91,178,Third Pair,46.0,754.1166666666667,3.0,11.0,14.0,2.9285531047866953,52.27272727272727,49.417626650882056,D,76.0,200.0,2000-01-07,CAN,2018.0,1.0,12.0,R,20,"[None, None, None, 40, 45]","[None, None, None, 49, 30]","[None, None, None, 47, 34]","[None, None, None, 'NYI', 'NYI']"
2020-2021,8478396,Noah Hanifin,CGY,D,71.0,92.9,12.2,65.9,,11.3,74.4,89.9,55.0,59.9,17.6,31.1,33.6,84.9,71.4,70,18,210,32.0,,212,62,25,108,80,197,165,159,37,69,238,91,178,Second Pair,47.0,940.5666666666668,4.0,11.0,15.0,4.735085302996638,50.0,55.00447095692797,D,75.0,206.0,1997-01-25,USA,2015.0,1.0,5.0,L,23,"[8, 75, 69, 63, 75]","[65, 87, 95, 93, 86]","[3, 18, 4, 4, 37]","['CAR', 'CAR', 'CGY', 'CGY', 'CGY']"
2020-2021,8475171,Oliver Ekman-Larsson,ARI,D,19.3,55.9,63.4,14.3,16.9,67.2,45.0,58.8,73.1,10.5,66.4,27.7,26.1,22.7,82.4,193,106,88,79.0,149.0,79,132,99,65,192,81,173,177,185,43,238,91,178,Second Pair,46.0,964.7833333333332,3.0,21.0,24.0,3.41687074278742,38.70967741935484,42.758166623657864,D,74.0,190.0,1991-07-17,SWE,2009.0,1.0,6.0,L,29,"[78, 97, 41, 59, 5]","[78, 83, 73, 74, 13]","[72, 90, 65, 66, 53]","['ARI', 'ARI', 'ARI', 'ARI', 'ARI']"
2020-2021,8479355,Olli Juolevi,VAN,D,61.8,38.7,44.1,,42.1,75.2,96.6,48.7,17.2,92.6,84.0,12.2,63.0,0.8,13.9,92,147,134,,104.0,60,9,123,198,18,39,210,89,237,206,238,91,178,Third Pair,23.0,303.81666666666666,2.0,1.0,3.0,0.7867961612284232,47.82608695652174,44.60891841400982,D,74.0,182.0,1998-05-05,FIN,2016.0,1.0,5.0,L,22,"[None, None, None, None, 63]","[None, None, None, None, 41]","[None, None, None, None, 46]","[None, None, None, None, 'VAN']"
2020-2021,8476874,Olli Maatta,LAK,D,52.5,18.5,56.3,,74.2,37.0,18.9,32.8,25.2,72.7,77.7,27.3,19.7,15.1,52.1,114,195,105,,47.0,151,194,161,179,53,54,174,192,203,115,238,91,178,Third Pair,41.0,673.9,0.0,4.0,4.0,1.7522967960547882,39.285714285714285,43.78374511011256,D,74.0,207.0,1994-08-22,FIN,2012.0,1.0,22.0,L,26,"[64, 58, 61, 31, 64]","[51, 19, 21, 30, 18]","[76, 80, 76, 55, 49]","['PIT', 'PIT', 'PIT', 'CHI', 'LAK']"
2020-2021,8474056,P.K. Subban,NJD,D,25.6,87.8,9.2,19.8,73.6,71.0,60.1,61.3,68.9,10.9,19.7,34.5,9.7,41.2,81.9,178,30,217,74.0,48.0,70,96,93,75,191,192,157,216,141,44,238,91,178,First Pair,44.0,983.7833333333332,5.0,14.0,19.0,4.583931199486981,40.298507462686565,49.1332837850457,D,72.0,210.0,1989-05-13,CAN,2007.0,2.0,43.0,R,31,"[96, 97, 67, 22, 22]","[93, 93, 86, 83, 84]","[79, 79, 17, 5, 15]","['NSH', 'NSH', 'NSH', 'NJD', 'NJD']"
2020-2021,8475747,Patrik Nemeth,COL,D,69.3,70.2,95.4,,9.0,27.7,41.2,18.9,18.5,9.2,70.2,7.6,49.6,11.8,70.2,74,72,12,,163.0,173,141,194,195,194,72,221,121,211,72,238,91,178,Second Pair,52.0,936.5666666666668,3.0,7.0,10.0,1.3232396615138435,53.70370370370371,51.86017063318429,D,76.0,230.0,1992-02-08,SWE,2010.0,2.0,41.0,L,28,"[43, 57, 73, 55, 78]","[38, 71, 76, 63, 71]","[52, 78, 83, 98, 91]","['DAL', 'COL', 'COL', 'DET', 'COL']"
2020-2021,8479026,Philippe Myers,PHI,D,18.9,13.4,48.7,,78.7,18.9,50.4,72.7,57.1,32.4,65.5,76.5,17.6,73.5,63.0,194,207,123,,39.0,194,119,66,103,140,83,57,197,64,89,238,91,178,Second Pair,44.0,830.4333333333334,1.0,10.0,11.0,2.849837928400773,40.78947368421053,48.31039710594215,D,77.0,221.0,1997-01-25,CAN,,,,R,23,"[None, None, 43, 19, 19]","[None, None, 25, 19, 12]","[None, None, 34, 64, 38]","[None, None, 'PHI', 'PHI', 'PHI']"
2020-2021,8480058,Pierre-Olivier Joseph,PIT,D,51.3,35.3,41.6,,,58.0,75.6,63.0,97.9,81.5,50.0,75.2,22.3,60.1,83.6,117,155,140,,,101,59,89,6,38,120,60,186,96,40,238,91,178,Third Pair,16.0,268.6166666666667,1.0,4.0,5.0,1.0018766233470024,50.0,47.311710515638275,D,74.0,185.0,1999-07-01,CAN,2017.0,1.0,23.0,L,21,"[None, None, None, None, 51]","[None, None, None, None, 36]","[None, None, None, None, 44]","[None, None, None, None, 'PIT']"
2020-2021,8480800,Quinn Hughes,VAN,D,75.6,74.4,18.9,94.5,,69.7,60.5,43.3,89.9,75.6,1.3,99.2,31.9,29.8,84.9,59,62,194,6.0,,73,95,136,25,46,236,3,163,168,37,238,91,178,First Pair,56.0,1277.05,3.0,38.0,41.0,5.01525783642272,42.69662921348314,43.22458633873801,D,70.0,180.0,1999-10-14,USA,2018.0,1.0,7.0,L,20,"[None, None, None, 90, 36]","[None, None, None, 85, 35]","[None, None, None, 21, 16]","[None, None, None, 'VAN', 'VAN']"
2020-2021,8480160,Radim Simek,SJS,D,58.4,28.6,58.4,,50.0,52.9,50.8,23.9,34.9,74.4,90.8,30.7,7.1,38.7,17.2,100,171,100,,90.0,113,118,182,156,49,23,166,222,147,198,238,91,178,Third Pair,40.0,568.4833333333333,2.0,4.0,6.0,1.1104600319278666,39.53488372093023,53.68670890102308,D,72.0,204.0,1992-09-20,CZE,,,,L,27,"[None, None, 58, 27, 73]","[None, None, 16, 9, 58]","[None, None, 71, 39, 67]","[None, None, 'SJS', 'SJS', 'SJS']"
2020-2021,8475462,Radko Gudas,FLA,D,82.4,78.2,76.9,,77.0,30.3,40.8,48.3,32.4,41.2,99.6,25.2,63.9,66.4,28.2,43,53,56,,42.0,167,142,124,162,119,2,179,87,81,172,238,91,178,Third Pair,54.0,948.75,2.0,9.0,11.0,2.6026894339322566,53.62318840579711,53.62224538130269,D,72.0,208.0,1990-06-05,CZE,2010.0,3.0,66.0,R,30,"[90, 52, 66, 51, 90]","[81, 82, 70, 71, 81]","[90, 61, 89, 43, 84]","['PHI', 'PHI', 'PHI', 'WSH', 'FLA']"
2020-2021,8478397,Rasmus Andersson,CGY,D,30.7,7.1,37.4,53.8,62.9,13.0,41.6,56.7,52.5,93.3,19.3,69.3,33.2,87.4,47.1,166,222,150,43.0,67.0,208,140,104,114,17,193,74,160,31,127,238,91,178,Second Pair,56.0,1188.55,5.0,16.0,21.0,6.425323972336561,45.23809523809524,46.11064829316776,D,73.0,202.0,1996-10-27,SWE,2015.0,2.0,53.0,R,23,"[None, None, 77, 88, 2]","[None, None, 14, 54, 1]","[None, None, 75, 84, 7]","[None, None, 'CGY', 'CGY', 'CGY']"
2020-2021,8480839,Rasmus Dahlin,BUF,D,45.4,65.5,15.1,75.8,,34.0,60.9,70.2,67.6,63.9,47.5,94.5,26.5,32.4,79.0,131,83,203,23.0,,158,94,72,78,71,126,14,176,162,51,238,91,178,Second Pair,56.0,1210.05,5.0,18.0,23.0,5.906574188364544,37.9746835443038,47.88350606350914,D,75.0,204.0,2000-04-13,SWE,2018.0,1.0,1.0,L,20,"[None, None, 61, 20, 65]","[None, None, 64, 41, 77]","[None, None, 47, 19, 11]","[None, None, 'BUF', 'BUF', 'BUF']"
2020-2021,8477499,Rasmus Ristolainen,BUF,D,0.4,1.7,11.3,5.5,3.4,29.0,30.7,30.7,47.1,8.8,96.2,14.3,34.9,33.2,97.1,238,235,212,87.0,173.0,170,166,166,127,195,10,205,156,160,8,238,91,178,First Pair,49.0,1092.0,4.0,14.0,18.0,4.283366403469623,34.72222222222222,43.15263787788238,D,76.0,208.0,1994-10-27,FIN,2013.0,1.0,8.0,R,25,"[0, 6, 3, 0, 1]","[32, 13, 17, 1, 3]","[1, 4, 13, 12, 14]","['BUF', 'BUF', 'BUF', 'BUF', 'BUF']"
2020-2021,8479388,Riley Stillman,CHI,D,52.1,47.9,31.5,,28.1,21.8,29.4,73.5,2.9,92.0,92.9,5.0,92.0,41.6,57.1,115,125,164,,129.0,187,169,64,232,19,18,227,20,140,103,238,91,178,Third Pair,21.0,322.65,1.0,0.0,1.0,1.217773790201347,59.25925925925925,50.76723413090456,D,74.0,207.0,1998-03-09,CAN,2016.0,4.0,114.0,L,22,"[None, None, None, 44, 58]","[None, None, None, 37, 59]","[None, None, None, 35, 29]","[None, None, None, 'FLA', 'CHI']"
2020-2021,8474145,Robert Bortuzzo,STL,D,34.9,54.2,75.2,,16.3,41.2,53.4,66.8,31.5,12.2,88.7,83.2,45.0,47.1,13.0,156,110,60,,150.0,141,112,80,164,188,28,41,132,127,208,238,91,178,Third Pair,40.0,566.5166666666667,1.0,4.0,5.0,1.3874509365212249,41.37931034482759,51.32704424470925,D,76.0,206.0,1989-03-18,CAN,2007.0,3.0,78.0,R,31,"[73, 56, 19, 51, 33]","[55, 48, 56, 57, 54]","[73, 84, 82, 62, 80]","['STL', 'STL', 'STL', 'STL', 'STL']"
2020-2021,8477462,Robert Hagg,PHI,D,3.8,13.0,6.7,,7.3,63.0,70.2,60.5,55.5,28.6,97.1,88.7,78.2,61.8,14.3,230,208,223,,166.0,89,72,95,107,149,8,28,53,92,205,238,91,178,Third Pair,34.0,532.65,2.0,3.0,5.0,1.724317416639223,46.15384615384615,49.702671798370986,D,74.0,210.0,1995-02-08,SWE,2013.0,2.0,41.0,L,25,"[None, 12, 0, 9, 6]","[None, 31, 21, 8, 16]","[None, 26, 1, 9, 10]","[None, 'PHI', 'PHI', 'PHI', 'PHI']"
2020-2021,8474600,Roman Josi,NSH,D,94.1,98.3,60.9,70.3,,35.3,92.0,98.7,92.4,89.5,11.3,85.3,43.7,46.6,51.3,15,5,94,28.0,,155,20,4,19,25,212,36,135,128,117,238,91,178,First Pair,48.0,1168.6166666666666,8.0,25.0,33.0,8.617190922137931,43.07692307692308,52.200543407650336,D,73.0,201.0,1990-06-01,CHE,2008.0,2.0,38.0,L,30,"[92, 93, 77, 98, 91]","[87, 98, 95, 99, 96]","[69, 47, 21, 71, 58]","['NSH', 'NSH', 'NSH', 'NSH', 'NSH']"
2020-2021,8475176,Ryan Ellis,NSH,D,92.9,73.9,89.1,25.3,91.6,79.8,76.5,51.3,99.6,97.1,10.5,83.6,71.4,76.9,64.3,18,63,27,69.0,16.0,49,57,117,2,8,214,40,69,56,86,238,91,178,First Pair,35.0,831.85,5.0,13.0,18.0,3.261790879238585,50.98039215686274,50.43939977764652,D,70.0,180.0,1991-01-03,CAN,2009.0,1.0,11.0,R,29,"[97, 94, 93, 96, 88]","[76, 81, 78, 76, 63]","[75, 79, 92, 93, 81]","['NSH', 'NSH', 'NSH', 'NSH', 'NSH']"
2020-2021,8477435,Ryan Graves,COL,D,9.2,21.8,78.2,,10.1,88.7,82.4,89.1,82.4,1.3,60.9,25.6,92.4,94.1,23.9,217,187,53,,161.0,28,43,27,43,213,94,178,19,15,182,238,91,178,Second Pair,54.0,1029.0166666666669,2.0,13.0,15.0,3.798256222184912,57.57575757575758,55.809404392595496,D,77.0,225.0,1995-05-21,CAN,2013.0,4.0,110.0,L,25,"[None, None, None, 15, 11]","[None, None, None, 18, 34]","[None, None, None, 73, 79]","[None, None, None, 'COL', 'COL']"
2020-2021,8479324,Ryan Lindgren,NYR,D,70.2,29.8,80.3,,36.0,7.1,15.5,35.3,73.9,76.5,79.8,44.5,94.1,82.4,78.2,72,168,48,,115.0,222,202,155,63,44,49,133,15,43,53,238,91,178,Second Pair,51.0,1019.7333333333332,1.0,15.0,16.0,3.0730384819957752,57.14285714285714,55.36794799977709,D,72.0,194.0,1998-02-11,USA,2016.0,2.0,49.0,L,22,"[None, None, None, 57, 79]","[None, None, None, 27, 36]","[None, None, None, 63, 90]","[None, None, None, 'NYR', 'NYR']"
2020-2021,8474151,Ryan McDonagh,TBL,D,88.7,85.3,72.3,,82.6,71.8,55.9,59.7,70.6,45.8,22.7,19.7,71.8,85.3,50.8,28,36,67,,32.0,68,106,97,71,112,185,192,68,36,118,238,91,178,Second Pair,50.0,1094.7666666666669,4.0,8.0,12.0,4.2425117997241655,54.83870967741935,53.66823269594653,D,73.0,216.0,1989-06-13,USA,2007.0,1.0,12.0,L,31,"[98, 91, 93, 77, 88]","[98, 86, 93, 61, 92]","[77, 62, 81, 74, 66]","['NYR', 'TBL', 'TBL', 'TBL', 'TBL']"
2020-2021,8476850,Ryan Murray,NJD,D,45.0,20.6,58.0,,66.9,22.3,23.5,33.2,86.6,54.6,12.6,43.7,77.7,65.1,86.6,132,190,101,,60.0,186,183,160,33,92,209,135,54,84,33,238,91,178,Second Pair,48.0,893.4666666666667,0.0,14.0,14.0,1.3021483459711576,55.55555555555556,47.65986192455104,D,73.0,206.0,1993-09-27,CAN,2012.0,1.0,2.0,L,26,"[7, 49, 34, 55, 39]","[9, 17, 41, 20, 23]","[32, 66, 53, 58, 55]","['CBJ', 'CBJ', 'CBJ', 'CBJ', 'NJD']"
2020-2021,8477506,Ryan Pulock,NYI,D,89.1,68.9,97.9,7.7,46.1,0.8,32.8,76.9,82.8,68.1,63.4,8.4,90.8,78.2,94.1,27,75,6,85.0,97.0,237,161,56,42,61,88,219,23,53,15,238,91,178,First Pair,56.0,1256.6666666666667,2.0,15.0,17.0,5.662084249916451,60.810810810810814,58.395778034910165,D,73.0,219.0,1994-10-06,CAN,2013.0,1.0,15.0,R,25,"[None, 62, 86, 71, 92]","[None, 50, 64, 6, 88]","[None, 70, 96, 96, 96]","[None, 'NYI', 'NYI', 'NYI', 'NYI']"
2020-2021,8470600,Ryan Suter,MIN,D,78.2,63.9,87.0,8.8,36.5,81.9,47.1,15.5,66.8,50.8,3.4,72.3,80.3,92.4,52.9,53,87,32,84.0,114.0,44,127,202,80,101,231,67,48,19,113,238,91,178,First Pair,56.0,1242.2833333333333,3.0,16.0,19.0,3.760856818233154,53.93258426966292,53.089071862213366,D,73.0,201.0,1985-01-21,USA,2003.0,1.0,7.0,L,35,"[93, 90, 86, 77, 76]","[52, 23, 73, 60, 68]","[100, 99, 95, 76, 81]","['MIN', 'MIN', 'MIN', 'MIN', 'MIN']"
2020-2021,8475222,Sami Vatanen,DAL,D,56.7,61.8,37.8,,48.9,77.3,73.1,40.3,45.4,36.6,23.9,66.0,40.3,31.1,42.9,104,92,149,,92.0,55,65,143,131,130,182,82,143,165,137,238,91,178,Third Pair,39.0,663.6,2.0,4.0,6.0,1.728575535119914,54.54545454545454,52.89023032085567,D,70.0,185.0,1991-06-03,FIN,2009.0,4.0,106.0,R,29,"[83, 64, 72, 68, 37]","[95, 80, 72, 39, 75]","[26, 32, 19, 42, 46]","['ANA', 'NJD', 'NJD', 'NJD', 'DAL']"
2020-2021,8479398,Samuel Girard,COL,D,87.0,37.4,82.4,17.6,69.7,84.9,66.4,35.7,94.5,98.7,16.8,92.0,55.9,94.5,33.6,32,150,43,76.0,55.0,37,81,154,14,4,199,20,106,14,159,238,91,178,First Pair,48.0,1114.7833333333333,5.0,27.0,32.0,3.210857812186453,57.692307692307686,60.871716893663674,D,70.0,170.0,1998-05-12,CAN,2016.0,2.0,47.0,L,22,"[None, 78, 73, 86, 83]","[None, 6, 2, 56, 56]","[None, 51, 60, 80, 83]","[None, 'COL', 'COL', 'COL', 'COL']"
2020-2021,8476429,Scott Mayfield,NYI,D,25.2,51.3,77.7,,7.9,25.6,44.5,59.2,56.3,7.1,47.9,26.1,65.1,56.3,55.9,179,117,54,,165.0,178,133,98,105,199,125,177,84,105,106,238,91,178,Second Pair,56.0,1090.8166666666666,2.0,13.0,15.0,2.81062618943653,50.70422535211267,50.65926122243965,D,76.0,215.0,1992-10-14,USA,2011.0,2.0,34.0,R,27,"[67, 28, 53, 26, 21]","[60, 62, 68, 52, 45]","[46, 41, 77, 65, 81]","['NYI', 'NYI', 'NYI', 'NYI', 'NYI']"
2020-2021,8480336,Sean Walker,LAK,D,48.3,86.6,13.0,39.6,76.4,20.6,79.8,91.6,76.1,34.9,42.0,46.6,12.2,15.5,61.8,124,33,208,56.0,43.0,190,49,21,58,134,139,128,210,202,92,238,91,178,Second Pair,47.0,853.9,5.0,13.0,18.0,4.839031338660876,43.28358208955223,43.068298604872965,D,71.0,191.0,1994-11-13,CAN,,,,R,25,"[None, None, 66, 62, 30]","[None, None, 52, 91, 82]","[None, None, 47, 16, 10]","[None, None, 'LAK', 'LAK', 'LAK']"
2020-2021,8477495,Seth Jones,CBJ,D,33.2,71.4,58.8,3.3,92.7,0.4,34.0,78.6,55.9,18.9,44.1,82.4,51.7,40.3,79.8,160,69,99,89.0,14.0,238,158,52,106,172,134,43,116,143,49,238,91,178,First Pair,56.0,1412.7333333333331,5.0,23.0,28.0,6.978868537156155,46.83544303797469,44.15229007550375,D,76.0,213.0,1994-10-03,USA,2013.0,1.0,4.0,R,25,"[70, 93, 81, 69, 8]","[24, 83, 82, 68, 63]","[71, 74, 77, 70, 38]","['CBJ', 'CBJ', 'CBJ', 'CBJ', 'CBJ']"
2020-2021,8476906,Shayne Gostisbehere,PHI,D,87.8,52.1,53.4,71.4,,83.2,73.5,66.0,23.5,100.0,4.6,93.3,37.0,51.7,22.7,30,115,112,27.0,,41,64,82,183,1,228,17,151,116,185,238,91,178,Second Pair,41.0,817.55,9.0,11.0,20.0,5.1636404120424535,52.23880597014925,51.64460675895915,D,71.0,183.0,1993-04-20,USA,2012.0,3.0,78.0,L,27,"[62, 87, 74, 74, 91]","[86, 77, 62, 31, 66]","[4, 63, 49, 48, 55]","['PHI', 'PHI', 'PHI', 'PHI', 'PHI']"
2020-2021,8477447,Shea Theodore,VGK,D,99.2,99.6,61.3,95.6,,91.2,95.8,97.5,64.3,64.7,2.5,89.9,81.1,95.8,39.1,3,2,93,5.0,,22,11,7,86,69,233,25,46,11,146,238,91,178,First Pair,53.0,1194.95,8.0,34.0,42.0,9.004589627244284,63.44086021505376,54.911987908873506,D,74.0,197.0,1995-08-03,CAN,2013.0,1.0,26.0,L,25,"[31, 70, 97, 100, 94]","[44, 72, 94, 100, 99]","[38, 23, 79, 79, 27]","['ANA', 'VGK', 'VGK', 'VGK', 'VGK']"
2020-2021,8470642,Shea Weber,MTL,D,80.7,84.9,89.5,41.8,63.5,98.7,83.6,63.9,62.6,3.4,46.6,33.2,42.9,87.8,82.8,47,37,26,54.0,66.0,4,40,87,90,208,128,160,137,30,42,238,91,178,First Pair,48.0,1089.6,6.0,13.0,19.0,3.816304387237416,50.84745762711864,51.49733494097384,D,76.0,230.0,1985-08-14,CAN,2003.0,2.0,49.0,R,35,"[90, 77, 87, 95, 33]","[46, 60, 70, 96, 71]","[98, 76, 93, 85, 88]","['MTL', 'MTL', 'MTL', 'MTL', 'MTL']"
2020-2021,8476886,Slater Koekkoek,EDM,D,60.5,60.9,46.6,,40.4,39.5,71.0,45.0,11.3,63.4,58.4,39.1,12.6,25.6,31.9,95,94,128,,107.0,145,70,132,212,72,100,146,209,178,163,238,91,178,Third Pair,18.0,236.95,1.0,0.0,1.0,0.8122604999078468,26.666666666666668,45.86399490789082,D,74.0,193.0,1994-02-18,CAN,2012.0,1.0,10.0,L,26,"[57, 44, 46, 53, 63]","[43, 39, 49, 70, 49]","[37, 48, 30, 59, 39]","['TBL', 'TBL', 'CHI', 'CHI', 'EDM']"
2020-2021,8474000,Steven Kampfer,BOS,D,57.1,41.6,48.3,47.3,38.8,64.3,67.6,34.9,58.4,76.9,70.6,95.4,37.8,48.3,9.7,103,140,124,49.0,110.0,86,78,156,100,43,71,12,149,124,216,238,91,178,Third Pair,20.0,334.1166666666667,2.0,3.0,5.0,0.9981419063053396,55.00000000000001,47.194950941391,D,71.0,198.0,1988-09-24,USA,2007.0,4.0,93.0,R,31,"[None, 46, 47, None, 62]","[None, 35, 51, None, 40]","[None, 48, 55, None, 47]","[None, 'NYR', 'BOS', None, 'BOS']"
2020-2021,8474673,TJ Brodie,TOR,D,84.5,60.5,93.7,,12.9,44.5,28.2,12.2,37.8,47.1,10.9,61.3,96.6,97.9,47.5,38,95,16,,156.0,133,172,210,149,109,213,93,9,6,126,238,91,178,Second Pair,56.0,1207.2166666666667,1.0,13.0,14.0,2.1596448346770156,65.06024096385542,57.147015911337576,D,74.0,187.0,1990-06-07,CAN,2008.0,4.0,114.0,L,30,"[84, 48, 56, 66, 90]","[16, 28, 9, 67, 69]","[91, 41, 86, 86, 96]","['CGY', 'CGY', 'CGY', 'CGY', 'TOR']"
2020-2021,8478469,Thomas Chabot,OTT,D,62.6,95.4,4.6,80.2,,90.8,84.0,82.4,98.3,18.1,41.6,29.4,38.7,16.4,87.8,90,12,228,19.0,,23,39,43,5,174,140,169,147,200,30,238,91,178,First Pair,49.0,1287.9166666666667,6.0,27.0,33.0,5.908624080272052,45.34883720930232,47.145533816030806,D,73.0,200.0,1997-01-30,CAN,2015.0,1.0,18.0,L,23,"[None, 59, 85, 52, 55]","[None, 37, 91, 88, 97]","[None, 21, 7, 16, 2]","[None, 'OTT', 'OTT', 'OTT', 'OTT']"
2020-2021,8481600,Tobias Bjornfot,LAK,D,29.8,32.4,30.7,,17.4,50.0,30.3,23.1,44.1,62.6,42.4,87.4,32.8,3.8,11.3,168,162,166,,148.0,120,167,184,134,74,138,31,161,230,212,238,91,178,Third Pair,33.0,555.8166666666666,1.0,5.0,6.0,1.1042769229223657,45.16129032258064,46.167695753124136,D,72.0,200.0,2001-04-06,SWE,2019.0,1.0,22.0,L,19,"[None, None, None, None, 31]","[None, None, None, None, 32]","[None, None, None, None, 31]","[None, None, None, None, 'LAK']"
2020-2021,8476792,Torey Krug,STL,D,87.4,81.9,35.3,100.0,,3.4,39.9,74.8,73.5,75.2,14.3,94.1,66.4,62.2,75.2,31,44,155,1.0,,231,144,61,64,47,205,15,81,91,60,238,91,178,First Pair,51.0,1149.9666666666667,2.0,30.0,32.0,5.499718671872381,54.32098765432099,47.90887793388523,D,69.0,194.0,1991-04-12,USA,,,,L,29,"[100, 95, 91, 93, 72]","[98, 92, 85, 81, 79]","[68, 59, 43, 57, 18]","['BOS', 'BOS', 'BOS', 'BOS', 'STL']"
2020-2021,8478408,Travis Dermott,TOR,D,76.5,56.7,79.8,,,71.4,51.7,34.5,3.4,63.0,68.1,87.8,52.9,69.7,14.7,57,104,49,,,69,116,157,231,73,77,30,113,73,204,238,91,178,Third Pair,51.0,674.4333333333333,2.0,4.0,6.0,1.4095292598264353,47.5,55.44715932296593,D,72.0,200.0,1996-12-22,CAN,2015.0,2.0,34.0,L,23,"[None, 79, 88, 77, 71]","[None, 65, 75, 60, 52]","[None, 55, 73, 75, 82]","[None, 'TOR', 'TOR', 'TOR', 'TOR']"
2020-2021,8474612,Travis Hamonic,VAN,D,10.9,66.0,16.8,,59.6,70.6,72.7,70.6,36.1,11.3,41.2,64.3,45.8,44.5,85.7,213,82,199,,73.0,71,66,71,153,190,141,86,130,133,35,238,91,178,Second Pair,38.0,735.9499999999999,3.0,7.0,10.0,2.3262200699195077,46.51162790697674,40.64147968129547,D,73.0,193.0,1990-08-16,CAN,2008.0,2.0,53.0,R,30,"[45, 3, 84, 12, 10]","[70, 67, 91, 71, 28]","[18, 16, 37, 11, 20]","['NYI', 'CGY', 'CGY', 'CGY', 'VAN']"
2020-2021,8477948,Travis Sanheim,PHI,D,91.6,79.4,87.8,,84.8,20.2,69.7,88.2,68.5,86.1,17.2,32.8,9.2,57.1,77.7,21,50,30,,28.0,191,73,29,76,33,198,161,217,103,54,238,91,178,Second Pair,55.0,1203.75,3.0,12.0,15.0,5.81993270385782,37.93103448275862,51.850666080638405,D,76.0,222.0,1996-03-29,CAN,2014.0,1.0,17.0,L,24,"[None, 38, 90, 84, 92]","[None, 51, 67, 79, 80]","[None, 58, 84, 61, 93]","[None, 'PHI', 'PHI', 'PHI', 'PHI']"
2020-2021,8477845,Trevor van Riemsdyk,WSH,D,75.2,58.4,68.1,,55.1,44.1,45.4,13.9,8.8,87.8,12.2,41.6,18.1,88.2,20.6,60,100,77,,81.0,134,131,206,218,29,210,140,196,29,190,238,91,178,Third Pair,21.0,341.53333333333336,1.0,2.0,3.0,0.6657918454702718,47.368421052631575,56.16798926996304,D,75.0,210.0,1991-07-24,USA,,,,R,29,"[74, 82, 88, 74, 70]","[62, 79, 77, 49, 63]","[78, 86, 80, 70, 58]","['CHI', 'CAR', 'CAR', 'CAR', 'WSH']"
2020-2021,8479442,Troy Stecher,DET,D,54.6,33.2,45.0,,,80.3,61.8,33.6,38.2,87.0,46.2,5.5,50.8,7.1,68.9,109,160,132,,,48,92,159,148,31,129,226,118,222,75,238,91,178,Third Pair,44.0,761.9,3.0,8.0,11.0,2.2565548092568326,40.0,44.75119669315637,D,70.0,184.0,1994-04-07,CAN,,,,R,26,"[42, 29, 58, 58, 49]","[54, 40, 27, 46, 29]","[28, 30, 39, 23, 66]","['VAN', 'VAN', 'VAN', 'VAN', 'DET']"
2020-2021,8477359,Tucker Poolman,WPG,D,20.2,10.1,11.8,,26.4,30.7,19.7,36.1,18.1,96.2,63.0,52.5,64.3,5.9,95.0,191,215,211,,132.0,166,192,153,196,10,89,114,86,225,13,238,91,178,Second Pair,39.0,714.0166666666667,0.0,1.0,1.0,1.7781920220859575,47.05882352941176,45.13647316421942,D,74.0,199.0,1993-06-08,USA,2013.0,5.0,127.0,R,27,"[None, 65, None, 14, 35]","[None, 47, None, 9, 11]","[None, 49, None, 8, 19]","[None, 'WPG', None, 'WPG', 'WPG']"
2020-2021,8480883,Ty Smith,NJD,D,17.2,67.6,13.9,12.1,,8.8,17.6,44.5,100.0,37.0,8.8,82.8,24.8,32.8,8.4,198,78,206,81.0,,218,197,133,1,129,218,42,180,161,219,238,91,178,Second Pair,48.0,965.9,2.0,21.0,23.0,3.122354852821271,45.45454545454545,48.494418467989306,D,71.0,180.0,2000-03-24,CAN,2018.0,1.0,17.0,L,20,"[None, None, None, None, 18]","[None, None, None, None, 72]","[None, None, None, None, 12]","[None, None, None, None, 'NJD']"
2020-2021,8474574,Tyler Myers,VAN,D,0.8,54.6,4.2,38.5,0.6,84.0,81.1,75.2,62.2,2.1,26.5,59.2,34.0,27.3,89.9,237,109,229,57.0,178.0,39,46,60,91,211,176,98,158,174,25,238,91,178,First Pair,55.0,1214.35,6.0,15.0,21.0,4.5881432242025415,42.857142857142854,42.09412377699,D,80.0,229.0,1990-02-01,USA,2008.0,1.0,12.0,R,30,"[None, 2, 4, 6, 0]","[None, 11, 57, 61, 42]","[None, 21, 12, 22, 1]","[None, 'WPG', 'WPG', 'VAN', 'VAN']"
2020-2021,8475197,Tyson Barrie,EDM,D,35.7,86.1,0.4,84.6,,21.0,79.0,96.2,91.6,95.8,14.7,91.2,58.8,84.0,60.9,154,34,238,15.0,,189,51,10,21,11,204,22,99,39,94,238,91,178,Second Pair,56.0,1198.2,8.0,40.0,48.0,7.426248985190386,52.42718446601942,48.354053433089085,D,71.0,197.0,1991-07-26,CAN,2009.0,3.0,64.0,R,29,"[60, 4, 65, 14, 52]","[80, 62, 83, 84, 84]","[7, 0, 6, 0, 0]","['COL', 'COL', 'COL', 'TOR', 'EDM']"
2020-2021,8475167,Victor Hedman,TBL,D,97.9,90.3,90.8,90.1,92.1,92.4,93.7,95.4,89.5,72.3,23.5,89.5,79.4,78.6,58.0,6,24,23,10.0,15.0,19,16,12,26,54,183,26,50,52,101,238,91,178,First Pair,54.0,1352.4333333333334,9.0,36.0,45.0,8.427742020694515,50.588235294117645,51.92136413667389,D,79.0,244.0,1990-12-18,SWE,2009.0,1.0,2.0,L,29,"[93, 91, 92, 99, 93]","[47, 87, 88, 97, 81]","[92, 85, 89, 95, 89]","['TBL', 'TBL', 'TBL', 'TBL', 'TBL']"
2020-2021,8479376,Victor Mete,OTT,D,64.3,72.7,53.8,,41.0,49.6,58.8,55.9,40.3,51.7,23.1,37.8,95.4,76.5,32.4,86,66,111,,106.0,121,99,106,143,99,184,149,12,57,162,238,91,178,Third Pair,28.0,442.3666666666667,1.0,4.0,5.0,0.9851801416300844,59.25925925925925,53.19995837360499,D,69.0,187.0,1998-06-07,CAN,2016.0,4.0,100.0,L,22,"[None, 76, 82, 63, 59]","[None, 67, 87, 69, 62]","[None, 54, 40, 43, 64]","[None, 'MTL', 'MTL', 'MTL', 'OTT']"
2020-2021,8478407,Vince Dunn,STL,D,80.3,63.0,61.8,62.6,,92.9,90.8,85.7,37.0,93.7,24.8,91.6,46.2,61.3,26.5,48,89,92,35.0,,18,23,35,151,16,180,21,129,93,176,238,91,178,Second Pair,43.0,827.7166666666667,6.0,14.0,20.0,3.684915243538408,42.857142857142854,45.37067432524512,D,72.0,200.0,1996-10-29,CAN,2015.0,2.0,56.0,L,23,"[None, 31, 90, 93, 40]","[None, 46, 88, 66, 39]","[None, 27, 35, 65, 59]","[None, 'STL', 'STL', 'STL', 'STL']"
2020-2021,8478882,Vladislav Gavrikov,CBJ,D,63.4,62.2,60.1,,83.1,72.3,58.0,47.1,44.5,37.4,34.0,8.0,16.4,43.7,58.4,88,91,96,,31.0,67,101,127,133,128,158,220,200,135,100,238,91,178,Second Pair,55.0,1067.0666666666666,2.0,10.0,12.0,2.119390847081212,36.48648648648648,47.03222820567843,D,75.0,210.0,1995-11-21,RUS,2015.0,6.0,159.0,L,24,"[None, None, None, 68, 58]","[None, None, None, 62, 66]","[None, None, None, 60, 57]","[None, None, None, 'CBJ', 'CBJ']"
2020-2021,8477355,Will Butcher,NJD,D,66.4,71.0,38.2,35.2,,54.6,51.3,38.7,87.4,77.7,5.9,67.6,29.4,13.9,45.8,81,70,148,60.0,,109,117,147,31,41,225,78,169,206,130,238,91,178,Second Pair,23.0,437.73333333333335,1.0,10.0,11.0,1.3187284414771496,41.37931034482759,43.68980616925845,D,70.0,195.0,1995-01-06,USA,2013.0,5.0,123.0,L,25,"[None, 86, 84, 57, 65]","[None, 85, 84, 75, 48]","[None, 54, 78, 19, 50]","[None, 'NJD', 'NJD', 'NJD', 'NJD']"
2020-2021,8478021,William Lagesson,EDM,D,47.1,22.7,42.4,,47.8,45.8,2.9,16.8,80.7,81.5,84.5,2.5,97.9,47.5,4.6,127,185,138,,94.0,130,226,199,47,38,38,233,6,126,228,238,91,178,Third Pair,19.0,268.84999999999997,0.0,2.0,2.0,0.5631179413348018,47.05882352941176,43.14412383868655,D,74.0,211.0,1996-02-22,SWE,2014.0,4.0,91.0,L,24,"[None, None, None, None, 46]","[None, None, None, None, 24]","[None, None, None, None, 45]","[None, None, None, None, 'EDM']"
2020-2021,8480293,Wyatt Kalynuk,CHI,D,30.3,27.3,19.7,54.9,,87.0,100.0,77.7,14.7,70.4,83.2,54.2,16.0,2.5,24.4,167,174,192,42.0,,32,1,54,204,57,41,110,201,233,181,238,91,178,Third Pair,21.0,341.7,4.0,5.0,9.0,1.4183400783333795,38.23529411764706,38.20594535923459,D,73.0,180.0,1997-04-14,CAN,2017.0,7.0,196.0,L,23,"[None, None, None, None, 31]","[None, None, None, None, 29]","[None, None, None, None, 18]","[None, None, None, None, 'CHI']"
2020-2021,8474567,Zach Bogosian,TOR,D,8.4,52.9,23.1,,29.8,19.7,14.7,47.5,66.0,13.0,51.7,73.5,57.1,71.0,32.8,219,113,184,,126.0,192,204,126,82,186,116,64,103,70,161,238,91,178,Third Pair,45.0,654.1666666666666,0.0,4.0,4.0,1.6739902478428483,56.52173913043478,54.848639417404854,D,75.0,231.0,1990-07-15,USA,2008.0,1.0,3.0,R,30,"[20, 42, 10, 26, 9]","[54, 41, 63, 36, 62]","[26, 39, 12, 32, 25]","['BUF', 'BUF', 'BUF', 'TBL', 'TOR']"
2020-2021,8478460,Zach Werenski,CBJ,D,68.9,73.1,21.8,60.4,79.2,98.3,98.7,96.6,64.7,65.1,8.0,88.2,47.9,55.9,95.4,75,65,187,37.0,38.0,5,4,9,85,68,220,29,125,106,12,238,91,178,First Pair,35.0,852.5666666666666,7.0,13.0,20.0,4.426985321047873,49.056603773584904,46.75651399370134,D,74.0,214.0,1997-07-19,USA,2015.0,1.0,8.0,L,23,"[66, 86, 51, 80, 66]","[52, 90, 75, 73, 68]","[34, 16, 5, 40, 23]","['CBJ', 'CBJ', 'CBJ', 'CBJ', 'CBJ']"
2020-2021,8480727,Zach Whitecloud,VGK,D,72.3,39.5,79.4,,96.1,9.2,42.9,80.3,63.9,43.3,91.6,64.7,84.5,83.6,4.2,67,145,50,,8.0,217,137,48,87,116,21,85,38,40,229,238,91,178,Third Pair,51.0,908.6833333333334,2.0,10.0,12.0,3.2483891045184183,57.99999999999999,54.037501157253274,D,74.0,210.0,1996-11-28,CAN,,,,R,23,"[None, None, None, None, 75]","[None, None, None, None, 41]","[None, None, None, None, 80]","[None, None, None, None, 'VGK']"
2020-2021,8465009,Zdeno Chara,WSH,D,70.6,71.8,81.5,,88.2,80.7,52.9,27.7,32.8,12.6,37.0,1.3,87.4,85.7,69.7,71,68,45,,22.0,47,113,173,161,187,151,236,31,35,73,238,91,178,Second Pair,55.0,1007.7166666666668,2.0,8.0,10.0,2.0956272233762845,51.47058823529411,51.04423754778868,D,81.0,250.0,1977-03-18,SVK,1996.0,3.0,56.0,L,43,"[87, 88, 77, 79, 56]","[70, 90, 82, 73, 60]","[88, 83, 76, 87, 76]","['BOS', 'BOS', 'BOS', 'BOS', 'WSH']"
