Season,Player,Team,Position,ovr_pct,evo_pct,evd_pct,ppl_pct,pkl_pct,fin_pct,gol_pct,xgl_pct,ast_pct,pen_pct,hit_pct,ozs_pct,pdo_pct,tmt_pct,cmp_pct,ovr_rank,evo_rank,evd_rank,ppl_rank,pkl_rank,fin_rank,gol_rank,xgl_rank,ast_rank,pen_rank,hit_rank,ozs_rank,pdo_rank,tmt_rank,cmp_rank,all_players,ppl_players,pkl_players,Role,GP,TOI,Goals,Total Assists,Total Points,ixG,GF%,xGF%,Player ID,Specific Position,Height (in),Weight (lbs),Date of Birth,Birth Country,Draft Year,Draft Round,Overall Draft Position,Shoots Catches,Age,ovr_history,evo_history,evd_history,team_history
2022-2023,Aaron Ekblad,FLA,D,88.0,83.8,68.8,81.8,95.0,54.7,92.3,96.6,64.1,38.9,9.4,70.5,38.5,99.6,98.3,29,39,74,17.0,10.0,107,19,9,85,129,213,70,145,2,5,234,88,179,First Pair,71.0,1660.9833333333331,14.0,24.0,38.0,15.807878079334078,46.84684684684685,51.8709506119525,8477932,D,76.0,220.0,1996-02-07,CAN,2014.0,1.0,1.0,R,26,"[88, 92, 83, 95, 78]","[63, 87, 73, 84, 79]","[74, 78, 72, 81, 60]","['FLA', 'FLA', 'FLA', 'FLA', 'FLA']"
2022-2023,Adam Boqvist,CBJ,D,37.6,61.1,6.4,46.6,,91.5,97.4,70.5,46.6,92.7,9.8,99.1,55.6,7.7,23.1,147,92,220,48.0,,21,7,70,126,18,212,3,105,217,181,234,88,179,Second Pair,46.0,857.1333333333333,5.0,19.0,24.0,3.8195797618108718,45.20547945205479,44.34298226420822,8480871,D,72.0,195.0,2000-08-15,SWE,2018.0,1.0,8.0,R,22,"[None, 77, 64, 26, 48]","[None, 60, 71, 44, 67]","[None, 29, 35, 6, 7]","[None, 'CHI', 'CHI', 'CBJ', 'CBJ']"
2022-2023,Adam Fox,NYR,D,100.0,99.6,95.3,100.0,63.1,93.2,87.2,74.8,94.4,92.3,3.0,78.6,87.6,56.0,89.7,1,2,12,1.0,67.0,17,31,60,14,19,228,51,30,104,25,234,88,179,First Pair,82.0,1998.9666666666667,12.0,60.0,72.0,12.198206672382684,59.48275862068966,55.044245510852974,8479323,D,71.0,185.0,1998-02-17,USA,2016.0,3.0,66.0,R,24,"[None, 91, 97, 98, 100]","[None, 86, 93, 97, 99]","[None, 89, 94, 91, 95]","[None, 'NYR', 'NYR', 'NYR', 'NYR']"
2022-2023,Adam Larsson,SEA,D,50.9,9.0,94.0,,49.2,90.2,72.6,49.1,65.8,6.0,67.5,82.9,33.8,60.3,71.4,116,214,15,,92.0,24,65,120,81,203,77,41,156,94,68,234,88,179,First Pair,82.0,1938.4666666666667,8.0,25.0,33.0,7.03639989612931,56.493506493506494,53.357474139821115,8476457,D,75.0,207.0,1992-11-12,SWE,2011.0,1.0,4.0,R,29,"[60, 29, 84, 9, 70]","[53, 51, 15, 2, 32]","[87, 80, 98, 80, 94]","['EDM', 'EDM', 'EDM', 'SEA', 'SEA']"
2022-2023,Adam Pelech,NYI,D,96.2,82.5,99.1,,55.9,39.7,57.7,63.7,62.8,34.6,40.2,12.8,82.1,39.3,71.8,10,42,3,,80.0,142,100,86,88,139,141,205,43,143,67,234,88,179,Second Pair,61.0,1320.7666666666669,6.0,15.0,21.0,5.055804931299892,53.48837209302325,52.42557305516189,8476917,D,75.0,212.0,1994-08-16,CAN,2012.0,3.0,65.0,L,28,"[82, 67, 95, 97, 88]","[28, 41, 91, 94, 56]","[93, 77, 97, 98, 97]","['NYI', 'NYI', 'NYI', 'NYI', 'NYI']"
2022-2023,Alec Martinez,VGK,D,48.7,64.5,47.4,,25.1,27.8,60.7,34.2,21.4,55.6,23.5,53.4,92.7,81.2,40.6,121,84,124,,135.0,170,93,155,185,95,180,110,18,45,140,234,88,179,Second Pair,77.0,1480.3166666666666,3.0,11.0,14.0,4.2615560714011265,56.25,52.397483450825,8474166,D,73.0,210.0,1987-07-26,USA,2007.0,4.0,95.0,L,35,"[44, 34, 50, 65, 42]","[76, 58, 90, 71, 44]","[9, 15, 10, 21, 67]","['LAK', 'VGK', 'VGK', 'VGK', 'VGK']"
2022-2023,Alex Goligoski,MIN,D,69.2,84.6,50.4,,62.0,22.6,6.4,22.6,27.4,29.9,13.7,57.7,55.1,48.3,53.4,73,37,117,,69.0,182,220,182,171,150,203,100,106,122,110,234,88,179,Third Pair,46.0,812.6666666666666,2.0,4.0,6.0,2.6196043844922183,38.88888888888889,51.87211359146836,8471274,D,71.0,173.0,1985-07-30,USA,2004.0,2.0,61.0,L,37,"[78, 56, 80, 69, 64]","[82, 77, 84, 82, 84]","[30, 46, 47, 59, 45]","['ARI', 'ARI', 'ARI', 'MIN', 'MIN']"
2022-2023,Alex Pietrangelo,VGK,D,95.7,96.6,46.6,67.0,94.4,82.9,86.8,86.8,76.5,82.1,32.1,76.5,67.9,63.7,86.3,11,9,126,30.0,11.0,41,32,32,56,41,160,56,76,86,33,234,88,179,First Pair,73.0,1750.6333333333334,11.0,43.0,54.0,11.474875280094201,55.172413793103445,53.381262931285875,8474565,D,75.0,215.0,1990-01-18,CAN,2008.0,1.0,4.0,R,32,"[93, 95, 89, 83, 97]","[97, 98, 94, 96, 96]","[28, 48, 16, 23, 66]","['STL', 'STL', 'VGK', 'VGK', 'VGK']"
2022-2023,Alexander Alexeyev,WSH,D,43.6,22.2,40.2,,39.7,27.4,2.6,24.8,27.8,94.4,50.0,3.8,74.8,19.7,3.0,133,183,141,,109.0,171,224,177,170,14,118,226,60,189,228,234,88,179,Third Pair,32.0,526.5333333333333,0.0,5.0,5.0,1.2251573684077113,46.51162790697674,43.86459218275012,8480823,D,76.0,230.0,1999-11-15,RUS,2018.0,1.0,31.0,L,22,"[None, None, None, None, 47]","[None, None, None, None, 26]","[None, None, None, None, 41]","[None, None, None, None, 'WSH']"
2022-2023,Alexander Edler,LAK,D,49.6,73.9,43.2,,75.4,58.1,48.7,20.9,84.6,13.7,78.2,66.7,17.5,79.1,24.8,119,62,134,,45.0,99,121,186,37,186,52,79,194,50,177,234,88,179,Third Pair,64.0,945.5666666666668,2.0,9.0,11.0,1.5235292202019963,48.148148148148145,50.61694266979002,8471303,D,76.0,210.0,1986-04-21,SWE,2004.0,3.0,91.0,L,36,"[33, 14, 27, 70, 38]","[7, 27, 52, 81, 69]","[68, 53, 64, 55, 39]","['VAN', 'VAN', 'VAN', 'LAK', 'LAK']"
2022-2023,Alexander Romanov,NYI,D,25.2,23.5,39.7,,21.8,14.5,20.1,32.9,38.9,68.8,92.7,26.5,67.1,36.8,63.2,176,180,142,,141.0,201,188,158,144,68,18,173,78,149,87,234,88,179,Second Pair,76.0,1478.1666666666667,2.0,20.0,22.0,3.877716659887336,53.535353535353536,46.062007105920216,8481014,D,73.0,220.0,2000-01-06,RUS,2018.0,2.0,38.0,L,22,"[None, None, 52, 22, 26]","[None, None, 47, 32, 18]","[None, None, 52, 53, 38]","[None, None, 'MTL', 'MTL', 'NYI']"
2022-2023,Alexandre Carrier,NSH,D,32.1,25.2,62.0,,68.2,11.1,15.4,73.5,30.3,39.5,71.4,20.9,83.3,67.1,53.8,160,176,90,,58.0,209,199,63,164,128,68,186,40,78,109,234,88,179,Third Pair,43.0,769.1999999999999,2.0,7.0,9.0,2.734129226621761,45.45454545454545,50.08841308838012,8478851,D,71.0,174.0,1996-10-08,CAN,2015.0,4.0,115.0,R,25,"[None, None, 56, 23, 39]","[None, None, 36, 9, 34]","[None, None, 56, 69, 57]","[None, None, 'NSH', 'NSH', 'NSH']"
2022-2023,Andreas Englund,CHI,D,47.4,22.6,53.8,,,26.9,2.6,20.5,17.1,91.0,99.1,0.4,29.9,45.7,1.7,124,182,109,,,172,224,187,195,22,3,234,165,128,231,234,88,179,Fringe,47.0,569.2333333333333,0.0,4.0,4.0,1.2686688825868804,45.16129032258064,49.80151598894225,8477971,D,76.0,200.0,1996-01-21,SWE,2014.0,2.0,40.0,L,26,"[None, 48, None, None, 51]","[None, 36, None, None, 26]","[None, 38, None, None, 49]","[None, 'OTT', None, None, 'CHI']"
2022-2023,Andrew Peeke,CBJ,D,28.6,3.0,86.3,,1.1,65.8,25.2,5.6,6.4,77.8,67.9,11.5,4.3,8.5,93.6,168,228,33,,178.0,81,176,222,220,48,76,208,225,215,16,234,88,179,Second Pair,80.0,1699.75,6.0,7.0,13.0,2.78992968057225,32.592592592592595,41.48088127170087,8479369,D,75.0,214.0,1998-03-17,USA,2016.0,2.0,34.0,R,24,"[None, 53, None, 24, 38]","[None, 37, None, 7, 3]","[None, 48, None, 83, 82]","[None, 'CBJ', None, 'CBJ', 'CBJ']"
2022-2023,Arber Xhekaj,MTL,D,3.0,14.5,7.7,39.8,,78.6,76.1,35.9,69.2,7.5,97.4,95.3,36.8,9.0,7.7,228,201,217,54.0,,51,57,151,73,200,7,12,149,214,217,234,88,179,Third Pair,51.0,778.8,5.0,8.0,13.0,2.6725651223698335,44.44444444444444,41.61474742310609,8482964,D,76.0,240.0,2001-01-30,CAN,,,,L,21,"[None, None, None, None, 6]","[None, None, None, None, 20]","[None, None, None, None, 11]","[None, None, None, None, 'MTL']"
2022-2023,Artem Zub,OTT,D,27.4,12.4,81.6,,72.6,77.8,35.5,6.8,16.2,3.4,79.5,31.2,60.7,57.3,92.3,171,206,44,,50.0,53,152,219,197,209,49,162,93,101,19,234,88,179,Second Pair,53.0,1073.4166666666667,3.0,7.0,10.0,2.6106104975651223,50.72463768115942,51.3507408689909,8482245,D,75.0,201.0,1995-10-03,RUS,,,,R,26,"[None, None, 42, 22, 29]","[None, None, 25, 36, 9]","[None, None, 72, 71, 84]","[None, None, 'OTT', 'OTT', 'OTT']"
2022-2023,Ben Chiarot,DET,D,1.3,15.0,12.4,,12.8,52.6,47.4,45.7,51.7,2.1,61.1,20.5,8.5,48.7,79.1,232,200,206,,157.0,112,124,128,114,212,92,187,215,121,50,234,88,179,Second Pair,76.0,1566.1833333333334,5.0,14.0,19.0,5.523088132313761,38.655462184873954,43.53654667469059,8475279,D,75.0,222.0,1991-05-09,CAN,2009.0,4.0,120.0,L,31,"[4, 3, 3, 1, 3]","[1, 36, 5, 68, 5]","[52, 31, 58, 4, 23]","['WPG', 'MTL', 'MTL', 'FLA', 'DET']"
2022-2023,Ben Harpur,NYR,D,15.0,12.8,20.5,,,53.4,11.5,3.0,9.0,63.9,75.2,46.6,94.9,21.8,8.1,200,205,187,,,110,208,228,214,79,59,126,13,184,216,234,88,179,Third Pair,42.0,590.6833333333333,1.0,5.0,6.0,0.8301443620421972,51.162790697674424,42.887709041455935,8477433,D,80.0,235.0,1995-01-12,CAN,2013.0,4.0,108.0,L,27,"[18, None, 11, None, 18]","[12, None, 10, None, 16]","[31, None, 21, None, 23]","['OTT', None, 'NSH', None, 'NYR']"
2022-2023,Ben Hutton,VGK,D,45.7,38.5,25.6,54.5,,55.1,67.9,82.1,43.6,89.3,54.7,79.1,39.3,59.4,10.3,128,145,175,41.0,,106,76,43,133,26,107,50,143,96,211,234,88,179,Third Pair,31.0,495.81666666666666,3.0,5.0,8.0,2.799165256739726,51.61290322580645,52.73951348959017,8477018,D,75.0,209.0,1993-04-20,CAN,2012.0,5.0,147.0,L,29,"[7, 39, 20, 35, 58]","[35, 79, 59, 44, 38]","[0, 6, 8, 22, 38]","['VAN', 'LAK', 'TOR', 'VGK', 'VGK']"
2022-2023,Bowen Byram,COL,D,52.6,58.1,54.7,47.7,46.4,66.2,88.5,91.0,85.9,56.4,80.8,73.5,66.7,80.8,84.6,112,99,107,47.0,97.0,80,28,22,34,93,46,63,79,46,37,234,88,179,Second Pair,42.0,918.8666666666668,10.0,14.0,24.0,6.103195204821301,50.76923076923077,49.27005963167796,8481524,D,73.0,205.0,2001-06-13,CAN,2019.0,1.0,4.0,L,21,"[None, None, 23, 58, 54]","[None, None, 34, 62, 54]","[None, None, 58, 49, 57]","[None, None, 'COL', 'COL', 'COL']"
2022-2023,Brad Hunt,COL,D,37.2,56.4,30.8,,,76.1,84.2,51.3,82.5,49.1,11.1,54.7,57.7,51.7,12.4,148,103,163,,,57,38,115,42,108,209,107,100,114,206,234,88,179,Fringe,47.0,527.0666666666667,4.0,6.0,10.0,1.8887540873634603,54.054054054054056,49.438701945562975,8476779,D,69.0,177.0,1988-08-24,CAN,,,,L,34,"[41, 59, None, 45, 38]","[43, 20, None, 66, 47]","[41, 65, None, 27, 39]","['MIN', 'MIN', None, 'VAN', 'COL']"
2022-2023,Braden Schneider,NYR,D,12.0,3.4,11.5,,,81.6,65.8,19.7,40.6,90.2,88.5,39.3,98.3,32.1,23.9,207,227,208,,,44,81,189,140,24,28,143,5,160,179,234,88,179,Third Pair,82.0,1273.45,5.0,13.0,18.0,3.4237138030875838,55.0561797752809,44.15273378408996,8482073,D,75.0,206.0,2001-09-20,CAN,2020.0,1.0,19.0,R,20,"[None, None, None, 23, 10]","[None, None, None, 11, 2]","[None, None, None, 27, 10]","[None, None, None, 'NYR', 'NYR']"
2022-2023,Brady Skjei,CAR,D,26.5,67.5,11.1,26.1,76.5,97.4,94.9,94.4,76.1,9.4,20.1,72.2,43.2,98.3,62.4,173,77,209,66.0,43.0,7,13,14,57,196,188,66,134,5,89,234,88,179,Second Pair,81.0,1766.4833333333331,18.0,20.0,38.0,10.31754937213256,50.84745762711864,56.01645286622712,8476869,D,75.0,210.0,1994-03-26,USA,2012.0,1.0,28.0,L,28,"[16, 10, 9, 28, 32]","[72, 79, 69, 72, 60]","[10, 3, 5, 3, 31]","['NYR', 'CAR', 'CAR', 'CAR', 'CAR']"
2022-2023,Brandon Carlo,BOS,D,67.9,2.1,90.2,,99.4,50.4,54.7,46.2,23.9,32.1,79.9,12.4,88.0,91.5,48.3,76,230,24,,2.0,117,107,127,179,145,48,206,29,21,122,234,88,179,Second Pair,75.0,1412.3,3.0,13.0,16.0,5.753672123742486,68.6046511627907,56.772546068940976,8478443,D,77.0,227.0,1996-11-26,USA,2015.0,2.0,37.0,R,25,"[47, 43, 67, 36, 80]","[20, 2, 19, 0, 9]","[90, 89, 70, 71, 94]","['BOS', 'BOS', 'BOS', 'BOS', 'BOS']"
2022-2023,Brandon Montour,FLA,D,39.3,85.9,4.3,84.1,25.7,91.0,96.2,99.1,81.2,33.3,22.2,88.9,81.6,85.0,26.1,143,34,225,15.0,134.0,22,10,3,45,142,183,27,44,36,174,234,88,179,First Pair,80.0,1930.1,16.0,57.0,73.0,16.65331284975125,57.638888888888886,53.24857364634439,8477986,D,72.0,199.0,1994-04-11,CAN,2014.0,2.0,55.0,R,28,"[1, 3, 2, 37, 57]","[6, 11, 48, 82, 90]","[12, 8, 2, 14, 3]","['BUF', 'BUF', 'FLA', 'FLA', 'FLA']"
2022-2023,Brayden McNabb,VGK,D,77.4,59.0,89.7,,23.5,3.4,7.3,47.9,26.1,57.3,87.6,23.9,60.3,73.9,50.4,54,97,25,,138.0,227,218,123,174,91,30,179,94,62,117,234,88,179,Second Pair,82.0,1627.1833333333334,1.0,16.0,17.0,4.530238935878475,53.44827586206896,53.09295243060521,8475188,D,76.0,215.0,1991-01-21,CAN,2009.0,3.0,66.0,L,31,"[83, 84, 75, 63, 82]","[98, 88, 76, 63, 50]","[64, 80, 71, 77, 94]","['VGK', 'VGK', 'VGK', 'VGK', 'VGK']"
2022-2023,Brendan Smith,NJD,D,27.8,54.7,31.2,,78.2,17.1,44.4,78.2,8.5,19.7,84.2,71.4,23.5,94.0,4.7,170,107,162,,40.0,195,131,52,215,173,38,68,180,15,224,234,88,179,Third Pair,60.0,933.2,0.0,5.0,5.0,3.5122406716321675,49.2063492063492,55.534820372443875,8474090,D,74.0,200.0,1989-02-08,CAN,2007.0,1.0,27.0,L,33,"[49, 54, 64, 36, 23]","[70, 24, 19, 52, 59]","[25, 39, 33, 24, 42]","['NYR', 'NYR', 'NYR', 'CAR', 'NJD']"
2022-2023,Brenden Dillon,WPG,D,82.1,68.4,91.9,,22.3,23.1,16.7,12.8,62.4,23.1,82.9,44.0,50.9,38.9,40.2,43,75,20,,140.0,181,196,205,89,165,41,132,116,144,141,234,88,179,Second Pair,82.0,1606.25,2.0,21.0,23.0,3.108165827414931,46.93877551020408,53.05041545736331,8475455,D,76.0,225.0,1990-11-13,CAN,,,,L,31,"[76, 27, 80, 47, 89]","[84, 48, 56, 78, 51]","[94, 96, 95, 35, 100]","['SJS', 'WSH', 'WSH', 'WPG', 'WPG']"
2022-2023,Brent Burns,CAR,D,78.2,91.9,35.9,68.2,49.7,99.1,94.0,85.5,88.0,9.0,0.4,70.1,64.5,93.2,80.3,52,20,151,29.0,91.0,3,15,35,29,197,234,71,84,17,47,234,88,179,First Pair,82.0,1903.65,18.0,43.0,61.0,13.008213022248043,58.71559633027523,59.87797480743312,8470613,D,77.0,228.0,1985-03-09,CAN,2003.0,1.0,20.0,R,37,"[63, 36, 46, 14, 94]","[97, 92, 97, 58, 96]","[3, 0, 7, 21, 58]","['SJS', 'SJS', 'SJS', 'SJS', 'CAR']"
2022-2023,Brett Kulak,EDM,D,53.0,28.6,79.5,,66.5,65.0,53.0,33.3,24.4,25.2,48.7,59.4,47.0,72.6,17.1,111,168,49,,61.0,83,111,157,178,161,121,96,125,65,195,234,88,179,Third Pair,82.0,1435.7666666666669,3.0,17.0,20.0,3.767980417015241,51.85185185185185,52.71218111790166,8476967,D,73.0,192.0,1994-01-06,CAN,2012.0,4.0,105.0,L,28,"[77, 83, 50, 80, 29]","[67, 75, 50, 56, 17]","[84, 85, 77, 89, 68]","['MTL', 'MTL', 'MTL', 'EDM', 'EDM']"
2022-2023,Brett Pesce,CAR,D,88.5,90.2,62.8,40.9,97.2,3.0,29.9,69.2,80.8,68.4,4.3,74.8,49.1,82.5,62.8,28,24,88,53.0,6.0,228,165,73,46,69,225,60,120,42,88,234,88,179,First Pair,82.0,1804.7833333333333,5.0,25.0,30.0,6.502412629397853,54.166666666666664,56.06149336300052,8477488,D,75.0,206.0,1994-11-15,USA,2013.0,3.0,66.0,R,27,"[98, 80, 98, 88, 81]","[86, 94, 98, 90, 87]","[96, 45, 78, 47, 67]","['CAR', 'CAR', 'CAR', 'CAR', 'CAR']"
2022-2023,Brian Dumoulin,PIT,D,70.9,17.9,72.6,,89.9,15.4,19.7,22.2,65.4,91.9,57.3,45.3,36.3,76.1,64.5,69,193,65,,19.0,199,189,183,82,20,101,129,150,57,84,234,88,179,Second Pair,82.0,1692.55,1.0,24.0,25.0,4.005529127441459,42.27642276422765,50.166707064803184,8475208,D,76.0,215.0,1991-09-06,USA,2009.0,2.0,51.0,L,30,"[93, 68, 83, 63, 70]","[85, 63, 61, 31, 13]","[90, 69, 68, 64, 77]","['PIT', 'PIT', 'PIT', 'PIT', 'PIT']"
2022-2023,Cal Foote,NSH,D,11.5,20.1,22.2,,57.0,51.3,47.9,41.5,23.5,20.1,65.4,34.6,97.4,61.1,6.0,208,188,183,,78.0,115,123,138,180,172,82,154,7,92,221,234,88,179,Third Pair,50.0,756.1166666666667,2.0,5.0,7.0,1.6607648695047466,56.60377358490566,43.56691380590786,8479984,D,77.0,224.0,1998-12-13,USA,2017.0,1.0,14.0,R,23,"[None, None, 18, 18, 10]","[None, None, 18, 28, 20]","[None, None, 25, 32, 19]","[None, None, 'TBL', 'TBL', 'NSH']"
2022-2023,Cale Makar,COL,D,98.7,87.2,89.3,97.7,20.1,98.3,98.3,97.9,98.3,96.6,11.5,98.3,90.6,98.7,73.5,4,31,26,3.0,144.0,5,5,6,5,9,208,5,23,4,63,234,88,179,First Pair,60.0,1582.8166666666666,17.0,49.0,66.0,13.76103569837737,59.13978494623656,58.82762785189294,8480069,D,72.0,187.0,1998-10-30,CAN,2017.0,1.0,4.0,R,23,"[None, 86, 97, 99, 96]","[None, 66, 85, 91, 85]","[None, 74, 74, 95, 87]","[None, 'COL', 'COL', 'COL', 'COL']"
2022-2023,Caleb Jones,CHI,D,38.0,36.8,66.2,8.0,,29.5,28.6,33.8,24.8,30.8,59.8,47.4,12.0,5.6,28.6,146,149,80,82.0,,166,168,156,177,148,95,124,207,222,168,234,88,179,Second Pair,73.0,1402.3,4.0,12.0,16.0,5.683268070202855,41.904761904761905,46.61486453746255,8478452,D,73.0,184.0,1997-06-06,USA,2015.0,4.0,117.0,L,25,"[29, 62, 54, 38, 43]","[29, 46, 21, 7, 67]","[40, 44, 53, 71, 62]","['EDM', 'EDM', 'EDM', 'CHI', 'CHI']"
2022-2023,Calen Addison,MIN,D,34.2,65.0,16.2,85.2,,79.9,72.2,16.7,3.8,17.7,10.3,92.3,3.8,35.9,0.4,155,83,197,14.0,,48,66,196,226,177,211,19,226,151,234,234,88,179,Third Pair,62.0,999.4333333333332,3.0,26.0,29.0,3.193546557890551,39.705882352941174,48.67543415207234,8480884,D,71.0,173.0,2000-04-11,CAN,2018.0,2.0,53.0,R,22,"[None, None, None, None, 36]","[None, None, None, None, 63]","[None, None, None, None, 21]","[None, None, None, None, 'MIN']"
2022-2023,Calle Rosen,STL,D,64.5,69.2,35.5,,43.6,97.0,100.0,57.3,71.8,59.6,3.8,76.1,100.0,9.4,28.2,84,73,152,,102.0,8,1,101,67,87,226,57,1,213,169,234,88,179,Third Pair,49.0,764.4666666666667,8.0,10.0,18.0,2.9833164871363573,63.76811594202898,48.75210997221198,8480157,D,73.0,188.0,1994-02-02,SWE,,,,L,28,"[None, None, None, None, 62]","[None, None, None, None, 67]","[None, None, None, None, 37]","[None, None, None, None, 'STL']"
2022-2023,Calvin de Haan,CAR,D,62.4,46.2,82.1,,,20.1,44.9,71.8,37.6,35.9,76.5,61.5,11.1,70.5,22.6,89,127,43,,,188,130,67,147,136,56,91,209,70,182,234,88,179,Third Pair,53.0,717.25,2.0,10.0,12.0,2.937284859788542,57.407407407407405,59.73762737512451,8475177,D,73.0,192.0,1991-05-09,CAN,2009.0,1.0,12.0,L,31,"[84, 65, 87, 62, 56]","[73, 57, 77, 21, 56]","[88, 57, 89, 89, 73]","['CAR', 'CHI', 'CHI', 'CHI', 'CAR']"
2022-2023,Cam Fowler,ANA,D,24.8,83.3,13.7,29.5,0.6,63.7,57.3,42.7,64.5,70.1,0.9,49.1,63.2,3.4,94.4,177,40,203,63.0,179.0,86,101,135,84,65,233,120,87,227,14,234,88,179,First Pair,82.0,1982.2166666666667,10.0,38.0,48.0,7.8983786002768825,42.96875,41.12369683825683,8475764,D,74.0,213.0,1991-12-05,CAN,2010.0,1.0,12.0,L,30,"[9, 74, 59, 68, 12]","[21, 83, 82, 89, 73]","[4, 40, 25, 59, 7]","['ANA', 'ANA', 'ANA', 'ANA', 'ANA']"
2022-2023,Cam York,PHI,D,66.7,60.3,46.2,13.6,,49.6,55.6,24.4,66.7,95.7,31.6,53.8,42.7,12.0,37.6,79,94,127,77.0,,119,105,178,79,11,161,109,135,207,147,234,88,179,Second Pair,54.0,1060.8666666666668,2.0,18.0,20.0,3.9837026393069377,50.0,50.89627088193084,8481546,D,72.0,194.0,2001-01-05,USA,2019.0,1.0,14.0,L,21,"[None, None, None, 57, 68]","[None, None, None, 50, 65]","[None, None, None, 42, 54]","[None, None, None, 'PHI', 'PHI']"
2022-2023,Carson Soucy,SEA,D,22.6,25.6,73.5,,70.9,87.2,80.8,53.4,34.6,1.3,73.1,51.7,85.5,50.0,30.3,182,175,63,,53.0,31,46,110,154,214,64,114,35,118,164,234,88,179,Third Pair,78.0,1270.7666666666669,3.0,13.0,16.0,3.434891270192306,58.42696629213483,50.8883840532857,8477369,D,76.0,211.0,1994-07-27,CAN,2013.0,5.0,137.0,L,28,"[None, 64, 6, 32, 24]","[None, 7, 6, 27, 28]","[None, 63, 69, 74, 73]","[None, 'MIN', 'MIN', 'SEA', 'SEA']"
2022-2023,Casey Fitzgerald,FLA,D,45.3,39.7,29.5,,31.3,36.8,2.6,37.6,67.1,91.5,89.7,77.4,7.3,28.6,82.1,129,142,166,,124.0,149,224,147,78,21,25,54,218,168,43,234,88,179,Fringe,27.0,321.73333333333335,0.0,3.0,3.0,0.9094843664050664,42.30769230769231,41.8080523623096,8479578,D,71.0,188.0,1997-02-25,USA,2016.0,3.0,86.0,R,25,"[None, None, None, 50, 47]","[None, None, None, 43, 42]","[None, None, None, 38, 31]","[None, None, None, 'BUF', 'FLA']"
2022-2023,Chad Ruhwedel,PIT,D,76.1,60.7,80.3,,76.0,58.5,29.1,26.1,13.2,51.3,81.6,64.1,14.5,66.2,61.5,57,93,47,,44.0,98,167,174,204,105,44,85,201,80,91,234,88,179,Third Pair,47.0,684.7166666666667,1.0,4.0,5.0,1.7055045971661176,44.680851063829785,52.44314388337942,8477244,D,71.0,189.0,1990-05-07,USA,,,,R,32,"[None, 69, 35, 91, 58]","[None, 40, 34, 69, 51]","[None, 54, 59, 90, 70]","[None, 'PIT', 'PIT', 'PIT', 'PIT']"
2022-2023,Charlie McAvoy,BOS,D,97.0,94.4,94.9,4.5,87.2,6.0,43.2,68.8,97.0,47.0,58.5,96.2,89.3,92.3,91.9,8,14,13,85.0,24.0,221,134,74,8,113,98,10,26,19,20,234,88,179,First Pair,67.0,1494.3,7.0,45.0,52.0,6.588845123427691,65.21739130434783,55.0721366131943,8479325,D,73.0,211.0,1997-12-21,USA,2016.0,1.0,14.0,R,24,"[89, 98, 96, 99, 82]","[70, 93, 95, 99, 87]","[88, 99, 94, 99, 80]","['BOS', 'BOS', 'BOS', 'BOS', 'BOS']"
2022-2023,Chris Tanev,CGY,D,97.9,50.9,100.0,,98.9,68.4,24.8,6.4,41.9,67.1,35.9,57.3,35.9,96.2,65.4,6,116,1,,3.0,75,177,220,137,72,151,101,151,10,82,234,88,179,Second Pair,65.0,1307.8166666666666,1.0,12.0,13.0,1.9367063147061228,51.13636363636363,59.77291859974705,8475690,D,75.0,200.0,1989-12-20,CAN,,,,R,32,"[67, 48, 99, 89, 97]","[4, 4, 4, 5, 81]","[95, 95, 100, 97, 99]","['VAN', 'VAN', 'CGY', 'CGY', 'CGY']"
2022-2023,Chris Wideman,MTL,D,18.4,45.7,18.4,43.2,,69.7,31.6,4.7,41.5,26.5,42.3,86.8,22.2,6.4,21.4,192,128,192,51.0,,72,161,224,138,158,136,32,183,220,185,234,88,179,Third Pair,46.0,621.55,0.0,6.0,6.0,0.837896328563537,44.44444444444444,41.38597651260661,8475227,D,70.0,180.0,1990-01-07,USA,2009.0,4.0,100.0,R,32,"[24, None, None, 53, 11]","[40, None, None, 51, 46]","[31, None, None, 40, 12]","['FLA', None, None, 'MTL', 'MTL']"
2022-2023,Cody Ceci,EDM,D,26.9,37.2,50.9,,15.1,16.2,29.5,43.6,32.9,40.8,63.7,29.9,54.7,94.4,79.5,172,148,116,,153.0,197,166,133,158,126,86,165,107,14,49,234,88,179,Second Pair,80.0,1610.75,1.0,14.0,15.0,4.761278997080398,48.67256637168141,52.244955558048915,8476879,D,75.0,210.0,1993-12-21,CAN,2012.0,1.0,15.0,R,28,"[15, 37, 29, 69, 15]","[68, 18, 33, 68, 23]","[4, 47, 11, 72, 37]","['OTT', 'TOR', 'PIT', 'EDM', 'EDM']"
2022-2023,Colin Miller,DAL,D,54.7,17.1,75.6,,,80.3,67.5,32.1,57.7,69.7,52.6,83.8,84.6,62.8,57.7,107,195,58,,,47,77,160,100,66,112,39,37,88,100,234,88,179,Third Pair,79.0,1325.0,6.0,15.0,21.0,5.575815677236035,61.61616161616161,53.39084036445849,8476525,D,73.0,200.0,1992-10-29,CAN,2012.0,5.0,151.0,R,29,"[84, 76, 79, 46, 57]","[87, 68, 53, 26, 15]","[90, 80, 86, 67, 75]","['VGK', 'BUF', 'BUF', 'BUF', 'DAL']"
2022-2023,Colton Parayko,STL,D,63.7,7.3,90.6,,21.2,10.3,46.2,62.4,46.2,79.1,30.8,6.4,48.7,19.2,96.2,86,218,23,,142.0,211,127,89,127,45,163,220,121,190,10,234,88,179,First Pair,79.0,1817.2166666666667,4.0,23.0,27.0,5.763092777961438,40.65040650406504,44.72852086785025,8476892,D,78.0,228.0,1993-05-12,CAN,2012.0,3.0,86.0,R,29,"[95, 88, 58, 90, 29]","[33, 63, 30, 35, 3]","[97, 95, 82, 93, 88]","['STL', 'STL', 'STL', 'STL', 'STL']"
2022-2023,Colton White,ANA,D,35.9,32.9,33.3,,48.0,35.0,2.6,29.9,20.1,71.4,65.8,13.2,70.1,4.3,39.3,151,158,157,,94.0,153,224,165,188,62,81,204,71,225,143,234,88,179,Third Pair,46.0,668.3833333333333,0.0,6.0,6.0,1.5881292300246208,37.735849056603776,37.888469231112694,8478841,D,73.0,187.0,1997-05-03,CAN,2015.0,4.0,97.0,L,25,"[None, None, None, 49, 28]","[None, None, None, 55, 24]","[None, None, None, 45, 34]","[None, None, None, 'NJD', 'ANA']"
2022-2023,Connor Clifton,BOS,D,39.7,10.3,76.1,,79.9,18.4,46.6,66.7,48.7,45.7,95.3,45.7,73.9,71.4,11.1,142,211,57,,37.0,192,126,79,121,116,12,128,62,68,209,234,88,179,Third Pair,78.0,1392.75,5.0,18.0,23.0,5.699920778777994,58.58585858585859,51.43864614307469,8477365,D,72.0,196.0,1995-04-28,USA,2013.0,5.0,133.0,R,27,"[43, 43, 10, 69, 35]","[32, 13, 1, 9, 20]","[48, 38, 80, 86, 64]","['BOS', 'BOS', 'BOS', 'BOS', 'BOS']"
2022-2023,Connor Mackey,ARI,D,16.7,35.0,12.0,,32.4,74.8,97.9,57.7,22.2,50.0,92.3,46.2,26.5,29.9,9.0,196,153,207,,122.0,60,6,100,183,107,19,127,173,165,214,234,88,179,Third Pair,30.0,421.4166666666667,3.0,4.0,7.0,1.351376905153947,44.680851063829785,43.93619684536675,8482067,D,75.0,205.0,1996-09-12,USA,,,,L,25,"[None, None, None, None, 20]","[None, None, None, None, 40]","[None, None, None, None, 15]","[None, None, None, None, 'ARI']"
2022-2023,Connor Murphy,CHI,D,51.3,2.6,91.0,,17.9,80.8,52.6,13.2,6.0,57.7,81.2,2.6,39.7,2.6,51.7,115,229,22,,148.0,46,112,204,221,90,45,229,142,229,114,234,88,179,Second Pair,80.0,1551.2,7.0,6.0,13.0,3.5463791523942354,40.95238095238095,42.23896943528839,8476473,D,76.0,212.0,1993-03-26,USA,2011.0,1.0,20.0,R,29,"[30, 60, 88, 39, 52]","[9, 49, 55, 5, 3]","[66, 64, 73, 90, 91]","['CHI', 'CHI', 'CHI', 'CHI', 'CHI']"
2022-2023,Conor Timmins,TOR,D,43.2,36.3,48.3,45.5,,59.0,77.4,2.6,90.6,65.0,44.0,73.1,29.1,90.6,2.6,134,150,122,49.0,,97,54,229,23,77,132,64,167,23,229,234,88,179,Third Pair,27.0,407.43333333333334,2.0,12.0,14.0,0.8083140805057373,50.0,54.10589617406942,8479982,D,75.0,213.0,1998-09-18,CAN,2017.0,2.0,32.0,R,23,"[None, None, 60, None, 45]","[None, None, 58, None, 38]","[None, None, 52, None, 47]","[None, None, 'COL', None, 'TOR']"
2022-2023,Damon Severson,NJD,D,96.6,100.0,64.5,11.4,79.3,44.9,59.4,67.1,91.0,10.3,9.0,56.0,20.5,73.1,61.1,9,1,84,79.0,38.0,130,96,78,22,194,214,104,187,64,92,234,88,179,Second Pair,81.0,1616.35,7.0,27.0,34.0,6.105625785486476,54.385964912280706,59.0690877067683,8476923,D,74.0,204.0,1994-08-07,CAN,2012.0,2.0,60.0,R,28,"[48, 82, 78, 66, 98]","[90, 85, 98, 95, 100]","[7, 31, 16, 30, 79]","['NJD', 'NJD', 'NJD', 'NJD', 'NJD']"
2022-2023,Dante Fabbro,NSH,D,48.3,53.4,70.5,,44.7,9.0,9.8,23.1,53.8,24.8,58.1,47.9,42.3,50.4,41.9,122,110,70,,100.0,214,212,181,109,162,99,123,136,117,137,234,88,179,Third Pair,79.0,1378.35,2.0,9.0,11.0,4.104135709878872,44.44444444444444,48.307911757511846,8479371,D,72.0,200.0,1998-06-20,CAN,2016.0,1.0,17.0,R,24,"[None, 17, 19, 72, 36]","[None, 1, 7, 58, 57]","[None, 59, 66, 66, 71]","[None, 'NSH', 'NSH', 'NSH', 'NSH']"
2022-2023,Darnell Nurse,EDM,D,38.5,90.6,52.1,19.3,3.4,52.1,85.9,94.9,73.5,2.6,50.9,41.9,58.1,91.9,89.3,145,23,113,72.0,174.0,113,34,13,63,211,116,137,99,20,26,234,88,179,First Pair,82.0,1926.65,12.0,31.0,43.0,11.450607769938044,52.112676056338024,53.19965080082761,8477498,D,76.0,215.0,1995-02-04,CAN,2013.0,1.0,7.0,L,27,"[11, 11, 33, 31, 50]","[19, 80, 92, 86, 92]","[17, 41, 6, 62, 53]","['EDM', 'EDM', 'EDM', 'EDM', 'EDM']"
2022-2023,David Savard,MTL,D,30.3,50.0,48.7,,4.5,45.3,33.8,28.6,31.6,55.1,45.3,9.0,12.4,13.2,98.7,164,118,121,,172.0,129,156,168,161,96,129,214,206,204,4,234,88,179,First Pair,62.0,1388.0,3.0,17.0,20.0,2.818615000133591,40.21739130434783,43.70915542842558,8475233,D,73.0,235.0,1990-10-22,CAN,2009.0,4.0,94.0,R,31,"[96, 71, 67, 26, 32]","[80, 61, 9, 60, 48]","[98, 91, 93, 24, 54]","['CBJ', 'CBJ', 'TBL', 'MTL', 'MTL']"
2022-2023,Derek Forbort,BOS,D,17.9,1.3,63.7,,73.7,81.2,63.7,6.0,35.9,53.4,77.4,9.4,58.5,77.8,33.3,193,232,86,,48.0,45,86,221,151,100,54,213,98,53,157,234,88,179,Third Pair,54.0,957.5333333333332,5.0,7.0,12.0,1.6756648411407336,53.333333333333336,46.906319243645115,8475762,D,76.0,216.0,1992-03-04,USA,2010.0,1.0,15.0,L,30,"[6, 38, 11, 21, 22]","[3, 24, 1, 1, 6]","[68, 48, 73, 74, 50]","['LAK', 'CGY', 'WPG', 'BOS', 'BOS']"
2022-2023,Devon Toews,COL,D,99.1,96.2,96.6,20.5,96.1,79.5,81.2,85.0,85.0,77.4,6.4,88.5,91.0,91.0,77.4,3,10,9,71.0,8.0,49,45,36,36,49,220,28,22,22,54,234,88,179,First Pair,80.0,2008.5,7.0,43.0,50.0,8.994712884757266,59.3984962406015,57.63383164876467,8478038,D,73.0,191.0,1994-02-21,CAN,2014.0,4.0,108.0,L,28,"[78, 94, 99, 94, 99]","[72, 92, 89, 89, 97]","[50, 84, 98, 85, 96]","['NYI', 'NYI', 'COL', 'COL', 'COL']"
2022-2023,Dmitry Kulikov,PIT,D,35.5,44.0,67.1,,2.2,59.8,49.6,39.7,68.8,60.7,51.7,16.7,75.2,10.7,65.8,152,132,78,,176.0,95,119,142,74,86,114,196,59,210,81,234,88,179,Second Pair,67.0,1304.7666666666669,3.0,13.0,16.0,3.9200796641289637,40.0,38.53356505878596,8475179,D,73.0,212.0,1990-10-29,RUS,2009.0,1.0,14.0,L,31,"[18, 17, 36, 86, 12]","[25, 32, 75, 57, 34]","[53, 71, 90, 95, 24]","['WPG', 'WPG', 'EDM', 'MIN', 'PIT']"
2022-2023,Dmitry Orlov,BOS,D,91.9,91.5,84.6,10.2,24.0,89.3,82.9,74.4,68.4,44.9,48.3,42.7,82.5,54.3,52.1,20,21,37,80.0,137.0,26,41,61,75,118,122,135,42,108,113,234,88,179,First Pair,66.0,1488.0,7.0,29.0,36.0,7.175126265147009,53.333333333333336,52.74378030079352,8475200,D,71.0,215.0,1991-07-23,RUS,2009.0,2.0,55.0,L,31,"[41, 85, 85, 95, 85]","[40, 96, 89, 90, 91]","[50, 76, 76, 94, 75]","['WSH', 'WSH', 'WSH', 'WSH', 'BOS']"
2022-2023,Dougie Hamilton,NJD,D,92.3,99.1,17.5,95.5,,95.3,97.0,100.0,79.5,6.8,16.7,79.5,52.6,87.2,38.9,19,3,194,5.0,,12,8,1,49,201,196,49,112,31,144,234,88,179,Second Pair,82.0,1785.5,22.0,53.0,75.0,14.772932608956456,59.12408759124088,56.544878365669646,8476462,D,78.0,230.0,1993-06-17,CAN,2011.0,1.0,9.0,R,29,"[99, 94, 96, 70, 95]","[100, 98, 100, 95, 98]","[32, 59, 36, 12, 23]","['CAR', 'CAR', 'CAR', 'NJD', 'NJD']"
2022-2023,Drew Doughty,LAK,D,84.6,51.3,85.0,59.1,60.3,48.3,30.8,25.6,54.7,94.0,44.4,53.0,16.7,85.5,87.6,37,115,36,37.0,72.0,122,163,175,107,15,131,111,196,35,30,234,88,179,First Pair,81.0,2124.55,9.0,43.0,52.0,8.84451326855109,51.75438596491229,52.54771742185272,8474563,D,73.0,210.0,1989-12-08,CAN,2008.0,1.0,2.0,R,32,"[10, 3, 71, 67, 93]","[28, 11, 74, 65, 41]","[58, 20, 75, 70, 88]","['LAK', 'LAK', 'LAK', 'LAK', 'LAK']"
2022-2023,Dylan DeMelo,WPG,D,83.3,66.7,96.2,,7.8,13.2,10.7,29.5,63.2,30.3,62.8,48.3,68.4,57.7,45.7,40,79,10,,166.0,204,210,166,87,149,88,122,75,100,128,234,88,179,Second Pair,75.0,1467.0666666666666,6.0,21.0,27.0,4.7496767297733875,51.45631067961165,54.04326866210227,8476331,D,73.0,194.0,1993-05-01,CAN,2011.0,6.0,179.0,R,29,"[87, 85, 65, 86, 79]","[88, 91, 70, 87, 31]","[49, 92, 79, 93, 97]","['OTT', 'WPG', 'WPG', 'WPG', 'WPG']"
2022-2023,Dylan Samberg,WPG,D,72.2,62.0,78.6,,86.6,67.1,37.2,4.3,3.4,24.1,76.9,59.0,71.4,53.4,16.2,66,90,51,,25.0,78,148,225,227,163,55,97,68,110,197,234,88,179,Third Pair,63.0,940.3333333333334,2.0,6.0,8.0,1.3203745699972302,56.36363636363636,55.63942023276531,8480049,D,76.0,216.0,1999-01-24,USA,2017.0,2.0,43.0,L,23,"[None, None, None, None, 67]","[None, None, None, None, 61]","[None, None, None, None, 73]","[None, None, None, None, 'WPG']"
2022-2023,Erik Brannstrom,OTT,D,52.1,70.9,41.5,65.9,29.1,13.7,17.9,50.9,44.4,51.7,32.9,88.0,24.4,38.5,20.1,113,69,138,31.0,128.0,203,193,116,131,104,158,29,178,145,188,234,88,179,Third Pair,74.0,1192.4,2.0,16.0,18.0,4.021519343162645,50.0,54.98876500204635,8480073,D,70.0,185.0,1999-09-02,SWE,2017.0,1.0,15.0,L,22,"[None, 26, 38, 16, 74]","[None, 28, 37, 27, 84]","[None, 39, 29, 19, 61]","[None, 'OTT', 'OTT', 'OTT', 'OTT']"
2022-2023,Erik Cernak,TBL,D,80.8,67.9,80.8,,90.5,8.5,18.8,51.7,72.2,48.7,91.5,17.5,37.6,88.9,92.7,46,76,46,,18.0,215,191,114,66,109,21,194,147,27,18,234,88,179,Second Pair,70.0,1346.8166666666666,2.0,14.0,16.0,3.8284998180210135,50.54945054945055,52.82521189311855,8478416,D,76.0,230.0,1997-05-28,SVK,2015.0,2.0,43.0,R,25,"[74, 56, 82, 81, 75]","[51, 11, 40, 69, 69]","[77, 72, 87, 73, 81]","['TBL', 'TBL', 'TBL', 'TBL', 'TBL']"
2022-2023,Erik Gudbranson,CBJ,D,1.7,18.4,2.1,,88.3,46.2,39.3,34.6,19.7,16.2,73.9,70.9,33.3,41.9,36.8,231,192,230,,22.0,127,143,154,189,180,62,69,157,137,149,234,88,179,Second Pair,70.0,1490.9333333333334,1.0,12.0,13.0,3.846589480356014,37.38317757009346,41.207514438718015,8475790,D,77.0,222.0,1992-01-07,CAN,2010.0,1.0,3.0,R,30,"[11, 9, 5, 50, 0]","[9, 16, 26, 70, 6]","[21, 21, 7, 16, 1]","['PIT', 'ANA', 'NSH', 'CGY', 'CBJ']"
2022-2023,Erik Gustafsson,TOR,D,57.3,65.4,32.9,38.6,,85.0,77.8,65.8,83.8,76.1,26.5,100.0,65.0,27.8,35.0,101,82,158,55.0,,36,53,81,39,52,173,1,83,170,153,234,88,179,Second Pair,70.0,1384.1,7.0,35.0,42.0,6.928304542942866,56.84210526315789,53.7735207295371,8476979,D,72.0,190.0,1992-03-14,SWE,2012.0,4.0,93.0,L,30,"[45, 52, 47, 27, 72]","[90, 82, 37, 52, 72]","[8, 2, 23, 18, 51]","['CHI', 'CGY', 'MTL', 'CHI', 'TOR']"
2022-2023,Erik Johnson,COL,D,33.8,71.4,29.1,,14.0,17.9,37.6,72.6,41.0,37.2,74.8,27.8,86.8,64.5,18.8,156,68,167,,155.0,193,147,65,139,133,60,170,32,84,191,234,88,179,Third Pair,63.0,1087.0333333333333,0.0,8.0,8.0,3.4557283633601066,52.94117647058824,48.9989355139751,8473446,D,76.0,225.0,1988-03-21,USA,2006.0,1.0,1.0,R,34,"[67, 49, None, 65, 19]","[78, 70, None, 76, 57]","[64, 45, None, 52, 22]","['COL', 'COL', None, 'COL', 'COL']"
2022-2023,Erik Karlsson,SJS,D,85.5,98.7,1.3,75.0,,100.0,99.1,90.6,100.0,86.8,2.6,94.0,30.8,51.3,68.4,35,4,232,23.0,,1,3,23,1,31,229,15,163,115,75,234,88,179,First Pair,82.0,2100.4333333333334,25.0,76.0,101.0,11.963075790609198,50.0,50.60365468144735,8474578,D,72.0,185.0,1990-05-31,SWE,2008.0,1.0,15.0,R,32,"[88, 87, 60, 71, 91]","[98, 93, 95, 96, 99]","[43, 31, 1, 3, 1]","['SJS', 'SJS', 'SJS', 'SJS', 'SJS']"
2022-2023,Esa Lindell,DAL,D,57.7,7.7,81.2,,89.4,72.2,58.1,38.0,48.3,64.5,46.2,6.0,78.6,62.4,46.6,100,217,45,,20.0,66,99,146,122,78,127,221,51,89,126,234,88,179,Second Pair,82.0,1633.1833333333334,8.0,16.0,24.0,6.609455625764133,54.54545454545454,51.72768321349128,8476902,D,75.0,217.0,1994-05-23,FIN,2012.0,3.0,74.0,L,28,"[13, 37, 9, 40, 73]","[0, 3, 0, 1, 39]","[75, 67, 87, 81, 78]","['DAL', 'DAL', 'DAL', 'DAL', 'DAL']"
2022-2023,Ethan Bear,VAN,D,60.7,74.4,42.7,,29.6,44.4,62.4,73.1,45.7,56.8,30.3,62.4,23.1,65.4,32.1,93,61,135,,127.0,131,89,64,128,92,164,89,181,82,160,234,88,179,Second Pair,61.0,1130.15,3.0,13.0,16.0,4.050361612240062,50.0,48.73371045858403,8478451,D,71.0,219.0,1997-06-26,CAN,2015.0,5.0,124.0,R,25,"[None, 74, 82, 44, 65]","[None, 86, 79, 81, 65]","[None, 17, 71, 11, 65]","[None, 'EDM', 'EDM', 'CAR', 'VAN']"
2022-2023,Evan Bouchard,EDM,D,87.6,92.7,47.9,90.9,,76.5,82.1,89.7,82.9,38.5,29.5,85.5,28.6,95.3,22.2,30,18,123,9.0,,56,43,25,41,130,166,35,168,12,183,234,88,179,Second Pair,82.0,1518.35,8.0,32.0,40.0,9.008085561177129,54.03225806451613,58.273090797297755,8480803,D,75.0,192.0,1999-10-20,CAN,2018.0,1.0,10.0,R,22,"[None, None, 47, 76, 92]","[None, None, 39, 88, 94]","[None, None, 40, 31, 61]","[None, None, 'EDM', 'EDM', 'EDM']"
2022-2023,Filip Hronek,VAN,D,56.8,30.8,56.4,52.3,71.5,20.9,39.7,50.4,59.0,88.0,27.4,26.9,73.5,17.1,68.8,102,163,103,43.0,52.0,186,142,117,97,29,171,172,63,195,74,234,88,179,Second Pair,64.0,1388.7833333333333,9.0,30.0,39.0,6.618476804859866,54.65116279069767,46.582877844127054,8479425,D,72.0,190.0,1997-11-02,CZE,2016.0,2.0,53.0,R,24,"[51, 21, 10, 54, 66]","[18, 4, 23, 41, 27]","[58, 28, 12, 29, 70]","['DET', 'DET', 'DET', 'DET', 'VAN']"
2022-2023,Gavin Bayreuther,CBJ,D,29.5,51.7,22.6,,36.9,34.2,15.8,40.2,70.9,58.1,52.1,65.8,17.1,5.1,59.8,166,114,182,,114.0,155,198,141,69,89,113,81,195,223,95,234,88,179,Third Pair,51.0,813.3,2.0,12.0,14.0,2.2564918348170884,35.714285714285715,42.80012708149032,8479945,D,74.0,210.0,1994-05-12,USA,,,,L,28,"[37, None, None, 41, 25]","[42, None, None, 51, 55]","[39, None, None, 36, 17]","['DAL', None, None, 'CBJ', 'CBJ']"
2022-2023,Gustav Forsling,FLA,D,55.1,78.6,12.8,25.0,10.6,99.6,95.7,90.2,90.2,65.4,17.1,35.9,85.0,99.1,83.8,106,51,205,67.0,161.0,2,11,24,24,76,195,151,36,3,39,234,88,179,First Pair,82.0,1921.7333333333331,13.0,28.0,41.0,8.583099089587407,54.48275862068965,51.54709741262909,8478055,D,73.0,199.0,1996-06-12,SWE,2014.0,5.0,126.0,L,26,"[10, None, 76, 75, 37]","[24, None, 81, 84, 70]","[15, None, 20, 39, 8]","['CHI', None, 'FLA', 'FLA', 'FLA']"
2022-2023,Gustav Lindstrom,DET,D,15.4,21.8,28.6,,,54.3,13.7,2.1,56.8,26.9,56.4,62.0,3.0,13.7,11.5,199,184,168,,,108,203,230,102,157,103,90,228,203,208,234,88,179,Third Pair,36.0,510.1,1.0,7.0,8.0,0.8031564789374376,31.818181818181817,40.48190199264092,8480184,D,74.0,194.0,1998-10-20,SWE,2017.0,2.0,38.0,R,23,"[None, 22, 48, 19, 16]","[None, 42, 42, 16, 22]","[None, 40, 37, 33, 32]","[None, 'DET', 'DET', 'DET', 'DET']"
2022-2023,Hampus Lindholm,BOS,D,91.5,85.5,88.0,42.0,84.4,51.7,66.7,70.9,77.8,31.2,21.8,63.2,90.2,69.7,94.0,21,35,29,52.0,29.0,114,79,69,53,147,184,87,24,72,15,234,88,179,First Pair,80.0,1854.95,10.0,43.0,53.0,9.495904577944927,67.85714285714286,57.71962605210174,8476854,D,76.0,217.0,1994-01-20,SWE,2012.0,1.0,6.0,L,28,"[79, 82, 61, 79, 95]","[93, 83, 74, 78, 90]","[92, 77, 68, 79, 90]","['ANA', 'ANA', 'ANA', 'BOS', 'BOS']"
2022-2023,Haydn Fleury,TBL,D,50.0,24.4,55.1,,39.1,38.9,21.4,84.6,0.9,90.6,72.6,35.0,5.1,52.1,19.2,118,178,106,,110.0,144,185,37,233,23,65,153,223,113,190,234,88,179,Fringe,29.0,370.98333333333335,0.0,1.0,1.0,1.7372500260055257,27.27272727272727,49.20603678489214,8477938,D,76.0,207.0,1996-07-08,CAN,2014.0,1.0,7.0,L,26,"[None, 46, 32, 34, 61]","[None, 12, 14, 12, 33]","[None, 32, 42, 59, 52]","[None, 'CAR', 'ANA', 'SEA', 'TBL']"
2022-2023,Henri Jokiharju,BUF,D,13.7,49.1,9.0,,15.6,70.1,41.5,9.0,26.5,35.5,26.9,76.9,29.5,37.2,88.0,203,120,214,,152.0,71,138,214,173,137,172,55,166,148,29,234,88,179,Second Pair,60.0,1261.4666666666667,3.0,10.0,13.0,2.6883805754781362,45.37815126050421,48.508468592920025,8480035,D,72.0,205.0,1999-06-17,FIN,2017.0,1.0,29.0,R,23,"[25, 38, 68, 6, 17]","[53, 64, 58, 42, 53]","[37, 71, 52, 4, 15]","['CHI', 'BUF', 'BUF', 'BUF', 'BUF']"
2022-2023,Ian Cole,TBL,D,86.3,84.2,98.3,,91.1,20.5,25.6,36.3,50.9,0.4,63.2,33.3,61.5,70.1,24.4,33,38,5,,17.0,187,175,150,116,216,87,157,91,71,178,234,88,179,Second Pair,78.0,1512.1333333333332,3.0,14.0,17.0,4.869273195081545,51.48514851485149,53.92287540782292,8474013,D,73.0,237.0,1989-02-21,USA,2007.0,1.0,18.0,L,33,"[36, 83, 32, 74, 92]","[62, 81, 68, 90, 80]","[94, 91, 89, 90, 99]","['COL', 'COL', 'MIN', 'CAR', 'TBL']"
2022-2023,Ian Mitchell,CHI,D,13.2,41.0,5.1,36.4,,56.8,32.5,5.1,33.3,65.8,21.4,87.2,54.3,1.7,3.8,204,139,223,57.0,,102,159,223,157,75,185,31,108,231,226,234,88,179,Third Pair,35.0,554.3666666666667,1.0,7.0,8.0,1.0191645809919714,40.909090909090914,36.89387784276976,8480070,D,71.0,198.0,1999-01-18,CAN,2017.0,2.0,57.0,R,23,"[None, None, 23, None, 15]","[None, None, 28, None, 45]","[None, None, 26, None, 5]","[None, None, 'CHI', None, 'CHI']"
2022-2023,Ilya Lyubushkin,BUF,D,11.1,5.1,67.5,,6.7,42.7,8.5,3.4,33.8,17.1,82.5,14.1,38.9,32.9,17.5,209,223,77,,168.0,135,215,227,156,178,42,202,144,158,194,234,88,179,Third Pair,68.0,1020.6,2.0,12.0,14.0,1.2155830848324487,44.927536231884055,45.54964901250364,8480950,D,74.0,206.0,1994-04-06,RUS,,,,R,28,"[54, 73, 57, 17, 8]","[34, 61, 18, 2, 15]","[42, 78, 71, 97, 27]","['ARI', 'ARI', 'ARI', 'TOR', 'BUF']"
2022-2023,Ivan Provorov,PHI,D,7.3,6.8,36.3,1.1,17.3,82.5,73.1,65.4,13.7,48.3,28.6,38.5,18.4,22.2,86.8,218,219,150,88.0,149.0,42,64,82,203,110,168,145,192,183,32,234,88,179,First Pair,82.0,1887.8666666666668,6.0,21.0,27.0,6.186821709100904,42.42424242424242,45.28061499653357,8478500,D,73.0,224.0,1997-01-13,RUS,2015.0,1.0,7.0,L,25,"[58, 63, 13, 34, 5]","[26, 23, 8, 53, 1]","[65, 75, 54, 56, 29]","['PHI', 'PHI', 'PHI', 'PHI', 'PHI']"
2022-2023,J.J. Moser,ARI,D,5.1,17.5,14.1,12.5,2.8,61.1,58.5,27.8,72.6,58.5,38.5,2.1,83.8,15.8,97.9,223,194,202,78.0,175.0,92,98,170,65,88,145,230,39,198,6,234,88,179,Second Pair,82.0,1726.15,7.0,24.0,31.0,5.311459217855667,44.85981308411215,43.52146149712129,8482655,D,74.0,183.0,2000-06-06,CHE,2021.0,2.0,60.0,L,22,"[None, None, None, 26, 4]","[None, None, None, 22, 19]","[None, None, None, 16, 20]","[None, None, None, 'ARI', 'ARI']"
2022-2023,Jaccob Slavin,CAR,D,99.6,98.3,95.7,,100.0,2.1,41.0,83.3,74.4,94.9,7.7,86.3,56.8,94.9,55.1,2,5,11,,1.0,230,139,40,61,13,217,33,102,13,106,234,88,179,Second Pair,76.0,1671.3666666666666,7.0,20.0,27.0,7.451412524003139,54.629629629629626,59.911244357495654,8476958,D,75.0,207.0,1994-05-01,USA,2012.0,4.0,120.0,L,28,"[95, 99, 94, 100, 99]","[96, 89, 96, 98, 97]","[55, 88, 65, 98, 92]","['CAR', 'CAR', 'CAR', 'CAR', 'CAR']"
2022-2023,Jack Johnson,COL,D,0.4,0.4,6.0,,16.8,29.1,19.2,8.1,1.7,40.2,49.1,5.1,26.1,29.5,23.5,234,234,221,,150.0,167,190,216,231,127,120,223,174,166,180,234,88,179,Second Pair,83.0,1588.8833333333332,2.0,6.0,8.0,3.5677499469296667,39.175257731958766,40.362122574404935,8471677,D,74.0,225.0,1987-01-13,USA,2005.0,1.0,3.0,L,35,"[1, 0, 18, 0, 0]","[3, 0, 13, 3, 0]","[9, 12, 34, 13, 6]","['PIT', 'PIT', 'NYR', 'COL', 'COL']"
2022-2023,Jacob Bernard-Docker,OTT,D,38.9,43.2,41.9,,,39.3,2.6,70.1,0.4,59.6,59.0,69.7,5.6,74.4,91.0,144,134,137,,,143,224,71,234,87,97,72,222,61,22,234,88,179,Third Pair,19.0,304.31666666666666,0.0,1.0,1.0,1.129725191940016,38.88888888888889,51.561897284605465,8480879,D,73.0,196.0,2000-06-30,CAN,2018.0,1.0,26.0,R,22,"[None, None, None, None, 44]","[None, None, None, None, 45]","[None, None, None, None, 42]","[None, None, None, None, 'OTT']"
2022-2023,Jacob Bryson,BUF,D,61.5,41.9,59.8,,41.9,46.6,6.0,0.4,11.5,87.4,28.2,50.9,6.0,26.1,66.2,91,137,95,,105.0,126,221,234,208,30,169,116,221,174,80,234,88,179,Third Pair,59.0,860.5833333333334,1.0,8.0,9.0,0.9647595150409017,33.33333333333333,46.11841258101229,8480196,D,69.0,177.0,1997-11-18,CAN,2017.0,4.0,99.0,L,24,"[None, None, 56, 82, 44]","[None, None, 58, 53, 36]","[None, None, 33, 82, 41]","[None, None, 'BUF', 'BUF', 'BUF']"
2022-2023,Jacob MacDonald,SJS,D,59.4,63.7,60.7,,,3.8,17.5,99.6,49.1,70.9,69.7,34.2,10.7,45.3,20.9,96,86,93,,,226,194,2,120,63,72,155,210,129,186,234,88,179,Fringe,58.0,698.2833333333333,1.0,7.0,8.0,5.234165067285366,36.95652173913043,49.84076613217446,8479439,D,72.0,204.0,1993-02-26,USA,,,,L,29,"[None, None, 55, None, 59]","[None, None, 56, None, 64]","[None, None, 68, None, 59]","[None, None, 'COL', None, 'SJS']"
2022-2023,Jacob Trouba,NYR,D,47.9,79.9,38.5,23.9,38.5,22.2,74.8,88.0,75.2,21.8,80.3,29.1,59.0,58.5,76.5,123,48,145,68.0,111.0,183,60,29,59,168,47,167,97,98,56,234,88,179,Second Pair,82.0,1738.0666666666666,8.0,22.0,30.0,8.860327163410249,48.888888888888886,48.045821934501355,8476885,D,75.0,212.0,1994-02-26,USA,2012.0,1.0,9.0,R,28,"[25, 15, 72, 59, 41]","[83, 62, 80, 83, 72]","[66, 42, 63, 45, 41]","['WPG', 'NYR', 'NYR', 'NYR', 'NYR']"
2022-2023,Jake Christiansen,CBJ,D,56.0,41.5,35.0,,,43.2,2.6,20.1,18.4,97.0,47.4,91.0,22.6,1.3,12.8,104,138,153,,,134,224,188,192,8,124,22,182,232,205,234,88,179,Third Pair,24.0,365.31666666666666,0.0,4.0,4.0,1.334621303944645,42.857142857142854,45.26692492961376,8481161,D,72.0,199.0,1999-09-12,CAN,,,,L,22,"[None, None, None, None, 54]","[None, None, None, None, 44]","[None, None, None, None, 36]","[None, None, None, None, 'CBJ']"
2022-2023,Jake McCabe,TOR,D,77.8,46.6,82.5,,86.0,19.7,44.0,50.0,67.9,73.5,74.4,21.4,82.9,18.4,96.6,53,126,42,,26.0,189,132,118,76,57,61,185,41,192,9,234,88,179,Second Pair,76.0,1480.1,3.0,22.0,25.0,4.506300757979061,56.481481481481474,48.94853037048576,8476931,D,73.0,210.0,1993-10-12,USA,2012.0,2.0,44.0,L,28,"[42, 58, 70, 30, 90]","[30, 5, 35, 5, 76]","[72, 97, 70, 66, 87]","['BUF', 'BUF', 'BUF', 'CHI', 'TOR']"
2022-2023,Jake Middleton,MIN,D,12.4,5.6,56.0,,60.9,41.9,40.2,35.0,17.9,15.8,47.9,27.4,85.9,79.5,88.9,206,222,104,,71.0,137,141,153,193,181,123,171,34,49,27,234,88,179,Second Pair,79.0,1504.1,3.0,12.0,15.0,4.883943662339964,52.27272727272727,48.69941428458907,8478136,D,75.0,219.0,1996-01-02,CAN,2014.0,7.0,210.0,L,26,"[None, None, None, 32, 7]","[None, None, None, 18, 4]","[None, None, None, 57, 52]","[None, None, None, 'MIN', 'MIN']"
2022-2023,Jake Sanderson,OTT,D,85.0,67.1,56.8,79.5,46.9,4.7,18.4,61.1,57.3,100.0,36.3,29.5,13.2,49.6,99.1,36,78,102,19.0,96.0,224,192,92,101,1,150,166,204,119,3,234,88,179,Second Pair,77.0,1687.8666666666666,4.0,28.0,32.0,7.99907466788813,45.54455445544555,48.58736196219044,8482105,D,74.0,202.0,2002-07-08,USA,2020.0,1.0,5.0,L,20,"[None, None, None, None, 83]","[None, None, None, None, 66]","[None, None, None, None, 53]","[None, None, None, None, 'OTT']"
2022-2023,Jake Walman,DET,D,76.9,74.8,71.8,27.3,30.7,74.4,85.5,98.3,10.7,54.7,15.8,52.6,14.1,31.2,83.3,55,60,67,65.0,125.0,61,35,5,210,97,198,112,202,162,40,234,88,179,Second Pair,63.0,1242.2666666666669,9.0,9.0,18.0,7.234967538807448,53.086419753086425,52.94838333890273,8478013,D,73.0,218.0,1996-02-20,CAN,2014.0,3.0,82.0,L,26,"[None, None, 62, 52, 86]","[None, None, 57, 70, 79]","[None, None, 36, 37, 85]","[None, None, 'STL', 'DET', 'DET']"
2022-2023,Jakob Chychrun,OTT,D,50.4,50.4,58.5,58.0,54.2,83.8,91.9,95.7,80.3,32.9,27.8,67.1,48.3,28.2,54.3,117,117,98,38.0,83.0,39,20,11,47,143,170,78,122,169,108,234,88,179,First Pair,48.0,1089.7833333333333,9.0,24.0,33.0,10.661620702258515,54.87804878048781,47.85854248738174,8479345,D,74.0,215.0,1998-03-31,USA,2016.0,1.0,16.0,L,24,"[63, 79, 90, 29, 53]","[47, 53, 83, 18, 61]","[46, 73, 64, 67, 48]","['ARI', 'ARI', 'ARI', 'ARI', 'OTT']"
2022-2023,Jalen Chatfield,CAR,D,73.5,73.5,74.4,,67.0,59.4,71.4,77.8,21.8,25.6,62.0,54.3,32.5,83.3,9.8,63,63,61,,60.0,96,68,53,184,160,90,108,159,40,212,234,88,179,Third Pair,78.0,1101.7333333333331,6.0,8.0,14.0,5.205923088863896,60.97560975609756,60.80351558077347,8478970,D,73.0,209.0,1996-05-15,USA,,,,R,26,"[None, None, 42, None, 75]","[None, None, 44, None, 77]","[None, None, 41, None, 76]","[None, None, 'VAN', None, 'CAR']"
2022-2023,Jamie Oleksiak,SEA,D,79.5,82.1,83.3,,72.1,56.4,69.7,65.0,53.4,12.4,67.1,13.7,30.3,47.0,34.6,49,43,40,,51.0,103,72,83,110,189,78,203,164,125,154,234,88,179,Second Pair,75.0,1443.85,9.0,16.0,25.0,4.012362343577529,52.25225225225225,51.778662011584665,8476467,D,79.0,252.0,1992-12-21,CAN,2011.0,1.0,14.0,L,29,"[34, 68, 81, 71, 80]","[38, 64, 51, 74, 83]","[60, 94, 91, 84, 77]","['DAL', 'DAL', 'DAL', 'SEA', 'SEA']"
2022-2023,Jan Rutta,PIT,D,31.6,34.6,67.9,,26.8,62.0,50.0,30.8,14.5,14.5,60.7,40.6,84.2,80.3,58.1,161,154,76,,132.0,90,118,163,201,184,93,140,38,47,99,234,88,179,Third Pair,56.0,958.7333333333332,3.0,6.0,9.0,1.9210644714585585,46.666666666666664,50.07078493406245,8480172,D,75.0,204.0,1990-07-29,CZE,,,,R,32,"[44, 42, 26, 33, 35]","[56, 68, 66, 56, 25]","[43, 34, 22, 60, 74]","['TBL', 'TBL', 'TBL', 'TBL', 'PIT']"
2022-2023,Jani Hakanpää,DAL,D,46.2,24.8,71.4,,95.5,78.2,50.9,19.2,11.1,12.0,96.6,3.4,65.4,52.6,31.2,127,177,68,,9.0,52,116,190,209,190,9,227,82,112,162,234,88,179,Second Pair,82.0,1585.1333333333334,6.0,10.0,16.0,4.245052421117875,49.03846153846153,50.172030786459686,8475825,D,79.0,225.0,1992-03-31,FIN,2010.0,4.0,104.0,R,30,"[None, None, 12, 41, 55]","[None, None, 9, 8, 41]","[None, None, 76, 78, 67]","[None, None, 'CAR', 'DAL', 'DAL']"
2022-2023,Jared Spurgeon,MIN,D,98.3,88.9,97.9,77.3,67.6,94.4,95.3,91.9,63.7,71.8,16.2,58.1,97.9,47.9,52.6,5,27,6,21.0,59.0,14,12,20,86,61,197,99,6,123,112,234,88,179,Second Pair,79.0,1723.15,11.0,23.0,34.0,10.158321144405269,61.95652173913043,53.54249498561432,8474716,D,69.0,166.0,1989-11-29,CAN,2008.0,6.0,156.0,R,32,"[99, 98, 97, 94, 98]","[77, 89, 87, 85, 88]","[98, 98, 97, 87, 97]","['MIN', 'MIN', 'MIN', 'MIN', 'MIN']"
2022-2023,Jarred Tinordi,CHI,D,32.5,8.5,38.9,,52.0,60.7,38.5,11.1,18.8,88.9,97.0,1.7,2.6,4.7,26.9,159,215,144,,87.0,93,145,209,191,27,8,231,229,224,172,234,88,179,Third Pair,44.0,724.1333333333333,2.0,6.0,8.0,1.3479507169799363,30.0,40.08104866750254,8475797,D,78.0,229.0,1992-02-20,USA,2010.0,1.0,22.0,L,30,"[None, 19, 45, None, 31]","[None, 22, 15, None, 11]","[None, 26, 31, None, 43]","[None, 'NSH', 'BOS', None, 'CHI']"
2022-2023,Jaycob Megna,SEA,D,54.3,31.2,76.5,,34.6,37.6,20.5,15.4,32.5,52.6,57.7,47.0,21.4,56.4,70.9,108,162,56,,118.0,147,187,199,159,102,100,125,185,103,69,234,88,179,Second Pair,54.0,1018.7666666666668,1.0,11.0,12.0,2.4669137312338543,50.0,52.04462697371791,8477034,D,78.0,214.0,1992-12-10,USA,2012.0,7.0,210.0,L,29,"[35, None, None, 45, 62]","[44, None, None, 42, 28]","[42, None, None, 63, 79]","['ANA', None, None, 'SJS', 'SEA']"
2022-2023,Jeff Petry,PIT,D,87.2,89.3,78.2,5.7,40.2,79.1,73.5,58.1,62.0,50.9,83.3,42.3,38.0,60.7,39.7,31,26,52,84.0,108.0,50,63,99,90,106,40,136,146,93,142,234,88,179,First Pair,61.0,1362.9333333333334,5.0,26.0,31.0,5.251433086604192,51.0,54.251358918838314,8473507,D,75.0,208.0,1987-12-09,USA,2006.0,2.0,45.0,R,34,"[92, 97, 95, 90, 76]","[97, 99, 97, 93, 85]","[86, 97, 92, 80, 70]","['MTL', 'MTL', 'MTL', 'MTL', 'PIT']"
2022-2023,Jeremy Lauzon,NSH,D,9.8,19.2,47.0,,13.4,24.4,42.3,61.5,9.8,8.5,97.9,10.3,19.7,34.6,33.8,212,190,125,,156.0,178,136,91,212,198,6,211,189,154,156,234,88,179,Third Pair,67.0,1128.4,3.0,9.0,12.0,4.197780207849217,42.028985507246375,44.70519206369434,8478468,D,75.0,225.0,1997-04-28,CAN,2015.0,2.0,52.0,L,25,"[None, 26, 37, 12, 9]","[None, 40, 23, 14, 26]","[None, 46, 56, 64, 36]","[None, 'BOS', 'BOS', 'NSH', 'NSH']"
2022-2023,Joel Edmundson,MTL,D,10.7,29.5,16.7,,5.0,56.0,53.4,14.1,12.8,43.2,66.2,23.5,9.8,20.5,91.5,210,166,196,,171.0,104,110,202,205,122,80,180,212,187,21,234,88,179,Second Pair,61.0,1193.5,2.0,11.0,13.0,2.724098967524218,33.64485981308411,41.579506752634984,8476441,D,77.0,220.0,1993-06-28,CAN,2011.0,2.0,46.0,L,29,"[4, 6, 14, 14, 11]","[18, 29, 10, 36, 30]","[56, 3, 50, 18, 17]","['STL', 'CAR', 'MTL', 'MTL', 'MTL']"
2022-2023,Joel Hanley,DAL,D,56.4,35.5,65.8,,,53.8,12.0,7.3,29.1,66.2,72.2,16.2,35.0,56.8,4.3,103,152,81,,,109,207,218,167,74,66,197,153,102,225,234,88,179,Fringe,26.0,302.56666666666666,0.0,2.0,2.0,0.5657414866873055,60.0,56.05656289840872,8477810,D,71.0,186.0,1991-06-08,CAN,,,,L,31,"[None, None, 79, 66, 50]","[None, None, 53, 39, 36]","[None, None, 74, 68, 62]","[None, None, 'DAL', 'DAL', 'DAL']"
2022-2023,John Carlson,WSH,D,79.1,86.8,20.9,71.6,50.8,30.8,80.3,95.3,93.2,83.8,18.8,97.4,32.1,26.9,90.2,50,32,186,26.0,89.0,163,47,12,17,38,191,7,160,172,24,234,88,179,First Pair,40.0,935.5833333333334,9.0,20.0,29.0,8.54466165258621,48.48484848484848,50.757998475164875,8474590,D,75.0,220.0,1990-01-10,USA,2008.0,1.0,27.0,R,32,"[90, 89, 84, 90, 61]","[99, 97, 95, 93, 82]","[2, 12, 8, 41, 18]","['WSH', 'WSH', 'WSH', 'WSH', 'WSH']"
2022-2023,John Klingberg,MIN,D,20.9,93.6,0.9,94.3,,65.4,74.4,60.3,89.7,46.2,37.6,85.9,40.2,9.8,53.0,186,16,233,6.0,,82,61,94,25,115,147,34,141,212,111,234,88,179,Second Pair,67.0,1381.8333333333333,10.0,23.0,33.0,7.412041780659213,41.1214953271028,39.47184174407565,8475906,D,74.0,185.0,1992-08-14,SWE,2010.0,5.0,131.0,R,30,"[94, 83, 91, 53, 9]","[92, 95, 88, 97, 86]","[53, 19, 44, 0, 0]","['DAL', 'DAL', 'DAL', 'DAL', 'MIN']"
2022-2023,John Marino,NJD,D,80.3,10.7,93.2,,81.0,7.7,6.8,26.9,73.1,85.5,25.2,40.2,45.7,83.8,69.7,47,210,17,,35.0,217,219,172,64,34,176,141,128,39,72,234,88,179,Second Pair,64.0,1348.5333333333333,4.0,14.0,18.0,4.4136871419574994,54.32098765432099,53.71326873525635,8478507,D,73.0,200.0,1997-05-21,USA,2015.0,6.0,154.0,R,25,"[None, 78, 74, 78, 77]","[None, 21, 18, 20, 10]","[None, 87, 84, 88, 92]","[None, 'PIT', 'PIT', 'PIT', 'NJD']"
2022-2023,Johnathan Kovacevic,MTL,D,81.2,71.8,75.2,,37.4,5.1,41.9,84.2,47.0,85.9,49.6,30.8,73.1,10.3,72.6,45,67,59,,113.0,223,137,38,125,33,119,163,64,211,65,234,88,179,Third Pair,77.0,1341.3,3.0,12.0,15.0,5.0263432390707115,50.0,47.62887199856317,8480192,D,77.0,223.0,1997-07-12,CAN,2017.0,3.0,74.0,R,25,"[None, None, None, None, 78]","[None, None, None, None, 71]","[None, None, None, None, 71]","[None, None, None, None, 'MTL']"
2022-2023,Jon Merrill,MIN,D,17.1,3.8,76.9,,36.3,67.5,34.2,7.7,50.0,16.7,38.9,35.5,77.4,44.4,5.6,195,226,55,,115.0,77,155,217,118,179,144,152,54,131,222,234,88,179,Third Pair,73.0,1105.6166666666666,2.0,10.0,12.0,2.1011111641591467,47.368421052631575,47.02161327352039,8475750,D,75.0,204.0,1992-02-03,USA,2010.0,2.0,38.0,L,30,"[36, 47, 72, 37, 12]","[64, 35, 7, 13, 1]","[84, 92, 95, 76, 69]","['VGK', 'VGK', 'MTL', 'MIN', 'MIN']"
2022-2023,Jonas Brodin,MIN,D,93.2,43.6,99.6,,98.3,28.2,28.2,31.2,15.0,46.6,14.1,55.1,80.3,41.5,74.8,17,133,2,,4.0,169,169,162,200,114,202,106,47,138,60,234,88,179,First Pair,60.0,1371.85,3.0,11.0,14.0,4.217630506332455,57.534246575342465,52.1598339496016,8476463,D,74.0,196.0,1993-07-12,SWE,2011.0,1.0,10.0,L,29,"[84, 90, 89, 96, 88]","[1, 3, 0, 62, 46]","[99, 100, 99, 100, 93]","['MIN', 'MIN', 'MIN', 'MIN', 'MIN']"
2022-2023,Jonas Siegenthaler,NJD,D,90.2,27.4,98.7,,85.5,38.0,14.5,9.8,28.2,53.8,53.4,44.4,21.8,86.3,67.1,24,171,4,,27.0,146,201,212,169,99,110,131,184,33,78,234,88,179,Second Pair,80.0,1612.3166666666666,4.0,17.0,21.0,3.203072970053415,57.35294117647059,55.95866350098232,8478399,D,74.0,218.0,1997-05-06,CHE,2015.0,2.0,57.0,L,25,"[53, 71, 58, 95, 84]","[46, 59, 49, 55, 17]","[59, 81, 60, 99, 98]","['WSH', 'WSH', 'NJD', 'NJD', 'NJD']"
2022-2023,Jordan Harris,MTL,D,55.6,65.8,45.3,,82.1,62.8,64.5,55.1,42.7,42.1,43.2,21.8,86.3,16.7,66.7,105,81,129,,33.0,88,84,106,135,124,134,184,33,196,79,234,88,179,Second Pair,65.0,1212.4,4.0,13.0,17.0,4.323638690042712,49.473684210526315,47.474886017661206,8480887,D,72.0,189.0,2000-07-07,USA,2018.0,3.0,71.0,L,22,"[None, None, None, None, 53]","[None, None, None, None, 63]","[None, None, None, None, 44]","[None, None, None, None, 'MTL']"
2022-2023,Jordan Oesterle,DET,D,8.1,11.1,7.3,,,31.6,20.9,41.0,38.0,70.5,26.1,60.3,37.2,25.2,13.7,216,209,218,,,161,186,139,146,64,174,94,148,176,203,234,88,179,Third Pair,52.0,814.1,2.0,9.0,11.0,2.5320848201154535,42.3728813559322,44.880975458485665,8477851,D,72.0,181.0,1992-06-25,USA,,,,L,30,"[34, 33, 12, 5, 14]","[9, 48, 20, 6, 19]","[48, 17, 14, 11, 8]","['ARI', 'ARI', 'ARI', 'DET', 'DET']"
2022-2023,Josh Manson,COL,D,46.6,56.0,60.3,,64.8,71.4,78.6,76.1,98.7,20.5,85.9,28.6,97.0,64.1,97.4,126,104,94,,64.0,68,51,57,4,171,34,168,8,85,7,234,88,179,Third Pair,27.0,477.56666666666666,2.0,8.0,10.0,2.3536968103577434,67.64705882352942,48.04936725173051,8476312,D,75.0,218.0,1991-10-07,USA,2011.0,6.0,160.0,R,30,"[16, 63, 24, 68, 40]","[52, 74, 45, 64, 49]","[69, 55, 37, 75, 49]","['ANA', 'ANA', 'ANA', 'COL', 'COL']"
2022-2023,Josh Morrissey,WPG,D,68.8,76.5,53.0,2.3,,92.7,91.0,92.3,94.0,66.7,22.6,79.9,71.8,61.5,47.9,74,56,111,87.0,,18,22,19,15,73,182,48,67,91,123,234,88,179,First Pair,78.0,1890.0333333333333,16.0,60.0,76.0,13.070672141587561,54.74452554744526,52.44194624951329,8477504,D,72.0,195.0,1995-03-28,CAN,2013.0,1.0,13.0,L,27,"[60, 13, 0, 78, 72]","[65, 47, 6, 73, 82]","[60, 19, 2, 84, 32]","['WPG', 'WPG', 'WPG', 'WPG', 'WPG']"
2022-2023,Joshua Brown,ARI,D,5.6,12.0,21.4,,7.3,50.0,38.9,49.6,16.7,28.2,93.2,15.0,49.6,24.8,15.0,222,207,185,,167.0,118,144,119,196,154,17,200,119,177,200,234,88,179,Third Pair,68.0,1071.85,4.0,3.0,7.0,3.9117783987265664,40.909090909090914,40.18593092492117,8477384,D,77.0,220.0,1994-01-21,CAN,2013.0,6.0,152.0,R,28,"[48, 39, 25, 31, 3]","[42, 6, 13, 23, 10]","[61, 66, 60, 53, 11]","['FLA', 'FLA', 'OTT', 'BOS', 'ARI']"
2022-2023,Joshua Mahura,FLA,D,40.2,66.2,20.1,,,62.4,79.5,58.5,66.2,67.5,82.1,65.0,26.9,81.6,17.9,141,80,188,,,89,49,98,80,71,43,83,172,44,193,234,88,179,Third Pair,82.0,1151.2666666666669,4.0,12.0,16.0,3.9554240579993887,58.139534883720934,57.699375193333545,8479372,D,72.0,193.0,1998-05-05,CAN,2016.0,3.0,85.0,L,24,"[None, None, 40, 47, 43]","[None, None, 32, 46, 75]","[None, None, 29, 17, 25]","[None, None, 'ANA', 'ANA', 'FLA']"
2022-2023,Justin Barron,MTL,D,29.1,49.6,23.1,50.0,,63.2,63.2,14.5,96.2,50.0,47.0,91.9,68.8,8.1,95.3,167,119,181,45.0,,87,87,201,10,107,125,20,74,216,12,234,88,179,Third Pair,39.0,635.8333333333334,4.0,11.0,15.0,1.6424631431265675,46.774193548387096,41.40345092169684,8482111,D,74.0,198.0,2001-11-15,CAN,2020.0,1.0,25.0,R,20,"[None, None, None, None, 32]","[None, None, None, None, 50]","[None, None, None, None, 24]","[None, None, None, None, 'MTL']"
2022-2023,Justin Braun,PHI,D,15.8,0.9,73.1,,33.0,70.5,22.6,10.3,12.4,45.3,45.7,25.2,50.4,25.6,82.9,198,233,64,,121.0,70,182,211,206,117,128,176,117,175,41,234,88,179,Third Pair,51.0,764.1166666666667,0.0,2.0,2.0,1.8339264037702627,46.808510638297875,45.44498037842193,8474027,D,74.0,205.0,1987-02-10,USA,2007.0,7.0,201.0,R,35,"[8, 15, 21, 12, 21]","[0, 2, 2, 0, 9]","[93, 82, 89, 86, 59]","['SJS', 'PHI', 'PHI', 'NYR', 'PHI']"
2022-2023,Justin Faulk,STL,D,18.8,69.7,4.7,64.8,65.9,96.6,93.2,86.3,88.5,23.5,39.3,90.6,95.7,18.8,56.8,191,72,224,32.0,62.0,9,17,33,28,164,143,23,11,191,102,234,88,179,First Pair,82.0,1916.9333333333336,11.0,39.0,50.0,11.943214042243136,49.34210526315789,43.61705759708763,8475753,D,72.0,208.0,1992-03-20,USA,2010.0,2.0,37.0,R,30,"[16, 44, 7, 76, 7]","[86, 94, 75, 81, 47]","[5, 14, 9, 19, 2]","['CAR', 'STL', 'STL', 'STL', 'STL']"
2022-2023,Justin Holl,TOR,D,42.7,39.3,59.4,,87.7,21.8,12.4,16.2,34.2,27.4,85.5,32.1,62.8,97.0,48.7,135,143,96,,23.0,184,206,197,155,156,35,160,88,8,121,234,88,179,Second Pair,80.0,1619.3166666666666,2.0,16.0,18.0,3.3985841578448475,53.04347826086957,53.77017784695516,8475718,D,76.0,194.0,1992-01-30,USA,2010.0,2.0,54.0,R,30,"[None, 26, 43, 43, 48]","[None, 74, 36, 77, 16]","[None, 68, 63, 48, 66]","[None, 'TOR', 'TOR', 'TOR', 'TOR']"
2022-2023,Justin Schultz,SEA,D,9.4,14.1,27.8,56.8,,37.2,59.8,73.9,77.4,15.0,12.8,77.8,62.0,67.9,15.8,213,202,170,39.0,,148,95,62,54,183,205,53,90,76,198,234,88,179,Third Pair,73.0,1298.6333333333334,7.0,27.0,34.0,5.58172740001116,55.0561797752809,49.683810532659216,8474602,D,74.0,190.0,1990-07-06,CAN,2008.0,2.0,43.0,R,32,"[26, 14, 14, 42, 6]","[43, 38, 21, 46, 8]","[17, 14, 12, 52, 26]","['PIT', 'PIT', 'WSH', 'WSH', 'SEA']"
2022-2023,Juuso Välimäki,ARI,D,82.9,81.6,92.3,48.9,,4.3,23.9,79.9,58.5,10.7,35.5,33.8,24.8,21.4,29.1,41,44,19,46.0,,225,179,48,98,193,152,156,177,185,167,234,88,179,Second Pair,78.0,1417.6666666666667,4.0,30.0,34.0,6.542915642580061,47.27272727272727,50.574740469760435,8479976,D,74.0,201.0,1998-10-06,FIN,2017.0,1.0,16.0,L,23,"[32, None, 17, None, 85]","[39, None, 67, None, 81]","[36, None, 43, None, 93]","['CGY', None, 'CGY', None, 'ARI']"
2022-2023,K'Andre Miller,NYR,D,63.2,38.9,85.5,,74.3,87.6,75.2,47.4,55.6,9.8,56.8,32.9,67.5,55.6,78.2,87,144,35,,47.0,30,59,124,105,195,102,158,77,105,52,234,88,179,Second Pair,79.0,1734.2166666666667,9.0,34.0,43.0,6.594199911184931,50.37593984962406,49.26452711257916,8480817,D,77.0,210.0,2000-01-21,USA,2018.0,1.0,22.0,L,22,"[None, None, 21, 76, 56]","[None, None, 34, 50, 38]","[None, None, 18, 86, 85]","[None, None, 'NYR', 'NYR', 'NYR']"
2022-2023,Kaiden Guhle,MTL,D,14.1,6.0,51.3,,8.9,83.3,88.0,26.5,99.1,50.0,70.1,9.8,9.0,7.3,90.6,202,221,115,,164.0,40,29,173,3,107,71,212,214,218,23,234,88,179,Second Pair,44.0,902.7,4.0,14.0,18.0,2.6475466182118126,38.961038961038966,42.17551221636307,8482087,D,75.0,202.0,2002-01-18,CAN,2020.0,1.0,16.0,L,20,"[None, None, None, None, 17]","[None, None, None, None, 11]","[None, None, None, None, 46]","[None, None, None, None, 'MTL']"
2022-2023,Kale Clague,BUF,D,20.1,42.3,23.9,,,47.9,11.1,18.8,15.8,39.5,18.4,92.7,9.4,37.6,15.4,188,136,179,,,123,209,191,198,128,192,18,213,147,199,234,88,179,Third Pair,33.0,498.43333333333334,0.0,4.0,4.0,1.1799151007831554,48.97959183673469,50.38107979195857,8479348,D,72.0,190.0,1998-06-05,CAN,2016.0,2.0,51.0,L,24,"[None, None, 48, 9, 34]","[None, None, 47, 19, 55]","[None, None, 34, 20, 26]","[None, None, 'LAK', 'MTL', 'BUF']"
2022-2023,Kevin Bahl,NJD,D,44.0,62.4,54.3,,62.6,64.1,64.1,17.9,32.1,24.1,69.2,93.6,51.3,100.0,30.8,132,89,108,,68.0,85,85,193,160,163,73,16,115,1,163,234,88,179,Third Pair,42.0,588.85,2.0,6.0,8.0,1.2892153753407014,53.333333333333336,56.691975405062934,8480860,D,78.0,230.0,2000-06-27,CAN,2018.0,2.0,55.0,L,22,"[None, None, None, None, 49]","[None, None, None, None, 62]","[None, None, None, None, 50]","[None, None, None, None, 'NJD']"
2022-2023,Kevin Gravel,NSH,D,36.3,29.1,31.6,,53.1,44.0,2.6,48.3,9.4,80.6,79.1,10.7,1.7,17.5,6.4,150,167,161,,85.0,132,224,122,213,43,50,210,231,194,220,234,88,179,Third Pair,23.0,328.18333333333334,0.0,1.0,1.0,0.9996684068262357,26.31578947368421,41.46031961683338,8475857,D,76.0,205.0,1992-03-06,USA,2010.0,5.0,148.0,L,30,"[63, None, None, None, 40]","[41, None, None, None, 32]","[51, None, None, None, 35]","['EDM', None, None, None, 'NSH']"
2022-2023,Kevin Shattenkirk,ANA,D,19.7,64.1,41.0,62.5,52.5,35.5,50.4,60.7,58.1,3.0,24.8,44.9,35.5,2.1,47.0,189,85,139,34.0,86.0,152,117,93,99,210,177,130,152,230,125,234,88,179,Second Pair,75.0,1447.75,4.0,23.0,27.0,5.430857418823216,42.72727272727273,41.33427766882816,8474031,D,72.0,203.0,1989-01-29,USA,2007.0,1.0,14.0,R,33,"[71, 78, 73, 19, 20]","[77, 54, 72, 48, 68]","[81, 94, 85, 42, 38]","['NYR', 'TBL', 'ANA', 'ANA', 'ANA']"
2022-2023,Kris Letang,PIT,D,75.2,88.0,17.9,92.0,83.8,33.8,65.4,75.6,76.9,34.2,70.5,61.1,63.7,79.9,75.6,59,29,193,8.0,30.0,156,82,58,55,140,70,92,86,48,58,234,88,179,First Pair,64.0,1590.8833333333332,12.0,29.0,41.0,8.547446054310388,48.598130841121495,53.22083613731291,8471724,D,72.0,199.0,1987-04-24,CAN,2005.0,3.0,62.0,R,35,"[93, 93, 70, 77, 71]","[94, 96, 81, 83, 89]","[74, 60, 22, 28, 16]","['PIT', 'PIT', 'PIT', 'PIT', 'PIT']"
2022-2023,Kurtis MacDermid,COL,D,9.0,32.5,15.8,,,53.0,70.1,76.5,59.4,11.5,98.3,15.8,44.4,53.8,1.3,214,159,198,,,111,71,56,96,191,5,198,131,109,232,234,88,179,Fringe,44.0,366.6166666666667,1.0,5.0,6.0,1.368648400216683,47.82608695652174,48.20888272162079,8477073,L,77.0,233.0,1994-03-25,CAN,,,,L,28,"[None, 8, 10, 7, 15]","[None, 37, 26, 25, 40]","[None, 10, 8, 19, 21]","[None, 'LAK', 'LAK', 'COL', 'COL']"
2022-2023,Kyle Burroughs,VAN,D,28.2,23.1,37.2,,63.7,55.6,33.3,21.4,4.7,62.0,98.7,36.3,18.8,40.6,14.1,169,181,148,,66.0,105,157,185,224,83,4,150,191,140,202,234,88,179,Third Pair,48.0,833.4333333333334,2.0,3.0,5.0,1.5384730486487344,42.857142857142854,46.71500585617664,8477335,D,72.0,193.0,1995-07-12,CAN,2013.0,7.0,196.0,R,27,"[None, None, None, 18, 44]","[None, None, None, 14, 33]","[None, None, None, 50, 34]","[None, None, None, 'VAN', 'VAN']"
2022-2023,Luke Schenn,TOR,D,3.8,6.4,28.2,,24.6,73.9,60.3,28.2,87.6,4.7,99.6,41.5,88.9,59.0,84.2,226,220,169,,136.0,62,94,169,30,206,2,138,27,97,38,234,88,179,Third Pair,70.0,1144.8333333333333,4.0,18.0,22.0,2.7221671838545487,51.041666666666664,46.21543232076395,8474568,D,74.0,225.0,1989-11-02,CAN,2008.0,1.0,5.0,R,32,"[24, 19, 20, 16, 2]","[18, 16, 16, 11, 6]","[24, 27, 41, 66, 14]","['VAN', 'TBL', 'TBL', 'VAN', 'TOR']"
2022-2023,MacKenzie Weegar,CGY,D,97.4,95.3,97.4,17.0,93.3,1.7,59.0,91.5,87.2,12.8,71.8,82.1,32.9,90.2,56.0,7,12,7,74.0,13.0,231,97,21,31,188,67,43,158,24,104,234,88,179,Second Pair,81.0,1708.9833333333331,4.0,27.0,31.0,7.555743131568956,56.88073394495413,56.69722365382388,8477346,D,72.0,206.0,1994-01-07,CAN,2013.0,7.0,206.0,R,28,"[72, 90, 98, 97, 93]","[56, 77, 93, 100, 82]","[85, 88, 97, 83, 98]","['FLA', 'FLA', 'FLA', 'FLA', 'CGY']"
2022-2023,Marc Staal,FLA,D,6.8,4.3,21.8,,9.5,25.2,32.9,44.0,29.5,75.6,53.0,43.6,70.5,69.2,58.5,219,225,184,,163.0,176,158,132,166,53,111,133,70,73,98,234,88,179,Second Pair,82.0,1491.8833333333334,3.0,12.0,15.0,4.9325986192257725,52.991452991452995,52.52097792908946,8471686,D,76.0,208.0,1987-01-13,CAN,2005.0,1.0,12.0,L,35,"[2, 2, 2, 8, 13]","[22, 10, 5, 6, 5]","[5, 5, 5, 29, 25]","['NYR', 'NYR', 'DET', 'DET', 'FLA']"
2022-2023,Marc-Edouard Vlasic,SJS,D,64.1,33.8,69.7,,65.4,16.7,14.1,23.9,31.2,78.2,15.0,4.3,7.7,35.0,21.8,85,156,72,,63.0,196,202,179,162,47,200,225,217,153,184,234,88,179,Third Pair,78.0,1362.7,1.0,17.0,18.0,3.6202266051471033,42.45283018867924,50.76280558748259,8471709,D,73.0,205.0,1987-03-30,CAN,2005.0,2.0,35.0,L,35,"[77, 66, 76, 29, 74]","[67, 30, 68, 3, 64]","[81, 83, 84, 72, 65]","['SJS', 'SJS', 'SJS', 'SJS', 'SJS']"
2022-2023,Marco Scandella,STL,D,14.5,21.4,25.2,,26.3,41.0,49.1,15.8,8.1,44.0,46.6,0.9,99.6,15.0,16.7,201,185,176,,133.0,139,120,198,216,120,126,233,2,200,196,234,88,179,Third Pair,20.0,356.70000000000005,1.0,1.0,2.0,0.4785086655967524,57.57575757575758,42.23441408142963,8474618,D,75.0,212.0,1990-02-23,CAN,2008.0,2.0,55.0,L,32,"[11, 66, 3, 7, 25]","[2, 17, 3, 15, 32]","[45, 86, 46, 24, 30]","['BUF', 'STL', 'STL', 'STL', 'STL']"
2022-2023,Marcus Bjork,CBJ,D,16.2,55.6,24.8,51.1,,66.7,75.6,3.8,4.3,7.5,53.8,22.6,56.4,14.1,77.8,197,105,177,44.0,,79,58,226,225,200,109,182,103,202,53,234,88,179,Second Pair,33.0,599.0333333333333,3.0,8.0,11.0,1.3430984677295827,43.24324324324324,43.93779056167066,8483620,D,76.0,211.0,1997-11-24,SWE,,,,R,24,"[None, None, None, None, 20]","[None, None, None, None, 54]","[None, None, None, None, 29]","[None, None, None, None, 'CBJ']"
2022-2023,Marcus Pettersson,PIT,D,81.6,82.9,87.2,,77.1,2.6,12.8,64.1,95.3,22.2,85.0,43.2,47.4,75.6,47.4,44,41,31,,42.0,229,205,85,12,167,36,134,124,58,124,234,88,179,Second Pair,68.0,1399.7,1.0,23.0,24.0,5.5861298039270215,50.0,55.83739374050203,8477969,D,77.0,174.0,1996-05-08,SWE,2014.0,2.0,38.0,L,26,"[72, 51, 69, 57, 88]","[79, 56, 64, 17, 92]","[81, 76, 85, 92, 80]","['PIT', 'PIT', 'PIT', 'PIT', 'PIT']"
2022-2023,Mario Ferraro,SJS,D,22.2,9.4,32.5,,50.3,23.9,16.2,18.4,5.6,83.3,70.9,37.2,17.9,43.2,74.4,183,213,159,,90.0,179,197,192,222,39,69,148,193,134,61,234,88,179,Second Pair,72.0,1555.4333333333334,4.0,7.0,11.0,5.775642872472004,37.391304347826086,45.92962166379,8479983,D,71.0,200.0,1998-09-17,CAN,2017.0,2.0,49.0,L,23,"[None, 28, 50, 62, 13]","[None, 54, 42, 9, 13]","[None, 50, 69, 65, 18]","[None, 'SJS', 'SJS', 'SJS', 'SJS']"
2022-2023,Mark Friedman,PIT,D,74.4,63.2,43.6,,45.3,40.2,56.8,97.4,22.6,99.1,90.6,51.3,41.0,74.8,67.9,61,87,133,,99.0,141,102,7,182,3,23,115,139,60,76,234,88,179,Third Pair,23.0,332.35,1.0,2.0,3.0,1.5661743366204735,54.54545454545454,56.38498132856712,8478017,D,71.0,185.0,1995-12-25,CAN,2014.0,3.0,86.0,R,26,"[None, None, None, 67, 76]","[None, None, None, 66, 59]","[None, None, None, 46, 47]","[None, None, None, 'PIT', 'PIT']"
2022-2023,Mark Giordano,TOR,D,89.7,75.2,94.4,,97.8,26.1,34.6,38.9,78.2,11.1,43.6,52.1,59.4,75.2,50.0,25,59,14,,5.0,174,154,144,52,192,133,113,96,59,118,234,88,179,Second Pair,78.0,1478.1333333333334,4.0,20.0,24.0,5.223890300539972,58.94736842105262,57.419996210448154,8470966,D,72.0,202.0,1983-10-03,CAN,,,,L,38,"[100, 97, 100, 73, 91]","[95, 87, 86, 32, 86]","[99, 99, 95, 96, 91]","['CGY', 'CGY', 'CGY', 'TOR', 'TOR']"
2022-2023,Martin Fehérváry,WSH,D,19.2,13.7,26.9,,19.6,77.4,69.2,56.0,23.1,72.2,96.2,39.7,45.3,49.1,81.2,190,203,172,,145.0,54,73,104,181,60,10,142,129,120,45,234,88,179,Second Pair,67.0,1340.0166666666669,6.0,10.0,16.0,6.844161239481742,44.554455445544555,46.23926111403003,8480796,D,74.0,215.0,1999-10-06,SVK,2018.0,2.0,46.0,L,22,"[None, None, None, 17, 23]","[None, None, None, 50, 7]","[None, None, None, 17, 45]","[None, None, None, 'WSH', 'WSH']"
2022-2023,Mathew Dumba,MIN,D,4.3,26.5,15.0,,30.2,36.3,62.8,68.4,43.2,5.1,29.9,41.0,50.0,73.5,45.3,225,173,200,,126.0,150,88,75,134,205,165,139,118,63,129,234,88,179,Second Pair,79.0,1680.9333333333334,4.0,10.0,14.0,6.608289863705376,47.87234042553192,49.887003924460984,8476856,D,72.0,191.0,1994-07-25,CAN,2012.0,1.0,7.0,R,28,"[56, 6, 37, 9, 3]","[58, 51, 76, 19, 24]","[25, 25, 26, 44, 9]","['MIN', 'MIN', 'MIN', 'MIN', 'MIN']"
2022-2023,Matt Benning,SJS,D,65.4,13.2,79.1,22.7,16.2,17.5,5.1,9.4,81.6,98.7,56.0,1.3,12.8,44.0,41.5,82,204,50,69.0,151.0,194,223,213,44,4,104,232,205,132,138,234,88,179,Second Pair,77.0,1522.95,1.0,23.0,24.0,3.106774155515499,44.761904761904766,46.06298429136151,8476988,D,73.0,220.0,1994-05-25,CAN,2012.0,6.0,175.0,R,28,"[46, 54, 79, 54, 67]","[35, 28, 22, 17, 12]","[56, 56, 77, 74, 78]","['EDM', 'EDM', 'NSH', 'NSH', 'SJS']"
2022-2023,Matt Grzelcyk,BOS,D,70.5,40.6,87.6,,,43.6,48.3,40.6,84.2,29.5,10.7,95.7,99.1,92.7,41.0,70,140,30,,,133,122,140,38,151,210,11,3,18,139,234,88,179,Third Pair,75.0,1292.5,4.0,22.0,26.0,4.200724042419383,70.70707070707071,53.85425707479289,8476891,D,70.0,180.0,1994-01-05,USA,2012.0,3.0,85.0,L,28,"[22, 84, 74, 87, 47]","[57, 72, 78, 65, 23]","[76, 97, 90, 97, 76]","['BOS', 'BOS', 'BOS', 'BOS', 'BOS']"
2022-2023,Matt Irwin,WSH,D,33.3,18.8,52.6,,56.4,30.3,27.4,59.8,5.1,63.9,94.0,8.5,6.8,23.5,12.0,157,191,112,,79.0,164,171,95,223,79,15,215,219,180,207,234,88,179,Third Pair,61.0,795.3166666666667,2.0,3.0,5.0,2.586064016614653,41.509433962264154,45.70007745713225,8475625,D,74.0,200.0,1987-11-29,CAN,,,,L,34,"[50, 35, 21, None, 37]","[23, 32, 25, None, 21]","[70, 43, 32, None, 53]","['NSH', 'ANA', 'BUF', None, 'WSH']"
2022-2023,Matt Roy,LAK,D,86.8,87.6,83.8,,40.8,6.8,51.3,79.5,47.9,40.8,65.0,56.8,28.2,78.2,43.2,32,30,39,,107.0,219,115,49,123,126,83,102,169,52,134,234,88,179,Second Pair,82.0,1539.6166666666666,9.0,17.0,26.0,7.079527633432695,50.42016806722689,55.417506281381954,8478911,D,74.0,220.0,1995-03-01,USA,2015.0,7.0,194.0,R,27,"[39, 88, 34, 80, 91]","[37, 82, 44, 86, 88]","[26, 90, 18, 76, 86]","['LAK', 'LAK', 'LAK', 'LAK', 'LAK']"
2022-2023,Mattias Ekholm,EDM,D,94.4,91.0,92.7,21.6,54.7,84.2,87.6,87.2,70.5,35.0,20.9,48.7,96.2,47.4,70.5,14,22,18,70.0,82.0,38,30,31,70,138,186,121,10,124,70,234,88,179,Second Pair,78.0,1674.6833333333334,9.0,23.0,32.0,8.331377815709027,58.333333333333336,56.65417760246717,8475218,D,77.0,225.0,1990-05-24,SWE,2009.0,4.0,102.0,L,32,"[96, 95, 89, 75, 97]","[87, 88, 91, 69, 95]","[97, 82, 75, 83, 95]","['NSH', 'NSH', 'NSH', 'NSH', 'EDM']"
2022-2023,Mattias Samuelsson,BUF,D,40.6,38.0,58.1,,14.5,23.5,7.7,25.2,28.6,69.2,66.7,17.9,27.4,43.6,97.0,140,146,99,,154.0,180,217,176,168,67,79,193,171,133,8,234,88,179,First Pair,55.0,1219.6833333333334,2.0,8.0,10.0,4.412973951200422,53.398058252427184,49.00152776104661,8480807,D,76.0,229.0,2000-03-14,USA,2018.0,2.0,32.0,L,22,"[None, None, 55, 62, 30]","[None, None, 39, 39, 42]","[None, None, 45, 62, 55]","[None, None, 'BUF', 'BUF', 'BUF']"
2022-2023,Michael Stone,CGY,D,20.5,37.6,24.4,,,94.0,98.7,71.4,6.8,21.4,60.3,97.9,25.6,72.2,2.1,187,147,178,,,15,4,68,219,169,94,6,175,66,230,234,88,179,Third Pair,48.0,639.0333333333333,6.0,5.0,11.0,2.6412354947739454,52.72727272727272,50.63655051142187,8474628,D,75.0,210.0,1990-06-07,CAN,2008.0,3.0,69.0,R,32,"[None, 11, 40, None, 21]","[None, 31, 43, None, 41]","[None, 18, 30, None, 26]","[None, 'CGY', 'CGY', None, 'CGY']"
2022-2023,Mike Matheson,MTL,D,82.5,79.5,64.1,15.9,22.9,96.2,96.6,93.6,94.9,72.6,34.2,50.0,76.1,32.5,93.2,42,49,85,75.0,139.0,10,9,16,13,59,155,118,57,159,17,234,88,179,First Pair,48.0,1173.6833333333334,8.0,26.0,34.0,7.34850561970865,50.68493150684932,44.117522070422176,8476875,D,74.0,196.0,1994-02-27,CAN,2012.0,1.0,23.0,L,28,"[32, 42, 16, 92, 70]","[49, 30, 55, 92, 65]","[11, 15, 28, 51, 72]","['FLA', 'FLA', 'PIT', 'PIT', 'MTL']"
2022-2023,Mikey Anderson,LAK,D,67.1,15.4,82.9,,69.8,26.5,31.2,43.2,12.0,81.6,77.8,38.0,44.9,88.0,69.2,78,199,41,,55.0,173,162,134,207,42,53,146,130,29,73,234,88,179,Second Pair,77.0,1667.8166666666666,5.0,15.0,20.0,4.911511716027976,54.71698113207547,52.426442064261366,8479998,D,72.0,195.0,1999-05-25,USA,2017.0,4.0,103.0,L,23,"[None, None, 8, 83, 59]","[None, None, 10, 38, 12]","[None, None, 59, 82, 82]","[None, None, 'LAK', 'LAK', 'LAK']"
2022-2023,Mikhail Sergachev,TBL,D,70.1,92.3,27.4,73.9,68.7,91.9,76.5,53.8,97.4,5.6,50.4,83.3,79.9,71.8,64.1,71,19,171,24.0,57.0,20,56,109,7,204,117,40,48,67,85,234,88,179,First Pair,79.0,1881.0666666666664,10.0,54.0,64.0,6.788975785549762,54.961832061068705,53.36701361432464,8479410,D,75.0,212.0,1998-06-25,RUS,2016.0,1.0,9.0,L,24,"[66, 45, 60, 61, 73]","[71, 70, 79, 88, 94]","[58, 55, 24, 30, 33]","['TBL', 'TBL', 'TBL', 'TBL', 'TBL']"
2022-2023,Miro Heiskanen,DAL,D,95.3,85.0,93.6,61.4,77.7,0.4,36.3,88.5,83.3,85.0,14.5,84.6,75.6,65.0,49.1,12,36,16,35.0,41.0,234,150,28,40,35,201,37,58,83,120,234,88,179,First Pair,79.0,2013.8,11.0,62.0,73.0,12.88735379197142,57.03125,54.78466127374703,8480036,D,74.0,197.0,1999-07-18,FIN,2017.0,1.0,3.0,L,23,"[89, 93, 94, 96, 94]","[90, 80, 90, 95, 75]","[63, 84, 76, 95, 91]","['DAL', 'DAL', 'DAL', 'DAL', 'DAL']"
2022-2023,Morgan Rielly,TOR,D,66.2,89.7,2.6,96.6,47.5,24.8,61.1,82.5,97.9,62.8,37.2,81.2,64.1,96.6,54.7,80,25,229,4.0,95.0,177,92,42,6,81,148,45,85,9,107,234,88,179,Second Pair,65.0,1410.7666666666669,4.0,37.0,41.0,7.551013076403258,50.54945054945055,52.444249693400856,8476853,D,73.0,219.0,1994-03-09,CAN,2012.0,1.0,5.0,L,28,"[98, 35, 85, 61, 64]","[99, 94, 99, 93, 83]","[2, 13, 4, 1, 5]","['TOR', 'TOR', 'TOR', 'TOR', 'TOR']"
2022-2023,Moritz Seider,DET,D,60.3,56.8,70.9,69.3,5.6,12.4,22.2,27.4,79.1,73.9,59.4,22.2,34.2,23.1,100.0,94,102,69,28.0,170.0,206,183,171,50,56,96,183,155,181,1,234,88,179,First Pair,82.0,1898.2,5.0,37.0,42.0,5.994408244494392,44.354838709677416,46.49852520849475,8481542,D,74.0,210.0,2001-04-06,DEU,2019.0,1.0,6.0,R,21,"[None, None, None, 66, 55]","[None, None, None, 74, 29]","[None, None, None, 32, 85]","[None, None, None, 'DET', 'DET']"
2022-2023,Nate Schmidt,WPG,D,72.6,77.8,33.8,37.5,33.5,35.9,56.0,56.4,45.3,87.4,4.7,75.6,72.2,58.1,19.7,65,53,156,56.0,120.0,151,104,103,129,30,224,58,66,99,189,234,88,179,Second Pair,71.0,1311.1833333333334,7.0,12.0,19.0,6.369051259286376,60.65573770491803,52.87382068435913,8477220,D,72.0,197.0,1991-07-16,USA,,,,L,31,"[74, 51, 81, 81, 56]","[80, 76, 89, 79, 70]","[54, 27, 32, 45, 35]","['VGK', 'VGK', 'VAN', 'WPG', 'WPG']"
2022-2023,Nathan Beaulieu,ANA,D,2.6,20.9,3.8,,18.4,32.1,2.6,8.5,7.7,47.9,35.0,4.7,11.5,0.9,8.5,229,186,226,,147.0,160,224,215,217,111,153,224,208,233,215,234,88,179,Third Pair,52.0,792.1333333333333,0.0,4.0,4.0,1.3513066914819016,33.82352941176471,37.23280881373086,8476470,D,74.0,200.0,1992-12-05,CAN,2011.0,1.0,17.0,L,29,"[68, 25, 8, None, 5]","[45, 25, 14, None, 23]","[37, 26, 19, None, 4]","['WPG', 'WPG', 'WPG', None, 'ANA']"
2022-2023,Neal Pionk,WPG,D,4.7,53.0,3.0,70.5,10.1,32.9,45.7,48.7,70.1,36.8,68.4,60.7,66.2,67.5,70.1,224,111,228,27.0,162.0,158,128,121,71,134,75,93,80,77,71,234,88,179,Second Pair,82.0,1799.15,10.0,23.0,33.0,7.18434543943422,47.15447154471545,49.19613182584443,8480145,D,72.0,190.0,1995-07-29,USA,,,,R,27,"[7, 8, 59, 0, 14]","[10, 46, 21, 14, 74]","[13, 4, 38, 2, 4]","['NYR', 'WPG', 'WPG', 'WPG', 'WPG']"
2022-2023,Nick Blankenburg,CBJ,D,49.1,48.3,44.9,53.4,43.0,71.8,84.6,53.0,39.7,59.6,55.6,81.6,2.1,3.8,75.2,120,122,130,42.0,103.0,67,37,111,142,87,105,44,230,226,59,234,88,179,Second Pair,36.0,690.2666666666667,4.0,10.0,14.0,3.0891793707133637,37.096774193548384,45.24894410616915,8483565,D,69.0,177.0,1998-05-12,USA,,,,R,24,"[None, None, None, None, 51]","[None, None, None, None, 49]","[None, None, None, None, 44]","[None, None, None, None, 'CBJ']"
2022-2023,Nick Holden,OTT,D,74.8,70.5,68.4,,19.0,60.3,43.6,52.6,53.0,76.9,61.5,18.4,25.2,44.9,43.6,60,70,75,,146.0,94,133,112,111,50,91,192,176,130,133,234,88,179,Third Pair,65.0,1085.9666666666667,2.0,14.0,16.0,2.967995397066561,44.927536231884055,50.17925654600356,8474207,D,76.0,210.0,1987-05-15,CAN,,,,L,35,"[65, 87, 66, 85, 65]","[81, 83, 69, 74, 62]","[40, 90, 54, 76, 63]","['VGK', 'VGK', 'VGK', 'OTT', 'OTT']"
2022-2023,Nick Jensen,WSH,D,91.0,57.3,86.8,,92.7,72.6,65.0,52.1,91.5,97.9,64.1,5.6,80.8,53.0,65.0,22,101,32,,14.0,65,83,113,21,6,85,222,46,111,83,234,88,179,Second Pair,77.0,1587.4833333333331,5.0,24.0,29.0,5.553713287253232,47.66355140186916,50.32275814001548,8475324,D,72.0,202.0,1990-09-21,USA,2009.0,5.0,150.0,R,31,"[94, 91, 88, 93, 86]","[67, 54, 24, 40, 66]","[96, 91, 92, 88, 81]","['WSH', 'WSH', 'WSH', 'WSH', 'WSH']"
2022-2023,Nick Leddy,STL,D,24.4,30.3,8.5,,59.2,14.1,15.0,21.8,55.1,88.5,1.3,12.0,61.1,23.9,87.2,178,164,215,,74.0,202,200,184,106,28,232,207,92,179,31,234,88,179,Second Pair,78.0,1647.7333333333331,2.0,21.0,23.0,5.0342570788645045,48.87218045112782,45.15579339107761,8475181,D,72.0,205.0,1991-03-20,USA,2009.0,1.0,16.0,L,31,"[28, 4, 23, 12, 42]","[39, 26, 29, 10, 47]","[10, 3, 3, 5, 20]","['NYI', 'NYI', 'NYI', 'STL', 'STL']"
2022-2023,Nick Perbix,TBL,D,41.9,16.2,57.3,,,88.5,82.5,67.5,95.7,74.6,64.5,68.4,94.4,84.2,44.4,137,197,101,,,28,42,77,11,55,84,75,14,38,131,234,88,179,Third Pair,69.0,1062.35,5.0,15.0,20.0,4.021281473249154,56.97674418604651,50.797788284602376,8480246,D,76.0,206.0,1998-06-15,USA,2017.0,6.0,169.0,R,24,"[None, None, None, None, 46]","[None, None, None, None, 21]","[None, None, None, None, 55]","[None, None, None, None, 'TBL']"
2022-2023,Nick Seeler,PHI,D,69.7,11.5,79.9,,41.3,75.6,51.7,15.0,15.4,96.2,90.2,65.4,15.0,12.4,76.9,72,208,48,,106.0,58,114,200,199,10,24,82,200,206,55,234,88,179,Third Pair,77.0,1115.7,4.0,10.0,14.0,3.1988367383595264,48.23529411764706,50.721049555408115,8476372,D,75.0,197.0,1993-06-03,USA,2011.0,5.0,131.0,L,29,"[30, None, None, 47, 79]","[12, None, None, 15, 14]","[63, None, None, 40, 88]","['MIN', None, None, 'PHI', 'PHI']"
2022-2023,Nicolas Hague,VGK,D,30.8,57.7,34.2,,,11.5,55.1,76.9,60.7,36.3,73.5,63.7,52.1,68.4,27.8,163,100,155,,,208,106,55,93,135,63,86,113,75,170,234,88,179,Second Pair,81.0,1465.3666666666666,3.0,14.0,17.0,4.9763229160625,51.78571428571429,50.04503698331328,8479980,D,78.0,245.0,1998-12-05,CAN,2017.0,2.0,34.0,L,23,"[None, 20, 57, 30, 30]","[None, 47, 86, 63, 43]","[None, 30, 30, 33, 40]","[None, 'VGK', 'VGK', 'VGK', 'VGK']"
2022-2023,Nikita Zadorov,CGY,D,59.8,47.4,84.2,,51.4,97.9,93.6,79.1,29.9,4.3,84.6,94.9,23.9,76.9,10.7,95,124,38,,88.0,6,16,50,165,207,37,13,179,55,210,234,88,179,Second Pair,82.0,1532.2333333333331,14.0,7.0,21.0,6.780817719757155,53.84615384615385,53.2714680107096,8477507,D,79.0,255.0,1995-04-16,RUS,2013.0,1.0,16.0,L,27,"[13, 16, 13, 28, 79]","[15, 19, 2, 47, 59]","[78, 71, 81, 85, 82]","['COL', 'COL', 'CHI', 'CGY', 'CGY']"
2022-2023,Nikita Zaitsev,CHI,D,6.0,27.8,8.1,,8.4,47.4,13.2,0.9,20.5,28.6,86.3,7.7,44.0,41.0,37.2,221,170,216,,165.0,124,204,233,187,153,33,217,132,139,148,234,88,179,Third Pair,46.0,757.3333333333334,1.0,7.0,8.0,0.5825619098628865,41.07142857142857,41.878301179400026,8479458,D,74.0,192.0,1991-10-29,RUS,,,,R,30,"[14, 1, 5, 4, 9]","[55, 14, 51, 67, 14]","[16, 7, 13, 8, 13]","['TOR', 'OTT', 'OTT', 'OTT', 'CHI']"
2022-2023,Niko Mikkola,NYR,D,6.4,4.7,65.0,,38.0,25.6,17.1,17.1,19.2,3.8,88.9,3.0,56.0,40.2,49.6,220,224,83,,112.0,175,195,195,190,208,27,228,104,141,119,234,88,179,Third Pair,81.0,1411.9333333333334,1.0,5.0,6.0,2.552976330706656,49.54128440366973,45.20130134657117,8478859,D,78.0,204.0,1996-04-27,FIN,2015.0,5.0,127.0,L,26,"[None, None, 63, 11, 6]","[None, None, 22, 29, 0]","[None, None, 53, 46, 74]","[None, None, 'STL', 'STL', 'NYR']"
2022-2023,Nils Lundkvist,DAL,D,36.8,62.8,19.2,60.2,,64.5,42.7,36.8,25.6,56.0,29.1,74.4,87.2,55.1,60.3,149,88,190,36.0,,84,135,149,175,94,167,61,31,106,94,234,88,179,Third Pair,60.0,978.5333333333332,6.0,10.0,16.0,4.800666987492309,48.64864864864865,52.25723327036842,8480878,D,73.0,194.0,2000-07-27,SWE,2018.0,1.0,28.0,R,22,"[None, None, None, 51, 31]","[None, None, None, 36, 74]","[None, None, None, 36, 15]","[None, None, None, 'NYR', 'DAL']"
2022-2023,Noah Dobson,NYI,D,75.6,77.4,19.7,31.8,,95.7,90.2,69.7,92.7,97.4,34.6,94.4,91.5,33.3,26.5,58,54,189,61.0,,11,24,72,18,7,154,14,21,157,173,234,88,179,Second Pair,78.0,1589.8166666666666,13.0,36.0,49.0,11.189805510425929,55.96330275229357,50.36420428516089,8480865,D,76.0,200.0,2000-01-07,CAN,2018.0,1.0,12.0,R,22,"[None, 46, 42, 88, 60]","[None, 50, 31, 76, 79]","[None, 46, 31, 28, 19]","[None, 'NYI', 'NYI', 'NYI', 'NYI']"
2022-2023,Noah Hanifin,CGY,D,89.3,97.0,30.3,72.7,80.4,61.5,78.2,85.9,71.4,63.2,15.4,55.6,41.5,87.6,46.2,26,8,164,25.0,36.0,91,52,34,68,80,199,105,138,30,127,234,88,179,First Pair,81.0,1833.9833333333331,7.0,31.0,38.0,9.195124822101702,51.127819548872175,54.2672948365549,8478396,D,75.0,206.0,1997-01-25,USA,2015.0,1.0,5.0,L,25,"[68, 72, 77, 93, 84]","[96, 95, 87, 94, 97]","[7, 6, 35, 48, 29]","['CGY', 'CGY', 'CGY', 'CGY', 'CGY']"
2022-2023,Oliver Ekman-Larsson,VAN,D,32.9,53.8,32.1,6.8,58.7,9.8,21.8,35.5,88.9,61.5,36.8,30.3,15.8,38.0,95.7,158,109,160,83.0,75.0,212,184,152,27,84,149,164,198,146,11,234,88,179,Second Pair,54.0,1089.5,2.0,20.0,22.0,3.002060256549277,38.54166666666667,43.85092524432259,8475171,D,74.0,190.0,1991-07-17,SWE,2009.0,1.0,6.0,L,31,"[59, 75, 8, 74, 18]","[70, 73, 13, 75, 35]","[65, 62, 51, 69, 16]","['ARI', 'ARI', 'ARI', 'VAN', 'VAN']"
2022-2023,Olli Maatta,DET,D,53.4,8.1,77.4,,83.2,73.1,35.0,11.5,36.3,76.5,44.9,36.8,20.1,42.7,36.3,110,216,54,,31.0,64,153,208,150,51,130,149,188,135,150,234,88,179,Second Pair,78.0,1459.15,6.0,17.0,23.0,3.051386303569792,41.41414141414141,44.57504570962153,8476874,D,74.0,207.0,1994-08-22,FIN,2012.0,1.0,22.0,L,28,"[57, 28, 47, 64, 52]","[22, 33, 20, 22, 4]","[79, 61, 48, 78, 76]","['PIT', 'CHI', 'LAK', 'LAK', 'DET']"
2022-2023,Owen Power,BUF,D,65.8,93.2,9.4,33.0,34.1,1.3,23.1,78.6,59.8,80.6,6.0,93.2,94.0,34.2,85.0,81,17,213,60.0,119.0,232,181,51,95,43,221,17,15,155,36,234,88,179,First Pair,80.0,1880.3333333333333,4.0,31.0,35.0,8.5788347973415,55.34591194968554,48.55215483877882,8482671,D,78.0,226.0,2002-11-22,CAN,2021.0,1.0,1.0,L,19,"[None, None, None, None, 63]","[None, None, None, None, 91]","[None, None, None, None, 13]","[None, None, None, None, 'BUF']"
2022-2023,Patrik Nemeth,ARI,D,3.4,1.7,49.1,,3.9,19.2,9.4,12.0,2.1,22.6,76.1,7.3,53.8,14.5,44.9,227,231,120,,173.0,190,213,207,230,166,57,218,109,201,130,234,88,179,Third Pair,75.0,1332.8166666666666,0.0,5.0,5.0,2.3828082942264066,39.68253968253968,40.29704340750474,8475747,D,76.0,230.0,1992-02-08,SWE,2010.0,2.0,41.0,L,30,"[72, 74, 81, 6, 2]","[73, 66, 71, 2, 2]","[82, 98, 91, 57, 35]","['COL', 'DET', 'COL', 'NYR', 'ARI']"
2022-2023,Philip Broberg,EDM,D,53.8,42.7,45.7,,48.6,50.9,45.3,47.0,17.5,84.6,31.2,72.6,4.7,93.6,3.4,109,135,128,,93.0,116,129,125,194,36,162,65,224,16,227,234,88,179,Fringe,46.0,579.7666666666667,1.0,7.0,8.0,1.7058050155228979,53.57142857142857,59.571522647367495,8481598,D,76.0,210.0,2001-06-25,SWE,2019.0,1.0,8.0,L,21,"[None, None, None, 44, 62]","[None, None, None, 34, 50]","[None, None, None, 49, 48]","[None, None, None, 'EDM', 'EDM']"
2022-2023,Pierre-Olivier Joseph,PIT,D,34.6,73.1,18.8,63.6,,75.2,70.5,45.3,86.8,18.4,41.9,82.5,70.9,70.9,25.2,154,64,191,33.0,,59,70,129,32,176,137,42,69,69,176,234,88,179,Third Pair,75.0,1143.6833333333334,5.0,16.0,21.0,4.183972235542623,56.38297872340425,53.50329108481413,8480058,D,74.0,185.0,1999-07-01,CAN,2017.0,1.0,23.0,L,23,"[None, None, 51, None, 34]","[None, None, 38, None, 76]","[None, None, 42, None, 17]","[None, None, 'PIT', None, 'PIT']"
2022-2023,Quinn Hughes,VAN,D,94.9,68.8,74.8,98.9,35.8,85.5,61.5,29.1,93.6,98.3,1.7,89.3,76.9,33.8,73.1,13,74,60,2.0,116.0,35,91,167,16,5,231,26,55,156,64,234,88,179,First Pair,78.0,2001.5666666666664,7.0,69.0,76.0,8.218454074118148,56.64335664335665,48.957985780393685,8480800,D,70.0,180.0,1999-10-14,USA,2018.0,1.0,7.0,L,22,"[None, 91, 38, 91, 96]","[None, 85, 37, 86, 43]","[None, 21, 15, 58, 84]","[None, 'VAN', 'VAN', 'VAN', 'VAN']"
2022-2023,Radim Simek,SJS,D,42.3,33.3,61.5,,57.5,28.6,26.9,81.2,7.3,52.1,94.9,15.4,0.4,30.8,18.4,136,157,91,,77.0,168,172,45,218,103,13,199,234,163,192,234,88,179,Third Pair,44.0,643.4333333333334,1.0,2.0,3.0,3.319302665195029,34.78260869565217,49.650298164269536,8480160,D,72.0,204.0,1992-09-20,CZE,,,,L,29,"[52, 23, 78, 56, 33]","[15, 8, 55, 23, 39]","[71, 37, 67, 57, 63]","['SJS', 'SJS', 'SJS', 'SJS', 'SJS']"
2022-2023,Radko Gudas,FLA,D,84.2,76.9,91.5,,81.6,12.8,23.5,42.3,60.3,13.2,100.0,24.8,74.4,85.9,14.5,38,55,21,,34.0,205,180,136,94,187,1,177,61,34,201,234,88,179,Third Pair,72.0,1249.9833333333331,2.0,15.0,17.0,3.537728816948897,58.0246913580247,58.2880052699862,8475462,D,72.0,208.0,1990-06-05,CZE,2010.0,3.0,66.0,R,32,"[81, 60, 90, 79, 82]","[69, 71, 79, 75, 76]","[91, 43, 84, 88, 90]","['PHI', 'WSH', 'FLA', 'FLA', 'FLA']"
2022-2023,Rasmus Andersson,CGY,D,78.6,47.9,38.0,87.5,92.2,73.5,68.8,64.5,89.3,93.6,8.1,62.8,57.3,97.9,50.9,51,123,146,12.0,15.0,63,74,84,26,16,216,88,101,6,116,234,88,179,First Pair,79.0,1902.8666666666663,11.0,38.0,49.0,9.596206748502608,53.96825396825397,52.63718048512794,8478397,D,73.0,202.0,1996-10-27,SWE,2015.0,2.0,53.0,R,25,"[71, 89, 1, 93, 69]","[14, 55, 2, 78, 29]","[76, 83, 6, 70, 28]","['CGY', 'CGY', 'CGY', 'CGY', 'CGY']"
2022-2023,Rasmus Dahlin,BUF,D,73.9,86.3,63.2,34.1,42.5,93.6,89.7,87.6,85.5,8.1,39.7,87.6,31.2,27.4,94.9,62,33,87,59.0,104.0,16,25,30,35,199,142,30,162,171,13,234,88,179,First Pair,78.0,2012.0666666666664,15.0,58.0,73.0,15.83374503081172,53.24675324675325,52.05256879097748,8480839,D,75.0,204.0,2000-04-13,SWE,2018.0,1.0,1.0,L,22,"[49, 30, 66, 15, 89]","[63, 37, 77, 54, 95]","[47, 20, 11, 14, 83]","['BUF', 'BUF', 'BUF', 'BUF', 'BUF']"
2022-2023,Rasmus Ristolainen,PHI,D,23.9,29.9,59.0,,11.7,10.7,9.0,23.5,25.2,47.4,93.6,17.1,34.6,29.1,85.9,179,165,97,,159.0,210,214,180,176,112,16,195,154,167,34,234,88,179,Second Pair,74.0,1407.7833333333333,3.0,17.0,20.0,4.943619198936466,46.236559139784944,48.98999168330707,8477499,D,76.0,208.0,1994-10-27,FIN,2013.0,1.0,8.0,R,27,"[3, 0, 1, 10, 53]","[17, 1, 3, 61, 22]","[13, 13, 17, 7, 83]","['BUF', 'BUF', 'BUF', 'PHI', 'PHI']"
2022-2023,Rasmus Sandin,WSH,D,79.9,88.5,26.5,30.7,,92.3,89.3,44.9,56.4,73.1,86.8,84.2,79.1,86.8,35.9,48,28,173,62.0,,19,26,130,103,58,32,38,50,32,151,234,88,179,Second Pair,71.0,1372.2,7.0,28.0,35.0,4.019233931596832,55.55555555555556,52.5379801087516,8480873,D,71.0,189.0,2000-03-07,SWE,2018.0,1.0,29.0,L,22,"[None, 46, None, 87, 65]","[None, 42, None, 79, 89]","[None, 37, None, 68, 10]","[None, 'TOR', None, 'TOR', 'WSH']"
2022-2023,Riley Stillman,BUF,D,23.5,45.3,9.8,,27.9,45.7,27.8,30.3,36.8,79.5,88.0,38.9,19.2,22.6,20.5,180,129,212,,130.0,128,170,164,149,44,29,144,190,182,187,234,88,179,Third Pair,50.0,732.1333333333333,1.0,7.0,8.0,1.6081837877596064,40.54054054054054,46.03589553925308,8479388,D,74.0,207.0,1998-03-09,CAN,2016.0,4.0,114.0,L,24,"[None, 44, 58, 24, 23]","[None, 40, 60, 31, 53]","[None, 37, 28, 9, 14]","[None, 'FLA', 'CHI', 'CHI', 'BUF']"
2022-2023,Robert Bortuzzo,STL,D,35.0,35.9,61.1,,35.2,38.5,52.1,63.2,10.3,26.1,87.2,24.4,93.2,17.9,13.2,153,151,92,,117.0,145,113,87,211,159,31,178,17,193,204,234,88,179,Fringe,43.0,540.3666666666667,2.0,3.0,5.0,1.651981512756487,62.857142857142854,47.714569196901536,8474145,D,76.0,206.0,1989-03-18,CAN,2007.0,3.0,78.0,R,33,"[51, 59, 41, 52, 26]","[54, 56, 52, 47, 35]","[83, 63, 79, 60, 58]","['STL', 'STL', 'STL', 'STL', 'STL']"
2022-2023,Robert Hagg,DET,D,8.5,26.1,14.5,,20.7,31.2,38.0,44.4,44.9,31.6,94.4,68.8,15.4,26.5,6.8,215,174,201,,143.0,162,146,131,130,146,14,74,199,173,219,234,88,179,Third Pair,38.0,589.7833333333333,2.0,5.0,7.0,2.0020826176922437,42.857142857142854,47.59681888174923,8477462,D,74.0,210.0,1995-02-08,SWE,2013.0,2.0,41.0,L,27,"[0, 9, 4, 2, 19]","[20, 7, 16, 19, 30]","[1, 8, 10, 7, 28]","['PHI', 'PHI', 'PHI', 'FLA', 'DET']"
2022-2023,Roman Josi,NSH,D,94.0,97.9,42.3,76.1,64.2,42.3,92.7,98.7,99.6,75.2,13.2,97.0,89.7,31.6,32.5,15,6,136,22.0,65.0,136,18,4,2,54,204,8,25,161,159,234,88,179,First Pair,67.0,1686.2,18.0,41.0,59.0,18.01214932546563,57.798165137614674,49.61802422574565,8474600,D,73.0,201.0,1990-06-01,CHE,2008.0,2.0,38.0,L,32,"[79, 97, 92, 97, 87]","[94, 99, 97, 99, 93]","[20, 73, 63, 62, 33]","['NSH', 'NSH', 'NSH', 'NSH', 'NSH']"
2022-2023,Ryan Graves,NJD,D,73.1,80.3,55.6,,31.8,90.6,83.8,83.8,56.0,53.0,40.6,18.8,59.8,88.5,72.2,64,47,105,,123.0,23,39,39,104,101,140,191,95,28,66,234,88,179,Second Pair,78.0,1555.9333333333334,8.0,18.0,26.0,6.093758913965021,57.85123966942148,53.289713811068374,8477435,D,77.0,225.0,1995-05-21,CAN,2013.0,4.0,110.0,L,27,"[None, 41, 16, 84, 67]","[None, 20, 31, 80, 78]","[None, 74, 78, 65, 40]","[None, 'COL', 'COL', 'NJD', 'NJD']"
2022-2023,Ryan Lindgren,NYR,D,67.5,31.6,88.5,,82.7,5.6,5.6,38.5,74.8,29.1,54.3,78.2,95.3,97.4,88.5,77,161,28,,32.0,222,222,145,60,152,108,52,12,7,28,234,88,179,Second Pair,63.0,1186.9166666666667,1.0,17.0,18.0,3.8021669596872085,62.82051282051282,54.36887631552306,8479324,D,72.0,194.0,1998-02-11,USA,2016.0,2.0,49.0,L,24,"[None, 58, 68, 59, 71]","[None, 28, 38, 7, 56]","[None, 63, 88, 93, 86]","[None, 'NYR', 'NYR', 'NYR', 'NYR']"
2022-2023,Ryan McDonagh,NSH,D,59.0,78.2,34.6,,59.8,15.0,36.8,62.8,65.0,54.3,17.9,19.2,96.6,46.6,56.4,97,52,154,,73.0,200,149,88,83,98,193,190,9,126,103,234,88,179,Second Pair,71.0,1528.5666666666666,2.0,18.0,20.0,5.179132642316521,53.92156862745098,46.2889921580066,8474151,D,73.0,216.0,1989-06-13,USA,2007.0,1.0,12.0,L,33,"[95, 61, 87, 85, 27]","[92, 62, 92, 76, 73]","[82, 74, 66, 81, 12]","['TBL', 'TBL', 'TBL', 'TBL', 'NSH']"
2022-2023,Ryan Pulock,NYI,D,65.0,48.7,57.7,14.8,74.9,12.0,32.1,62.0,61.5,93.2,55.1,14.5,93.6,54.7,62.0,83,121,100,76.0,46.0,207,160,90,91,17,106,201,16,107,90,234,88,179,Second Pair,82.0,1714.2166666666667,5.0,21.0,26.0,5.33827174277152,55.833333333333336,47.935587514105805,8477506,D,73.0,219.0,1994-10-06,CAN,2013.0,1.0,15.0,R,27,"[85, 71, 92, 81, 39]","[65, 6, 88, 67, 29]","[95, 96, 96, 75, 27]","['NYI', 'NYI', 'NYI', 'NYI', 'NYI']"
2022-2023,Ryan Suter,DAL,D,44.9,44.9,69.2,28.4,55.3,18.8,26.1,31.6,39.3,27.8,5.6,67.9,62.4,76.5,29.5,130,130,73,64.0,81.0,191,174,161,143,155,222,76,89,56,166,234,88,179,Second Pair,82.0,1671.1166666666668,3.0,22.0,25.0,4.446024825097178,51.4018691588785,53.001090641018735,8470600,D,73.0,201.0,1985-01-21,USA,2003.0,1.0,7.0,L,37,"[82, 76, 77, 21, 59]","[75, 59, 68, 55, 37]","[95, 79, 82, 36, 79]","['MIN', 'MIN', 'MIN', 'DAL', 'DAL']"
2022-2023,Samuel Girard,COL,D,68.4,59.4,62.4,3.4,73.2,68.8,56.4,32.5,73.9,86.3,17.5,75.2,20.9,82.1,25.6,75,96,89,86.0,49.0,74,103,159,62,32,194,59,186,43,175,234,88,179,Second Pair,76.0,1633.6166666666666,6.0,31.0,37.0,6.179135964729167,46.21848739495798,52.12892903662679,8479398,D,70.0,170.0,1998-05-12,CAN,2016.0,2.0,47.0,L,24,"[73, 86, 86, 45, 73]","[2, 58, 62, 30, 70]","[63, 83, 86, 52, 62]","['COL', 'COL', 'COL', 'COL', 'COL']"
2022-2023,Scott Harrington,ANA,D,23.1,23.9,26.1,,,76.9,76.9,13.7,35.0,59.6,33.3,8.1,77.8,12.8,42.3,181,179,174,,,55,55,203,153,87,157,216,53,205,136,234,88,179,Third Pair,45.0,739.7166666666667,4.0,7.0,11.0,2.1089343792216746,45.83333333333333,47.51963481285666,8476449,D,74.0,204.0,1993-03-10,CAN,2011.0,2.0,54.0,L,29,"[14, 8, None, None, 26]","[31, 29, None, None, 27]","[11, 16, None, None, 30]","['CBJ', 'CBJ', None, None, 'ANA']"
2022-2023,Scott Mayfield,NYI,D,61.1,59.8,85.9,,11.2,70.9,62.0,54.7,52.6,14.1,33.8,23.1,47.9,46.2,80.8,92,95,34,,160.0,69,90,107,112,185,156,181,123,127,46,234,88,179,Second Pair,82.0,1724.3666666666666,6.0,18.0,24.0,5.106230282591736,50.495049504950494,51.09383824168244,8476429,D,76.0,215.0,1992-10-14,USA,2011.0,2.0,34.0,R,29,"[62, 31, 22, 31, 77]","[68, 51, 42, 33, 71]","[75, 65, 80, 69, 89]","['NYI', 'NYI', 'NYI', 'NYI', 'NYI']"
2022-2023,Sean Durzi,LAK,D,41.0,32.1,50.0,83.0,44.1,86.8,79.1,67.9,35.5,33.8,41.0,59.8,6.4,89.7,67.5,139,160,118,16.0,101.0,32,50,76,152,141,139,95,220,25,77,234,88,179,Second Pair,72.0,1424.55,9.0,29.0,38.0,5.92800195467391,47.91666666666667,51.14294245248308,8480434,D,73.0,196.0,1998-10-21,CAN,2018.0,2.0,52.0,R,23,"[None, None, None, 49, 41]","[None, None, None, 64, 17]","[None, None, None, 43, 56]","[None, None, None, 'LAK', 'LAK']"
2022-2023,Sean Walker,LAK,D,29.9,75.6,17.1,,53.6,15.8,67.1,94.0,47.4,20.9,51.3,66.2,13.7,66.7,7.3,165,58,195,,84.0,198,78,15,124,170,115,80,203,79,218,234,88,179,Third Pair,70.0,1037.95,3.0,10.0,13.0,4.820243682275212,48.78048780487805,52.20592188468152,8480336,D,71.0,191.0,1994-11-13,CAN,,,,R,27,"[65, 70, 26, None, 33]","[51, 90, 82, None, 77]","[47, 16, 9, None, 22]","['LAK', 'LAK', 'LAK', None, 'LAK']"
2022-2023,Sebastian Aho,NYI,D,51.7,34.2,37.6,,,69.2,66.2,41.9,50.4,95.3,23.1,90.2,79.5,36.3,35.5,114,155,147,,,73,80,137,117,12,181,24,49,150,152,234,88,179,Third Pair,71.0,1190.7,5.0,18.0,23.0,3.8166169817016784,54.44444444444444,54.14148269490128,8480222,D,70.0,180.0,1996-02-17,SWE,2017.0,5.0,139.0,L,26,"[None, None, None, 27, 68]","[None, None, None, 12, 58]","[None, None, None, 26, 51]","[None, None, None, 'NYI', 'NYI']"
2022-2023,Seth Jones,CHI,D,71.8,61.5,73.9,18.2,91.6,49.1,73.9,81.6,44.0,41.5,41.5,85.0,8.1,6.8,85.5,67,91,62,73.0,16.0,120,62,44,132,125,138,36,216,219,35,234,88,179,First Pair,72.0,1760.4833333333331,12.0,25.0,37.0,10.280028215727173,39.34426229508197,46.27054372397665,8477495,D,76.0,213.0,1994-10-03,USA,2013.0,1.0,4.0,R,27,"[76, 72, 5, 78, 69]","[81, 68, 63, 24, 73]","[77, 70, 37, 96, 56]","['CBJ', 'CBJ', 'CBJ', 'CHI', 'CHI']"
2022-2023,Shayne Gostisbehere,CAR,D,83.8,58.5,44.0,35.2,,94.9,85.0,66.2,61.1,99.6,5.1,58.5,51.7,24.4,59.4,39,98,132,58.0,,13,36,80,92,2,223,98,114,178,96,234,88,179,Second Pair,75.0,1561.25,13.0,28.0,41.0,10.76299769650129,48.598130841121495,49.46121965855574,8476906,D,71.0,183.0,1993-04-20,USA,2012.0,3.0,78.0,L,29,"[80, 70, 86, 73, 85]","[61, 31, 66, 47, 62]","[57, 47, 57, 25, 60]","['PHI', 'PHI', 'PHI', 'ARI', 'CAR']"
2022-2023,Shea Theodore,VGK,D,92.7,95.7,40.6,80.7,,34.6,86.3,96.2,96.6,80.6,3.4,71.8,88.5,77.4,63.7,18,11,140,18.0,,154,33,10,9,43,227,67,28,54,86,234,88,179,Second Pair,55.0,1178.8166666666666,8.0,33.0,41.0,7.6148722821109915,58.88888888888889,53.64593899256964,8477447,D,74.0,197.0,1995-08-03,CAN,2013.0,1.0,26.0,L,27,"[97, 100, 95, 92, 87]","[95, 100, 99, 98, 91]","[79, 77, 26, 35, 50]","['VGK', 'VGK', 'VGK', 'VGK', 'VGK']"
2022-2023,Simon Benoit,ANA,D,2.1,9.8,5.6,,6.1,32.5,24.4,37.2,3.0,19.2,95.7,11.1,31.6,3.0,38.5,230,212,222,,169.0,159,178,148,228,174,11,209,161,228,145,234,88,179,Second Pair,78.0,1509.2333333333331,3.0,7.0,10.0,3.6941808969161394,35.45454545454545,36.8014767467923,8481122,D,76.0,210.0,1998-09-19,CAN,,,,L,23,"[None, None, None, 25, 1]","[None, None, None, 40, 8]","[None, None, None, 38, 3]","[None, None, None, 'ANA', 'ANA']"
2022-2023,TJ Brodie,TOR,D,90.6,19.7,97.0,,93.9,57.7,26.5,12.4,40.2,84.2,19.2,73.9,65.8,89.3,51.3,23,189,8,,12.0,100,173,206,141,37,190,62,81,26,115,234,88,179,Second Pair,58.0,1230.6166666666666,2.0,12.0,14.0,2.723585750596371,53.65853658536586,57.339938231975765,8474673,D,74.0,187.0,1990-06-07,CAN,2008.0,4.0,114.0,L,32,"[50, 62, 91, 74, 94]","[8, 63, 70, 10, 25]","[86, 86, 96, 94, 96]","['CGY', 'CGY', 'TOR', 'TOR', 'TOR']"
2022-2023,Thomas Chabot,OTT,D,85.9,97.4,15.4,89.8,,6.4,68.4,93.2,42.3,61.1,38.0,67.5,43.6,39.7,79.9,34,7,199,10.0,,220,75,17,136,85,146,77,133,142,48,234,88,179,First Pair,68.0,1698.1166666666666,11.0,30.0,41.0,9.427457175585568,48.507462686567166,52.38043398828817,8478469,D,73.0,200.0,1997-01-30,CAN,2015.0,1.0,18.0,L,25,"[81, 75, 73, 89, 83]","[91, 88, 96, 87, 98]","[6, 17, 2, 56, 9]","['OTT', 'OTT', 'OTT', 'OTT', 'OTT']"
2022-2023,Tim Berni,CBJ,D,31.2,70.1,66.7,,,9.4,8.1,59.0,1.3,1.7,78.6,20.1,3.4,0.4,76.1,162,71,79,,,213,216,97,232,213,51,188,227,234,57,234,88,179,Third Pair,59.0,1000.9,1.0,2.0,3.0,3.225184377280483,36.904761904761905,45.46081331689536,8481072,D,72.0,192.0,2000-02-11,CHE,2018.0,6.0,159.0,L,22,"[None, None, None, None, 35]","[None, None, None, None, 68]","[None, None, None, None, 64]","[None, None, None, None, 'CBJ']"
2022-2023,Timothy Liljegren,TOR,D,76.5,80.8,65.4,,58.1,84.6,79.9,55.6,49.6,44.4,75.6,64.5,91.9,95.7,55.6,56,46,82,,76.0,37,48,105,119,119,58,84,20,11,105,234,88,179,Third Pair,67.0,1199.8666666666666,6.0,12.0,18.0,4.387917988180933,61.72839506172839,55.342443700332055,8480043,D,73.0,200.0,1999-04-30,SWE,2017.0,1.0,17.0,R,23,"[None, None, None, 83, 66]","[None, None, None, 71, 80]","[None, None, None, 64, 65]","[None, None, None, 'TOR', 'TOR']"
2022-2023,Tony DeAngelo,PHI,D,26.1,94.0,0.4,78.4,12.3,86.3,91.5,88.9,91.9,78.6,7.3,80.8,81.2,65.8,57.3,174,15,234,20.0,158.0,33,21,27,20,46,218,46,45,81,101,234,88,179,First Pair,70.0,1544.1,11.0,31.0,42.0,9.092872440039928,45.714285714285715,45.42329269543154,8477950,D,72.0,190.0,1995-10-24,USA,2014.0,1.0,19.0,R,26,"[26, 57, None, 60, 16]","[81, 91, None, 88, 93]","[4, 1, None, 1, 0]","['NYR', 'NYR', None, 'CAR', 'PHI']"
2022-2023,Torey Krug,STL,D,25.6,81.2,3.4,88.6,,7.3,53.8,89.3,79.9,43.6,8.5,99.6,78.2,15.4,29.9,175,45,227,11.0,,218,109,26,48,121,215,2,52,199,165,234,88,179,Second Pair,63.0,1170.7666666666669,7.0,25.0,32.0,7.188880230510927,45.05494505494506,45.44706859256169,8476792,D,69.0,194.0,1991-04-12,USA,,,,L,31,"[91, 92, 75, 15, 27]","[85, 81, 80, 77, 78]","[41, 54, 19, 2, 3]","['BOS', 'BOS', 'STL', 'STL', 'STL']"
2022-2023,Travis Hamonic,OTT,D,10.3,47.0,6.8,,28.5,82.1,81.6,75.2,26.9,18.8,62.4,56.4,40.6,50.9,81.6,211,125,219,,129.0,43,44,59,172,175,89,103,140,116,44,234,88,179,Second Pair,75.0,1392.0166666666669,6.0,15.0,21.0,4.591820855129151,44.44444444444444,47.45329610926458,8474612,D,73.0,193.0,1990-08-16,CAN,2008.0,2.0,53.0,R,32,"[88, 25, 15, 16, 8]","[91, 69, 28, 38, 52]","[35, 11, 21, 16, 6]","['CGY', 'CGY', 'VAN', 'OTT', 'OTT']"
2022-2023,Travis Sanheim,PHI,D,71.4,52.1,77.8,,88.8,48.7,70.9,80.8,67.5,42.7,20.5,26.1,53.0,20.1,82.5,68,113,53,,21.0,121,69,46,77,123,187,174,111,188,42,234,88,179,Second Pair,81.0,1652.6166666666666,7.0,16.0,23.0,7.881708976850466,47.91666666666667,45.29288590662989,8477948,D,76.0,222.0,1996-03-29,CAN,2014.0,1.0,17.0,L,26,"[90, 80, 93, 86, 45]","[66, 78, 83, 80, 18]","[83, 61, 92, 77, 69]","['PHI', 'PHI', 'PHI', 'PHI', 'PHI']"
2022-2023,Trevor van Riemsdyk,WSH,D,88.9,52.6,88.9,,70.4,85.9,71.8,39.3,37.2,89.7,6.8,80.3,53.4,35.5,34.2,27,112,27,,54.0,34,67,143,148,25,219,47,110,152,155,234,88,179,Second Pair,75.0,1429.9166666666667,7.0,16.0,23.0,4.194906386993614,53.04347826086957,50.87680959738593,8477845,D,75.0,210.0,1991-07-24,USA,,,,R,31,"[86, 69, 69, 88, 90]","[74, 46, 59, 38, 60]","[80, 70, 58, 87, 89]","['CAR', 'CAR', 'WSH', 'WSH', 'WSH']"
2022-2023,Troy Stecher,CGY,D,7.7,20.5,10.7,,27.4,41.5,40.6,46.6,30.8,37.6,42.7,31.6,16.2,30.3,42.7,217,187,210,,131.0,138,140,126,163,132,135,161,197,164,135,234,88,179,Third Pair,81.0,1325.9,3.0,11.0,14.0,3.864132437324706,42.30769230769231,43.28554786681521,8479442,D,70.0,184.0,1994-04-07,CAN,,,,R,28,"[70, 48, 49, 36, 4]","[24, 43, 30, 52, 12]","[38, 24, 66, 34, 6]","['VAN', 'VAN', 'DET', 'LAK', 'CGY']"
2022-2023,Tyler Myers,VAN,D,0.9,16.7,39.3,,1.7,0.9,10.3,54.3,38.5,0.9,32.5,28.2,41.9,42.3,78.6,233,196,143,,177.0,233,211,108,145,215,159,169,137,136,51,234,88,179,Second Pair,78.0,1630.7,1.0,16.0,17.0,5.205307869003451,41.7910447761194,45.076120058960335,8474574,D,80.0,229.0,1990-02-01,USA,2008.0,1.0,12.0,R,32,"[4, 11, 0, 3, 1]","[50, 60, 46, 59, 7]","[14, 23, 1, 39, 59]","['WPG', 'VAN', 'VAN', 'VAN', 'VAN']"
2022-2023,Tyler Tucker,STL,D,41.5,26.9,51.7,,,57.3,47.0,1.3,2.6,74.6,89.3,89.7,1.3,11.5,5.1,138,172,114,,,101,125,232,229,55,26,25,232,208,223,234,88,179,Third Pair,26.0,380.68333333333334,1.0,3.0,4.0,0.5150109358075711,37.5,46.587036684681834,8481006,D,73.0,204.0,2000-03-01,CAN,2018.0,7.0,200.0,L,22,"[None, None, None, None, 46]","[None, None, None, None, 31]","[None, None, None, None, 46]","[None, None, None, None, 'STL']"
2022-2023,Tyson Barrie,NSH,D,21.8,76.1,1.7,86.4,,88.0,83.3,80.3,69.7,67.9,12.4,69.2,76.5,82.9,32.9,184,57,231,13.0,,29,40,47,72,70,206,73,56,41,158,234,88,179,Second Pair,85.0,1681.1666666666667,13.0,42.0,55.0,9.586373822142868,48.598130841121495,50.58371481550953,8475197,D,71.0,197.0,1991-07-26,CAN,2009.0,3.0,64.0,R,31,"[35, 14, 52, 20, 24]","[83, 84, 84, 37, 85]","[6, 1, 0, 5, 2]","['COL', 'TOR', 'EDM', 'EDM', 'NSH']"
2022-2023,Urho Vaakanainen,ANA,D,21.4,28.2,13.2,,,40.6,2.6,10.7,14.1,82.7,25.6,37.6,0.9,16.2,44.0,185,169,204,,,140,224,210,202,40,175,147,233,197,132,234,88,179,Third Pair,23.0,378.5333333333333,0.0,2.0,2.0,0.9202780323180979,21.428571428571427,37.548849874832406,8480001,D,74.0,202.0,1999-01-01,FIN,2017.0,1.0,18.0,L,23,"[None, None, None, 20, 28]","[None, None, None, 26, 35]","[None, None, None, 15, 20]","[None, None, None, 'ANA', 'ANA']"
2022-2023,Victor Hedman,TBL,D,93.6,94.9,49.6,93.2,84.9,89.7,88.9,92.7,86.3,62.4,23.9,91.5,72.6,68.8,59.0,16,13,119,7.0,28.0,25,27,18,33,82,179,21,65,74,97,234,88,179,First Pair,76.0,1802.65,9.0,40.0,49.0,10.55758058742861,51.66666666666667,49.64393743317689,8475167,D,79.0,244.0,1990-12-18,SWE,2009.0,1.0,2.0,L,31,"[91, 99, 92, 98, 76]","[88, 97, 81, 97, 94]","[88, 94, 88, 92, 9]","['TBL', 'TBL', 'TBL', 'TBL', 'TBL']"
2022-2023,Victor Soderstrom,ARI,D,17.5,40.2,29.9,44.3,,29.9,2.6,56.8,54.3,17.7,12.0,32.5,46.2,11.1,38.0,194,141,165,50.0,,165,224,102,108,177,207,159,127,209,146,234,88,179,Third Pair,30.0,485.15,0.0,9.0,9.0,1.8383597892524373,45.94594594594595,46.92325031393716,8481599,D,72.0,189.0,2001-02-26,SWE,2019.0,1.0,11.0,R,21,"[None, None, None, None, 22]","[None, None, None, None, 44]","[None, None, None, None, 32]","[None, None, None, None, 'ARI']"
2022-2023,Vince Dunn,SEA,D,62.8,79.1,36.8,9.1,,98.7,94.4,82.9,78.6,32.5,24.4,96.6,69.7,59.8,60.7,88,50,149,81.0,,4,14,41,51,144,178,9,72,95,93,234,88,179,First Pair,81.0,1917.2166666666667,14.0,50.0,64.0,10.52673751136492,60.946745562130175,54.17933125225013,8478407,D,72.0,200.0,1996-10-29,CAN,2015.0,2.0,56.0,L,25,"[85, 79, 39, 24, 81]","[88, 67, 41, 49, 88]","[35, 66, 61, 22, 47]","['STL', 'STL', 'STL', 'SEA', 'SEA']"
2022-2023,Vincent Desharnais,EDM,D,47.0,55.1,44.4,,78.8,47.0,2.6,1.7,75.6,42.1,68.8,50.4,98.7,84.6,0.9,125,106,131,,39.0,125,224,231,58,124,74,117,4,37,233,234,88,179,Third Pair,36.0,487.65,0.0,5.0,5.0,0.5731136481995047,62.5,56.41306538763752,8479576,D,79.0,225.0,1996-05-29,CAN,2016.0,7.0,183.0,R,26,"[None, None, None, None, 50]","[None, None, None, None, 53]","[None, None, None, None, 44]","[None, None, None, None, 'EDM']"
2022-2023,Vladislav Gavrikov,LAK,D,44.4,72.2,53.4,,96.6,8.1,35.9,72.2,51.3,6.4,19.7,6.8,27.8,20.9,73.9,131,66,110,,7.0,216,151,66,115,202,189,219,170,186,62,234,88,179,Second Pair,72.0,1581.9333333333334,6.0,13.0,19.0,6.497612766025738,45.83333333333333,47.43537932289738,8478882,D,75.0,210.0,1995-11-21,RUS,2015.0,6.0,159.0,L,26,"[None, 68, 54, 46, 49]","[None, 65, 66, 85, 52]","[None, 57, 55, 13, 68]","[None, 'CBJ', 'CBJ', 'CBJ', 'LAK']"
2022-2023,Will Borgen,SEA,D,58.1,15.8,70.1,,69.3,67.9,54.3,17.5,82.1,82.7,91.9,19.7,46.6,62.0,31.6,99,198,71,,56.0,76,108,194,43,40,20,189,126,90,161,234,88,179,Third Pair,82.0,1341.5,3.0,17.0,20.0,2.564003537510133,53.15315315315315,50.24922665670319,8478840,D,75.0,199.0,1996-12-19,USA,2015.0,4.0,92.0,R,25,"[None, None, None, 52, 63]","[None, None, None, 24, 15]","[None, None, None, 61, 72]","[None, None, None, 'SEA', 'SEA']"
2022-2023,Zach Bogosian,TBL,D,12.8,54.3,10.3,,,33.3,30.3,59.4,20.9,15.4,91.0,49.6,69.2,78.6,9.4,205,108,211,,,157,164,96,186,182,22,119,73,51,213,234,88,179,Third Pair,46.0,688.85,1.0,4.0,5.0,2.355481213630651,46.2962962962963,50.00560178675285,8474567,D,75.0,231.0,1990-07-15,USA,2008.0,1.0,3.0,R,32,"[9, 23, 7, 11, 17]","[65, 35, 63, 62, 48]","[12, 32, 27, 14, 12]","['BUF', 'TBL', 'TOR', 'TBL', 'TBL']"
2022-2023,Zach Werenski,CBJ,D,58.5,72.6,23.5,55.7,61.5,21.4,99.6,97.0,92.3,80.6,2.1,98.7,10.3,6.0,99.6,98,65,180,40.0,70.0,185,2,8,19,43,230,4,211,221,2,234,88,179,First Pair,13.0,306.75,3.0,5.0,8.0,1.9937407391911128,45.16129032258064,52.103843571319786,8478460,D,74.0,214.0,1997-07-19,USA,2015.0,1.0,8.0,L,25,"[51, 81, 65, 55, 60]","[71, 72, 67, 83, 58]","[7, 41, 24, 6, 43]","['CBJ', 'CBJ', 'CBJ', 'CBJ', 'CBJ']"
2022-2023,Zach Whitecloud,VGK,D,62.0,44.4,72.2,,45.8,88.9,90.6,77.4,52.1,38.0,83.8,25.6,92.3,63.2,27.4,90,131,66,,98.0,27,23,54,113,131,39,175,19,87,171,234,88,179,Third Pair,59.0,1009.5833333333334,5.0,7.0,12.0,3.4736136887355498,54.7945205479452,47.57068009074468,8480727,D,74.0,210.0,1996-11-28,CAN,,,,R,25,"[None, None, 73, 84, 41]","[None, None, 35, 59, 37]","[None, None, 81, 91, 56]","[None, None, 'VGK', 'VGK', 'VGK']"
