Season,Player,Team,Position,ovr_pct,evo_pct,evd_pct,ppl_pct,pkl_pct,fin_pct,gol_pct,xgl_pct,ast_pct,pen_pct,hit_pct,ozs_pct,pdo_pct,tmt_pct,cmp_pct,ovr_rank,evo_rank,evd_rank,ppl_rank,pkl_rank,fin_rank,gol_rank,xgl_rank,ast_rank,pen_rank,hit_rank,ozs_rank,pdo_rank,tmt_rank,cmp_rank,all_players,ppl_players,pkl_players,Role,GP,TOI,Goals,Total Assists,Total Points,ixG,GF%,xGF%,Player ID,Specific Position,Height (in),Weight (lbs),Date of Birth,Birth Country,Draft Year,Draft Round,Overall Draft Position,Shoots Catches,Age,ovr_history,evo_history,evd_history,team_history
2023-2024,Aaron Ekblad,FLA,D,79.2,78.4,68.8,87.1,98.9,25.6,76.8,94.0,56.4,7.2,26.4,50.8,80.4,98.4,96.8,53,55,79,13.0,3.0,187,59,16,110,206,185,124,50,5,9,250,93,180,Second Pair,51.0,1064.0333333333333,4.0,14.0,18.0,6.453928090529303,68.0,54.03193378949689,8477932,D,76.0,220.0,1996-02-07,CAN,2014.0,1.0,1.0,R,27,"[93, 83, 95, 80, 67]","[87, 72, 83, 80, 75]","[76, 72, 77, 62, 69]","['FLA', 'FLA', 'FLA', 'FLA', 'FLA']"
2023-2024,Adam Boqvist,CBJ,D,40.4,68.4,5.6,35.5,,70.8,82.4,78.4,31.2,94.0,7.2,96.0,54.0,18.8,52.8,150,80,237,61.0,,74,45,55,173,16,233,11,116,204,119,250,93,180,Second Pair,35.0,639.9166666666666,1.0,9.0,10.0,3.646432800889764,48.148148148148145,45.72215467890054,8480871,D,72.0,195.0,2000-08-15,SWE,2018.0,1.0,8.0,R,23,"[74, 63, 29, 49, 43]","[59, 71, 48, 68, 68]","[29, 34, 8, 8, 7]","['CHI', 'CHI', 'CBJ', 'CBJ', 'CBJ']"
2023-2024,Adam Fox,NYR,D,100.0,98.8,96.0,98.9,83.3,95.2,95.2,83.2,95.6,97.2,6.8,85.2,89.6,45.6,78.8,1,4,11,2.0,31.0,13,13,43,12,8,234,38,27,137,54,250,93,180,First Pair,72.0,1687.9333333333334,17.0,56.0,73.0,10.325729346336555,60.0,48.830014848900504,8479323,D,71.0,185.0,1998-02-17,USA,2016.0,3.0,66.0,R,25,"[91, 97, 98, 100, 100]","[85, 93, 97, 99, 98]","[88, 94, 90, 95, 92]","['NYR', 'NYR', 'NYR', 'NYR', 'NYR']"
2023-2024,Adam Larsson,SEA,D,21.2,3.6,82.8,,60.0,32.8,58.0,67.2,45.6,6.0,64.0,95.2,70.8,61.6,67.2,198,242,44,,73.0,169,106,83,137,209,91,13,74,97,83,250,93,180,First Pair,81.0,1858.55,4.0,14.0,18.0,7.2408085875849855,54.285714285714285,51.25439389723685,8476457,D,75.0,207.0,1992-11-12,SWE,2011.0,1.0,4.0,R,30,"[31, 85, 10, 70, 6]","[51, 19, 2, 29, 2]","[79, 98, 80, 94, 64]","['EDM', 'EDM', 'SEA', 'SEA', 'SEA']"
2023-2024,Adam Pelech,NYI,D,90.8,68.8,98.8,,61.1,7.2,19.2,59.6,77.6,63.6,38.8,6.4,56.4,32.8,81.2,24,79,4,,71.0,233,203,102,57,83,154,235,110,169,48,250,93,180,Second Pair,58.0,1176.3333333333333,1.0,15.0,16.0,3.328321222546753,48.19277108433735,49.440727810632175,8476917,D,75.0,212.0,1994-08-16,CAN,2012.0,3.0,65.0,L,29,"[65, 95, 97, 88, 88]","[38, 89, 93, 53, 60]","[79, 97, 98, 97, 96]","['NYI', 'NYI', 'NYI', 'NYI', 'NYI']"
2023-2024,Alec Martinez,VGK,D,60.0,56.0,49.6,,27.2,60.4,62.0,28.0,32.4,83.2,23.6,42.4,82.8,63.6,82.8,101,111,127,,132.0,100,96,181,170,40,192,145,44,92,44,250,93,180,Second Pair,55.0,1047.4333333333334,4.0,13.0,17.0,2.8642468516462762,48.86363636363637,51.524585843159976,8474166,D,73.0,210.0,1987-07-26,USA,2007.0,4.0,95.0,L,36,"[41, 58, 63, 42, 67]","[59, 92, 71, 44, 56]","[17, 9, 21, 67, 36]","['VGK', 'VGK', 'VGK', 'VGK', 'VGK']"
2023-2024,Alex Goligoski,MIN,D,60.4,76.4,46.0,49.5,,19.2,3.6,36.0,86.4,39.2,18.8,71.6,16.8,40.8,37.6,100,60,136,48.0,,203,242,161,35,131,204,72,209,149,157,250,93,180,Third Pair,36.0,533.1,0.0,10.0,10.0,2.080665011359001,41.86046511627907,50.92121383951756,8471274,D,71.0,173.0,1985-07-30,USA,2004.0,2.0,61.0,L,38,"[61, 83, 70, 65, 48]","[78, 87, 82, 84, 61]","[51, 51, 60, 46, 40]","['ARI', 'ARI', 'MIN', 'MIN', 'MIN']"
2023-2024,Alex Pietrangelo,VGK,D,94.0,97.2,37.6,46.2,91.7,41.2,67.6,81.6,78.4,96.0,30.0,65.2,44.4,43.6,93.2,16,8,157,51.0,16.0,148,82,47,55,11,176,88,140,142,18,250,93,180,First Pair,64.0,1508.2,4.0,29.0,33.0,7.208989214170745,47.82608695652174,51.524585843159976,8474565,D,75.0,215.0,1990-01-18,CAN,2008.0,1.0,4.0,R,33,"[95, 87, 81, 97, 88]","[98, 94, 95, 97, 94]","[43, 14, 21, 65, 22]","['STL', 'VGK', 'VGK', 'VGK', 'VGK']"
2023-2024,Alex Vlasic,CHI,D,76.0,35.6,83.2,,84.4,39.2,12.4,6.8,10.8,71.4,17.6,18.4,78.0,4.8,100.0,61,162,43,,29.0,153,220,234,224,65,207,205,56,239,1,250,93,180,Second Pair,76.0,1632.3833333333334,2.0,14.0,16.0,3.872130519749191,49.504950495049506,41.656782506498935,8481568,D,78.0,217.0,2001-06-05,USA,2019.0,2.0,43.0,L,22,"[None, None, None, None, 76]","[None, None, None, None, 34]","[None, None, None, None, 84]","[None, None, None, None, 'CHI']"
2023-2024,Alexander Alexeyev,WSH,D,38.4,17.2,52.4,,,38.8,7.6,8.4,9.2,82.0,65.2,52.8,26.0,26.4,4.4,155,208,120,,,154,232,230,228,43,88,119,186,185,240,250,93,180,Third Pair,39.0,534.15,1.0,2.0,3.0,0.5371231215815961,40.54054054054054,47.42865030656283,8480823,D,76.0,230.0,1999-11-15,RUS,2018.0,1.0,31.0,L,23,"[None, None, None, 47, 38]","[None, None, None, 26, 16]","[None, None, None, 40, 59]","[None, None, None, 'WSH', 'WSH']"
2023-2024,Alexander Romanov,NYI,D,27.2,31.2,24.0,,11.7,88.8,60.4,35.6,40.8,80.8,85.6,32.0,90.4,36.4,75.6,183,173,191,,160.0,29,100,162,149,46,37,171,25,160,62,250,93,180,Second Pair,81.0,1688.0666666666666,7.0,15.0,22.0,3.818001000130387,56.896551724137936,49.440727810632175,8481014,D,73.0,220.0,2000-01-06,RUS,2018.0,2.0,38.0,L,23,"[None, 50, 20, 25, 34]","[None, 42, 28, 19, 50]","[None, 52, 52, 35, 16]","[None, 'MTL', 'MTL', 'NYI', 'NYI']"
2023-2024,Alexandre Carrier,NSH,D,54.4,27.6,79.2,,82.2,14.0,29.2,64.8,48.0,25.2,65.6,3.6,55.2,63.2,62.4,115,182,53,,33.0,216,178,89,131,163,87,242,113,93,95,250,93,180,Second Pair,73.0,1372.4166666666667,4.0,16.0,20.0,4.357821518291017,51.11111111111111,52.76204021441854,8478851,D,71.0,174.0,1996-10-08,CAN,2015.0,4.0,115.0,R,26,"[None, 57, 22, 39, 68]","[None, 39, 9, 32, 37]","[None, 54, 69, 56, 85]","[None, 'NSH', 'NSH', 'NSH', 'NSH']"
2023-2024,Andreas Englund,LAK,D,28.4,8.4,39.2,,41.1,28.4,5.2,10.8,13.2,88.4,98.0,54.4,19.2,64.0,1.2,180,230,153,,107.0,180,238,224,218,28,6,115,203,91,248,250,93,180,Third Pair,82.0,1084.2333333333331,1.0,9.0,10.0,1.5803364522014578,44.73684210526316,53.8530051338716,8477971,D,76.0,200.0,1996-01-21,SWE,2014.0,2.0,40.0,L,27,"[48, None, None, 50, 20]","[37, None, None, 25, 5]","[38, None, None, 49, 29]","['OTT', None, None, 'CHI', 'LAK']"
2023-2024,Andrew Peeke,BOS,D,31.6,6.0,75.2,,4.4,69.2,34.4,8.8,57.2,78.4,86.4,19.2,12.8,14.4,94.0,172,236,63,,173.0,78,165,229,108,49,35,203,219,215,16,250,93,180,Third Pair,38.0,623.15,1.0,9.0,10.0,0.9471456547695672,46.93877551020408,50.76357352099207,8479369,D,75.0,214.0,1998-03-17,USA,2016.0,2.0,34.0,R,25,"[52, None, 25, 41, 33]","[37, None, 8, 6, 14]","[46, None, 84, 83, 60]","['CBJ', None, 'CBJ', 'CBJ', 'BOS']"
2023-2024,Arber Xhekaj,MTL,D,4.8,24.8,11.2,26.9,,81.6,77.6,22.8,83.6,6.4,96.0,89.2,76.4,15.6,16.0,239,189,223,69.0,,47,57,194,42,208,11,28,60,212,211,250,93,180,Third Pair,44.0,700.8,3.0,7.0,10.0,1.759041202726703,56.14035087719298,46.069795528127855,8482964,D,76.0,240.0,2001-01-30,CAN,,,,L,22,"[None, None, None, 6, 9]","[None, None, None, 20, 37]","[None, None, None, 11, 17]","[None, None, None, 'MTL', 'MTL']"
2023-2024,Artem Zub,OTT,D,67.2,28.4,87.6,,89.4,66.0,34.8,12.0,61.2,8.8,76.4,24.8,27.6,72.8,93.6,83,180,32,,20.0,86,164,221,98,202,60,189,182,69,17,250,93,180,Second Pair,69.0,1450.25,5.0,20.0,25.0,4.940857057805816,48.62385321100918,49.50827881037773,8482245,D,75.0,201.0,1995-10-03,RUS,,,,R,27,"[None, 42, 23, 31, 83]","[None, 26, 38, 9, 59]","[None, 72, 72, 84, 87]","[None, 'OTT', 'OTT', 'OTT', 'OTT']"
2023-2024,Ben Chiarot,DET,D,0.8,10.8,12.8,,6.7,61.6,50.8,44.0,58.8,4.0,69.2,9.6,28.8,30.4,77.2,249,224,219,,169.0,97,124,141,104,214,78,227,179,175,58,250,93,180,Second Pair,77.0,1522.8833333333332,5.0,15.0,20.0,5.087447872025806,45.25547445255474,46.23413756965368,8475279,D,75.0,222.0,1991-05-09,CAN,2009.0,4.0,120.0,L,32,"[3, 3, 1, 2, 1]","[33, 5, 69, 5, 13]","[28, 53, 5, 19, 17]","['MTL', 'MTL', 'FLA', 'DET', 'DET']"
2023-2024,Ben Hutton,VGK,D,51.6,43.6,38.8,53.8,,41.6,67.2,87.6,54.0,86.0,42.4,95.6,78.4,50.8,4.8,122,142,154,44.0,,147,83,32,116,33,145,12,55,124,239,250,93,180,Third Pair,41.0,666.5666666666667,2.0,8.0,10.0,2.6747366155835595,61.224489795918366,51.524585843159976,8477018,D,75.0,209.0,1993-04-20,CAN,2012.0,5.0,147.0,L,30,"[42, 20, 37, 56, 51]","[80, 60, 47, 40, 45]","[7, 6, 22, 37, 47]","['LAK', 'TOR', 'VGK', 'VGK', 'VGK']"
2023-2024,Bowen Byram,BUF,D,35.2,61.6,19.6,32.3,60.6,94.8,98.4,88.0,61.6,28.8,67.2,63.2,62.0,70.0,40.0,163,97,202,64.0,72.0,14,5,31,97,154,83,93,96,76,151,250,93,180,Second Pair,73.0,1485.0,11.0,18.0,29.0,6.113775608799997,51.28205128205128,48.57974516206313,8481524,D,73.0,205.0,2001-06-13,CAN,2019.0,1.0,4.0,L,22,"[None, 23, 57, 54, 20]","[None, 34, 60, 56, 58]","[None, 59, 50, 56, 6]","[None, 'COL', 'COL', 'COL', 'BUF']"
2023-2024,Braden Schneider,NYR,D,12.4,6.8,7.6,,66.1,77.6,66.4,41.6,44.8,87.2,91.6,55.6,70.0,42.4,25.2,220,234,232,,62.0,57,85,147,139,30,22,112,76,145,188,250,93,180,Third Pair,82.0,1303.6666666666667,5.0,14.0,19.0,4.00037706570443,46.95652173913044,48.830014848900504,8482073,D,75.0,206.0,2001-09-20,CAN,2020.0,1.0,19.0,R,21,"[None, None, 22, 8, 16]","[None, None, 12, 2, 24]","[None, None, 26, 9, 8]","[None, None, 'NYR', 'NYR', 'NYR']"
2023-2024,Brady Skjei,CAR,D,52.4,54.0,34.4,28.0,90.6,98.4,96.4,97.2,72.8,28.0,16.4,65.6,32.4,96.8,72.4,120,116,165,68.0,18.0,5,10,8,69,156,210,87,170,9,70,250,93,180,Second Pair,80.0,1702.25,13.0,34.0,47.0,9.375679043739332,52.083333333333336,55.712763718232004,8476869,D,75.0,210.0,1994-03-26,USA,2012.0,1.0,28.0,L,29,"[11, 9, 27, 27, 70]","[79, 70, 71, 59, 40]","[3, 5, 3, 29, 52]","['CAR', 'CAR', 'CAR', 'CAR', 'CAR']"
2023-2024,Brandon Carlo,BOS,D,49.6,0.8,88.4,,99.4,54.4,39.6,30.0,52.0,10.0,78.4,0.4,98.8,88.0,84.0,127,249,30,,2.0,115,152,176,121,199,55,250,4,31,41,250,93,180,Second Pair,76.0,1512.6833333333334,4.0,10.0,14.0,2.6074365098394,59.57446808510638,50.76357352099207,8478443,D,77.0,227.0,1996-11-26,USA,2015.0,2.0,37.0,R,26,"[46, 66, 35, 76, 31]","[3, 20, 0, 9, 0]","[89, 70, 72, 94, 80]","['BOS', 'BOS', 'BOS', 'BOS', 'BOS']"
2023-2024,Brandon Montour,FLA,D,63.2,86.0,6.0,84.9,,86.8,93.6,97.6,42.0,69.6,38.4,75.2,60.0,94.0,62.0,93,36,236,15.0,,34,17,7,146,68,155,63,101,16,96,250,93,180,First Pair,66.0,1547.5166666666669,8.0,25.0,33.0,9.82248306119503,52.32558139534884,54.03193378949689,8477986,D,72.0,199.0,1994-04-11,CAN,2014.0,2.0,55.0,R,29,"[3, 2, 34, 52, 71]","[14, 48, 81, 88, 82]","[7, 2, 12, 3, 18]","['BUF', 'FLA', 'FLA', 'FLA', 'FLA']"
2023-2024,Brayden McNabb,VGK,D,83.2,66.8,91.6,,26.1,9.6,23.6,47.2,50.4,45.6,79.2,35.2,71.2,52.8,44.4,43,84,22,,134.0,227,192,133,125,117,53,163,73,119,140,250,93,180,Second Pair,82.0,1587.0333333333333,4.0,22.0,26.0,3.6500696173786884,55.04587155963303,51.524585843159976,8475188,D,76.0,215.0,1991-01-21,CAN,2009.0,3.0,66.0,L,32,"[84, 75, 65, 83, 83]","[89, 75, 61, 50, 73]","[81, 71, 78, 93, 88]","['VGK', 'VGK', 'VGK', 'VGK', 'VGK']"
2023-2024,Brayden Pachal,CGY,D,10.4,16.0,30.0,,52.2,34.0,51.2,76.0,10.4,14.6,93.2,57.6,36.0,34.4,13.6,225,211,176,,87.0,166,123,61,225,189,18,107,161,165,217,250,93,180,Third Pair,50.0,733.8333333333334,2.0,5.0,7.0,2.445462745499354,44.89795918367347,49.20420679368082,8481167,D,74.0,202.0,1999-08-23,CAN,,,,R,24,"[None, None, None, None, 12]","[None, None, None, None, 16]","[None, None, None, None, 31]","[None, None, None, None, 'CGY']"
2023-2024,Brendan Smith,NJD,D,34.8,40.8,39.6,,92.8,44.4,69.2,84.4,8.8,21.2,82.8,50.0,18.8,88.4,20.4,164,149,152,,14.0,140,78,40,229,173,44,126,204,30,200,250,93,180,Third Pair,63.0,1014.3333333333334,5.0,10.0,15.0,3.4004656106937476,44.44444444444444,51.36365163761772,8474090,D,74.0,200.0,1989-02-08,CAN,2007.0,1.0,27.0,L,34,"[55, 64, 33, 23, 47]","[25, 21, 49, 60, 26]","[40, 37, 23, 41, 42]","['NYR', 'NYR', 'CAR', 'NJD', 'NJD']"
2023-2024,Brenden Dillon,WPG,D,80.4,66.4,93.6,,30.6,92.8,75.2,20.0,36.4,5.2,90.0,24.4,72.0,33.6,30.4,50,85,17,,126.0,19,63,201,160,211,26,190,71,167,175,250,93,180,Second Pair,77.0,1443.0833333333333,8.0,12.0,20.0,2.771775644748374,55.319148936170215,52.69707862204957,8475455,D,76.0,225.0,1990-11-13,CAN,,,,L,32,"[29, 80, 52, 89, 74]","[53, 53, 79, 50, 64]","[96, 95, 49, 99, 89]","['WSH', 'WSH', 'WPG', 'WPG', 'WPG']"
2023-2024,Brent Burns,CAR,D,86.4,92.0,45.2,83.9,73.9,96.4,89.2,81.2,66.8,27.2,1.2,71.2,63.6,99.6,68.4,35,21,138,16.0,48.0,10,28,48,84,158,248,73,92,2,80,250,93,180,Second Pair,82.0,1763.0666666666666,10.0,33.0,43.0,9.621798093047683,59.25925925925925,55.712763718232004,8470613,D,77.0,228.0,1985-03-09,CAN,2003.0,1.0,20.0,R,38,"[42, 56, 16, 94, 85]","[94, 98, 64, 96, 89]","[0, 8, 24, 53, 44]","['SJS', 'SJS', 'SJS', 'CAR', 'CAR']"
2023-2024,Brett Kulak,EDM,D,56.8,32.4,81.6,,58.3,42.8,45.2,42.4,24.4,18.8,47.2,49.2,37.2,86.0,14.4,109,170,47,,76.0,144,138,145,190,179,133,128,158,36,215,250,93,180,Third Pair,82.0,1261.5166666666669,3.0,13.0,16.0,3.639930625981269,50.0,57.7356301882345,8476967,D,73.0,192.0,1994-01-06,CAN,2012.0,4.0,105.0,L,29,"[81, 50, 82, 28, 63]","[75, 45, 55, 17, 46]","[84, 77, 88, 66, 85]","['MTL', 'MTL', 'EDM', 'EDM', 'EDM']"
2023-2024,Brett Pesce,CAR,D,84.4,87.2,59.6,,97.8,0.4,20.8,71.2,27.2,56.0,5.2,70.0,18.4,91.2,80.8,40,33,102,,5.0,250,199,73,183,94,238,76,205,23,49,250,93,180,Second Pair,70.0,1420.2,3.0,10.0,13.0,5.529842705874305,47.91666666666667,55.712763718232004,8477488,D,75.0,206.0,1994-11-15,USA,2013.0,3.0,66.0,R,28,"[80, 97, 88, 82, 82]","[92, 97, 90, 86, 87]","[48, 79, 48, 67, 53]","['CAR', 'CAR', 'CAR', 'CAR', 'CAR']"
2023-2024,Brian Dumoulin,SEA,D,76.8,16.4,86.0,,81.7,74.4,55.6,29.6,50.0,81.2,48.8,66.4,28.0,59.6,33.2,59,210,36,,34.0,65,112,177,126,45,129,85,181,102,168,250,93,180,Third Pair,80.0,1361.25,6.0,10.0,16.0,3.3345207431700072,51.31578947368421,51.25439389723685,8475208,D,76.0,215.0,1991-09-06,USA,2009.0,2.0,51.0,L,31,"[66, 81, 59, 66, 81]","[62, 55, 27, 10, 28]","[71, 71, 65, 78, 91]","['PIT', 'PIT', 'PIT', 'PIT', 'SEA']"
2023-2024,Brock Faber,MIN,D,15.6,30.0,34.8,68.8,10.0,8.8,44.8,71.6,91.6,31.6,18.0,16.4,65.6,80.8,88.0,212,176,164,30.0,163.0,229,139,72,22,148,206,210,87,49,31,250,93,180,First Pair,82.0,2047.8833333333332,8.0,39.0,47.0,8.406751023925517,50.0,50.92121383951756,8482122,D,73.0,200.0,2002-08-22,USA,2020.0,2.0,45.0,R,21,"[None, None, None, None, 18]","[None, None, None, None, 30]","[None, None, None, None, 38]","[None, None, None, None, 'MIN']"
2023-2024,Cale Makar,COL,D,98.4,81.2,90.8,96.8,5.6,96.8,100.0,99.6,94.0,99.2,4.0,99.6,71.6,98.0,89.2,5,48,24,4.0,171.0,9,1,2,16,3,241,2,72,6,28,250,93,180,First Pair,77.0,1907.2666666666669,21.0,69.0,90.0,16.386835008071902,52.55474452554745,52.32289257674195,8480069,D,72.0,187.0,1998-10-30,CAN,2017.0,1.0,4.0,R,24,"[86, 97, 99, 96, 97]","[64, 84, 91, 84, 73]","[73, 73, 95, 87, 93]","['COL', 'COL', 'COL', 'COL', 'COL']"
2023-2024,Caleb Jones,COL,D,44.8,46.0,65.2,,,24.8,7.2,66.8,55.2,38.0,72.4,38.8,56.8,11.6,3.2,139,136,88,,,189,233,84,113,134,70,154,109,222,243,250,93,180,Fringe,25.0,305.2,0.0,5.0,5.0,1.1277054718594295,57.14285714285714,52.32289257674195,8478452,D,73.0,184.0,1997-06-06,USA,2015.0,4.0,117.0,L,26,"[59, 54, 39, 44, 50]","[43, 21, 6, 65, 42]","[43, 55, 71, 65, 57]","['EDM', 'EDM', 'CHI', 'CHI', 'COL']"
2023-2024,Calen Addison,SJS,D,8.4,45.6,3.6,63.4,,33.2,37.6,27.6,3.2,39.6,14.8,84.4,5.6,12.4,7.2,230,137,242,35.0,,168,157,182,243,130,214,40,237,220,233,250,93,180,Third Pair,72.0,1243.05,1.0,16.0,17.0,5.2578843104557675,33.734939759036145,40.469088980474325,8480884,D,71.0,173.0,2000-04-11,CAN,2018.0,2.0,53.0,R,23,"[None, None, None, 37, 1]","[None, None, None, 65, 26]","[None, None, None, 21, 1]","[None, None, None, 'MIN', 'SJS']"
2023-2024,Calvin de Haan,TBL,D,68.4,57.2,82.4,,32.2,38.4,42.8,46.4,30.8,26.8,71.2,28.8,13.2,68.4,15.2,80,108,45,,123.0,155,144,135,174,159,73,179,218,80,213,250,93,180,Third Pair,59.0,980.9,3.0,7.0,10.0,2.162669219942261,44.285714285714285,49.79170428776468,8475177,D,73.0,192.0,1991-05-09,CAN,2009.0,1.0,12.0,L,32,"[69, 88, 64, 56, 71]","[57, 77, 25, 56, 59]","[61, 90, 91, 73, 83]","['CHI', 'CHI', 'CHI', 'CAR', 'TBL']"
2023-2024,Cam Fowler,ANA,D,12.0,75.6,17.6,7.5,0.6,37.6,37.2,33.6,43.2,67.6,2.4,50.4,9.2,4.0,90.0,221,62,207,87.0,180.0,157,158,167,143,73,245,125,228,241,26,250,93,180,First Pair,81.0,1978.25,5.0,34.0,39.0,5.975644242989233,33.33333333333333,46.102749461547546,8475764,D,74.0,213.0,1991-12-05,CAN,2010.0,1.0,12.0,L,31,"[76, 62, 69, 16, 6]","[83, 83, 89, 76, 67]","[36, 20, 55, 6, 30]","['ANA', 'ANA', 'ANA', 'ANA', 'ANA']"
2023-2024,Cam York,PHI,D,58.8,56.8,63.2,5.4,85.6,70.4,66.0,58.0,39.6,68.0,36.8,39.2,12.0,38.0,59.6,104,109,93,89.0,27.0,75,86,106,152,72,159,153,221,156,102,250,93,180,First Pair,82.0,1854.7833333333333,10.0,20.0,30.0,9.739671670484311,44.44444444444444,52.59607386348822,8481546,D,72.0,194.0,2001-01-05,USA,2019.0,1.0,14.0,L,22,"[None, None, 56, 70, 49]","[None, None, 49, 66, 48]","[None, None, 43, 53, 71]","[None, None, 'PHI', 'PHI', 'PHI']"
2023-2024,Carson Soucy,VAN,D,50.0,18.4,77.2,,70.0,63.2,50.4,45.2,10.0,30.8,70.4,31.2,79.6,59.2,44.0,126,205,58,,55.0,93,125,138,226,149,75,173,52,103,141,250,93,180,Third Pair,40.0,699.4166666666666,2.0,4.0,6.0,1.9827256118526657,53.84615384615385,52.911587346995546,8477369,D,76.0,211.0,1994-07-27,CAN,2013.0,5.0,137.0,L,29,"[63, 5, 31, 23, 69]","[6, 6, 24, 26, 18]","[60, 68, 73, 73, 78]","['MIN', 'MIN', 'SEA', 'SEA', 'VAN']"
2023-2024,Chad Ruhwedel,NYR,D,74.4,42.0,78.4,,77.2,52.4,28.0,17.2,5.6,74.4,82.4,29.2,11.2,52.0,32.8,65,146,55,,42.0,120,181,208,237,59,45,178,223,121,169,250,93,180,Fringe,52.0,660.4166666666666,1.0,3.0,4.0,0.891682482213607,40.54054054054054,48.830014848900504,8477244,D,71.0,189.0,1990-05-07,USA,,,,R,33,"[66, 34, 90, 57, 72]","[34, 32, 69, 52, 25]","[54, 59, 92, 71, 77]","['PIT', 'PIT', 'PIT', 'PIT', 'NYR']"
2023-2024,Charlie McAvoy,BOS,D,95.2,94.0,92.8,3.2,86.1,78.8,82.8,89.2,90.0,44.8,72.0,94.4,95.2,82.0,94.8,13,16,19,91.0,26.0,54,44,28,26,119,71,15,13,46,14,250,93,180,First Pair,74.0,1838.6,12.0,35.0,47.0,9.772517422101435,55.932203389830505,50.76357352099207,8479325,D,73.0,211.0,1997-12-21,USA,2016.0,1.0,14.0,R,25,"[98, 96, 98, 81, 96]","[93, 95, 98, 85, 93]","[99, 94, 99, 80, 94]","['BOS', 'BOS', 'BOS', 'BOS', 'BOS']"
2023-2024,Chris Tanev,DAL,D,95.6,58.8,100.0,,87.8,61.2,15.2,2.8,57.6,52.8,38.0,15.2,34.8,93.6,79.2,12,104,1,,23.0,98,213,244,107,102,156,213,164,17,53,250,93,180,Second Pair,75.0,1476.2833333333333,2.0,17.0,19.0,1.5557514214057913,54.45544554455446,54.55576360833514,8475690,D,75.0,200.0,1989-12-20,CAN,,,,R,33,"[54, 99, 90, 97, 92]","[4, 3, 5, 79, 44]","[97, 100, 97, 100, 99]","['VAN', 'CGY', 'CGY', 'CGY', 'DAL']"
2023-2024,Cody Ceci,EDM,D,22.0,50.0,21.2,,24.4,22.4,38.4,46.0,39.2,42.0,60.8,25.6,47.2,97.6,55.6,196,126,198,,137.0,195,155,136,153,126,99,187,133,7,112,250,93,180,Second Pair,79.0,1581.7833333333333,5.0,20.0,25.0,4.419676299465424,51.30434782608696,57.7356301882345,8476879,D,75.0,210.0,1993-12-21,CAN,2012.0,1.0,15.0,R,29,"[37, 31, 66, 15, 28]","[20, 36, 68, 22, 63]","[47, 12, 71, 40, 9]","['TOR', 'PIT', 'EDM', 'EDM', 'EDM']"
2023-2024,Colin Miller,WPG,D,50.8,21.2,70.4,,46.7,87.2,86.4,38.0,34.4,60.8,75.2,83.2,95.6,66.0,43.6,124,198,75,,97.0,33,35,156,165,90,63,43,12,86,142,250,93,180,Third Pair,46.0,722.4333333333333,4.0,5.0,9.0,1.917836156959312,61.53846153846154,52.69707862204957,8476525,D,73.0,200.0,1992-10-29,CAN,2012.0,5.0,151.0,R,30,"[75, 81, 47, 59, 48]","[68, 59, 29, 15, 31]","[80, 87, 67, 76, 58]","['BUF', 'BUF', 'BUF', 'DAL', 'WPG']"
2023-2024,Colton Parayko,STL,D,56.0,2.8,90.4,,10.6,85.6,70.4,70.4,21.6,67.2,40.0,8.0,44.8,10.4,98.0,111,244,25,,162.0,37,75,75,197,74,151,231,139,225,6,250,93,180,First Pair,82.0,1956.5833333333333,10.0,16.0,26.0,6.532590138802439,46.21212121212121,44.5367163159077,8476892,D,78.0,228.0,1993-05-12,CAN,2012.0,3.0,86.0,R,30,"[88, 58, 89, 29, 57]","[67, 35, 35, 3, 4]","[92, 81, 93, 87, 88]","['STL', 'STL', 'STL', 'STL', 'STL']"
2023-2024,Connor Clifton,BUF,D,18.0,8.0,69.2,,55.6,16.4,47.6,74.4,73.2,13.0,94.8,53.2,81.6,49.2,20.0,206,231,78,,81.0,210,132,65,68,192,14,118,47,128,201,250,93,180,Third Pair,79.0,1307.9166666666667,4.0,14.0,18.0,4.008086625834202,53.333333333333336,48.57974516206313,8477365,D,72.0,196.0,1995-04-28,USA,2013.0,5.0,133.0,R,28,"[45, 8, 68, 32, 8]","[12, 1, 8, 17, 8]","[40, 79, 86, 65, 63]","['BOS', 'BOS', 'BOS', 'BOS', 'BUF']"
2023-2024,Connor Murphy,CHI,D,58.0,10.4,85.6,,31.1,64.4,32.8,12.4,7.2,53.6,83.6,15.6,6.4,0.8,85.2,106,225,37,,125.0,90,169,220,233,100,42,212,235,249,38,250,93,180,Second Pair,46.0,912.2666666666668,2.0,6.0,8.0,1.8166605321300702,34.375,41.656782506498935,8476473,D,76.0,212.0,1993-03-26,USA,2011.0,1.0,20.0,R,30,"[61, 88, 42, 58, 58]","[48, 55, 5, 3, 32]","[65, 74, 90, 91, 74]","['CHI', 'CHI', 'CHI', 'CHI', 'CHI']"
2023-2024,Conor Timmins,TOR,D,45.2,49.6,54.0,38.7,,57.2,72.0,9.2,96.0,44.0,67.6,92.0,49.2,83.2,2.8,138,127,116,58.0,,108,71,228,11,121,82,21,128,43,244,250,93,180,Third Pair,25.0,400.53333333333336,1.0,9.0,10.0,1.2015476501731115,60.60606060606061,51.97603572680528,8479982,D,75.0,213.0,1998-09-18,CAN,2017.0,2.0,32.0,R,24,"[None, 59, None, 45, 50]","[None, 57, None, 39, 58]","[None, 52, None, 47, 55]","[None, 'COL', None, 'TOR', 'TOR']"
2023-2024,Dakota Mermis,MIN,D,30.0,48.4,32.8,,28.9,73.2,84.4,61.6,19.2,40.8,44.4,86.4,61.6,35.6,39.2,176,130,169,,129.0,68,40,97,203,128,140,35,97,162,153,250,93,180,Third Pair,47.0,662.1,3.0,5.0,8.0,2.01271612996582,50.0,50.92121383951756,8477541,D,72.0,197.0,1994-01-05,USA,,,,L,29,"[None, None, None, None, 36]","[None, None, None, None, 48]","[None, None, None, None, 36]","[None, None, None, None, 'MIN']"
2023-2024,Damon Severson,CBJ,D,94.8,99.6,70.8,20.4,63.3,88.0,80.0,62.8,72.4,4.8,7.6,48.0,20.0,36.8,74.8,14,2,74,75.0,67.0,31,51,94,70,212,232,131,201,159,64,250,93,180,Second Pair,67.0,1416.8833333333334,9.0,19.0,28.0,5.675128187549921,43.90243902439025,45.72215467890054,8476923,D,74.0,204.0,1994-08-07,CAN,2012.0,2.0,60.0,R,29,"[81, 79, 67, 98, 87]","[86, 98, 96, 100, 97]","[26, 17, 27, 78, 68]","['NJD', 'NJD', 'NJD', 'NJD', 'CBJ']"
2023-2024,Daniil Miromanov,CGY,D,41.6,40.4,46.4,30.1,,68.8,96.8,96.4,22.4,58.4,0.4,43.2,30.4,89.6,19.2,147,150,135,66.0,,79,9,10,195,92,250,143,175,27,203,250,93,180,Second Pair,24.0,497.3333333333333,3.0,4.0,7.0,2.4490536086181223,53.333333333333336,49.20420679368082,8482624,D,76.0,207.0,1997-07-11,RUS,,,,R,26,"[None, None, None, None, 44]","[None, None, None, None, 39]","[None, None, None, None, 50]","[None, None, None, None, 'CGY']"
2023-2024,Dante Fabbro,NSH,D,53.2,62.0,70.0,,55.0,27.2,40.8,37.6,62.8,24.4,54.8,62.0,52.4,67.6,34.8,118,96,76,,82.0,183,149,157,94,165,114,96,120,82,164,250,93,180,Third Pair,56.0,915.6333333333332,3.0,10.0,13.0,2.388090606928664,53.52112676056338,52.76204021441854,8479371,D,72.0,200.0,1998-06-20,CAN,2016.0,1.0,17.0,R,25,"[14, 17, 71, 35, 60]","[1, 5, 55, 55, 62]","[53, 63, 66, 68, 66]","['NSH', 'NSH', 'NSH', 'NSH', 'NSH']"
2023-2024,Darnell Nurse,EDM,D,53.6,92.8,48.8,11.8,12.2,66.8,81.6,93.6,79.2,2.8,61.2,35.6,40.0,94.8,52.0,117,19,129,83.0,159.0,84,47,17,53,217,98,162,151,14,121,250,93,180,Second Pair,81.0,1773.45,10.0,22.0,32.0,10.044300161931995,49.586776859504134,57.7356301882345,8477498,D,76.0,215.0,1995-02-04,CAN,2013.0,1.0,7.0,L,28,"[12, 32, 34, 50, 62]","[78, 90, 84, 91, 92]","[43, 9, 64, 54, 37]","['EDM', 'EDM', 'EDM', 'EDM', 'EDM']"
2023-2024,Darren Raddysh,TBL,D,82.8,60.4,68.4,,72.2,54.0,48.4,48.0,65.6,98.8,41.2,82.0,20.4,84.4,64.0,44,100,80,,51.0,116,130,131,87,4,148,46,200,40,91,250,93,180,Second Pair,82.0,1566.6666666666667,6.0,27.0,33.0,4.862281801536652,47.368421052631575,49.79170428776468,8478178,D,73.0,202.0,1996-02-28,CAN,,,,R,27,"[None, None, None, None, 84]","[None, None, None, None, 57]","[None, None, None, None, 71]","[None, None, None, None, 'TBL']"
2023-2024,David Jiricek,CBJ,D,22.4,55.6,29.2,,,36.8,16.8,26.4,84.8,20.0,26.0,73.6,38.8,12.8,55.2,195,112,178,,,159,209,185,39,176,186,67,154,219,113,250,93,180,Third Pair,43.0,627.7,1.0,9.0,10.0,1.5455079783690004,45.0,45.72215467890054,8483460,D,76.0,204.0,2003-11-28,CZE,2022.0,1.0,6.0,R,19,"[None, None, None, None, 27]","[None, None, None, None, 54]","[None, None, None, None, 30]","[None, None, None, None, 'CBJ']"
2023-2024,David Savard,MTL,D,18.4,68.0,25.6,,2.2,84.0,71.6,15.2,72.0,35.2,25.6,23.6,67.2,16.4,95.2,205,81,187,,177.0,41,72,213,71,141,187,192,83,210,13,250,93,180,Second Pair,60.0,1214.4833333333331,6.0,18.0,24.0,2.4457435349524217,49.504950495049506,46.069795528127855,8475233,D,73.0,235.0,1990-10-22,CAN,2009.0,4.0,94.0,R,32,"[73, 67, 27, 38, 12]","[61, 10, 61, 50, 76]","[90, 93, 28, 59, 11]","['CBJ', 'TBL', 'MTL', 'MTL', 'MTL']"
2023-2024,Declan Chisholm,MIN,D,50.4,46.4,50.4,65.6,,48.0,39.2,23.2,33.2,58.4,9.2,85.6,2.8,61.2,14.8,125,135,125,33.0,,131,153,193,168,92,228,37,244,98,214,250,93,180,Third Pair,31.0,512.4,3.0,6.0,9.0,2.0895537138370517,40.0,50.92121383951756,8480990,D,73.0,205.0,2000-01-12,CAN,2018.0,5.0,150.0,L,23,"[None, None, None, None, 54]","[None, None, None, None, 45]","[None, None, None, None, 53]","[None, None, None, None, 'MIN']"
2023-2024,Dennis Gilbert,CGY,D,66.4,33.6,55.2,,,50.8,42.4,24.8,11.6,96.4,91.2,96.8,4.0,48.8,50.4,85,167,113,,,124,145,189,222,10,23,9,241,129,125,250,93,180,Fringe,34.0,417.6333333333333,1.0,6.0,7.0,0.9312293522625191,36.0,49.20420679368082,8478502,D,74.0,216.0,1996-10-30,USA,2015.0,3.0,91.0,L,26,"[34, None, None, None, 66]","[33, None, None, None, 33]","[36, None, None, None, 58]","['CHI', None, None, None, 'CGY']"
2023-2024,Derek Forbort,BOS,D,33.6,5.6,65.6,,80.6,58.4,20.4,14.0,22.8,62.0,80.8,0.8,86.8,64.8,15.6,167,237,87,,36.0,105,200,216,194,87,49,249,34,89,212,250,93,180,Third Pair,35.0,622.7833333333333,0.0,4.0,4.0,1.0871676389663285,57.49999999999999,50.76357352099207,8475762,D,76.0,216.0,1992-03-04,USA,2010.0,1.0,15.0,L,31,"[38, 11, 21, 22, 51]","[25, 1, 1, 6, 17]","[48, 73, 75, 51, 67]","['CGY', 'WPG', 'BOS', 'BOS', 'BOS']"
2023-2024,Devon Toews,COL,D,99.2,91.2,98.0,22.6,92.2,94.0,91.2,90.4,92.4,90.0,9.6,86.8,85.2,95.2,88.4,3,23,6,73.0,15.0,16,23,25,20,25,227,34,38,13,30,250,93,180,First Pair,82.0,1921.1833333333336,12.0,38.0,50.0,9.212989250671423,56.42857142857143,52.32289257674195,8478038,D,73.0,191.0,1994-02-21,CAN,2014.0,4.0,108.0,L,29,"[94, 99, 94, 99, 96]","[91, 89, 87, 97, 81]","[84, 98, 85, 96, 98]","['NYI', 'COL', 'COL', 'COL', 'COL']"
2023-2024,Dmitry Kulikov,FLA,D,35.6,60.0,57.6,,6.1,8.0,24.8,65.6,85.6,46.0,70.8,47.6,52.8,34.8,26.8,162,101,107,,170.0,231,189,87,37,116,74,132,119,164,184,250,93,180,Third Pair,76.0,1255.05,1.0,19.0,20.0,4.192471140746969,53.333333333333336,54.03193378949689,8475179,D,73.0,212.0,1990-10-29,RUS,2009.0,1.0,14.0,L,32,"[18, 38, 86, 12, 49]","[32, 74, 58, 34, 71]","[72, 89, 95, 24, 63]","['WPG', 'EDM', 'MIN', 'PIT', 'FLA']"
2023-2024,Dmitry Orlov,CAR,D,96.0,90.4,90.0,,62.8,24.0,73.2,92.4,51.6,91.6,51.6,64.0,46.0,80.0,24.0,11,25,26,,68.0,191,68,20,122,21,122,91,136,51,191,250,93,180,Third Pair,82.0,1419.8166666666666,6.0,20.0,26.0,7.611890799108212,54.63917525773196,55.712763718232004,8475200,D,71.0,215.0,1991-07-23,RUS,2009.0,2.0,55.0,L,32,"[86, 86, 95, 86, 96]","[97, 89, 90, 91, 88]","[80, 77, 95, 77, 94]","['WSH', 'WSH', 'WSH', 'BOS', 'CAR']"
2023-2024,Dougie Hamilton,NJD,D,80.8,95.2,20.4,89.2,,90.0,88.4,98.8,82.0,11.6,18.4,79.6,16.0,85.6,10.4,49,13,200,11.0,,26,30,4,46,195,205,52,211,37,225,250,93,180,Second Pair,20.0,419.5,5.0,11.0,16.0,3.0707569027216706,45.45454545454545,51.36365163761772,8476462,D,78.0,230.0,1993-06-17,CAN,2011.0,1.0,9.0,R,30,"[94, 96, 72, 95, 54]","[98, 100, 96, 98, 83]","[54, 32, 12, 24, 26]","['CAR', 'CAR', 'NJD', 'NJD', 'NJD']"
2023-2024,Drew Doughty,LAK,D,88.0,69.2,91.2,40.9,56.1,76.4,48.8,32.4,62.0,66.4,41.6,40.8,44.0,88.8,81.6,31,78,23,56.0,80.0,60,129,170,96,76,147,149,141,29,47,250,93,180,First Pair,82.0,2115.0666666666666,15.0,35.0,50.0,8.178206530921344,57.692307692307686,53.8530051338716,8474563,D,73.0,210.0,1989-12-08,CAN,2008.0,1.0,2.0,R,33,"[4, 72, 66, 94, 86]","[17, 76, 66, 45, 77]","[22, 75, 70, 88, 95]","['LAK', 'LAK', 'LAK', 'LAK', 'LAK']"
2023-2024,Dylan DeMelo,WPG,D,90.0,82.8,97.2,,28.3,20.0,13.2,18.8,84.4,23.2,68.0,68.8,96.8,72.0,61.2,26,44,8,,130.0,201,218,204,40,168,81,79,9,71,98,250,93,180,Second Pair,82.0,1781.8333333333333,3.0,28.0,31.0,2.8364330687078896,64.8,52.69707862204957,8476331,D,73.0,194.0,1993-05-01,CAN,2011.0,6.0,179.0,R,30,"[85, 64, 87, 80, 93]","[92, 71, 88, 35, 91]","[91, 78, 92, 97, 96]","['WPG', 'WPG', 'WPG', 'WPG', 'WPG']"
2023-2024,Dylan Samberg,WPG,D,69.2,50.8,85.2,,71.1,29.6,14.8,10.0,60.4,19.2,62.0,61.6,82.4,55.6,10.8,78,124,38,,53.0,177,214,226,100,178,96,97,45,112,224,250,93,180,Third Pair,78.0,1218.8,1.0,17.0,18.0,2.3129195357726706,61.016949152542374,52.69707862204957,8480049,D,76.0,216.0,1999-01-24,USA,2017.0,2.0,43.0,L,24,"[None, None, None, 68, 66]","[None, None, None, 62, 41]","[None, None, None, 73, 86]","[None, None, None, 'WPG', 'WPG']"
2023-2024,Egor Zamula,PHI,D,20.0,8.8,66.8,61.3,,58.0,32.0,10.4,11.2,14.6,20.4,93.6,19.6,51.6,35.6,201,229,84,37.0,,106,171,225,223,189,200,17,202,122,162,250,93,180,Third Pair,66.0,1059.7833333333333,5.0,16.0,21.0,2.208448182981158,51.35135135135135,52.59607386348822,8481178,D,75.0,200.0,2000-03-30,RUS,,,,L,23,"[None, None, None, None, 26]","[None, None, None, None, 8]","[None, None, None, None, 70]","[None, None, None, None, 'PHI']"
2023-2024,Emil Lilleberg,TBL,D,25.6,22.8,44.4,,53.3,30.0,1.8,5.2,20.4,40.8,98.4,33.2,1.6,41.6,4.0,187,194,140,,85.0,176,243,238,200,128,5,168,247,147,241,250,93,180,Third Pair,37.0,599.5666666666667,0.0,5.0,5.0,0.9822511923504578,35.294117647058826,49.79170428776468,8482929,D,75.0,215.0,2001-02-02,NOR,2021.0,4.0,107.0,L,22,"[None, None, None, None, 30]","[None, None, None, None, 22]","[None, None, None, None, 48]","[None, None, None, None, 'TBL']"
2023-2024,Erik Brannstrom,OTT,D,65.6,74.0,64.0,,17.2,6.0,18.4,73.6,56.0,48.4,27.6,79.2,21.6,37.6,18.8,87,66,91,,150.0,236,205,67,111,110,182,53,197,157,204,250,93,180,Third Pair,76.0,1260.9166666666667,3.0,17.0,20.0,5.249008310085533,48.717948717948715,49.50827881037773,8480073,D,70.0,185.0,1999-09-02,SWE,2017.0,1.0,15.0,L,23,"[26, 37, 15, 73, 65]","[28, 36, 28, 83, 66]","[38, 30, 18, 59, 74]","['OTT', 'OTT', 'OTT', 'OTT', 'OTT']"
2023-2024,Erik Cernak,TBL,D,62.4,35.2,79.6,,96.7,17.6,11.2,19.2,48.4,13.0,92.0,2.4,58.4,85.2,98.8,95,163,52,,7.0,207,223,203,130,192,21,245,105,38,4,250,93,180,Second Pair,69.0,1323.8333333333333,2.0,11.0,13.0,2.2864516263348182,48.38709677419355,49.79170428776468,8478416,D,76.0,230.0,1997-05-28,SVK,2015.0,2.0,43.0,R,26,"[56, 79, 79, 73, 42]","[9, 31, 65, 64, 12]","[73, 85, 73, 81, 77]","['TBL', 'TBL', 'TBL', 'TBL', 'TBL']"
2023-2024,Erik Gudbranson,CBJ,D,1.6,11.6,2.8,,20.6,89.6,62.8,18.0,44.0,38.8,54.4,40.4,32.8,18.0,58.0,247,222,244,,144.0,27,94,206,141,132,115,150,169,206,106,250,93,180,Second Pair,78.0,1533.4833333333331,6.0,20.0,26.0,2.314993572165425,41.83673469387755,45.72215467890054,8475790,D,77.0,222.0,1992-01-07,CAN,2010.0,1.0,3.0,R,31,"[8, 5, 46, 0, 8]","[13, 24, 69, 6, 12]","[21, 7, 15, 1, 6]","['ANA', 'NSH', 'CGY', 'CBJ', 'CBJ']"
2023-2024,Erik Gustafsson,NYR,D,70.0,77.6,53.6,29.0,,89.2,80.4,68.0,80.4,54.4,33.2,98.8,45.6,29.2,33.6,76,57,117,67.0,,28,50,81,50,98,168,4,137,178,167,250,93,180,Third Pair,76.0,1321.7833333333333,6.0,25.0,31.0,4.9529466572526015,51.11111111111111,48.830014848900504,8476979,D,72.0,190.0,1992-03-14,SWE,2012.0,4.0,93.0,L,31,"[51, 47, 26, 72, 75]","[81, 39, 52, 70, 85]","[2, 23, 19, 50, 62]","['CGY', 'MTL', 'CHI', 'TOR', 'NYR']"
2023-2024,Erik Johnson,PHI,D,34.0,62.4,18.4,,14.4,60.8,74.0,49.2,4.4,78.0,87.2,37.2,14.4,46.0,9.2,166,95,205,,155.0,99,66,128,240,50,33,158,215,136,228,250,93,180,Third Pair,67.0,969.7166666666668,5.0,1.0,6.0,1.9843110653340084,38.88888888888889,52.59607386348822,8473446,D,76.0,225.0,1988-03-21,USA,2006.0,1.0,1.0,R,35,"[50, None, 64, 19, 44]","[71, None, 75, 58, 52]","[47, None, 54, 25, 16]","['COL', None, 'COL', 'COL', 'PHI']"
2023-2024,Erik Karlsson,PIT,D,92.0,100.0,0.4,88.2,,98.0,93.2,89.6,98.4,84.8,5.6,80.0,31.6,81.2,57.6,21,1,250,12.0,,6,18,27,5,36,237,51,172,48,107,250,93,180,First Pair,82.0,1990.0166666666669,11.0,45.0,56.0,12.186885659944673,52.083333333333336,51.238885445372595,8474578,D,72.0,185.0,1990-05-31,SWE,2008.0,1.0,15.0,R,33,"[90, 65, 72, 91, 92]","[95, 96, 95, 99, 100]","[31, 1, 3, 1, 0]","['SJS', 'SJS', 'SJS', 'SJS', 'PIT']"
2023-2024,Esa Lindell,DAL,D,84.8,47.6,88.8,,95.6,43.2,57.6,60.8,64.0,54.8,46.8,3.2,66.0,68.8,40.8,39,132,29,,9.0,143,107,99,91,97,134,243,86,79,149,250,93,180,Second Pair,82.0,1678.6833333333334,5.0,21.0,26.0,5.690796540979782,52.58620689655172,54.55576360833514,8476902,D,75.0,217.0,1994-05-23,FIN,2012.0,3.0,74.0,L,29,"[35, 9, 40, 72, 91]","[3, 0, 1, 38, 76]","[68, 87, 79, 77, 93]","['DAL', 'DAL', 'DAL', 'DAL', 'DAL']"
2023-2024,Ethan Bear,WSH,D,47.2,66.0,40.4,,,24.4,10.0,80.8,12.0,53.2,40.4,64.4,7.6,30.8,38.8,133,86,150,,,190,226,49,221,101,150,90,232,174,154,250,93,180,Third Pair,24.0,357.73333333333335,1.0,3.0,4.0,1.735740241619932,37.03703703703704,47.42865030656283,8478451,D,71.0,219.0,1997-06-26,CAN,2015.0,5.0,124.0,R,26,"[71, 81, 44, 65, 37]","[86, 80, 82, 67, 52]","[15, 69, 10, 62, 32]","['EDM', 'EDM', 'CAR', 'VAN', 'WSH']"
2023-2024,Evan Bouchard,EDM,D,96.8,98.0,72.4,92.5,,80.0,86.0,94.8,87.6,28.4,29.2,90.0,48.4,100.0,46.0,9,6,70,8.0,,51,36,14,32,155,178,26,130,1,136,250,93,180,First Pair,81.0,1862.7666666666669,18.0,64.0,82.0,12.814295236627164,61.8421052631579,57.7356301882345,8480803,D,75.0,192.0,1999-10-20,CAN,2018.0,1.0,10.0,R,23,"[None, 46, 76, 91, 98]","[None, 37, 86, 94, 99]","[None, 40, 32, 59, 80]","[None, 'EDM', 'EDM', 'EDM', 'EDM']"
2023-2024,Filip Hronek,VAN,D,34.4,53.2,32.0,71.0,62.2,4.4,33.2,53.2,82.8,46.4,33.6,69.2,97.6,56.0,71.6,165,118,171,28.0,69.0,240,168,118,44,115,167,78,7,111,72,250,93,180,First Pair,81.0,1898.75,5.0,43.0,48.0,8.14012030998126,60.431654676258994,52.911587346995546,8479425,D,72.0,190.0,1997-11-02,CZE,2016.0,2.0,53.0,R,25,"[23, 14, 56, 67, 13]","[4, 26, 40, 29, 69]","[32, 13, 30, 69, 10]","['DET', 'DET', 'DET', 'VAN', 'VAN']"
2023-2024,Gustav Forsling,FLA,D,74.0,79.6,22.0,,75.0,98.8,94.0,87.2,95.2,68.8,30.8,40.0,92.8,98.8,89.6,66,52,196,,46.0,4,16,33,13,70,174,151,19,4,27,250,93,180,First Pair,79.0,1749.2166666666667,10.0,29.0,39.0,7.150977503361636,66.99029126213593,54.03193378949689,8478055,D,73.0,199.0,1996-06-12,SWE,2014.0,5.0,126.0,L,27,"[None, 71, 71, 32, 85]","[None, 79, 83, 67, 84]","[None, 16, 31, 7, 50]","[None, 'FLA', 'FLA', 'FLA', 'FLA']"
2023-2024,Gustav Lindstrom,ANA,D,13.2,16.8,36.0,,,58.8,40.0,4.0,71.2,15.2,66.0,49.6,72.8,8.8,13.2,218,209,161,,,104,151,241,73,188,86,127,69,229,218,250,93,180,Third Pair,46.0,708.4,3.0,7.0,10.0,1.56610378844676,62.22222222222222,46.102749461547546,8480184,D,74.0,194.0,1998-10-20,SWE,2017.0,2.0,38.0,R,24,"[21, 46, 19, 15, 14]","[42, 43, 16, 22, 18]","[39, 36, 33, 31, 44]","['DET', 'DET', 'DET', 'DET', 'ANA']"
2023-2024,Hampus Lindholm,BOS,D,93.2,89.6,92.4,34.4,57.2,13.6,36.0,55.2,68.4,41.6,28.4,26.0,96.4,67.2,83.6,18,27,20,62.0,78.0,217,161,113,80,127,180,186,10,83,42,250,93,180,First Pair,73.0,1699.95,3.0,23.0,26.0,6.188100042458256,57.73195876288659,50.76357352099207,8476854,D,76.0,217.0,1994-01-20,SWE,2012.0,1.0,6.0,L,29,"[82, 60, 83, 95, 91]","[82, 73, 79, 92, 89]","[75, 67, 79, 90, 94]","['ANA', 'ANA', 'BOS', 'BOS', 'BOS']"
2023-2024,Haydn Fleury,TBL,D,43.2,19.2,53.2,,47.2,34.8,26.4,76.8,16.8,84.0,77.6,10.4,85.6,52.4,47.6,143,203,118,,96.0,164,185,59,209,38,57,225,37,120,132,250,93,180,Third Pair,24.0,386.9666666666667,1.0,4.0,5.0,1.1706459412789632,60.71428571428571,49.79170428776468,8477938,D,76.0,207.0,1996-07-08,CAN,2014.0,1.0,7.0,L,27,"[44, 30, 32, 59, 35]","[11, 14, 12, 32, 19]","[32, 37, 57, 52, 51]","['CAR', 'ANA', 'SEA', 'TBL', 'TBL']"
2023-2024,Henri Jokiharju,BUF,D,7.2,30.4,6.8,,17.8,48.8,26.8,12.8,50.8,33.4,42.8,67.6,69.6,44.4,75.2,233,175,234,,149.0,129,184,219,124,145,144,82,77,140,63,250,93,180,Second Pair,74.0,1404.5166666666669,3.0,17.0,20.0,3.3906969750849276,57.14285714285714,48.57974516206313,8480035,D,72.0,205.0,1999-06-17,FIN,2017.0,1.0,29.0,R,24,"[34, 68, 6, 18, 3]","[63, 57, 43, 59, 15]","[69, 53, 4, 15, 5]","['BUF', 'BUF', 'BUF', 'BUF', 'BUF']"
2023-2024,Henry Thrun,SJS,D,26.0,32.0,16.4,45.2,40.0,34.4,8.0,9.6,8.4,79.4,13.6,36.4,16.4,0.4,91.2,186,171,210,52.0,109.0,165,231,227,230,48,217,160,210,250,23,250,93,180,Second Pair,51.0,1019.9833333333332,3.0,8.0,11.0,2.2218054282394015,36.11111111111111,40.469088980474325,8481567,D,74.0,211.0,2001-03-12,USA,2019.0,4.0,101.0,L,22,"[None, None, None, None, 30]","[None, None, None, None, 32]","[None, None, None, None, 20]","[None, None, None, None, 'SJS']"
2023-2024,Ian Cole,VAN,D,93.6,84.0,99.2,,97.2,32.4,24.4,19.6,29.6,1.6,61.6,19.6,74.4,65.2,32.4,17,41,3,,6.0,170,190,202,177,220,97,202,65,88,170,250,93,180,Second Pair,78.0,1457.7666666666669,2.0,9.0,11.0,1.9357395142606277,55.319148936170215,52.911587346995546,8474013,D,73.0,237.0,1989-02-21,USA,2007.0,1.0,18.0,L,34,"[83, 35, 75, 93, 94]","[80, 67, 90, 80, 86]","[92, 89, 89, 99, 98]","['COL', 'MIN', 'CAR', 'TBL', 'VAN']"
2023-2024,Ilya Lyubushkin,TOR,D,6.0,4.8,71.2,,3.3,12.8,4.0,17.6,35.2,8.4,88.4,26.8,25.6,22.0,35.2,236,239,73,,175.0,219,241,207,163,203,30,184,187,196,163,250,93,180,Third Pair,74.0,1267.2333333333331,0.0,8.0,8.0,3.008066758022901,42.5287356321839,51.97603572680528,8480950,D,74.0,206.0,1994-04-06,RUS,,,,R,29,"[72, 58, 20, 9, 5]","[60, 19, 2, 16, 6]","[78, 71, 97, 31, 78]","['ARI', 'ARI', 'TOR', 'BUF', 'TOR']"
2023-2024,Isaak Phillips,CHI,D,16.0,44.0,8.4,,46.1,16.8,1.8,68.8,69.6,58.4,74.0,34.0,0.4,2.0,69.6,211,141,230,,98.0,209,243,79,77,92,66,166,250,246,77,250,93,180,Third Pair,33.0,563.4,0.0,6.0,6.0,2.1480896029260936,22.916666666666664,41.656782506498935,8482192,D,75.0,205.0,2001-09-28,CAN,2020.0,5.0,141.0,L,21,"[None, None, None, None, 18]","[None, None, None, None, 42]","[None, None, None, None, 12]","[None, None, None, None, 'CHI']"
2023-2024,Ivan Provorov,CBJ,D,5.6,12.0,11.6,2.2,7.8,83.2,66.8,54.0,41.6,86.4,23.2,41.2,34.0,20.4,80.4,237,221,222,92.0,167.0,43,84,116,147,32,193,148,166,200,50,250,93,180,First Pair,82.0,1817.3166666666664,5.0,27.0,32.0,4.822091618151122,48.78048780487805,45.72215467890054,8478500,D,73.0,224.0,1997-01-13,RUS,2015.0,1.0,7.0,L,26,"[57, 10, 30, 5, 10]","[22, 8, 52, 1, 30]","[71, 52, 55, 32, 4]","['PHI', 'PHI', 'PHI', 'PHI', 'CBJ']"
2023-2024,J.J. Moser,ARI,D,10.0,36.0,18.8,15.1,1.7,72.0,61.2,38.4,68.8,56.4,50.4,2.0,68.0,20.8,90.8,226,161,204,80.0,178.0,71,98,155,79,93,125,246,81,199,24,250,93,180,Second Pair,80.0,1645.7166666666667,5.0,21.0,26.0,5.097230740051822,47.41379310344828,48.507643396556404,8482655,D,74.0,183.0,2000-06-06,CHE,2021.0,2.0,60.0,L,23,"[None, None, 26, 4, 22]","[None, None, 23, 20, 56]","[None, None, 16, 20, 22]","[None, None, 'ARI', 'ARI', 'ARI']"
2023-2024,Jaccob Slavin,CAR,D,99.6,98.4,96.8,,100.0,0.8,40.4,78.8,84.0,94.8,10.8,80.8,42.0,96.0,66.4,2,5,9,,1.0,249,150,54,41,14,224,49,146,11,85,250,93,180,Second Pair,81.0,1695.4833333333331,6.0,31.0,37.0,6.4388731742526755,56.63716814159292,55.712763718232004,8476958,D,75.0,207.0,1994-05-01,USA,2012.0,4.0,120.0,L,29,"[99, 94, 100, 99, 99]","[90, 95, 97, 96, 98]","[87, 66, 98, 92, 96]","['CAR', 'CAR', 'CAR', 'CAR', 'CAR']"
2023-2024,Jack Johnson,COL,D,1.2,0.4,7.2,,35.0,31.6,30.8,25.2,23.2,48.0,44.0,13.6,77.2,32.4,12.4,248,250,233,,118.0,172,174,188,193,111,141,217,58,170,220,250,93,180,Third Pair,80.0,1194.1833333333334,3.0,13.0,16.0,3.611465230232542,57.14285714285714,52.32289257674195,8471677,D,74.0,225.0,1987-01-13,USA,2005.0,1.0,3.0,L,36,"[0, 18, 0, 0, 7]","[0, 13, 2, 0, 4]","[14, 33, 14, 6, 15]","['PIT', 'NYR', 'COL', 'COL', 'COL']"
2023-2024,Jackson LaCombe,ANA,D,17.6,23.6,36.8,,23.9,19.6,22.0,43.6,47.6,31.6,17.2,30.8,12.4,16.0,68.0,207,192,159,,138.0,202,196,142,132,148,208,174,220,211,81,250,93,180,Second Pair,71.0,1375.7833333333333,2.0,15.0,17.0,3.797965817835409,38.2716049382716,46.102749461547546,8481605,D,74.0,208.0,2001-01-09,USA,2019.0,2.0,39.0,L,22,"[None, None, None, None, 21]","[None, None, None, None, 25]","[None, None, None, None, 41]","[None, None, None, None, 'ANA']"
2023-2024,Jacob Bernard-Docker,OTT,D,21.6,15.2,40.0,,19.4,77.2,35.6,31.2,15.2,49.2,60.0,48.4,10.8,60.4,79.6,197,213,151,,146.0,58,162,173,213,108,101,130,224,100,52,250,93,180,Third Pair,72.0,1129.9333333333334,4.0,10.0,14.0,1.5164470258317833,44.44444444444444,49.50827881037773,8480879,D,73.0,196.0,2000-06-30,CAN,2018.0,1.0,26.0,R,23,"[None, None, None, 43, 12]","[None, None, None, 45, 5]","[None, None, None, 42, 38]","[None, None, None, 'OTT', 'OTT']"
2023-2024,Jacob Bryson,BUF,D,64.4,43.2,61.2,,34.4,49.6,14.0,0.8,64.4,87.8,47.6,37.6,24.8,25.2,64.4,90,143,98,,119.0,127,216,249,90,29,132,157,189,188,90,250,93,180,Third Pair,36.0,528.3666666666667,1.0,7.0,8.0,0.4169626001962241,54.83870967741935,48.57974516206313,8480196,D,69.0,177.0,1997-11-18,CAN,2017.0,4.0,99.0,L,25,"[None, 57, 84, 44, 66]","[None, 58, 57, 37, 46]","[None, 34, 81, 41, 64]","[None, 'BUF', 'BUF', 'BUF', 'BUF']"
2023-2024,Jacob MacDonald,SJS,D,64.8,57.6,57.2,52.7,,11.6,97.6,100.0,16.0,84.4,71.6,61.2,2.4,5.6,7.6,89,107,108,45.0,,222,7,1,211,37,72,98,245,237,232,250,93,180,Fringe,34.0,408.73333333333335,7.0,2.0,9.0,4.920175678633872,22.727272727272727,40.469088980474325,8479439,D,72.0,204.0,1993-02-26,USA,,,,L,30,"[None, 53, None, 61, 62]","[None, 52, None, 63, 47]","[None, 68, None, 60, 52]","[None, 'COL', None, 'SJS', 'SJS']"
2023-2024,Jacob Trouba,NYR,D,29.2,78.0,26.8,,45.6,1.6,46.0,86.4,64.8,17.6,80.4,21.6,30.8,54.0,76.4,178,56,184,,99.0,247,136,35,89,182,50,197,174,116,60,250,93,180,Second Pair,69.0,1465.95,3.0,19.0,22.0,5.832864383221493,44.44444444444444,48.830014848900504,8476885,D,75.0,212.0,1994-02-26,USA,2012.0,1.0,9.0,R,29,"[17, 73, 62, 46, 20]","[66, 81, 85, 73, 80]","[44, 60, 47, 43, 16]","['NYR', 'NYR', 'NYR', 'NYR', 'NYR']"
2023-2024,Jake Bean,CBJ,D,6.4,53.6,4.4,,37.2,79.2,68.0,48.4,47.2,12.0,13.2,68.0,48.0,8.0,52.4,235,117,240,,114.0,53,81,130,133,194,218,81,131,231,120,250,93,180,Third Pair,72.0,1175.55,4.0,9.0,13.0,3.8860655592090603,44.827586206896555,45.72215467890054,8479402,D,73.0,191.0,1998-06-09,CAN,2016.0,1.0,13.0,L,25,"[None, 37, 5, None, 8]","[None, 64, 46, None, 53]","[None, 18, 2, None, 5]","[None, 'CAR', 'CBJ', None, 'CBJ']"
2023-2024,Jake McCabe,TOR,D,80.0,65.2,84.4,,83.9,67.2,58.4,38.8,75.6,36.4,90.4,22.8,84.0,39.6,84.8,51,88,40,,30.0,83,105,154,62,138,25,194,41,152,39,250,93,180,Second Pair,73.0,1507.9333333333334,8.0,20.0,28.0,4.548005577021604,55.26315789473685,51.97603572680528,8476931,D,73.0,210.0,1993-10-12,USA,2012.0,2.0,44.0,L,29,"[60, 70, 36, 90, 75]","[5, 35, 5, 75, 66]","[97, 69, 68, 88, 81]","['BUF', 'BUF', 'CHI', 'TOR', 'TOR']"
2023-2024,Jake Middleton,MIN,D,5.2,2.0,61.6,,13.3,49.2,55.2,57.2,34.8,8.0,53.2,13.2,39.2,69.2,72.0,238,246,97,,157.0,128,113,108,164,204,118,218,153,78,71,250,93,180,Second Pair,80.0,1584.6666666666667,7.0,18.0,25.0,5.550955904195171,41.66666666666667,50.92121383951756,8478136,D,75.0,219.0,1996-01-02,CAN,2014.0,7.0,210.0,L,27,"[None, None, 31, 7, 4]","[None, None, 18, 3, 2]","[None, None, 59, 53, 67]","[None, None, 'MIN', 'MIN', 'MIN']"
2023-2024,Jake Sanderson,OTT,D,85.6,74.8,75.6,43.0,75.6,12.4,42.0,63.2,40.0,90.4,34.4,17.2,20.8,58.4,97.6,37,64,62,54.0,45.0,220,146,93,151,24,165,208,199,105,7,250,93,180,First Pair,79.0,1834.25,10.0,28.0,38.0,9.66273168867141,50.89285714285714,49.50827881037773,8482105,D,74.0,202.0,2002-07-08,USA,2020.0,1.0,5.0,L,21,"[None, None, None, 82, 84]","[None, None, None, 67, 81]","[None, None, None, 55, 82]","[None, None, None, 'OTT', 'OTT']"
2023-2024,Jake Walman,DET,D,73.6,75.2,54.4,,16.7,97.2,98.8,92.0,4.8,61.6,10.0,21.2,38.0,24.4,92.8,67,63,115,,151.0,8,4,21,239,88,226,198,156,190,19,250,93,180,Second Pair,63.0,1245.4666666666667,12.0,9.0,21.0,5.313150258346913,45.54455445544555,46.23413756965368,8478013,D,73.0,218.0,1996-02-20,CAN,2014.0,3.0,82.0,L,27,"[None, 61, 51, 85, 60]","[None, 58, 71, 81, 70]","[None, 36, 36, 85, 18]","[None, 'STL', 'DET', 'DET', 'DET']"
2023-2024,Jakob Chychrun,OTT,D,26.8,25.6,56.8,25.8,,68.0,82.0,94.4,66.0,24.0,30.4,72.4,18.0,38.8,58.8,184,187,109,70.0,,81,46,15,86,166,175,70,206,154,104,250,93,180,First Pair,82.0,1835.9666666666667,14.0,27.0,41.0,13.796903048127417,41.49659863945578,49.50827881037773,8479345,D,74.0,215.0,1998-03-31,USA,2016.0,1.0,16.0,L,25,"[79, 89, 30, 53, 15]","[50, 83, 19, 60, 12]","[74, 66, 67, 50, 56]","['ARI', 'ARI', 'ARI', 'OTT', 'OTT']"
2023-2024,Jalen Chatfield,CAR,D,87.6,77.2,86.8,,,93.6,94.4,90.8,36.8,35.6,57.6,70.4,56.0,95.6,8.4,32,58,34,,,17,15,24,159,140,107,75,111,12,230,250,93,180,Third Pair,72.0,1094.2,8.0,14.0,22.0,4.399639153451852,58.82352941176471,55.712763718232004,8478970,D,73.0,209.0,1996-05-15,USA,,,,R,27,"[None, 42, None, 74, 90]","[None, 44, None, 76, 79]","[None, 41, None, 75, 91]","[None, 'VAN', None, 'CAR', 'CAR']"
2023-2024,Jamie Drysdale,PHI,D,32.0,28.0,14.8,54.8,,31.2,60.8,22.0,26.0,90.8,22.4,94.0,0.8,44.8,92.4,171,181,214,43.0,,173,99,196,186,23,195,16,249,139,20,250,93,180,Second Pair,34.0,667.2,3.0,7.0,10.0,2.280200352271112,25.0,52.59607386348822,8482142,D,71.0,185.0,2002-04-08,CAN,2020.0,1.0,6.0,R,21,"[None, 28, 33, None, 38]","[None, 29, 36, None, 27]","[None, 13, 7, None, 22]","[None, 'ANA', 'ANA', None, 'PHI']"
2023-2024,Jamie Oleksiak,SEA,D,78.8,85.6,76.0,,81.1,12.0,47.2,64.0,38.0,13.6,52.4,4.4,35.2,46.8,63.2,54,37,61,,35.0,221,133,91,156,191,120,240,163,134,93,250,93,180,Second Pair,82.0,1611.1833333333334,2.0,13.0,15.0,4.825337820267744,47.66355140186916,51.25439389723685,8476467,D,79.0,252.0,1992-12-21,CAN,2011.0,1.0,14.0,L,30,"[63, 79, 70, 79, 77]","[61, 49, 73, 82, 87]","[93, 90, 82, 76, 73]","['DAL', 'DAL', 'SEA', 'SEA', 'SEA']"
2023-2024,Jan Rutta,SJS,D,12.8,10.0,59.2,,12.8,76.8,53.2,14.8,14.8,15.6,46.0,12.0,43.6,19.6,74.0,219,226,103,,158.0,59,118,214,214,187,136,221,142,202,66,250,93,180,Second Pair,69.0,1360.7166666666667,5.0,14.0,19.0,3.308569855190503,37.07865168539326,40.469088980474325,8480172,D,75.0,204.0,1990-07-29,CZE,,,,R,33,"[40, 26, 31, 36, 4]","[67, 65, 56, 25, 3]","[33, 22, 58, 74, 39]","['TBL', 'TBL', 'TBL', 'PIT', 'SJS']"
2023-2024,Jani Hakanpää,DAL,D,38.8,14.8,74.0,,95.0,75.6,44.4,13.2,24.8,7.6,95.6,1.6,68.4,76.4,23.6,154,214,66,,10.0,62,140,218,189,205,12,247,80,60,192,250,93,180,Second Pair,64.0,1193.3666666666668,2.0,10.0,12.0,1.804279040469031,51.06382978723404,54.55576360833514,8475825,D,79.0,225.0,1992-03-31,FIN,2010.0,4.0,104.0,R,31,"[None, 13, 43, 56, 29]","[None, 8, 7, 42, 7]","[None, 79, 78, 68, 75]","[None, 'CAR', 'DAL', 'DAL', 'DAL']"
2023-2024,Jared Spurgeon,MIN,D,91.2,80.0,88.0,75.3,43.9,84.4,59.6,79.6,48.8,76.8,24.0,54.8,98.4,42.0,98.4,23,51,31,24.0,102.0,40,102,52,129,53,191,114,5,146,5,250,93,180,First Pair,16.0,373.23333333333335,0.0,5.0,5.0,1.2141465148685426,65.0,50.92121383951756,8474716,D,69.0,166.0,1989-11-29,CAN,2008.0,6.0,156.0,R,33,"[97, 98, 94, 98, 70]","[88, 86, 84, 89, 62]","[97, 97, 89, 98, 69]","['MIN', 'MIN', 'MIN', 'MIN', 'MIN']"
2023-2024,Jarred Tinordi,CHI,D,10.8,6.4,23.6,,35.6,47.6,9.2,2.4,54.8,50.2,96.8,1.2,3.2,3.2,48.4,224,235,192,,117.0,132,228,245,114,106,9,248,243,243,130,250,93,180,Third Pair,52.0,813.5833333333334,0.0,9.0,9.0,0.6762840931458056,27.941176470588236,41.656782506498935,8475797,D,78.0,229.0,1992-02-20,USA,2010.0,1.0,22.0,L,31,"[18, 44, None, 29, 2]","[21, 16, None, 11, 9]","[28, 31, None, 42, 14]","['NSH', 'BOS', None, 'CHI', 'CHI']"
2023-2024,Jaycob Megna,CHI,D,46.4,22.0,73.2,,43.3,29.2,5.6,6.0,5.2,47.2,56.0,51.2,15.2,9.6,41.2,135,196,68,,103.0,178,237,236,238,113,111,123,213,227,148,250,93,180,Third Pair,44.0,771.0166666666667,0.0,2.0,2.0,0.7197092845326136,35.84905660377358,41.656782506498935,8477034,D,78.0,214.0,1992-12-10,USA,2012.0,7.0,210.0,L,30,"[None, None, 46, 61, 38]","[None, None, 39, 24, 22]","[None, None, 64, 79, 65]","[None, None, 'SJS', 'SEA', 'CHI']"
2023-2024,Jayden Struble,MTL,D,15.2,39.2,8.8,,,45.2,38.8,30.4,21.2,51.2,87.6,56.0,74.0,27.6,44.8,213,153,229,,,138,154,175,198,105,32,111,66,182,139,250,93,180,Third Pair,56.0,902.2666666666668,3.0,7.0,10.0,2.225902290721646,47.76119402985074,46.069795528127855,8481593,D,72.0,207.0,2001-09-08,USA,2019.0,2.0,46.0,L,21,"[None, None, None, None, 17]","[None, None, None, None, 38]","[None, None, None, None, 12]","[None, None, None, None, 'MTL']"
2023-2024,Jeff Petry,DET,D,82.0,87.6,78.0,,21.1,55.2,50.0,48.8,76.4,34.0,81.2,31.6,50.0,28.4,56.8,46,32,56,,143.0,113,126,129,60,144,48,172,126,180,109,250,93,180,Second Pair,73.0,1372.05,3.0,21.0,24.0,3.918828182198983,46.55172413793103,46.23413756965368,8473507,D,75.0,208.0,1987-12-09,USA,2006.0,2.0,45.0,R,35,"[98, 95, 91, 77, 79]","[99, 97, 93, 85, 88]","[98, 92, 83, 72, 78]","['MTL', 'MTL', 'MTL', 'PIT', 'DET']"
2023-2024,Jeremy Lauzon,NSH,D,18.8,29.6,62.0,,20.0,56.4,64.4,76.4,6.0,5.6,99.6,7.2,14.0,36.0,48.8,204,177,96,,145.0,110,90,60,236,210,2,233,216,161,129,250,93,180,Second Pair,79.0,1470.4666666666667,6.0,8.0,14.0,4.896996557017734,43.13725490196079,52.76204021441854,8478468,D,75.0,225.0,1997-04-28,CAN,2015.0,2.0,52.0,L,26,"[27, 39, 12, 9, 41]","[40, 23, 14, 28, 42]","[46, 56, 62, 35, 74]","['BOS', 'BOS', 'NSH', 'NSH', 'NSH']"
2023-2024,Joel Edmundson,TOR,D,13.6,32.8,13.6,,8.3,30.4,28.8,30.8,7.6,65.6,62.4,23.2,23.2,21.2,80.0,217,169,217,,166.0,175,179,174,232,78,95,193,193,198,51,250,93,180,Third Pair,53.0,883.3,1.0,5.0,6.0,2.1693528846027084,49.23076923076923,51.97603572680528,8476441,D,77.0,220.0,1993-06-28,CAN,2011.0,2.0,46.0,L,30,"[6, 12, 13, 11, 22]","[29, 11, 35, 29, 40]","[3, 46, 17, 18, 14]","['CAR', 'MTL', 'MTL', 'MTL', 'TOR']"
2023-2024,Joel Hanley,CGY,D,54.8,24.4,76.8,,,51.2,11.6,6.4,20.0,43.2,78.0,18.8,60.8,60.0,10.0,114,190,59,,,123,222,235,201,123,56,204,99,101,226,250,93,180,Third Pair,42.0,583.6,1.0,4.0,5.0,1.014825816239051,52.5,49.20420679368082,8477810,D,71.0,186.0,1991-06-08,CAN,,,,L,32,"[None, 78, 68, 50, 56]","[None, 51, 38, 36, 20]","[None, 75, 69, 62, 82]","[None, 'DAL', 'DAL', 'DAL', 'CGY']"
2023-2024,John Carlson,WSH,D,76.4,94.8,9.2,81.7,18.3,2.0,62.4,95.2,68.0,77.2,16.0,59.6,28.4,18.4,96.4,60,14,228,18.0,148.0,246,95,13,81,52,211,102,180,205,10,250,93,180,First Pair,82.0,2123.116666666667,10.0,42.0,52.0,12.954699175531744,45.08196721311475,47.42865030656283,8474590,D,75.0,220.0,1990-01-10,USA,2008.0,1.0,27.0,R,33,"[89, 84, 90, 64, 76]","[97, 95, 94, 82, 96]","[8, 6, 38, 19, 4]","['WSH', 'WSH', 'WSH', 'WSH', 'WSH']"
2023-2024,John Ludvig,PIT,D,42.8,44.4,42.8,,42.2,71.6,99.6,66.0,8.0,58.4,96.4,16.8,1.2,57.6,12.0,144,140,144,,105.0,72,2,86,231,92,10,209,248,107,221,250,93,180,Fringe,33.0,389.6,3.0,2.0,5.0,1.210419514289524,33.33333333333333,51.238885445372595,8481206,D,73.0,210.0,2000-08-02,CZE,2019.0,3.0,69.0,L,23,"[None, None, None, None, 46]","[None, None, None, None, 43]","[None, None, None, None, 46]","[None, None, None, None, 'PIT']"
2023-2024,John Marino,NJD,D,72.4,4.4,92.0,,82.8,20.4,17.6,28.4,67.6,69.2,19.6,16.0,17.6,84.0,74.4,70,240,21,,32.0,200,207,180,82,69,202,211,207,41,65,250,93,180,Second Pair,75.0,1571.85,4.0,21.0,25.0,4.959391953389886,42.74193548387097,51.36365163761772,8478507,D,73.0,200.0,1997-05-21,USA,2015.0,6.0,154.0,R,26,"[78, 73, 78, 78, 64]","[21, 15, 16, 11, 4]","[85, 86, 88, 93, 88]","['PIT', 'PIT', 'PIT', 'NJD', 'NJD']"
2023-2024,Johnathan Kovacevic,MTL,D,68.8,67.6,68.0,,64.4,62.8,84.8,78.0,32.0,50.2,53.6,28.4,94.0,14.8,18.4,79,82,81,,65.0,94,39,56,171,106,117,180,16,214,205,250,93,180,Third Pair,62.0,1024.1333333333334,6.0,7.0,13.0,3.0764196802761132,57.35294117647059,46.069795528127855,8480192,D,77.0,223.0,1997-07-12,CAN,2017.0,3.0,74.0,R,26,"[None, None, None, 79, 53]","[None, None, None, 71, 57]","[None, None, None, 71, 57]","[None, None, None, 'MTL', 'MTL']"
2023-2024,Jon Merrill,MIN,D,11.2,1.6,71.6,,,75.2,68.8,25.6,49.6,10.8,36.4,84.0,61.2,35.2,2.0,223,247,72,,,63,79,187,127,197,160,41,98,163,246,250,93,180,Fringe,65.0,830.7333333333333,4.0,7.0,11.0,2.23925013196695,47.45762711864407,50.92121383951756,8475750,D,75.0,204.0,1992-02-03,USA,2010.0,2.0,38.0,L,31,"[48, 72, 38, 12, 10]","[38, 7, 12, 1, 2]","[91, 95, 76, 70, 66]","['VGK', 'MTL', 'MIN', 'MIN', 'MIN']"
2023-2024,Jonas Brodin,MIN,D,94.4,54.8,99.6,,94.4,51.6,58.8,64.4,37.2,52.0,12.0,52.0,90.0,42.8,68.8,15,114,2,,11.0,122,104,90,158,104,221,121,26,144,79,250,93,180,First Pair,62.0,1449.0833333333333,7.0,20.0,27.0,6.193040625925238,57.14285714285714,50.92121383951756,8476463,D,74.0,196.0,1993-07-12,SWE,2011.0,1.0,10.0,L,30,"[90, 89, 96, 88, 94]","[2, 0, 58, 41, 61]","[100, 99, 100, 94, 100]","['MIN', 'MIN', 'MIN', 'MIN', 'MIN']"
2023-2024,Jonas Siegenthaler,NJD,D,84.0,18.8,97.6,,50.6,22.0,9.6,21.2,22.0,60.4,63.2,38.0,22.8,84.8,37.2,41,204,7,,90.0,196,227,198,196,91,93,156,194,39,158,250,93,180,Second Pair,57.0,1102.3,1.0,8.0,9.0,2.909107702795465,43.05555555555556,51.36365163761772,8478399,D,74.0,218.0,1997-05-06,CHE,2015.0,2.0,57.0,L,26,"[74, 60, 96, 85, 73]","[60, 50, 57, 18, 20]","[83, 63, 99, 98, 90]","['WSH', 'NJD', 'NJD', 'NJD', 'NJD']"
2023-2024,Jordan Harris,MTL,D,66.0,67.2,50.8,,69.4,71.2,65.6,28.8,63.2,66.8,39.2,41.6,76.8,17.2,53.2,86,83,124,,56.0,73,87,179,93,75,153,147,59,208,118,250,93,180,Third Pair,56.0,978.4333333333332,3.0,11.0,14.0,1.5007117594064003,50.0,46.069795528127855,8480887,D,72.0,189.0,2000-07-07,USA,2018.0,3.0,71.0,L,23,"[None, None, None, 53, 69]","[None, None, None, 62, 66]","[None, None, None, 45, 51]","[None, None, None, 'MTL', 'MTL']"
2023-2024,Jordan Spence,LAK,D,61.2,76.0,33.2,64.5,,10.4,23.2,72.4,90.8,64.8,56.4,98.4,32.0,64.4,11.6,98,61,168,34.0,,225,193,70,24,80,110,5,171,90,222,250,93,180,Third Pair,71.0,1024.25,2.0,22.0,24.0,4.1075970905250445,53.75,53.8530051338716,8481606,D,71.0,188.0,2001-02-24,AUS,2019.0,4.0,95.0,R,22,"[None, None, 53, None, 62]","[None, None, 56, None, 80]","[None, None, 39, None, 35]","[None, None, 'LAK', None, 'LAK']"
2023-2024,Josh Manson,COL,D,70.4,71.2,76.4,,65.6,86.0,90.0,92.8,93.6,20.8,88.0,14.0,84.8,58.0,47.2,75,73,60,,63.0,36,26,19,17,174,31,216,39,106,133,250,93,180,Third Pair,76.0,1351.5,8.0,17.0,25.0,6.589869126095715,53.398058252427184,52.32289257674195,8476312,D,75.0,218.0,1991-10-07,USA,2011.0,6.0,160.0,R,31,"[63, 25, 67, 40, 82]","[73, 46, 64, 49, 78]","[60, 40, 74, 49, 84]","['ANA', 'ANA', 'COL', 'COL', 'COL']"
2023-2024,Josh Morrissey,WPG,D,81.6,93.6,41.6,1.1,,91.6,92.0,96.0,99.2,86.8,22.0,90.8,93.6,79.6,54.0,47,17,147,93.0,,22,21,11,3,31,196,24,17,52,116,250,93,180,First Pair,81.0,1958.7666666666669,10.0,59.0,69.0,12.237866740639106,63.84615384615384,52.69707862204957,8477504,D,72.0,195.0,1995-03-28,CAN,2013.0,1.0,13.0,L,28,"[11, 0, 76, 68, 86]","[45, 6, 73, 81, 97]","[19, 2, 83, 32, 31]","['WPG', 'WPG', 'WPG', 'WPG', 'WPG']"
2023-2024,Joshua Brown,ARI,D,2.8,14.4,10.0,,15.0,62.0,74.4,69.2,26.8,18.0,92.4,14.8,87.6,24.0,24.4,244,215,226,,154.0,96,65,78,184,181,20,214,32,191,190,250,93,180,Third Pair,51.0,752.3166666666666,3.0,7.0,10.0,2.0771280424151493,49.25373134328358,48.507643396556404,8477384,D,77.0,220.0,1994-01-21,CAN,2013.0,6.0,152.0,R,29,"[41, 24, 29, 3, 4]","[7, 13, 21, 10, 24]","[67, 61, 53, 12, 7]","['FLA', 'OTT', 'BOS', 'ARI', 'ARI']"
2023-2024,Joshua Mahura,FLA,D,32.8,52.4,24.4,,,44.8,25.6,59.2,80.8,63.2,84.0,77.6,24.4,92.0,11.2,169,120,190,,,139,187,103,49,84,41,57,190,21,223,250,93,180,Fringe,30.0,377.76666666666665,0.0,9.0,9.0,1.036766896754982,48.148148148148145,54.03193378949689,8479372,D,72.0,193.0,1998-05-05,CAN,2016.0,3.0,85.0,L,25,"[None, 38, 45, 35, 34]","[None, 33, 43, 72, 30]","[None, 29, 17, 21, 32]","[None, 'ANA', 'ANA', 'FLA', 'FLA']"
2023-2024,Justin Barron,MTL,D,40.0,59.6,22.4,55.9,,73.6,87.2,75.6,62.4,66.0,49.6,72.8,64.4,15.2,56.0,151,102,195,42.0,,67,33,62,95,77,127,69,90,213,111,250,93,180,Second Pair,48.0,894.1,7.0,6.0,13.0,4.530753577129525,48.27586206896552,46.069795528127855,8482111,D,74.0,198.0,2001-11-15,CAN,2020.0,1.0,25.0,R,21,"[None, None, None, 33, 52]","[None, None, None, 51, 62]","[None, None, None, 25, 23]","[None, None, None, 'MTL', 'MTL']"
2023-2024,Justin Faulk,STL,D,14.0,70.8,4.8,76.3,58.9,27.6,56.4,83.6,92.0,17.2,32.0,77.2,69.2,9.2,45.2,216,74,239,23.0,75.0,182,110,42,21,183,171,58,78,228,138,250,93,180,Second Pair,60.0,1317.7333333333331,2.0,28.0,30.0,7.188430690645529,45.65217391304348,44.5367163159077,8475753,D,72.0,208.0,1992-03-20,USA,2010.0,2.0,37.0,R,31,"[46, 10, 77, 7, 13]","[94, 77, 81, 49, 71]","[14, 8, 19, 2, 10]","['STL', 'STL', 'STL', 'STL', 'STL']"
2023-2024,Justin Holl,DET,D,28.8,30.8,47.6,,77.8,32.0,6.0,5.6,13.6,26.0,85.2,47.2,96.0,57.2,22.0,179,174,132,,41.0,171,236,237,217,161,38,133,11,108,196,250,93,180,Third Pair,38.0,573.1166666666667,0.0,5.0,5.0,0.6123853750972442,56.25,46.23413756965368,8475718,D,76.0,194.0,1992-01-30,USA,2010.0,2.0,54.0,R,31,"[25, 41, 41, 48, 22]","[72, 28, 76, 16, 36]","[68, 64, 47, 64, 30]","['TOR', 'TOR', 'TOR', 'TOR', 'DET']"
2023-2024,Justin Schultz,SEA,D,9.2,9.6,38.0,17.2,,87.6,86.8,77.2,37.6,11.2,12.8,84.8,10.4,70.8,17.2,228,227,156,78.0,,32,34,58,157,196,219,39,225,74,208,250,93,180,Third Pair,70.0,1153.1166666666666,7.0,19.0,26.0,5.257758580329757,39.0625,51.25439389723685,8474602,D,74.0,190.0,1990-07-06,CAN,2008.0,2.0,43.0,R,33,"[14, 12, 40, 6, 14]","[39, 18, 45, 8, 11]","[14, 11, 51, 26, 49]","['PIT', 'WSH', 'WSH', 'SEA', 'SEA']"
2023-2024,Juuso Välimäki,ARI,D,90.4,82.4,93.2,48.4,,3.2,19.6,70.0,51.2,64.0,45.2,20.4,83.2,16.8,40.4,25,45,18,49.0,,243,202,76,123,82,138,200,43,209,150,250,93,180,Second Pair,68.0,1298.3833333333334,2.0,15.0,17.0,4.151907840788581,57.608695652173914,48.507643396556404,8479976,D,74.0,201.0,1998-10-06,FIN,2017.0,1.0,16.0,L,24,"[None, 19, None, 84, 92]","[None, 68, None, 82, 82]","[None, 43, None, 92, 90]","[None, 'CGY', None, 'ARI', 'ARI']"
2023-2024,K'Andre Miller,NYR,D,72.8,33.2,84.8,,88.9,92.4,78.4,53.6,44.4,18.4,55.6,27.2,34.4,46.4,86.8,69,168,39,,21.0,20,55,117,140,180,112,183,165,135,34,250,93,180,Second Pair,80.0,1724.9833333333331,8.0,22.0,30.0,7.344847175837311,45.16129032258064,48.830014848900504,8480817,D,77.0,210.0,2000-01-21,USA,2018.0,1.0,22.0,L,23,"[None, 21, 75, 55, 76]","[None, 31, 47, 37, 29]","[None, 21, 86, 85, 81]","[None, 'NYR', 'NYR', 'NYR', 'NYR']"
2023-2024,Kaedan Korczak,VGK,D,46.0,52.0,51.6,,,54.8,41.6,15.6,90.4,51.2,68.8,38.4,100.0,53.2,28.8,136,121,122,,,114,147,212,25,105,79,155,1,118,179,250,93,180,Third Pair,26.0,429.1333333333333,1.0,8.0,9.0,1.1008311930846906,68.96551724137932,51.524585843159976,8481527,D,75.0,206.0,2001-01-29,CAN,2019.0,2.0,41.0,R,22,"[None, None, None, None, 50]","[None, None, None, None, 51]","[None, None, None, None, 54]","[None, None, None, None, 'VGK']"
2023-2024,Kaiden Guhle,MTL,D,8.8,2.4,62.4,,11.1,76.0,74.8,40.4,89.6,20.4,68.4,4.8,15.6,17.6,94.4,229,245,95,,161.0,61,64,150,27,175,80,239,212,207,15,250,93,180,Second Pair,70.0,1459.55,6.0,16.0,22.0,4.408526783118815,44.44444444444444,46.069795528127855,8482087,D,75.0,202.0,2002-01-18,CAN,2020.0,1.0,16.0,L,21,"[None, None, None, 17, 5]","[None, None, None, 12, 1]","[None, None, None, 46, 72]","[None, None, None, 'MTL', 'MTL']"
2023-2024,Kevin Bahl,NJD,D,25.2,40.0,74.8,,73.3,28.8,29.6,16.4,28.8,1.2,76.0,44.4,54.8,92.8,51.6,188,151,64,,49.0,179,177,210,179,221,61,140,114,19,122,250,93,180,Third Pair,82.0,1426.5166666666669,1.0,10.0,11.0,2.3496512053464813,49.2063492063492,51.36365163761772,8480860,D,78.0,230.0,2000-06-27,CAN,2018.0,2.0,55.0,L,23,"[None, None, None, 46, 16]","[None, None, None, 61, 23]","[None, None, None, 48, 84]","[None, None, None, 'NJD', 'NJD']"
2023-2024,Kevin Korchinski,CHI,D,3.2,48.8,0.8,14.0,,86.4,53.6,14.4,0.8,58.4,8.0,99.2,4.4,2.4,67.6,243,129,249,81.0,,35,117,215,249,92,231,3,240,245,82,250,93,180,Second Pair,76.0,1490.85,5.0,10.0,15.0,3.2861181757083933,33.00970873786408,41.656782506498935,8483466,D,73.0,185.0,2004-06-21,CAN,2022.0,1.0,7.0,L,19,"[None, None, None, None, 2]","[None, None, None, None, 49]","[None, None, None, None, 0]","[None, None, None, None, 'CHI']"
2023-2024,Kevin Shattenkirk,BOS,D,43.6,69.6,48.0,77.4,,70.0,70.8,45.6,70.8,9.2,52.0,75.6,42.8,13.6,8.8,142,77,131,22.0,,76,74,137,74,201,121,62,144,217,229,250,93,180,Third Pair,61.0,962.5833333333334,6.0,18.0,24.0,3.179084298540929,50.66666666666667,50.76357352099207,8474031,D,72.0,203.0,1989-01-29,USA,2007.0,1.0,14.0,R,34,"[77, 76, 23, 21, 64]","[57, 73, 51, 72, 65]","[94, 85, 45, 38, 54]","['TBL', 'ANA', 'ANA', 'ANA', 'BOS']"
2023-2024,Kris Letang,PIT,D,78.4,90.8,10.8,82.8,98.3,94.4,80.8,70.8,82.4,22.8,63.6,34.8,53.2,87.6,76.8,55,24,224,17.0,4.0,15,49,74,45,169,92,164,118,32,59,250,93,180,First Pair,82.0,2024.45,10.0,41.0,51.0,8.000695165442973,52.0,51.238885445372595,8471724,D,72.0,199.0,1987-04-24,CAN,2005.0,3.0,62.0,R,36,"[93, 71, 77, 71, 80]","[96, 79, 83, 88, 91]","[63, 27, 28, 20, 9]","['PIT', 'PIT', 'PIT', 'PIT', 'PIT']"
2023-2024,Kyle Burroughs,SJS,D,23.6,51.6,28.4,,48.3,18.4,28.4,34.4,4.0,27.6,97.2,36.0,5.2,7.2,31.6,192,122,180,,94.0,205,180,165,241,157,8,161,238,233,172,250,93,180,Second Pair,73.0,1397.6333333333332,2.0,6.0,8.0,3.668658617987741,33.33333333333333,40.469088980474325,8477335,D,72.0,193.0,1995-07-12,CAN,2013.0,7.0,196.0,R,28,"[None, None, 19, 42, 17]","[None, None, 15, 30, 70]","[None, None, 50, 36, 20]","[None, None, 'VAN', 'VAN', 'SJS']"
2023-2024,Logan Stanley,WPG,D,20.8,34.0,24.8,,41.7,35.2,46.8,26.0,2.8,47.6,90.8,46.0,88.8,70.4,18.0,199,166,189,,106.0,163,134,186,244,112,24,136,29,75,206,250,93,180,Third Pair,25.0,344.18333333333334,1.0,1.0,2.0,0.8527088063591394,59.09090909090909,52.69707862204957,8479378,D,79.0,231.0,1998-05-26,CAN,2016.0,1.0,18.0,L,25,"[None, 36, 8, None, 30]","[None, 41, 26, None, 35]","[None, 55, 12, None, 28]","[None, 'WPG', 'WPG', None, 'WPG']"
2023-2024,Louis Crevier,CHI,D,30.8,31.6,27.2,,42.8,44.0,1.8,0.4,16.4,79.4,62.8,6.8,2.0,1.6,83.2,174,172,183,,104.0,141,243,250,210,48,94,234,246,247,43,250,93,180,Third Pair,24.0,376.4,0.0,3.0,3.0,0.34848496785434185,20.689655172413794,41.656782506498935,8481806,D,80.0,228.0,2001-05-04,CAN,2020.0,7.0,188.0,R,22,"[None, None, None, None, 36]","[None, None, None, None, 31]","[None, None, None, None, 27]","[None, None, None, None, 'CHI']"
2023-2024,Luke Hughes,NJD,D,71.6,56.4,22.8,18.3,,8.4,34.0,56.0,33.6,99.6,8.4,82.8,27.2,71.6,70.8,72,110,194,77.0,,230,166,111,167,2,230,44,183,72,74,250,93,180,Second Pair,82.0,1760.8333333333333,9.0,38.0,47.0,7.5074162576202035,48.598130841121495,51.36365163761772,8482684,D,74.0,198.0,2003-09-09,USA,2021.0,1.0,4.0,L,19,"[None, None, None, None, 73]","[None, None, None, None, 55]","[None, None, None, None, 24]","[None, None, None, None, 'NJD']"
2023-2024,Luke Schenn,NSH,D,3.6,5.2,26.4,,29.4,37.2,35.2,36.8,52.8,10.4,99.2,39.6,46.4,62.8,38.0,242,238,185,,128.0,158,163,159,119,198,3,152,135,94,156,250,93,180,Third Pair,63.0,956.6166666666668,1.0,6.0,7.0,2.4410447798418344,44.827586206896555,52.76204021441854,8474568,D,74.0,225.0,1989-11-02,CAN,2008.0,1.0,5.0,R,33,"[19, 18, 13, 2, 11]","[15, 13, 9, 4, 10]","[27, 38, 64, 15, 26]","['TBL', 'TBL', 'VAN', 'TOR', 'NSH']"
2023-2024,MacKenzie Weegar,CGY,D,96.4,94.4,94.0,6.5,76.7,100.0,96.0,91.6,67.2,6.8,74.4,60.8,22.4,71.2,70.0,10,15,16,88.0,43.0,1,11,22,83,207,65,99,195,73,76,250,93,180,First Pair,82.0,1880.2833333333333,20.0,32.0,52.0,9.165518088294682,49.24242424242424,49.20420679368082,8477346,D,72.0,206.0,1994-01-07,CAN,2013.0,7.0,206.0,R,29,"[91, 98, 97, 92, 95]","[77, 93, 100, 83, 94]","[88, 97, 85, 97, 87]","['FLA', 'FLA', 'FLA', 'CGY', 'CGY']"
2023-2024,Marc Staal,PHI,D,17.2,13.6,31.2,,22.2,28.0,36.4,54.8,35.6,64.4,54.0,29.6,38.4,65.6,39.6,208,217,173,,141.0,181,160,114,162,81,116,177,155,87,152,250,93,180,Third Pair,35.0,483.4166666666667,1.0,4.0,5.0,1.293870540534142,48.57142857142857,52.59607386348822,8471686,D,76.0,208.0,1987-01-13,CAN,2005.0,1.0,12.0,L,36,"[2, 2, 8, 14, 31]","[16, 7, 7, 5, 39]","[6, 5, 30, 27, 37]","['NYR', 'DET', 'DET', 'FLA', 'PHI']"
2023-2024,Marc-Edouard Vlasic,SJS,D,59.6,42.4,56.4,,67.8,80.8,79.2,51.2,17.6,72.8,14.4,5.2,6.8,6.8,28.4,102,145,110,,59.0,49,53,123,207,63,215,238,234,234,180,250,93,180,Third Pair,57.0,928.0,6.0,6.0,12.0,2.70358662901855,33.78378378378378,40.469088980474325,8471709,D,73.0,205.0,1987-03-30,CAN,2005.0,2.0,35.0,L,36,"[68, 78, 36, 78, 42]","[27, 68, 4, 66, 40]","[86, 86, 75, 67, 28]","['SJS', 'SJS', 'SJS', 'SJS', 'SJS']"
2023-2024,Marco Scandella,STL,D,19.2,15.6,23.2,,54.4,26.4,31.2,32.0,26.4,73.2,58.0,9.2,98.0,6.0,14.0,203,212,193,,83.0,185,173,171,185,62,106,228,6,236,216,250,93,180,Fringe,65.0,810.8,2.0,6.0,8.0,2.3915774918533987,50.0,44.5367163159077,8474618,D,75.0,212.0,1990-02-23,CAN,2008.0,2.0,55.0,L,33,"[66, 4, 7, 25, 25]","[19, 4, 14, 32, 11]","[86, 50, 26, 30, 20]","['STL', 'STL', 'STL', 'STL', 'STL']"
2023-2024,Marcus Pettersson,PIT,D,92.4,84.4,95.6,,91.1,1.2,13.6,57.6,89.2,32.8,73.2,24.0,55.6,87.2,70.4,20,40,12,,17.0,248,217,107,28,146,68,191,112,33,75,250,93,180,First Pair,82.0,1859.0166666666669,4.0,26.0,30.0,4.41269598713628,56.12903225806451,51.238885445372595,8477969,D,77.0,174.0,1996-05-08,SWE,2014.0,2.0,38.0,L,27,"[51, 66, 55, 86, 95]","[54, 63, 16, 90, 86]","[77, 84, 90, 82, 98]","['PIT', 'PIT', 'PIT', 'PIT', 'PIT']"
2023-2024,Mario Ferraro,SJS,D,4.0,12.8,28.0,,2.8,3.6,22.8,56.8,30.0,38.4,59.2,33.6,6.0,12.0,73.6,241,219,181,,176.0,242,194,109,176,133,103,167,236,221,67,250,93,180,First Pair,78.0,1783.8166666666666,3.0,18.0,21.0,5.389301052087429,36.55172413793103,40.469088980474325,8479983,D,71.0,200.0,1998-09-17,CAN,2017.0,2.0,49.0,L,24,"[28, 49, 61, 12, 0]","[52, 39, 9, 12, 20]","[48, 70, 65, 22, 24]","['SJS', 'SJS', 'SJS', 'SJS', 'SJS']"
2023-2024,Mark Giordano,TOR,D,86.0,76.8,89.6,,93.9,42.0,63.2,42.8,40.4,16.4,59.6,62.8,52.0,81.6,22.4,36,59,27,,12.0,146,93,144,150,185,102,94,121,47,195,250,93,180,Third Pair,46.0,764.3833333333333,3.0,6.0,9.0,2.3256332292647968,55.172413793103445,51.97603572680528,8470966,D,72.0,202.0,1983-10-03,CAN,,,,L,39,"[97, 100, 74, 93, 80]","[88, 87, 36, 86, 70]","[99, 95, 96, 91, 82]","['CGY', 'CGY', 'TOR', 'TOR', 'TOR']"
2023-2024,Martin Fehérváry,WSH,D,20.4,11.2,35.2,,38.3,64.0,54.4,41.2,18.4,72.4,93.6,12.4,30.0,34.0,90.4,200,223,163,,112.0,91,115,148,205,64,17,220,176,166,25,250,93,180,Second Pair,66.0,1295.65,3.0,13.0,16.0,2.7842248289231724,42.857142857142854,47.42865030656283,8480796,D,74.0,215.0,1999-10-06,SVK,2018.0,2.0,46.0,L,23,"[None, None, 18, 24, 24]","[None, None, 44, 7, 15]","[None, None, 19, 45, 33]","[None, None, 'WSH', 'WSH', 'WSH']"
2023-2024,Mason Lohrei,BOS,D,22.8,39.6,20.0,,,69.6,81.2,49.6,29.2,40.8,40.8,88.4,75.2,72.4,24.8,194,152,201,,,77,48,127,178,128,149,30,63,70,189,250,93,180,Third Pair,41.0,695.2666666666667,4.0,9.0,13.0,2.219757019963735,48.214285714285715,50.76357352099207,8482511,D,77.0,218.0,2001-01-17,USA,2020.0,2.0,58.0,L,22,"[None, None, None, None, 28]","[None, None, None, None, 38]","[None, None, None, None, 23]","[None, None, None, None, 'BOS']"
2023-2024,Mathew Dumba,TBL,D,0.4,14.0,10.4,,5.0,21.6,60.0,77.6,12.4,4.4,64.4,25.2,33.2,48.4,45.6,250,216,225,,172.0,197,101,57,220,213,90,188,168,130,137,250,93,180,Second Pair,76.0,1499.6833333333334,4.0,8.0,12.0,5.292418597386702,42.592592592592595,49.79170428776468,8476856,D,72.0,191.0,1994-07-25,CAN,2012.0,1.0,7.0,R,29,"[6, 33, 9, 3, 0]","[46, 74, 21, 27, 9]","[23, 23, 40, 9, 13]","['MIN', 'MIN', 'MIN', 'MIN', 'TBL']"
2023-2024,Matt Grzelcyk,BOS,D,32.4,17.6,73.6,,48.9,17.2,18.8,36.4,73.6,24.8,22.8,81.2,99.2,90.0,64.8,170,207,67,,93.0,208,204,160,67,164,194,48,3,26,89,250,93,180,Third Pair,63.0,1108.65,2.0,9.0,11.0,2.629944880585468,59.42028985507246,50.76357352099207,8476891,D,70.0,180.0,1994-01-05,USA,2012.0,3.0,85.0,L,29,"[84, 74, 87, 47, 14]","[74, 78, 65, 23, 13]","[96, 87, 97, 75, 55]","['BOS', 'BOS', 'BOS', 'BOS', 'BOS']"
2023-2024,Matt Roy,LAK,D,89.6,90.0,89.2,,79.4,5.6,64.0,90.0,60.0,21.6,69.6,52.4,39.6,82.4,46.8,27,26,28,,38.0,237,91,26,101,172,77,120,152,45,134,250,93,180,Second Pair,81.0,1692.4833333333331,5.0,20.0,25.0,6.756004740329648,56.14035087719298,53.8530051338716,8478911,D,74.0,220.0,1995-03-01,USA,2015.0,7.0,194.0,R,28,"[87, 39, 81, 91, 89]","[82, 51, 86, 89, 90]","[87, 19, 76, 86, 92]","['LAK', 'LAK', 'LAK', 'LAK', 'LAK']"
2023-2024,Matthew Kessel,STL,D,27.6,20.0,43.2,,,50.4,14.4,4.4,25.2,58.4,44.8,60.4,67.6,8.4,62.8,182,201,143,,,125,215,240,188,92,139,100,82,230,94,250,93,180,Third Pair,39.0,654.9833333333333,1.0,6.0,7.0,1.2677624545534918,50.0,44.5367163159077,8482516,D,75.0,212.0,2000-06-23,USA,2020.0,5.0,150.0,R,23,"[None, None, None, None, 32]","[None, None, None, None, 21]","[None, None, None, None, 46]","[None, None, None, None, 'STL']"
2023-2024,Mattias Ekholm,EDM,D,97.2,97.6,96.4,21.5,68.9,46.4,91.6,98.0,97.6,36.8,51.2,78.8,91.6,99.2,66.0,8,7,10,74.0,57.0,135,22,6,7,137,123,54,22,3,86,250,93,180,Second Pair,79.0,1662.9,11.0,34.0,45.0,11.670673012743224,64.23357664233576,57.7356301882345,8475218,D,77.0,225.0,1990-05-24,SWE,2009.0,4.0,102.0,L,33,"[95, 90, 78, 97, 97]","[88, 92, 70, 95, 98]","[83, 74, 83, 95, 97]","['NSH', 'NSH', 'NSH', 'EDM', 'EDM']"
2023-2024,Mattias Samuelsson,BUF,D,36.4,41.6,58.8,,23.3,30.8,10.4,16.0,12.8,34.4,76.8,20.8,40.4,55.2,87.6,160,147,104,,139.0,174,225,211,219,143,59,199,150,113,32,250,93,180,Second Pair,41.0,840.5,1.0,6.0,7.0,1.2411519704061638,50.0,48.57974516206313,8480807,D,76.0,229.0,2000-03-14,USA,2018.0,2.0,32.0,L,23,"[None, 53, 62, 35, 35]","[None, 38, 41, 42, 41]","[None, 44, 62, 58, 60]","[None, 'BUF', 'BUF', 'BUF', 'BUF']"
2023-2024,Michael Kesselring,ARI,D,16.4,51.2,27.6,,,90.8,85.6,58.8,76.8,3.2,70.0,60.0,93.2,43.2,59.2,210,123,182,,,24,37,104,59,216,76,101,18,143,103,250,93,180,Third Pair,65.0,1026.5333333333333,5.0,16.0,21.0,3.3520096224092732,56.666666666666664,48.507643396556404,8480891,D,77.0,215.0,2000-01-13,USA,2018.0,6.0,164.0,R,23,"[None, None, None, None, 19]","[None, None, None, None, 50]","[None, None, None, None, 27]","[None, None, None, None, 'ARI']"
2023-2024,Mike Matheson,MTL,D,74.8,81.6,62.8,51.6,8.9,82.8,84.0,82.0,87.2,65.2,24.8,30.4,59.6,21.6,99.2,64,47,94,46.0,165.0,44,41,46,33,79,189,175,102,197,3,250,93,180,First Pair,82.0,2095.3333333333335,11.0,51.0,62.0,11.370221676562366,45.45454545454545,46.069795528127855,8476875,D,74.0,196.0,1994-02-27,CAN,2012.0,1.0,23.0,L,29,"[40, 17, 92, 71, 65]","[31, 52, 91, 65, 85]","[15, 29, 52, 70, 52]","['FLA', 'PIT', 'PIT', 'MTL', 'MTL']"
2023-2024,Mike Reilly,NYI,D,75.6,86.4,69.6,58.1,,78.0,83.6,82.4,74.8,12.4,32.8,92.4,22.0,51.2,29.2,62,35,77,40.0,,56,42,45,64,193,169,20,196,123,178,250,93,180,Third Pair,61.0,1046.5166666666669,6.0,18.0,24.0,4.889114586184383,48.68421052631579,49.440727810632175,8476422,D,74.0,191.0,1993-07-13,USA,2011.0,4.0,98.0,L,30,"[44, 52, 80, None, 74]","[70, 91, 92, None, 84]","[20, 65, 69, None, 72]","['OTT', 'BOS', 'BOS', None, 'NYI']"
2023-2024,Mikey Anderson,LAK,D,64.0,4.0,87.2,,49.4,4.8,27.6,62.0,31.6,87.8,72.8,34.4,53.6,96.4,54.8,91,241,33,,92.0,239,182,96,172,29,69,165,117,10,114,250,93,180,Second Pair,74.0,1526.7166666666667,2.0,16.0,18.0,4.630664176508339,56.81818181818182,53.8530051338716,8479998,D,72.0,195.0,1999-05-25,USA,2017.0,4.0,103.0,L,24,"[None, 7, 83, 58, 56]","[None, 9, 33, 12, 3]","[None, 57, 81, 82, 86]","[None, 'LAK', 'LAK', 'LAK', 'LAK']"
2023-2024,Mikhail Sergachev,TBL,D,67.6,85.2,35.6,69.9,63.9,82.0,52.8,44.4,86.8,16.8,37.6,62.4,10.0,73.2,97.2,82,38,162,29.0,66.0,46,119,140,34,184,157,95,226,68,8,250,93,180,First Pair,34.0,766.9,2.0,17.0,19.0,2.80956172239659,34.0,49.79170428776468,8479410,D,75.0,212.0,1998-06-25,RUS,2016.0,1.0,9.0,L,25,"[43, 59, 59, 75, 58]","[70, 79, 87, 94, 72]","[50, 22, 29, 33, 39]","['TBL', 'TBL', 'TBL', 'TBL', 'TBL']"
2023-2024,Miro Heiskanen,DAL,D,97.6,88.0,98.4,60.2,,10.8,65.2,86.0,83.2,96.8,21.6,89.6,51.2,77.2,56.4,7,31,5,38.0,,224,88,36,43,9,197,27,123,58,110,250,93,180,First Pair,71.0,1742.3666666666668,9.0,45.0,54.0,10.134332983991264,53.90625,54.55576360833514,8480036,D,74.0,197.0,1999-07-18,FIN,2017.0,1.0,3.0,L,24,"[92, 93, 95, 92, 98]","[80, 91, 94, 76, 92]","[83, 76, 94, 91, 99]","['DAL', 'DAL', 'DAL', 'DAL', 'DAL']"
2023-2024,Morgan Rielly,TOR,D,45.6,83.2,2.0,97.8,,6.4,54.0,84.0,98.0,77.6,46.4,81.6,62.8,94.4,85.6,137,43,246,3.0,,235,116,41,6,51,135,47,94,15,37,250,93,180,First Pair,72.0,1709.3666666666668,7.0,51.0,58.0,9.963654095471117,53.14685314685315,51.97603572680528,8476853,D,73.0,219.0,1994-03-09,CAN,2012.0,1.0,5.0,L,29,"[33, 84, 60, 63, 32]","[94, 99, 93, 85, 76]","[11, 4, 1, 5, 2]","['TOR', 'TOR', 'TOR', 'TOR', 'TOR']"
2023-2024,Moritz Seider,DET,D,36.8,64.0,63.6,66.7,1.1,67.6,49.6,35.2,76.0,43.6,66.4,7.6,36.8,19.2,99.6,159,91,92,32.0,179.0,82,127,163,61,122,85,232,159,203,2,250,93,180,First Pair,82.0,1833.4833333333331,9.0,33.0,42.0,6.6949960829997845,47.368421052631575,46.23413756965368,8481542,D,74.0,210.0,2001-04-06,DEU,2019.0,1.0,6.0,R,22,"[None, None, 69, 62, 16]","[None, None, 76, 35, 69]","[None, None, 34, 85, 34]","[None, None, 'DET', 'DET', 'DET']"
2023-2024,Nate Schmidt,WPG,D,66.8,73.6,55.6,23.7,,15.6,30.0,55.6,24.0,75.2,21.2,78.4,78.8,66.4,5.6,84,67,112,72.0,,212,176,112,191,57,198,55,54,85,237,250,93,180,Third Pair,63.0,1059.4333333333334,2.0,12.0,14.0,3.4032407433747807,57.407407407407405,52.69707862204957,8477220,D,72.0,197.0,1991-07-16,USA,,,,L,32,"[50, 82, 79, 55, 63]","[75, 90, 80, 70, 67]","[27, 33, 40, 35, 68]","['VGK', 'VAN', 'WPG', 'WPG', 'WPG']"
2023-2024,Neal Pionk,WPG,D,2.4,26.4,4.0,33.3,7.2,60.0,54.8,54.4,46.8,40.0,82.0,42.8,73.6,78.8,51.2,245,185,241,63.0,168.0,101,114,115,134,129,46,144,67,54,123,250,93,180,Second Pair,82.0,1707.9666666666667,5.0,28.0,33.0,6.396174187622512,52.72727272727272,52.69707862204957,8480145,D,72.0,190.0,1995-07-29,USA,,,,R,28,"[7, 56, 0, 14, 2]","[40, 18, 14, 74, 6]","[4, 35, 2, 3, 10]","['WPG', 'WPG', 'WPG', 'WPG', 'WPG']"
2023-2024,Nick DeSimone,NJD,D,48.0,58.4,30.4,,,63.6,78.8,21.6,18.8,79.4,57.2,91.6,81.2,50.0,30.8,131,105,175,,,92,54,197,204,48,108,22,48,126,174,250,93,180,Third Pair,34.0,458.35,2.0,5.0,7.0,0.9865277348341219,55.55555555555556,51.36365163761772,8480084,D,74.0,194.0,1994-11-21,USA,,,,R,28,"[None, None, None, None, 52]","[None, None, None, None, 56]","[None, None, None, None, 32]","[None, None, None, None, 'NJD']"
2023-2024,Nick Jensen,WSH,D,77.6,21.6,80.0,,66.7,13.2,32.4,50.8,74.4,97.6,50.8,10.8,64.0,28.0,65.2,57,197,51,,61.0,218,170,124,65,7,124,224,91,181,88,250,93,180,Second Pair,78.0,1531.1,1.0,13.0,14.0,3.503953470450713,45.83333333333333,47.42865030656283,8475324,D,72.0,202.0,1990-09-21,USA,2009.0,5.0,150.0,R,32,"[91, 86, 93, 85, 55]","[51, 23, 39, 64, 6]","[93, 92, 88, 80, 76]","['WSH', 'WSH', 'WSH', 'WSH', 'WSH']"
2023-2024,Nick Leddy,STL,D,16.8,59.2,3.2,,9.4,10.0,10.8,24.0,74.0,93.2,1.6,8.4,77.6,20.0,96.0,209,103,243,,164.0,226,224,191,66,18,247,230,57,201,11,250,93,180,First Pair,82.0,1833.65,3.0,25.0,28.0,4.043958718751165,50.413223140495866,44.5367163159077,8475181,D,72.0,205.0,1991-03-20,USA,2009.0,1.0,16.0,L,32,"[4, 22, 12, 41, 10]","[30, 28, 10, 41, 74]","[3, 4, 5, 23, 1]","['NYI', 'NYI', 'STL', 'STL', 'STL']"
2023-2024,Nick Perbix,TBL,D,62.0,9.2,72.8,,,46.0,33.6,26.8,91.2,95.2,56.8,44.0,79.2,78.4,36.0,96,228,69,,,136,167,184,23,13,109,141,53,55,161,250,93,180,Third Pair,77.0,1315.2833333333333,2.0,22.0,24.0,2.928532539975432,50.44247787610619,49.79170428776468,8480246,D,76.0,206.0,1998-06-15,USA,2017.0,6.0,169.0,R,25,"[None, None, None, 43, 72]","[None, None, None, 18, 7]","[None, None, None, 52, 80]","[None, None, None, 'TBL', 'TBL']"
2023-2024,Nick Seeler,PHI,D,72.0,22.4,81.2,,72.8,18.0,30.4,34.8,41.2,82.4,81.6,76.0,17.2,32.0,49.6,71,195,48,,50.0,206,175,164,148,42,47,61,208,171,127,250,93,180,Third Pair,71.0,1203.3333333333333,1.0,12.0,13.0,3.328856198604734,52.12765957446809,52.59607386348822,8476372,D,75.0,197.0,1993-06-03,USA,2011.0,5.0,131.0,L,30,"[None, None, 45, 77, 70]","[None, None, 15, 13, 46]","[None, None, 38, 88, 79]","[None, None, 'PHI', 'PHI', 'PHI']"
2023-2024,Nicolas Hague,VGK,D,26.4,49.2,44.0,,16.1,4.0,25.2,60.4,25.6,37.2,80.0,45.6,47.6,54.8,34.4,185,128,141,,152.0,241,188,100,187,136,51,137,132,114,165,250,93,180,Second Pair,73.0,1354.3333333333333,2.0,10.0,12.0,3.8559348708293903,47.42268041237113,51.524585843159976,8479980,D,78.0,245.0,1998-12-05,CAN,2017.0,2.0,34.0,L,24,"[21, 52, 28, 34, 27]","[46, 84, 63, 47, 48]","[31, 29, 31, 39, 48]","['VGK', 'VGK', 'VGK', 'VGK', 'VGK']"
2023-2024,Nikita Okhotiuk,CGY,D,7.6,54.4,8.0,,45.0,9.2,8.4,74.0,54.4,9.6,94.0,45.2,3.6,3.6,22.8,232,115,231,,100.0,228,230,66,115,200,16,138,242,242,194,250,93,180,Third Pair,52.0,827.45,1.0,8.0,9.0,2.8258626393177777,32.857142857142854,49.20420679368082,8481537,D,73.0,195.0,2000-12-04,RUS,2019.0,2.0,61.0,L,22,"[None, None, None, None, 9]","[None, None, None, None, 52]","[None, None, None, None, 11]","[None, None, None, None, 'CGY']"
2023-2024,Nikita Zadorov,VAN,D,23.2,24.0,82.0,,30.0,99.6,95.6,63.6,58.0,0.4,83.2,64.8,36.4,78.0,21.6,193,191,46,,127.0,2,12,92,106,223,43,89,160,56,197,250,93,180,Third Pair,75.0,1308.0666666666666,6.0,14.0,20.0,3.147888029941491,50.0,52.911587346995546,8477507,D,79.0,255.0,1995-04-16,RUS,2013.0,1.0,16.0,L,28,"[16, 14, 28, 76, 3]","[17, 3, 44, 54, 10]","[74, 81, 84, 81, 79]","['COL', 'CHI', 'CGY', 'CGY', 'VAN']"
2023-2024,Nikita Zaitsev,CHI,D,11.6,20.4,13.2,,,46.8,15.6,3.2,27.6,54.0,84.4,69.6,40.8,6.4,16.8,222,200,218,,,134,212,243,182,99,40,77,149,235,209,250,93,180,Third Pair,38.0,605.3666666666667,2.0,5.0,7.0,1.096238364188536,37.83783783783784,41.656782506498935,8479458,D,74.0,192.0,1991-10-29,RUS,,,,R,31,"[2, 8, 4, 9, 24]","[17, 56, 68, 14, 24]","[10, 15, 9, 13, 19]","['OTT', 'OTT', 'OTT', 'CHI', 'CHI']"
2023-2024,Niko Mikkola,FLA,D,8.0,1.2,72.0,,88.3,7.6,8.8,33.2,14.4,3.6,86.0,22.4,50.4,79.2,50.0,231,248,71,,22.0,232,229,168,215,215,36,195,125,53,126,250,93,180,Second Pair,82.0,1643.0166666666669,3.0,14.0,17.0,4.277655598520952,50.505050505050505,54.03193378949689,8478859,D,78.0,204.0,1996-04-27,FIN,2015.0,5.0,127.0,L,27,"[None, 63, 11, 6, 15]","[None, 24, 28, 0, 1]","[None, 50, 46, 74, 72]","[None, 'STL', 'STL', 'NYR', 'FLA']"
2023-2024,Nils Lundkvist,DAL,D,24.8,65.6,14.0,50.5,,59.6,51.6,47.6,88.0,36.0,48.4,86.0,91.2,76.0,5.2,189,87,216,47.0,,102,122,132,31,139,130,36,23,61,238,250,93,180,Third Pair,59.0,832.2666666666667,2.0,17.0,19.0,2.647408528720877,60.9375,54.55576360833514,8480878,D,73.0,194.0,2000-07-27,SWE,2018.0,1.0,28.0,R,23,"[None, None, 51, 30, 23]","[None, None, 36, 73, 60]","[None, None, 37, 14, 14]","[None, None, 'NYR', 'DAL', 'DAL']"
2023-2024,Noah Dobson,NYI,D,62.8,80.8,16.8,9.7,21.7,99.2,89.6,65.2,96.8,61.2,34.8,82.4,92.0,37.2,76.0,94,49,209,85.0,142.0,3,27,88,9,89,164,45,21,158,61,250,93,180,First Pair,79.0,1936.25,10.0,60.0,70.0,6.872701096229825,57.25806451612904,49.440727810632175,8480865,D,76.0,200.0,2000-01-07,CAN,2018.0,1.0,12.0,R,23,"[45, 42, 88, 60, 47]","[49, 29, 74, 79, 82]","[45, 32, 29, 23, 18]","['NYI', 'NYI', 'NYI', 'NYI', 'NYI']"
2023-2024,Noah Hanifin,VGK,D,86.8,95.6,37.2,67.7,70.6,78.4,78.0,85.2,81.6,37.6,15.2,22.0,54.4,82.8,82.4,34,12,158,31.0,54.0,55,56,38,47,135,213,196,115,44,45,250,93,180,First Pair,80.0,1889.1166666666668,13.0,34.0,47.0,10.749081741204627,54.961832061068705,51.524585843159976,8478396,D,75.0,206.0,1997-01-25,USA,2015.0,1.0,5.0,L,26,"[72, 75, 93, 87, 81]","[95, 87, 95, 97, 90]","[5, 26, 41, 29, 45]","['CGY', 'CGY', 'CGY', 'CGY', 'VGK']"
2023-2024,Noah Juulsen,VAN,D,33.2,23.2,45.6,,56.7,40.4,12.0,11.6,36.0,58.4,100.0,26.4,63.2,90.8,17.6,168,193,137,,79.0,150,221,222,161,92,1,185,93,24,207,250,93,180,Third Pair,54.0,804.3,1.0,6.0,7.0,1.4303638450337302,50.0,52.911587346995546,8478454,D,74.0,201.0,1997-04-02,CAN,2015.0,1.0,26.0,R,26,"[None, None, None, None, 39]","[None, None, None, None, 23]","[None, None, None, None, 49]","[None, None, None, None, 'VAN']"
2023-2024,Olen Zellweger,ANA,D,47.6,36.4,32.4,36.6,,62.4,79.6,46.8,42.8,92.2,31.2,93.2,8.4,10.0,42.8,132,160,170,60.0,,95,52,134,144,20,173,18,230,226,144,250,93,180,Second Pair,26.0,501.4,2.0,7.0,9.0,1.8390178875228718,35.483870967741936,46.102749461547546,8482803,D,70.0,193.0,2003-09-10,CAN,2021.0,2.0,34.0,L,19,"[None, None, None, None, 52]","[None, None, None, None, 34]","[None, None, None, None, 35]","[None, None, None, None, 'ANA']"
2023-2024,Oliver Ekman-Larsson,FLA,D,44.0,42.8,47.2,41.9,80.0,83.6,76.4,61.2,59.2,34.8,43.6,42.0,26.4,80.4,78.0,141,144,133,55.0,37.0,42,60,98,103,142,142,146,185,50,56,250,93,180,Second Pair,80.0,1471.5,9.0,23.0,32.0,6.902380857736414,55.0561797752809,54.03193378949689,8475171,D,74.0,190.0,1991-07-17,SWE,2009.0,1.0,6.0,L,32,"[79, 11, 74, 19, 56]","[73, 17, 74, 38, 34]","[65, 56, 71, 18, 62]","['ARI', 'ARI', 'VAN', 'VAN', 'FLA']"
2023-2024,Oliver Kylington,CGY,D,37.2,70.0,19.2,,,74.0,90.8,80.4,15.6,42.4,25.2,80.4,35.6,54.4,42.4,158,76,203,,,66,24,50,212,125,188,50,162,115,145,250,93,180,Third Pair,33.0,569.1833333333334,3.0,5.0,8.0,2.016961469003529,43.75,49.20420679368082,8478430,D,72.0,183.0,1997-05-19,SWE,2015.0,2.0,60.0,L,26,"[22, None, 69, None, 32]","[13, None, 72, None, 64]","[25, None, 36, None, 19]","['CGY', None, 'CGY', None, 'CGY']"
2023-2024,Olli Maatta,DET,D,69.6,7.2,86.4,,,79.6,63.6,24.4,49.2,80.4,49.2,56.4,82.0,23.6,23.2,77,233,35,,,52,92,190,128,47,128,110,46,192,193,250,93,180,Third Pair,72.0,1155.8833333333334,4.0,14.0,18.0,2.9227481908446076,57.49999999999999,46.23413756965368,8476874,D,74.0,207.0,1994-08-22,FIN,2012.0,1.0,22.0,L,29,"[30, 48, 66, 52, 78]","[31, 20, 26, 4, 17]","[64, 49, 80, 76, 89]","['CHI', 'LAK', 'LAK', 'DET', 'DET']"
2023-2024,Owen Power,BUF,D,65.2,88.8,21.6,8.6,32.8,21.2,59.2,75.2,60.8,55.2,11.2,90.4,88.4,26.8,73.2,88,29,197,86.0,122.0,198,103,63,99,96,223,25,30,184,68,250,93,180,First Pair,76.0,1741.9166666666667,6.0,27.0,33.0,6.779847010953305,54.13533834586466,48.57974516206313,8482671,D,78.0,226.0,2002-11-22,CAN,2021.0,1.0,1.0,L,20,"[None, None, None, 65, 59]","[None, None, None, 92, 86]","[None, None, None, 14, 38]","[None, None, None, 'BUF', 'BUF']"
2023-2024,Parker Wotherspoon,BOS,D,77.2,74.4,60.0,,50.0,33.6,1.8,1.2,17.2,89.0,88.8,6.0,80.8,58.8,92.0,58,65,101,,91.0,167,243,248,208,27,29,236,49,104,21,250,93,180,Third Pair,41.0,726.6,0.0,8.0,8.0,0.7695113626981426,54.54545454545454,50.76357352099207,8478450,D,73.0,190.0,1997-08-24,CAN,2015.0,4.0,112.0,L,26,"[None, None, None, None, 78]","[None, None, None, None, 75]","[None, None, None, None, 65]","[None, None, None, None, 'BOS']"
2023-2024,Pavel Mintyukov,ANA,D,52.8,72.4,6.4,19.4,47.8,42.4,56.8,66.4,52.4,98.4,42.0,53.6,4.8,13.2,65.6,119,70,235,76.0,95.0,145,109,85,120,5,146,117,239,218,87,250,93,180,Second Pair,63.0,1187.2166666666667,4.0,24.0,28.0,5.786659091187361,36.708860759493675,46.102749461547546,8483490,D,73.0,207.0,2003-11-25,RUS,2022.0,1.0,10.0,L,19,"[None, None, None, None, 55]","[None, None, None, None, 72]","[None, None, None, None, 8]","[None, None, None, None, 'ANA']"
2023-2024,Pierre-Olivier Joseph,PIT,D,24.0,64.8,12.4,,,72.4,57.2,22.4,75.2,32.4,36.0,48.8,57.6,76.8,34.0,191,89,220,,,70,108,195,63,147,161,129,107,59,166,250,93,180,Third Pair,52.0,784.4,2.0,9.0,11.0,1.3554718801936343,47.14285714285714,51.238885445372595,8480058,D,74.0,185.0,1999-07-01,CAN,2017.0,1.0,23.0,L,24,"[None, 49, None, 28, 26]","[None, 37, None, 74, 49]","[None, 42, None, 16, 12]","[None, 'PIT', None, 'PIT', 'PIT']"
2023-2024,Quinn Hughes,VAN,D,98.8,89.2,78.8,100.0,,95.6,85.2,67.6,96.4,93.6,3.2,94.8,97.2,40.0,69.2,4,28,54,1.0,,12,38,82,10,17,243,14,8,151,78,250,93,180,First Pair,82.0,2024.1666666666667,17.0,75.0,92.0,11.256576396132976,63.08724832214765,52.911587346995546,8480800,D,70.0,180.0,1999-10-14,USA,2018.0,1.0,7.0,L,23,"[89, 40, 91, 96, 98]","[84, 46, 88, 48, 95]","[19, 13, 58, 83, 76]","['VAN', 'VAN', 'VAN', 'VAN', 'VAN']"
2023-2024,Radko Gudas,ANA,D,83.6,79.2,94.4,,37.8,84.8,70.0,44.8,55.6,2.4,98.8,17.6,80.0,31.2,41.6,42,53,15,,113.0,39,76,139,112,218,4,207,51,173,147,250,93,180,Second Pair,66.0,1287.3,6.0,12.0,18.0,3.0353947872063767,52.87356321839081,46.102749461547546,8475462,D,72.0,208.0,1990-06-05,CZE,2010.0,3.0,66.0,R,33,"[60, 90, 82, 82, 82]","[72, 80, 77, 77, 80]","[42, 84, 87, 90, 95]","['WSH', 'FLA', 'FLA', 'FLA', 'ANA']"
2023-2024,Rasmus Andersson,CGY,D,73.2,58.0,15.6,91.4,76.1,82.4,73.6,72.8,85.2,94.4,8.8,58.8,42.4,93.2,60.0,68,106,212,9.0,44.0,45,67,69,38,15,229,104,145,18,101,250,93,180,First Pair,78.0,1858.45,9.0,30.0,39.0,9.68209452082724,48.226950354609926,49.20420679368082,8478397,D,73.0,202.0,1996-10-27,SWE,2015.0,2.0,53.0,R,26,"[88, 1, 93, 67, 64]","[54, 2, 77, 24, 65]","[82, 8, 70, 28, 8]","['CGY', 'CGY', 'CGY', 'CGY', 'CGY']"
2023-2024,Rasmus Dahlin,BUF,D,91.6,96.0,74.4,79.6,31.7,91.2,88.8,93.2,88.8,22.4,58.8,76.4,25.2,25.6,88.8,22,11,65,20.0,124.0,23,29,18,29,170,104,60,188,187,29,250,93,180,First Pair,81.0,2059.2166666666667,20.0,39.0,59.0,15.084044833199389,50.3875968992248,48.57974516206313,8480839,D,75.0,204.0,2000-04-13,SWE,2018.0,1.0,1.0,L,23,"[31, 68, 16, 90, 94]","[37, 76, 53, 95, 96]","[20, 11, 15, 84, 75]","['BUF', 'BUF', 'BUF', 'BUF', 'BUF']"
2023-2024,Rasmus Ristolainen,PHI,D,59.2,48.0,64.8,,22.8,16.0,18.0,58.4,14.0,81.6,89.6,58.0,11.6,28.8,77.6,103,131,89,,140.0,211,206,105,216,44,27,106,222,179,57,250,93,180,Third Pair,31.0,517.4166666666666,1.0,3.0,4.0,2.0834668859900174,47.368421052631575,52.59607386348822,8477499,D,76.0,208.0,1994-10-27,FIN,2013.0,1.0,8.0,R,28,"[0, 1, 9, 53, 68]","[1, 2, 57, 26, 63]","[12, 16, 6, 82, 54]","['BUF', 'BUF', 'PHI', 'PHI', 'PHI']"
2023-2024,Rasmus Sandin,WSH,D,49.2,83.6,14.4,16.1,,68.4,64.8,43.2,65.2,46.8,66.8,74.8,57.2,56.8,57.2,128,42,215,79.0,,80,89,143,88,114,84,64,108,109,108,250,93,180,Second Pair,68.0,1436.2,3.0,20.0,23.0,4.4058686858122895,44.230769230769226,47.42865030656283,8480873,D,71.0,189.0,2000-03-07,SWE,2018.0,1.0,29.0,L,23,"[46, None, 86, 63, 28]","[42, None, 78, 90, 77]","[37, None, 66, 9, 13]","['TOR', None, 'TOR', 'WSH', 'WSH']"
2023-2024,Robert Bortuzzo,NYI,D,30.4,34.4,54.8,,33.3,39.6,16.0,50.0,2.0,33.4,84.8,58.4,94.4,22.8,31.2,175,165,114,,121.0,152,211,126,246,145,39,105,15,194,173,250,93,180,Third Pair,27.0,370.73333333333335,0.0,0.0,0.0,0.7591997405917175,46.42857142857143,49.440727810632175,8474145,D,76.0,206.0,1989-03-18,CAN,2007.0,3.0,78.0,R,34,"[59, 45, 55, 26, 33]","[56, 56, 50, 34, 32]","[60, 80, 61, 57, 47]","['STL', 'STL', 'STL', 'STL', 'NYI']"
2023-2024,Roman Josi,NSH,D,98.0,99.2,40.8,90.3,,93.2,97.2,99.2,99.6,82.8,14.0,97.6,88.0,39.2,38.4,6,3,149,10.0,,18,8,3,2,41,216,7,31,153,155,250,93,180,First Pair,82.0,2019.75,23.0,62.0,85.0,17.3064122870996,56.55172413793104,52.76204021441854,8474600,D,73.0,201.0,1990-06-01,CHE,2008.0,2.0,38.0,L,33,"[97, 92, 97, 87, 99]","[99, 96, 99, 93, 99]","[72, 63, 61, 32, 40]","['NSH', 'NSH', 'NSH', 'NSH', 'NSH']"
2023-2024,Ryan Graves,PIT,D,46.8,72.0,41.2,,18.9,85.2,72.8,62.4,28.4,30.0,37.2,14.4,49.6,90.4,50.8,134,71,148,,147.0,38,69,95,180,151,158,215,127,25,124,250,93,180,Second Pair,70.0,1287.15,3.0,11.0,14.0,3.030367585408558,50.0,51.238885445372595,8477435,D,77.0,225.0,1995-05-21,CAN,2013.0,4.0,110.0,L,28,"[35, 15, 84, 69, 23]","[20, 32, 78, 78, 54]","[70, 76, 66, 39, 34]","['COL', 'COL', 'NJD', 'NJD', 'PIT']"
2023-2024,Ryan Johnson,BUF,D,55.6,63.2,58.4,,,20.8,1.8,29.2,79.6,51.2,20.8,88.8,74.8,30.0,9.6,112,93,105,,,199,243,178,52,105,199,29,64,176,227,250,93,180,Third Pair,41.0,568.55,0.0,7.0,7.0,1.3740230296173748,56.41025641025641,48.57974516206313,8481564,D,73.0,195.0,2001-07-24,USA,2019.0,1.0,31.0,L,22,"[None, None, None, None, 58]","[None, None, None, None, 60]","[None, None, None, None, 62]","[None, None, None, None, 'BUF']"
2023-2024,Ryan Lindgren,NYR,D,54.0,3.2,80.8,,85.0,14.4,12.8,32.8,56.8,76.4,55.2,78.0,94.8,97.2,82.0,116,243,49,,28.0,215,219,169,109,54,113,56,14,8,46,250,93,180,Second Pair,76.0,1470.6166666666666,3.0,14.0,17.0,3.537952122679401,55.55555555555556,48.830014848900504,8479324,D,72.0,194.0,1998-02-11,USA,2016.0,2.0,49.0,L,25,"[58, 68, 61, 73, 36]","[28, 34, 7, 55, 0]","[63, 88, 93, 86, 73]","['NYR', 'NYR', 'NYR', 'NYR', 'NYR']"
2023-2024,Ryan McDonagh,NSH,D,78.0,88.4,58.0,44.1,44.4,11.2,21.6,42.0,86.0,42.8,6.4,46.8,87.2,49.6,48.0,56,30,106,53.0,101.0,223,197,146,36,124,235,134,33,127,131,250,93,180,Second Pair,74.0,1612.3166666666666,3.0,29.0,32.0,3.9912483708743802,55.208333333333336,52.76204021441854,8474151,D,73.0,216.0,1989-06-13,USA,2007.0,1.0,12.0,L,34,"[67, 89, 85, 33, 86]","[63, 92, 78, 75, 93]","[75, 67, 81, 12, 76]","['TBL', 'TBL', 'TBL', 'NSH', 'NSH']"
2023-2024,Ryan Pulock,NYI,D,48.4,46.8,51.2,12.9,61.7,47.2,45.6,37.2,38.8,74.0,58.4,2.8,86.0,45.2,71.2,130,134,123,82.0,70.0,133,137,158,154,60,105,244,36,138,73,250,93,180,First Pair,58.0,1307.9,5.0,14.0,19.0,3.616155552866105,50.54945054945055,49.440727810632175,8477506,D,73.0,219.0,1994-10-06,CAN,2013.0,1.0,15.0,R,28,"[71, 92, 80, 39, 48]","[6, 88, 67, 31, 53]","[95, 96, 74, 28, 59]","['NYI', 'NYI', 'NYI', 'NYI', 'NYI']"
2023-2024,Ryan Shea,PIT,D,39.6,52.8,28.8,,39.4,55.6,48.0,1.6,0.4,71.4,48.0,28.0,50.8,66.8,3.6,152,119,179,,110.0,112,131,247,250,65,131,181,124,84,242,250,93,180,Fringe,31.0,391.3666666666667,1.0,0.0,1.0,0.5263678711087014,48.0,51.238885445372595,8478854,D,73.0,200.0,1997-02-11,USA,2015.0,4.0,121.0,L,26,"[None, None, None, None, 44]","[None, None, None, None, 51]","[None, None, None, None, 29]","[None, None, None, None, 'PIT']"
2023-2024,Ryan Suter,DAL,D,40.8,25.2,80.4,,68.3,5.2,20.0,40.0,45.2,14.0,15.6,59.2,65.2,86.8,27.2,149,188,50,,58.0,238,201,151,138,190,212,103,88,34,183,250,93,180,Second Pair,82.0,1553.0666666666666,2.0,15.0,17.0,3.789875155895038,53.44827586206896,54.55576360833514,8470600,D,73.0,201.0,1985-01-21,USA,2003.0,1.0,7.0,L,38,"[73, 76, 21, 57, 37]","[57, 66, 54, 35, 18]","[76, 83, 42, 79, 83]","['MIN', 'MIN', 'DAL', 'DAL', 'DAL']"
2023-2024,Ryker Evans,SEA,D,48.8,27.2,66.4,57.0,,35.6,17.2,34.0,28.0,58.4,74.8,98.0,29.2,56.4,30.0,129,183,85,41.0,,162,208,166,181,92,64,6,178,110,176,250,93,180,Second Pair,36.0,690.4333333333333,1.0,8.0,9.0,2.0864735811354227,48.64864864864865,51.25439389723685,8482858,D,72.0,195.0,2001-12-13,CAN,2021.0,2.0,35.0,L,21,"[None, None, None, None, 53]","[None, None, None, None, 28]","[None, None, None, None, 70]","[None, None, None, None, 'SEA']"
2023-2024,Sam Malinski,COL,D,60.8,44.8,43.6,,,65.2,94.8,52.8,66.4,89.6,35.2,4.0,90.8,26.0,0.8,99,139,142,,,88,14,119,85,26,163,241,24,186,249,250,93,180,Third Pair,23.0,327.18333333333334,3.0,7.0,10.0,1.101483516018262,55.172413793103445,52.32289257674195,8484258,D,71.0,190.0,1998-07-27,USA,,,,R,25,"[None, None, None, None, 61]","[None, None, None, None, 43]","[None, None, None, None, 46]","[None, None, None, None, 'COL']"
2023-2024,Samuel Bolduc,NYI,D,37.6,45.2,31.6,,,52.8,38.0,16.8,1.2,71.4,73.6,18.0,58.0,31.6,16.4,157,138,172,,,119,156,209,248,65,67,206,106,172,210,250,93,180,Third Pair,34.0,446.93333333333334,2.0,3.0,5.0,1.106428393735146,45.714285714285715,49.440727810632175,8481541,D,76.0,224.0,2000-12-09,CAN,2019.0,2.0,57.0,L,22,"[None, None, None, None, 42]","[None, None, None, None, 44]","[None, None, None, None, 34]","[None, None, None, None, 'NYI']"
2023-2024,Samuel Girard,COL,D,75.2,73.2,64.4,10.8,52.8,15.2,24.0,52.0,80.0,92.8,29.6,36.8,9.6,74.0,28.0,63,68,90,84.0,86.0,213,191,121,51,19,177,159,227,66,181,250,93,180,Second Pair,59.0,1143.5,3.0,15.0,18.0,4.1152906834767755,47.95918367346938,52.32289257674195,8479398,D,70.0,170.0,1998-05-12,CAN,2016.0,2.0,47.0,L,25,"[87, 85, 49, 74, 78]","[58, 61, 31, 71, 78]","[80, 84, 55, 61, 68]","['COL', 'COL', 'COL', 'COL', 'COL']"
2023-2024,Scott Mayfield,NYI,D,57.2,38.8,77.6,,15.6,53.6,21.2,39.6,43.6,45.2,52.8,11.6,64.8,40.4,84.4,108,154,57,,153.0,117,198,152,142,118,119,222,89,150,40,250,93,180,Second Pair,41.0,769.35,0.0,5.0,5.0,1.3742113897437587,44.44444444444444,49.440727810632175,8476429,D,76.0,215.0,1992-10-14,USA,2011.0,2.0,34.0,R,30,"[36, 23, 32, 79, 40]","[54, 42, 34, 68, 19]","[66, 80, 68, 89, 60]","['NYI', 'NYI', 'NYI', 'NYI', 'NYI']"
2023-2024,Scott Perunovich,STL,D,58.4,20.8,44.8,80.6,,26.8,1.8,7.2,94.8,95.6,16.8,100.0,86.4,7.6,6.4,105,199,139,19.0,,184,243,233,14,12,209,1,35,232,235,250,93,180,Third Pair,54.0,824.6833333333334,0.0,17.0,17.0,1.8622529019678276,53.333333333333336,44.5367163159077,8481059,D,70.0,175.0,1998-08-18,USA,2018.0,2.0,45.0,L,25,"[None, None, None, None, 60]","[None, None, None, None, 21]","[None, None, None, None, 48]","[None, None, None, None, 'STL']"
2023-2024,Sean Durzi,ARI,D,63.6,60.8,49.2,93.5,67.2,66.4,76.0,79.2,53.2,26.4,28.0,55.2,24.0,62.0,72.8,92,99,128,7.0,60.0,85,61,53,118,160,181,113,191,96,69,250,93,180,First Pair,76.0,1726.6833333333334,9.0,32.0,41.0,9.792670093266487,49.572649572649574,48.507643396556404,8480434,D,73.0,196.0,1998-10-21,CAN,2018.0,2.0,52.0,R,24,"[None, None, 52, 44, 74]","[None, None, 67, 17, 78]","[None, None, 44, 56, 42]","[None, None, 'LAK', 'LAK', 'ARI']"
2023-2024,Sean Walker,COL,D,56.4,92.4,20.8,,78.9,88.4,83.2,88.4,63.6,2.0,60.4,66.8,23.6,62.4,36.4,110,20,199,,39.0,30,43,30,92,219,100,84,192,95,160,250,93,180,Second Pair,81.0,1557.7666666666669,10.0,19.0,29.0,7.789082250110775,54.961832061068705,52.32289257674195,8480336,D,71.0,191.0,1994-11-13,CAN,,,,R,28,"[68, 27, None, 30, 72]","[89, 81, None, 77, 94]","[16, 10, None, 20, 26]","['LAK', 'LAK', None, 'LAK', 'COL']"
2023-2024,Sebastian Aho,NYI,D,52.0,38.0,26.0,24.7,,65.6,52.0,23.6,18.0,98.0,26.8,96.4,41.6,44.0,21.2,121,156,186,71.0,,87,121,192,206,6,184,10,147,141,198,250,93,180,Third Pair,58.0,950.7,2.0,7.0,9.0,1.9896511731669981,44.642857142857146,49.440727810632175,8480222,D,70.0,180.0,1996-02-17,SWE,2017.0,5.0,139.0,L,27,"[None, None, 26, 66, 46]","[None, None, 13, 51, 36]","[None, None, 24, 51, 15]","[None, None, 'NYI', 'NYI', 'NYI']"
2023-2024,Seth Jones,CHI,D,57.6,63.6,67.6,62.4,86.7,6.8,44.0,74.8,58.4,22.0,34.0,66.0,14.8,4.4,86.0,107,92,82,36.0,25.0,234,141,64,105,171,166,86,214,240,36,250,93,180,First Pair,67.0,1707.45,8.0,23.0,31.0,9.27073798780549,45.744680851063826,41.656782506498935,8477495,D,76.0,213.0,1994-10-03,USA,2013.0,1.0,4.0,R,28,"[71, 5, 76, 67, 40]","[68, 64, 24, 73, 55]","[71, 41, 96, 55, 61]","['CBJ', 'CBJ', 'CHI', 'CHI', 'CHI']"
2023-2024,Shayne Gostisbehere,DET,D,88.4,70.4,50.0,37.6,,92.0,88.0,73.2,71.6,100.0,2.8,54.0,45.2,22.4,26.0,30,75,126,59.0,,21,31,68,72,1,244,116,138,195,186,250,93,180,Second Pair,81.0,1546.0833333333333,10.0,46.0,56.0,9.452020977530132,46.666666666666664,46.23413756965368,8476906,D,71.0,183.0,1993-04-20,USA,2012.0,3.0,78.0,L,30,"[69, 84, 74, 84, 90]","[34, 65, 54, 63, 74]","[46, 58, 28, 61, 43]","['PHI', 'PHI', 'ARI', 'CAR', 'DET']"
2023-2024,Shea Theodore,VGK,D,85.2,93.2,33.6,78.5,,23.6,75.6,95.6,100.0,85.2,2.0,72.0,89.2,69.6,36.8,38,18,167,21.0,,192,62,12,1,35,246,71,28,77,159,250,93,180,First Pair,47.0,1038.15,5.0,37.0,42.0,5.187619203461122,58.82352941176471,51.524585843159976,8477447,D,74.0,197.0,1995-08-03,CAN,2013.0,1.0,26.0,L,28,"[100, 95, 92, 88, 79]","[100, 99, 99, 91, 90]","[74, 26, 35, 50, 21]","['VGK', 'VGK', 'VGK', 'VGK', 'VGK']"
2023-2024,Simon Benoit,TOR,D,4.4,7.6,18.0,,13.9,18.8,6.8,18.4,2.4,29.6,97.6,8.8,43.2,27.2,26.4,240,232,206,,156.0,204,234,205,245,152,7,229,143,183,185,250,93,180,Third Pair,64.0,1102.6,1.0,4.0,5.0,2.17306385052443,55.00000000000001,51.97603572680528,8481122,D,76.0,210.0,1998-09-19,CAN,,,,L,24,"[None, None, 25, 1, 24]","[None, None, 42, 9, 10]","[None, None, 39, 4, 58]","[None, None, 'ANA', 'ANA', 'TOR']"
2023-2024,Simon Nemec,NJD,D,55.2,61.2,25.2,39.8,53.9,22.8,26.0,40.8,94.4,92.2,3.6,68.4,58.8,73.6,87.2,113,98,188,57.0,84.0,194,186,149,15,20,242,80,104,67,33,250,93,180,Second Pair,60.0,1191.7833333333333,3.0,16.0,19.0,4.795194865926101,51.041666666666664,51.36365163761772,8483495,D,73.0,190.0,2004-02-15,SVK,2022.0,1.0,2.0,R,19,"[None, None, None, None, 57]","[None, None, None, None, 58]","[None, None, None, None, 25]","[None, None, None, None, 'NJD']"
2023-2024,Spencer Stastney,NSH,D,51.2,55.2,38.4,,38.9,59.2,98.0,31.6,19.6,79.4,4.8,20.0,99.6,38.4,0.4,123,113,155,,111.0,103,6,172,202,48,239,201,2,155,250,250,93,180,Third Pair,20.0,319.6666666666667,2.0,2.0,4.0,0.8685484598991481,70.0,52.76204021441854,8481056,D,72.0,184.0,2000-01-04,USA,2018.0,5.0,131.0,L,23,"[None, None, None, None, 54]","[None, None, None, None, 54]","[None, None, None, None, 42]","[None, None, None, None, 'NSH']"
2023-2024,TJ Brodie,TOR,D,81.2,12.4,95.2,,87.2,23.2,6.4,8.0,59.6,68.4,24.4,57.2,48.8,83.6,66.8,48,220,13,,24.0,193,235,231,102,71,190,108,129,42,84,250,93,180,Second Pair,78.0,1694.25,1.0,25.0,26.0,2.3137628576190257,51.85185185185185,51.97603572680528,8474673,D,74.0,187.0,1990-06-07,CAN,2008.0,4.0,114.0,L,33,"[62, 91, 73, 94, 61]","[65, 69, 11, 27, 8]","[85, 96, 94, 96, 90]","['CGY', 'TOR', 'TOR', 'TOR', 'TOR']"
2023-2024,Thomas Chabot,OTT,D,88.8,96.8,30.8,86.0,,43.6,77.2,82.8,42.4,76.0,32.4,73.2,21.2,47.6,63.6,29,9,174,14.0,,142,58,44,145,55,170,68,198,132,92,250,93,180,First Pair,51.0,1175.3,9.0,21.0,30.0,7.226269779669665,47.0,49.50827881037773,8478469,D,73.0,200.0,1997-01-30,CAN,2015.0,1.0,18.0,L,26,"[74, 73, 89, 83, 89]","[87, 97, 88, 98, 92]","[16, 2, 57, 10, 50]","['OTT', 'OTT', 'OTT', 'OTT', 'OTT']"
2023-2024,Thomas Harley,DAL,D,87.2,80.4,52.0,59.1,78.3,97.6,92.4,88.8,69.2,91.2,39.6,91.2,66.8,91.6,27.6,33,50,121,39.0,40.0,7,20,29,78,22,152,23,84,22,182,250,93,180,Second Pair,79.0,1660.3333333333333,15.0,32.0,47.0,8.17492920869996,59.375,54.55576360833514,8481581,D,75.0,214.0,2001-08-19,USA,2019.0,1.0,18.0,L,22,"[None, None, 58, None, 88]","[None, None, 66, None, 83]","[None, None, 45, None, 56]","[None, None, 'DAL', None, 'DAL']"
2023-2024,Timothy Liljegren,TOR,D,79.6,82.0,66.0,47.3,36.7,81.2,72.4,39.2,32.8,70.0,79.6,83.6,73.2,89.2,49.2,52,46,86,50.0,115.0,48,70,153,169,67,52,42,68,28,128,250,93,180,Second Pair,55.0,1081.4833333333331,3.0,20.0,23.0,3.5951045061390166,52.0,51.97603572680528,8480043,D,73.0,200.0,1999-04-30,SWE,2017.0,1.0,17.0,R,24,"[None, None, 81, 64, 84]","[None, None, 70, 79, 84]","[None, None, 63, 64, 64]","[None, None, 'TOR', 'TOR', 'TOR']"
2023-2024,Tony DeAngelo,CAR,D,28.0,84.8,1.2,73.1,,56.8,71.2,80.0,70.0,85.6,4.4,88.0,8.8,68.0,6.0,181,39,248,26.0,,109,73,51,76,34,240,31,229,81,236,250,93,180,Third Pair,31.0,444.51666666666665,3.0,8.0,11.0,1.690039144088255,37.93103448275862,55.712763718232004,8477950,D,72.0,190.0,1995-10-24,USA,2014.0,1.0,19.0,R,27,"[57, None, 60, 17, 39]","[91, None, 89, 94, 68]","[1, None, 1, 0, 6]","['NYR', None, 'CAR', 'PHI', 'CAR']"
2023-2024,Torey Krug,STL,D,29.6,78.8,2.4,94.6,51.7,2.8,46.4,86.8,81.2,62.4,12.4,92.8,26.8,10.8,43.2,177,54,245,6.0,88.0,244,135,34,48,86,220,19,184,224,143,250,93,180,Second Pair,77.0,1691.0166666666669,4.0,35.0,39.0,10.598072768308345,39.21568627450981,44.5367163159077,8476792,D,69.0,194.0,1991-04-12,USA,,,,L,32,"[94, 76, 15, 32, 40]","[83, 82, 76, 78, 79]","[49, 18, 2, 3, 2]","['BOS', 'STL', 'STL', 'STL', 'STL']"
2023-2024,Travis Dermott,ARI,D,31.2,41.2,56.0,,65.0,53.2,41.2,20.4,1.6,19.6,45.6,11.2,8.0,24.8,42.0,173,148,111,,64.0,118,148,200,247,177,137,223,231,189,146,250,93,180,Third Pair,50.0,863.9666666666667,2.0,5.0,7.0,1.4593664462992042,35.18518518518518,48.507643396556404,8478408,D,72.0,200.0,1996-12-22,CAN,2015.0,2.0,34.0,L,26,"[78, 71, 73, None, 26]","[60, 58, 46, None, 38]","[77, 82, 78, None, 45]","['TOR', 'TOR', 'VAN', None, 'ARI']"
2023-2024,Travis Hamonic,OTT,D,6.8,37.6,5.2,,36.1,74.8,69.6,51.6,20.8,23.6,64.8,43.6,29.6,48.0,58.4,234,157,238,,116.0,64,77,122,199,167,89,142,177,131,105,250,93,180,Third Pair,48.0,707.3,2.0,4.0,6.0,1.4619789258645264,40.32258064516129,49.50827881037773,8474612,D,73.0,193.0,1990-08-16,CAN,2008.0,2.0,53.0,R,33,"[26, 16, 16, 10, 6]","[69, 34, 41, 59, 22]","[12, 21, 16, 6, 4]","['CGY', 'VAN', 'OTT', 'OTT', 'OTT']"
2023-2024,Travis Sanheim,PHI,D,82.4,62.8,83.6,4.3,96.1,90.4,87.6,84.8,77.2,55.6,35.6,27.6,13.6,29.6,86.4,45,94,42,90.0,8.0,25,32,39,58,95,162,182,217,177,35,250,93,180,First Pair,81.0,1928.2333333333331,10.0,34.0,44.0,11.12116073062781,43.47826086956522,52.59607386348822,8477948,D,76.0,222.0,1996-03-29,CAN,2014.0,1.0,17.0,L,27,"[80, 93, 86, 48, 90]","[77, 81, 81, 21, 72]","[63, 92, 77, 70, 86]","['PHI', 'PHI', 'PHI', 'PHI', 'PHI']"
2023-2024,Trevor van Riemsdyk,WSH,D,89.2,64.4,94.8,,74.4,57.6,31.6,20.8,53.6,73.6,6.0,56.8,59.2,23.2,53.6,28,90,14,,47.0,107,172,199,117,61,236,109,103,193,117,250,93,180,Second Pair,70.0,1306.5166666666669,0.0,14.0,14.0,2.371908878199032,47.87234042553192,47.42865030656283,8477845,D,75.0,210.0,1991-07-24,USA,,,,R,32,"[70, 69, 88, 89, 87]","[47, 60, 40, 57, 68]","[70, 58, 87, 89, 97]","['CAR', 'WSH', 'WSH', 'WSH', 'WSH']"
2023-2024,Troy Stecher,EDM,D,9.6,19.6,15.2,,25.0,14.8,22.4,60.0,30.4,30.4,50.0,46.4,70.4,33.2,8.0,227,202,213,,136.0,214,195,101,175,150,126,135,75,168,231,250,93,180,Second Pair,54.0,978.4333333333332,1.0,6.0,7.0,3.3071597189444017,56.666666666666664,57.7356301882345,8479442,D,70.0,184.0,1994-04-07,CAN,,,,R,29,"[49, 47, 35, 4, 18]","[47, 30, 50, 14, 26]","[25, 66, 35, 7, 33]","['VAN', 'DET', 'LAK', 'CGY', 'EDM']"
2023-2024,Ty Emberson,SJS,D,42.4,26.8,52.8,,51.1,50.0,27.2,11.2,78.0,71.4,94.4,12.8,33.6,2.8,91.6,145,184,119,,89.0,126,183,223,56,65,15,219,167,244,22,250,93,180,Second Pair,30.0,556.4833333333333,1.0,9.0,10.0,0.9475789582362835,44.44444444444444,40.469088980474325,8480834,D,72.0,193.0,2000-05-23,USA,2018.0,3.0,73.0,R,23,"[None, None, None, None, 46]","[None, None, None, None, 27]","[None, None, None, None, 56]","[None, None, None, None, 'SJS']"
2023-2024,Tyler Myers,VAN,D,2.0,34.8,48.4,,3.9,2.4,16.4,52.4,78.8,0.8,43.2,10.0,60.4,60.8,61.6,246,164,130,,174.0,245,210,120,54,222,143,226,100,99,97,250,93,180,Second Pair,77.0,1459.0666666666666,5.0,24.0,29.0,4.047157747858389,53.608247422680414,52.911587346995546,8474574,D,80.0,229.0,1990-02-01,USA,2008.0,1.0,12.0,R,33,"[11, 0, 5, 1, 7]","[62, 47, 62, 7, 64]","[26, 1, 45, 58, 40]","['VAN', 'VAN', 'VAN', 'VAN', 'VAN']"
2023-2024,Tyler Tucker,STL,D,36.0,26.0,46.8,,,56.0,52.4,3.6,3.6,62.8,95.2,70.8,66.4,5.2,2.4,161,186,134,,,111,120,242,242,85,13,74,85,238,245,250,93,180,Fringe,26.0,323.71666666666664,1.0,1.0,2.0,0.504416444066877,51.61290322580645,44.5367163159077,8481006,D,73.0,204.0,2000-03-01,CAN,2018.0,7.0,200.0,L,23,"[None, None, None, 45, 34]","[None, None, None, 31, 28]","[None, None, None, 47, 43]","[None, None, None, 'STL', 'STL']"
2023-2024,Tyson Barrie,NSH,D,14.8,71.6,1.6,72.0,,64.8,61.6,91.2,70.4,75.6,10.4,63.6,75.6,77.6,29.6,214,72,247,27.0,,89,97,23,75,56,225,92,62,57,177,250,93,180,Second Pair,41.0,751.2,1.0,14.0,15.0,4.11358381724563,48.0,52.76204021441854,8475197,D,71.0,197.0,1991-07-26,CAN,2009.0,3.0,64.0,R,32,"[16, 52, 19, 26, 11]","[85, 85, 42, 87, 44]","[1, 0, 4, 2, 2]","['TOR', 'EDM', 'EDM', 'NSH', 'NSH']"
2023-2024,Urho Vaakanainen,ANA,D,19.6,18.0,16.0,,25.6,25.2,4.4,13.6,38.4,83.6,31.6,32.4,7.2,11.2,46.4,202,206,211,,135.0,188,240,217,155,39,172,170,233,223,135,250,93,180,Third Pair,68.0,1188.3666666666666,1.0,13.0,14.0,1.8071002538184449,48.23529411764706,46.102749461547546,8480001,D,74.0,202.0,1999-01-01,FIN,2017.0,1.0,18.0,L,24,"[None, None, 17, 27, 19]","[None, None, 23, 33, 14]","[None, None, 14, 16, 21]","[None, None, 'ANA', 'ANA', 'ANA']"
2023-2024,Uvis Balinskis,FLA,D,42.0,28.8,34.0,,,45.6,49.2,69.6,9.6,89.0,75.6,76.8,76.0,86.4,12.8,146,179,166,,,137,128,77,227,27,62,59,61,35,219,250,93,180,Third Pair,26.0,366.6333333333333,1.0,2.0,3.0,1.157398299462081,55.55555555555556,54.03193378949689,8484304,D,72.0,196.0,1996-08-01,LVA,,,,L,27,"[None, None, None, None, 45]","[None, None, None, None, 29]","[None, None, None, None, 36]","[None, None, None, None, 'FLA']"
2023-2024,Victor Hedman,TBL,D,92.8,96.4,29.6,95.7,59.4,80.4,90.4,96.8,97.2,70.4,19.2,87.2,83.6,74.8,78.4,19,10,177,5.0,74.0,50,25,9,8,66,203,33,42,64,55,250,93,180,First Pair,78.0,1934.7333333333331,13.0,63.0,76.0,12.372652217204296,54.54545454545454,49.79170428776468,8475167,D,79.0,244.0,1990-12-18,SWE,2009.0,1.0,2.0,L,32,"[99, 92, 99, 75, 93]","[97, 82, 97, 93, 95]","[95, 89, 93, 11, 25]","['TBL', 'TBL', 'TBL', 'TBL', 'TBL']"
2023-2024,Vince Dunn,SEA,D,68.0,86.8,12.0,31.2,,96.0,92.8,85.6,92.8,49.6,20.0,97.2,92.4,53.6,60.8,81,34,221,65.0,,11,19,37,19,107,201,8,20,117,99,250,93,180,First Pair,59.0,1362.1333333333334,11.0,35.0,46.0,7.258983609910214,58.22784810126582,51.25439389723685,8478407,D,72.0,200.0,1996-10-29,CAN,2015.0,2.0,56.0,L,26,"[77, 37, 24, 81, 59]","[66, 42, 51, 88, 88]","[62, 57, 20, 44, 3]","['STL', 'STL', 'SEA', 'SEA', 'SEA']"
2023-2024,Vincent Desharnais,EDM,D,41.2,29.2,60.4,,90.0,40.0,4.8,2.0,23.6,25.6,78.8,44.8,72.4,92.4,1.6,148,178,100,,19.0,151,239,246,192,162,54,139,70,20,247,250,93,180,Third Pair,78.0,1226.7833333333333,1.0,10.0,11.0,1.2875677245870567,49.15254237288136,57.7356301882345,8479576,D,79.0,225.0,1996-05-29,CAN,2016.0,7.0,183.0,R,27,"[None, None, None, 49, 41]","[None, None, None, 52, 16]","[None, None, None, 44, 70]","[None, None, None, 'EDM', 'EDM']"
2023-2024,Vladislav Gavrikov,LAK,D,61.6,72.8,42.4,,93.3,40.8,56.0,68.4,46.0,29.2,11.6,32.8,31.2,75.2,60.4,97,69,145,,13.0,149,111,80,136,153,222,169,173,63,100,250,93,180,Second Pair,77.0,1587.5,6.0,17.0,23.0,4.578322027369243,52.991452991452995,53.8530051338716,8478882,D,75.0,210.0,1995-11-21,RUS,2015.0,6.0,159.0,L,27,"[68, 54, 47, 51, 68]","[63, 68, 86, 57, 74]","[57, 54, 14, 69, 24]","['CBJ', 'CBJ', 'CBJ', 'LAK', 'LAK']"
2023-2024,Will Borgen,SEA,D,38.0,13.2,67.2,,71.7,52.0,43.2,27.2,88.4,48.8,89.2,5.6,41.2,74.4,54.4,156,218,83,,52.0,121,143,183,30,109,28,237,148,65,115,250,93,180,Third Pair,82.0,1442.2,3.0,22.0,25.0,4.1025947997580605,46.22641509433962,51.25439389723685,8478840,D,75.0,199.0,1996-12-19,USA,2015.0,4.0,92.0,R,26,"[None, None, 49, 62, 25]","[None, None, 22, 15, 14]","[None, None, 60, 72, 61]","[None, None, 'SEA', 'SEA', 'SEA']"
2023-2024,William Lagesson,ANA,D,44.4,36.8,60.8,,57.8,36.0,1.8,7.6,6.8,44.4,92.8,74.0,46.8,50.4,20.8,140,159,99,,77.0,161,243,232,234,120,19,66,134,125,199,250,93,180,Third Pair,40.0,591.9,0.0,4.0,4.0,0.8143552735403982,51.51515151515152,46.102749461547546,8478021,D,74.0,211.0,1996-02-22,SWE,2014.0,4.0,91.0,L,27,"[None, 43, 47, None, 45]","[None, 26, 45, None, 33]","[None, 44, 56, None, 66]","[None, 'EDM', 'MTL', None, 'ANA']"
2023-2024,Wyatt Kaiser,CHI,D,24.4,37.2,42.0,,27.8,38.0,1.8,4.8,6.4,31.6,28.8,67.2,84.4,1.2,19.6,190,158,146,,131.0,156,243,239,235,148,179,83,40,248,202,250,93,180,Third Pair,32.0,554.0,0.0,7.0,7.0,0.8408116112295659,45.94594594594595,41.656782506498935,8482176,D,72.0,190.0,2002-07-31,USA,2020.0,3.0,81.0,L,21,"[None, None, None, None, 29]","[None, None, None, None, 36]","[None, None, None, None, 44]","[None, None, None, None, 'CHI']"
2023-2024,Zac Jones,NYR,D,39.2,47.2,36.4,,,36.4,36.8,72.0,93.2,58.4,27.2,74.4,37.6,47.2,32.0,153,133,160,,,160,159,71,18,92,183,65,157,133,171,250,93,180,Third Pair,31.0,453.4833333333333,2.0,7.0,9.0,1.671359023118407,46.34146341463415,48.830014848900504,8481708,D,71.0,190.0,2000-10-18,USA,2019.0,3.0,68.0,L,22,"[None, None, None, None, 43]","[None, None, None, None, 47]","[None, None, None, None, 41]","[None, None, None, None, 'NYR']"
2023-2024,Zach Bogosian,MIN,D,14.4,50.4,17.2,,40.6,48.4,43.6,50.4,34.0,16.0,77.2,51.6,62.4,75.6,6.8,215,125,208,,108.0,130,142,125,166,186,58,122,95,62,234,250,93,180,Third Pair,65.0,1162.2333333333331,3.0,11.0,14.0,2.8872999835283606,53.93258426966292,50.92121383951756,8474567,D,75.0,231.0,1990-07-15,USA,2008.0,1.0,3.0,R,33,"[22, 6, 12, 16, 21]","[36, 60, 62, 47, 50]","[31, 25, 13, 10, 28]","['TBL', 'TOR', 'TBL', 'TBL', 'MIN']"
2023-2024,Zach Werenski,CBJ,D,71.2,91.6,9.6,74.2,26.7,26.0,99.2,98.4,98.8,74.8,0.8,87.6,51.6,14.0,95.6,73,22,227,25.0,133.0,186,3,5,4,58,249,32,122,216,12,250,93,180,First Pair,70.0,1711.6,11.0,46.0,57.0,12.540402671427207,53.69127516778523,45.72215467890054,8478460,D,74.0,214.0,1997-07-19,USA,2015.0,1.0,8.0,L,26,"[82, 65, 58, 60, 77]","[71, 67, 85, 58, 96]","[41, 24, 6, 43, 3]","['CBJ', 'CBJ', 'CBJ', 'CBJ', 'CBJ']"
2023-2024,Zach Whitecloud,VGK,D,70.8,38.4,84.0,,33.9,72.8,68.4,56.4,46.4,52.4,86.8,30.0,68.8,41.2,25.6,74,155,41,,120.0,69,80,110,135,103,34,176,79,148,187,250,93,180,Third Pair,61.0,1072.5833333333333,2.0,12.0,14.0,2.3377308670002246,47.88732394366197,51.524585843159976,8480727,D,74.0,210.0,1996-11-28,CAN,,,,R,26,"[None, 74, 83, 41, 80]","[None, 40, 59, 36, 35]","[None, 81, 91, 57, 92]","[None, 'VGK', 'VGK', 'VGK', 'VGK']"
