Season,Player,Team,Position,ovr_pct,evo_pct,evd_pct,ppl_pct,pkl_pct,fin_pct,gol_pct,xgl_pct,ast_pct,pen_pct,hit_pct,ozs_pct,pdo_pct,tmt_pct,cmp_pct,ovr_rank,evo_rank,evd_rank,ppl_rank,pkl_rank,fin_rank,gol_rank,xgl_rank,ast_rank,pen_rank,hit_rank,ozs_rank,pdo_rank,tmt_rank,cmp_rank,all_players,ppl_players,pkl_players,Role,GP,TOI,Goals,Total Assists,Total Points,ixG,GF%,xGF%,Player ID,Specific Position,Height (in),Weight (lbs),Date of Birth,Birth Country,Draft Year,Draft Round,Overall Draft Position,Shoots Catches,Age,ovr_history,evo_history,evd_history,team_history
2024-2025,Aaron Ekblad,FLA,D,63.1,76.2,53.3,75.0,93.6,15.6,63.5,79.5,69.3,9.8,38.1,63.1,59.8,98.4,99.2,91,59,115,22.0,12.0,207,90,51,76,204,152,91,99,5,3,244,84,171,First Pair,56.0,1316.7,3.0,30.0,33.0,5.732185089798123,56.41025641025641,52.68726198284365,8477932,D,76.0,220.0,1996-02-07,CAN,2014.0,1.0,1.0,R,28,"[79, 93, 77, 63, 60]","[73, 84, 79, 75, 75]","[72, 81, 60, 69, 39]","['FLA', 'FLA', 'FLA', 'FLA', 'FLA']"
2024-2025,Adam Boqvist,NYI,D,28.3,61.9,5.7,39.3,,58.2,89.8,77.0,42.2,79.1,10.2,96.3,91.4,35.7,52.0,176,94,231,52.0,,103,26,57,142,50,220,10,22,158,118,244,84,171,Third Pair,35.0,492.51666666666665,4.0,10.0,14.0,2.3139141447283937,47.22222222222222,49.04981103616498,8480871,D,72.0,195.0,2000-08-15,SWE,2018.0,1.0,8.0,R,24,"[81, 30, 47, 42, 23]","[71, 44, 67, 66, 54]","[35, 6, 7, 7, 9]","['CHI', 'CBJ', 'CBJ', 'CBJ', 'NYI']"
2024-2025,Adam Fox,NYR,D,99.6,99.6,93.9,98.8,73.7,86.5,90.6,93.0,99.2,50.8,9.0,54.9,27.9,25.4,77.9,2,2,16,2.0,46.0,34,24,18,3,111,223,111,177,183,55,244,84,171,First Pair,74.0,1720.4166666666667,10.0,51.0,61.0,11.627789574913196,58.26086956521739,54.731952339353086,8479323,D,71.0,185.0,1998-02-17,USA,2016.0,3.0,66.0,R,26,"[97, 98, 100, 100, 99]","[93, 97, 99, 98, 99]","[94, 91, 95, 93, 91]","['NYR', 'NYR', 'NYR', 'NYR', 'NYR']"
2024-2025,Adam Larsson,SEA,D,17.6,18.0,71.7,,29.8,16.0,46.7,64.8,52.0,8.2,53.3,20.5,3.3,41.0,57.4,202,201,70,,121.0,206,131,87,118,208,115,195,237,145,105,244,84,171,Second Pair,82.0,1737.2333333333331,7.0,21.0,28.0,6.374138655153546,52.85714285714286,46.392639538143605,8476457,D,75.0,207.0,1992-11-12,SWE,2011.0,1.0,4.0,R,31,"[84, 2, 64, 6, 33]","[15, 2, 32, 2, 43]","[98, 80, 94, 66, 68]","['EDM', 'SEA', 'SEA', 'SEA', 'SEA']"
2024-2025,Adam Pelech,NYI,D,92.6,67.2,99.6,,43.3,0.4,2.9,78.7,69.7,55.3,48.0,36.9,45.5,17.2,82.8,19,81,2,,98.0,244,238,53,75,100,128,155,134,203,43,244,84,171,Second Pair,60.0,1266.8333333333333,0.0,21.0,21.0,4.957430971466328,46.51162790697674,54.00016035335128,8476917,D,75.0,212.0,1994-08-16,CAN,2012.0,3.0,65.0,L,30,"[95, 97, 83, 89, 93]","[91, 94, 56, 60, 68]","[97, 98, 97, 95, 99]","['NYI', 'NYI', 'NYI', 'NYI', 'NYI']"
2024-2025,Adam Wilsby,NSH,D,56.6,50.4,57.4,,56.7,40.6,40.2,75.8,1.6,67.2,43.9,93.4,96.7,29.5,41.0,107,122,105,,75.0,146,147,60,241,75,138,17,9,173,145,244,84,171,Second Pair,23.0,416.26666666666665,1.0,4.0,5.0,1.694005832905514,51.85185185185185,56.63558579185695,8482482,D,73.0,188.0,2000-08-07,SWE,2020.0,4.0,101.0,L,24,"[None, None, None, None, 55]","[None, None, None, None, 51]","[None, None, None, None, 55]","[None, None, None, None, 'NSH']"
2024-2025,Albert Johansson,DET,D,34.0,25.4,25.4,,,73.0,54.5,20.9,4.1,78.1,66.0,65.6,57.0,26.2,88.5,162,183,183,,,67,112,194,235,52,84,85,106,181,29,244,84,171,Third Pair,61.0,998.0166666666668,3.0,6.0,9.0,1.9761627904927337,42.64705882352941,45.360931671538395,8481607,D,72.0,195.0,2001-01-04,SWE,2019.0,2.0,60.0,L,23,"[None, None, None, None, 36]","[None, None, None, None, 27]","[None, None, None, None, 25]","[None, None, None, None, 'DET']"
2024-2025,Alec Martinez,CHI,D,42.6,48.0,27.5,,25.1,83.6,88.9,21.3,11.5,65.6,23.4,63.9,66.0,12.7,98.4,141,128,178,,129.0,41,28,193,217,77,188,89,84,214,5,244,84,171,Second Pair,44.0,824.05,5.0,7.0,12.0,1.63785547307879,41.7910447761194,41.87143588114759,8474166,D,73.0,210.0,1987-07-26,USA,2007.0,4.0,95.0,L,37,"[44, 66, 50, 62, 32]","[90, 71, 44, 53, 47]","[10, 21, 67, 35, 19]","['VGK', 'VGK', 'VGK', 'VGK', 'CHI']"
2024-2025,Alex Pietrangelo,VGK,D,93.9,95.1,49.6,48.8,90.6,2.9,33.2,79.1,91.8,92.6,21.3,44.3,29.9,70.1,76.2,16,13,124,44.0,17.0,238,164,52,21,19,193,137,172,74,59,244,84,171,First Pair,71.0,1590.55,4.0,29.0,33.0,7.633898250088191,50.43478260869565,53.02581622969462,8474565,D,75.0,215.0,1990-01-18,CAN,2008.0,1.0,4.0,R,34,"[81, 78, 97, 85, 94]","[94, 96, 96, 93, 97]","[16, 23, 66, 22, 56]","['VGK', 'VGK', 'VGK', 'VGK', 'VGK']"
2024-2025,Alex Vlasic,CHI,D,59.8,29.9,66.0,27.4,81.9,31.6,21.3,15.2,23.0,65.2,23.8,5.3,7.8,3.3,99.6,99,172,84,62.0,32.0,168,193,208,189,78,187,232,226,237,2,244,84,171,First Pair,82.0,1907.55,4.0,26.0,30.0,4.367991780614009,41.05960264900662,43.8310505461483,8481568,D,78.0,217.0,2001-06-05,USA,2019.0,2.0,43.0,L,23,"[None, None, None, 66, 57]","[None, None, None, 34, 26]","[None, None, None, 83, 49]","[None, None, None, 'CHI', 'CHI']"
2024-2025,Alexander Romanov,NYI,D,41.0,56.6,21.7,,13.5,85.2,65.2,46.7,61.5,68.9,86.1,13.1,19.3,32.4,70.9,145,107,192,,149.0,37,86,131,95,73,35,213,198,166,72,244,84,171,First Pair,64.0,1427.65,4.0,18.0,22.0,3.848385456691994,50.0,49.45094408627878,8481014,D,73.0,220.0,2000-01-06,RUS,2018.0,2.0,38.0,L,24,"[53, 18, 26, 34, 48]","[47, 32, 18, 54, 63]","[52, 53, 38, 16, 28]","['MTL', 'MTL', 'NYI', 'NYI', 'NYI']"
2024-2025,Alexandre Carrier,MTL,D,44.3,34.0,75.4,,85.4,20.1,31.6,51.6,65.6,12.7,63.1,9.0,39.8,46.7,95.1,137,162,61,,26.0,196,168,119,85,197,91,223,148,131,13,244,84,171,Second Pair,79.0,1626.3666666666666,3.0,22.0,25.0,3.8709846083700343,43.69747899159664,45.17189085927911,8478851,D,71.0,174.0,1996-10-08,CAN,2015.0,4.0,115.0,R,27,"[58, 19, 44, 72, 27]","[36, 9, 34, 38, 31]","[56, 69, 57, 85, 68]","['NSH', 'NSH', 'NSH', 'NSH', 'MTL']"
2024-2025,Andreas Englund,NSH,D,25.4,11.9,39.8,,,43.4,16.4,2.9,9.0,72.1,96.3,67.6,81.6,63.1,2.5,183,216,148,,,139,205,238,223,66,10,80,46,91,239,244,84,171,Third Pair,35.0,464.15,1.0,2.0,3.0,0.455299885769087,36.36363636363637,47.93668307105389,8477971,D,76.0,200.0,1996-01-21,SWE,2014.0,2.0,40.0,L,28,"[None, None, 43, 23, 33]","[None, None, 26, 6, 18]","[None, None, 49, 28, 48]","[None, None, 'CHI', 'LAK', 'NSH']"
2024-2025,Andrew Peeke,BOS,D,22.5,4.9,77.9,,5.8,9.4,7.0,15.6,76.6,58.6,85.7,53.7,60.7,16.8,84.0,190,233,55,,162.0,222,228,207,58,92,36,114,97,204,40,244,84,171,Second Pair,76.0,1414.1166666666666,1.0,16.0,17.0,3.2430250361548603,41.23711340206185,48.32674549040995,8479369,D,75.0,214.0,1998-03-17,USA,2016.0,2.0,34.0,R,26,"[None, 20, 44, 28, 24]","[None, 7, 3, 14, 4]","[None, 83, 82, 62, 83]","[None, 'CBJ', 'CBJ', 'BOS', 'BOS']"
2024-2025,Arber Xhekaj,MTL,D,2.5,23.8,15.6,,20.5,31.1,40.6,34.4,40.2,4.5,95.5,70.5,69.3,13.9,12.3,239,187,207,,137.0,169,146,161,147,217,12,73,76,211,215,244,84,171,Third Pair,70.0,1023.6833333333334,1.0,5.0,6.0,2.8923847462068393,40.57971014492754,46.42210170621232,8482964,D,76.0,240.0,2001-01-30,CAN,,,,L,23,"[None, None, 7, 13, 2]","[None, None, 20, 38, 19]","[None, None, 11, 17, 16]","[None, None, 'MTL', 'MTL', 'MTL']"
2024-2025,Artem Zub,OTT,D,78.3,32.4,90.6,,89.5,38.5,15.6,12.3,32.8,46.3,61.5,29.1,49.2,86.5,91.0,54,166,24,,19.0,151,207,215,165,119,95,174,125,34,23,244,84,171,Second Pair,56.0,1155.4666666666667,2.0,11.0,13.0,2.684543540427122,47.82608695652174,56.07519881913353,8482245,D,75.0,201.0,1995-10-03,RUS,,,,R,28,"[38, 14, 33, 86, 75]","[25, 36, 9, 62, 27]","[72, 71, 84, 88, 90]","['OTT', 'OTT', 'OTT', 'OTT', 'OTT']"
2024-2025,Artyom Levshunov,CHI,D,28.7,46.3,24.2,31.0,,39.3,0.8,6.1,13.9,49.4,46.3,100.0,98.8,2.5,71.7,175,132,186,59.0,,149,242,230,211,113,132,1,4,239,70,244,84,171,Second Pair,18.0,365.68333333333334,0.0,6.0,6.0,1.0927574177712345,36.0,38.38117819106593,8484783,D,74.0,208.0,2005-10-28,BLR,2024.0,1.0,2.0,R,18,"[None, None, None, None, 30]","[None, None, None, None, 48]","[None, None, None, None, 22]","[None, None, None, None, 'CHI']"
2024-2025,Ben Chiarot,DET,D,0.4,5.3,4.9,,5.3,50.8,43.0,43.0,43.9,2.9,69.7,4.9,10.2,41.8,79.9,244,232,233,,163.0,121,140,140,138,221,75,233,220,143,50,244,84,171,Second Pair,81.0,1719.8166666666666,4.0,10.0,14.0,4.349786786965603,43.333333333333336,44.04156825284286,8475279,D,75.0,222.0,1991-05-09,CAN,2009.0,4.0,120.0,L,33,"[3, 0, 2, 1, 0]","[5, 68, 5, 12, 3]","[58, 4, 23, 18, 3]","['MTL', 'FLA', 'DET', 'DET', 'DET']"
2024-2025,Bowen Byram,BUF,D,14.8,48.4,14.8,21.4,63.7,92.6,94.3,81.6,78.3,12.3,52.0,29.9,26.2,68.0,47.1,209,127,209,67.0,63.0,19,15,46,54,198,118,172,181,79,130,244,84,171,First Pair,82.0,1861.1666666666667,7.0,31.0,38.0,8.268894304418538,54.48275862068965,47.2741265325391,8481524,D,73.0,205.0,2001-06-13,CAN,2019.0,1.0,4.0,L,23,"[26, 62, 58, 10, 13]","[34, 62, 54, 55, 41]","[58, 49, 57, 5, 17]","['COL', 'COL', 'COL', 'BUF', 'BUF']"
2024-2025,Braden Schneider,NYR,D,16.0,30.3,4.1,,65.5,75.8,62.7,44.7,41.4,77.0,94.3,8.2,31.6,34.0,29.5,206,171,235,,60.0,60,92,136,144,54,15,225,168,162,173,244,84,171,Third Pair,80.0,1429.35,6.0,15.0,21.0,3.9121508174657325,50.476190476190474,47.18973138351893,8482073,D,75.0,206.0,2001-09-20,CAN,2020.0,1.0,19.0,R,22,"[None, 26, 12, 22, 20]","[None, 11, 2, 29, 49]","[None, 27, 10, 9, 7]","[None, 'NYR', 'NYR', 'NYR', 'NYR']"
2024-2025,Brady Skjei,NSH,D,36.5,64.8,14.3,57.1,91.2,91.4,89.3,94.3,39.3,19.3,16.4,23.4,8.2,83.2,62.7,156,87,210,37.0,16.0,22,27,15,149,181,205,188,225,42,92,244,84,171,Second Pair,82.0,1795.0666666666666,10.0,23.0,33.0,8.363256842624049,37.93103448275862,47.54253158387664,8476869,D,75.0,210.0,1994-03-26,USA,2012.0,1.0,28.0,L,30,"[4, 18, 41, 78, 12]","[69, 72, 60, 45, 70]","[5, 3, 31, 59, 4]","['CAR', 'CAR', 'CAR', 'CAR', 'NSH']"
2024-2025,Brandon Carlo,TOR,D,48.4,0.8,88.5,,99.4,17.2,13.5,18.4,20.5,14.3,71.3,0.4,29.5,64.8,78.3,127,243,29,,2.0,203,212,200,195,193,71,244,173,87,54,244,84,171,Second Pair,83.0,1568.7,1.0,11.0,12.0,3.0633934575042203,48.45360824742268,47.469680114016406,8478443,D,77.0,227.0,1996-11-26,USA,2015.0,2.0,37.0,R,27,"[68, 32, 76, 34, 47]","[19, 0, 9, 0, 2]","[70, 71, 94, 79, 88]","['BOS', 'BOS', 'BOS', 'BOS', 'TOR']"
2024-2025,Brandon Montour,SEA,D,50.4,85.7,3.3,78.6,,81.1,94.7,98.8,27.9,36.9,34.4,18.0,14.8,61.9,72.5,122,36,237,19.0,,47,14,4,177,140,161,201,209,94,68,244,84,171,First Pair,81.0,1861.0666666666664,18.0,23.0,41.0,14.721557505547905,44.44444444444444,46.6665513439811,8477986,D,72.0,199.0,1994-04-11,CAN,2014.0,2.0,55.0,R,30,"[2, 38, 59, 80, 23]","[48, 82, 90, 84, 85]","[2, 14, 3, 20, 2]","['FLA', 'FLA', 'FLA', 'FLA', 'SEA']"
2024-2025,Brandt Clarke,LAK,D,50.0,83.6,29.1,53.6,,3.7,42.6,88.9,97.1,18.4,22.1,61.9,44.7,84.4,21.3,123,41,174,40.0,,236,141,28,8,183,191,94,136,39,193,244,84,171,Third Pair,78.0,1269.7666666666669,5.0,28.0,33.0,6.561251958281717,57.99999999999999,53.808984465017275,8482730,D,74.0,200.0,2003-02-09,CAN,2021.0,1.0,8.0,R,21,"[None, None, None, None, 47]","[None, None, None, None, 82]","[None, None, None, None, 29]","[None, None, None, None, 'LAK']"
2024-2025,Brayden McNabb,VGK,D,82.4,74.2,97.1,,49.7,32.8,37.3,47.1,48.8,8.6,67.2,20.1,13.9,61.1,44.7,44,64,8,,87.0,165,154,130,126,207,81,196,211,96,136,244,84,171,Second Pair,82.0,1649.25,5.0,15.0,20.0,4.141105070578398,61.261261261261254,54.658901614536845,8475188,D,76.0,215.0,1991-01-21,CAN,2009.0,3.0,66.0,L,33,"[74, 55, 79, 80, 84]","[76, 63, 50, 72, 77]","[71, 77, 94, 87, 98]","['VGK', 'VGK', 'VGK', 'VGK', 'VGK']"
2024-2025,Brayden Pachal,CGY,D,11.1,18.9,23.4,,55.6,54.5,51.2,54.5,22.5,18.0,94.7,72.1,67.2,25.8,8.2,218,199,188,,77.0,112,120,112,190,184,14,69,81,182,225,244,84,171,Third Pair,76.0,1082.25,3.0,9.0,12.0,2.408372431078856,53.84615384615385,47.943793206112254,8481167,D,74.0,202.0,1999-08-23,CAN,,,,R,25,"[None, None, None, 11, 14]","[None, None, None, 15, 24]","[None, None, None, 30, 23]","[None, None, None, 'CGY', 'CGY']"
2024-2025,Brendan Smith,DAL,D,54.5,47.5,32.8,,88.3,26.6,28.3,92.6,34.8,75.4,84.4,86.5,87.3,53.3,16.4,112,129,165,,21.0,180,176,19,160,58,39,34,32,115,205,244,84,171,Third Pair,32.0,422.68333333333334,1.0,5.0,6.0,1.8280479096944615,35.13513513513514,46.100720574969706,8474090,D,74.0,200.0,1989-02-08,CAN,2007.0,1.0,27.0,L,35,"[68, 31, 37, 51, 60]","[19, 52, 59, 25, 57]","[33, 24, 42, 43, 29]","['NYR', 'CAR', 'NJD', 'NJD', 'DAL']"
2024-2025,Brenden Dillon,NJD,D,45.9,36.9,89.8,,12.9,88.1,57.8,9.0,14.3,2.5,93.4,25.0,27.5,60.7,34.4,133,155,26,,150.0,30,104,223,210,222,17,184,178,97,161,244,84,171,Second Pair,82.0,1523.2,2.0,14.0,16.0,2.612759586499508,49.122807017543856,51.01030781597596,8475455,D,76.0,225.0,1990-11-13,CAN,,,,L,33,"[78, 35, 85, 71, 17]","[56, 78, 51, 64, 17]","[95, 35, 100, 89, 85]","['WSH', 'WPG', 'WPG', 'WPG', 'NJD']"
2024-2025,Brent Burns,CAR,D,86.5,91.0,44.7,82.1,87.1,94.7,83.2,72.1,66.4,27.9,0.4,38.5,19.7,99.2,84.4,34,23,136,16.0,23.0,14,42,69,83,160,244,151,197,3,39,244,84,171,Second Pair,82.0,1718.3666666666668,6.0,23.0,29.0,6.471351267671728,50.413223140495866,54.898714337787226,8470613,D,77.0,228.0,1985-03-09,CAN,2003.0,1.0,20.0,R,39,"[34, 17, 91, 88, 79]","[97, 58, 96, 89, 90]","[7, 21, 58, 50, 36]","['SJS', 'SJS', 'CAR', 'CAR', 'CAR']"
2024-2025,Brett Kulak,EDM,D,81.6,57.8,91.8,,78.9,75.0,61.5,61.1,24.2,38.1,23.0,23.8,15.6,93.0,20.5,46,104,21,,37.0,62,95,96,186,137,189,187,207,18,195,244,84,171,Second Pair,82.0,1683.8666666666666,7.0,18.0,25.0,6.3731352865339534,43.80165289256198,54.96107705989929,8476967,D,73.0,192.0,1994-01-06,CAN,2012.0,4.0,105.0,L,30,"[51, 83, 32, 66, 90]","[50, 56, 17, 49, 65]","[77, 89, 68, 85, 94]","['MTL', 'EDM', 'EDM', 'EDM', 'EDM']"
2024-2025,Brett Pesce,NJD,D,88.1,83.2,76.6,,96.5,2.0,9.4,55.7,45.5,86.9,7.4,32.8,20.5,84.0,59.8,30,42,58,,7.0,240,222,109,134,33,227,165,195,40,99,244,84,171,Second Pair,72.0,1535.0166666666669,3.0,14.0,17.0,4.386392909451086,46.236559139784944,53.53021570669109,8477488,D,75.0,206.0,1994-11-15,USA,2013.0,3.0,66.0,R,29,"[99, 86, 87, 83, 89]","[98, 90, 87, 87, 79]","[78, 47, 67, 53, 84]","['CAR', 'CAR', 'CAR', 'CAR', 'NJD']"
2024-2025,Brian Dumoulin,NJD,D,75.0,13.1,85.2,,74.3,21.7,29.1,38.5,62.7,97.5,43.4,25.4,21.3,16.4,48.8,62,213,37,,45.0,192,174,151,92,7,139,183,193,205,126,244,84,171,Second Pair,80.0,1563.5,3.0,19.0,22.0,3.9974315403872054,46.0,42.45218281811289,8475208,D,76.0,215.0,1991-09-06,USA,2009.0,2.0,51.0,L,32,"[87, 57, 70, 84, 70]","[61, 31, 13, 35, 9]","[68, 64, 77, 92, 78]","['PIT', 'PIT', 'PIT', 'SEA', 'NJD']"
2024-2025,Brock Faber,MIN,D,18.0,24.2,21.3,54.8,7.6,82.8,69.7,63.5,34.4,66.0,9.8,7.4,1.6,61.5,87.3,201,186,193,39.0,159.0,43,75,90,161,76,221,227,241,95,32,244,84,171,First Pair,78.0,1990.95,10.0,19.0,29.0,6.066738026865263,48.97959183673469,46.95864284629326,8482122,D,73.0,200.0,2002-08-22,USA,2020.0,2.0,45.0,R,22,"[None, None, None, 18, 24]","[None, None, None, 29, 20]","[None, None, None, 40, 13]","[None, None, None, 'MIN', 'MIN']"
2024-2025,Cale Makar,COL,D,98.8,88.1,91.4,89.3,4.1,99.2,99.6,100.0,98.4,100.0,3.7,54.5,17.6,98.8,93.0,4,30,22,10.0,165.0,3,2,1,5,1,236,112,202,4,18,244,84,171,First Pair,80.0,2057.3,30.0,62.0,92.0,21.15503855708769,58.87096774193549,55.92850423520987,8480069,D,72.0,187.0,1998-10-30,CAN,2017.0,1.0,4.0,R,25,"[95, 99, 96, 97, 98]","[85, 91, 85, 74, 90]","[74, 95, 87, 92, 89]","['COL', 'COL', 'COL', 'COL', 'COL']"
2024-2025,Calvin de Haan,NYR,D,59.0,50.8,77.5,,41.5,17.6,9.8,39.8,52.9,37.3,72.1,51.6,73.4,62.7,4.1,101,121,56,,101.0,202,221,148,116,139,69,119,66,92,235,244,84,171,Third Pair,47.0,703.7666666666667,0.0,8.0,8.0,1.8518890585174903,42.592592592592595,51.90244894223548,8475177,D,73.0,192.0,1991-05-09,CAN,2009.0,1.0,12.0,L,33,"[86, 65, 57, 69, 53]","[77, 21, 56, 59, 43]","[89, 89, 73, 82, 73]","['CHI', 'CHI', 'CAR', 'TBL', 'NYR']"
2024-2025,Cam Fowler,STL,D,25.0,76.6,36.9,7.1,0.6,76.2,56.6,43.9,85.2,47.5,1.6,25.8,22.1,9.8,80.7,184,58,155,79.0,171.0,59,107,138,37,116,241,182,191,221,48,244,84,171,Second Pair,68.0,1464.9333333333334,9.0,31.0,40.0,5.035197343622456,56.36363636363636,50.48853433849831,8475764,D,74.0,213.0,1991-12-05,CAN,2010.0,1.0,12.0,L,32,"[40, 72, 14, 5, 62]","[82, 89, 73, 62, 80]","[25, 59, 7, 29, 59]","['ANA', 'ANA', 'ANA', 'ANA', 'STL']"
2024-2025,Cam York,PHI,D,67.2,68.0,68.0,,73.1,38.9,65.6,80.7,21.7,53.7,47.5,23.0,28.7,76.6,63.9,81,79,79,,47.0,150,85,48,192,104,129,189,175,58,89,244,84,171,Second Pair,67.0,1371.6833333333334,4.0,13.0,17.0,4.880757792851346,43.689320388349515,54.96700561371668,8481546,D,72.0,194.0,2001-01-05,USA,2019.0,1.0,14.0,L,23,"[None, 60, 72, 61, 66]","[None, 50, 65, 48, 72]","[None, 42, 54, 73, 70]","[None, 'PHI', 'PHI', 'PHI', 'PHI']"
2024-2025,Carson Soucy,NYR,D,29.5,9.0,75.8,,39.2,65.2,44.7,40.6,12.3,23.0,72.5,48.0,63.1,59.4,56.6,173,223,60,,105.0,86,136,146,215,172,68,128,91,100,107,244,84,171,Third Pair,75.0,1343.6333333333334,4.0,9.0,13.0,3.1081900014769936,46.34146341463415,44.88462137192385,8477369,D,76.0,211.0,1994-07-27,CAN,2013.0,5.0,137.0,L,30,"[7, 25, 27, 74, 10]","[6, 27, 28, 19, 5]","[69, 74, 73, 78, 71]","['MIN', 'SEA', 'SEA', 'VAN', 'NYR']"
2024-2025,Charlie McAvoy,BOS,D,88.9,89.3,84.8,3.6,86.5,79.1,86.5,87.3,66.8,45.1,80.7,69.3,53.3,54.9,92.2,28,27,38,82.0,24.0,52,34,32,82,121,48,76,115,111,20,244,84,171,First Pair,50.0,1183.5166666666669,7.0,16.0,23.0,6.12402680520871,52.307692307692314,51.32849426956777,8479325,D,73.0,211.0,1997-12-21,USA,2016.0,1.0,14.0,R,26,"[94, 98, 85, 96, 75]","[95, 99, 87, 94, 82]","[94, 99, 80, 94, 74]","['BOS', 'BOS', 'BOS', 'BOS', 'BOS']"
2024-2025,Chris Tanev,TOR,D,96.7,56.1,100.0,,88.9,53.7,15.2,1.6,32.4,73.8,31.6,2.9,36.1,81.6,92.6,9,108,1,,20.0,114,208,241,166,62,168,238,157,46,19,244,84,171,Second Pair,75.0,1481.2,3.0,15.0,18.0,1.6845777371140114,61.53846153846154,53.13630347236057,8475690,D,75.0,200.0,1989-12-20,CAN,,,,R,34,"[98, 90, 97, 92, 96]","[4, 5, 81, 47, 50]","[100, 97, 99, 99, 100]","['CGY', 'CGY', 'CGY', 'DAL', 'TOR']"
2024-2025,Cody Ceci,DAL,D,3.3,42.2,0.8,,17.0,66.0,35.7,26.2,35.2,64.8,44.3,6.1,11.5,72.1,75.0,237,142,243,,143.0,84,158,181,159,79,137,230,217,69,62,244,84,171,Second Pair,85.0,1803.0,4.0,20.0,24.0,3.241905092885218,49.6551724137931,40.64394031653491,8476879,D,75.0,210.0,1993-12-21,CAN,2012.0,1.0,15.0,R,30,"[36, 65, 15, 32, 1]","[33, 68, 23, 69, 25]","[11, 72, 37, 8, 0]","['PIT', 'EDM', 'EDM', 'EDM', 'DAL']"
2024-2025,Colin Miller,WPG,D,64.3,32.0,73.4,,,77.9,78.3,49.2,56.6,63.5,85.2,77.5,70.9,62.3,27.9,88,167,66,,,55,54,125,107,82,37,56,72,93,177,244,84,171,Third Pair,60.0,871.0833333333334,4.0,11.0,15.0,2.666608766844502,60.86956521739131,55.24455867375598,8476525,D,73.0,200.0,1992-10-29,CAN,2012.0,5.0,151.0,R,31,"[80, 44, 54, 46, 72]","[53, 26, 15, 32, 39]","[86, 67, 75, 53, 80]","['BUF', 'BUF', 'DAL', 'WPG', 'WPG']"
2024-2025,Colton Parayko,STL,D,70.1,4.5,92.6,,8.8,98.4,97.1,93.9,25.0,70.1,50.8,4.5,12.7,18.4,95.9,74,234,19,,157.0,5,8,16,184,70,121,234,214,200,11,244,84,171,First Pair,64.0,1520.1666666666663,16.0,20.0,36.0,8.975617198701128,54.46428571428571,50.32273668745057,8476892,D,78.0,228.0,1993-05-12,CAN,2012.0,3.0,86.0,R,31,"[66, 91, 32, 59, 75]","[30, 35, 3, 4, 8]","[82, 93, 88, 90, 92]","['STL', 'STL', 'STL', 'STL', 'STL']"
2024-2025,Connor Clifton,BUF,D,7.8,15.6,41.8,,82.5,8.6,24.2,66.4,75.8,4.1,98.0,20.9,50.4,22.5,23.4,226,207,143,,31.0,224,186,83,60,218,6,194,122,190,188,244,84,171,Third Pair,73.0,1171.55,1.0,15.0,16.0,3.2171674162609865,43.82022471910113,44.803897384485595,8477365,D,72.0,196.0,1995-04-28,USA,2013.0,5.0,133.0,R,29,"[12, 70, 30, 2, 12]","[1, 9, 20, 7, 25]","[80, 86, 64, 60, 24]","['BOS', 'BOS', 'BOS', 'BUF', 'BUF']"
2024-2025,Connor Murphy,CHI,D,60.2,17.6,86.5,,21.6,9.8,10.7,31.1,19.3,60.2,83.6,17.2,46.7,0.8,77.5,98,202,34,,135.0,221,219,169,198,88,41,203,131,243,56,244,84,171,Second Pair,68.0,1401.8166666666666,2.0,17.0,19.0,3.860153745104504,45.744680851063826,44.69784293878955,8476473,D,76.0,212.0,1993-03-26,USA,2011.0,1.0,20.0,R,31,"[87, 36, 67, 60, 61]","[55, 5, 3, 32, 22]","[73, 90, 91, 72, 87]","['CHI', 'CHI', 'CHI', 'CHI', 'CHI']"
2024-2025,Conor Timmins,PIT,D,60.7,69.3,64.3,,52.6,55.3,58.2,29.5,84.4,35.7,68.9,91.0,86.1,39.3,9.4,97,76,88,,82.0,110,103,173,39,143,77,23,35,149,222,244,84,171,Third Pair,68.0,1150.7,3.0,12.0,15.0,3.040501989622597,55.55555555555556,51.19738818227131,8479982,D,75.0,213.0,1998-09-18,CAN,2017.0,2.0,32.0,R,25,"[55, None, 48, 48, 67]","[58, None, 38, 58, 75]","[52, None, 47, 55, 69]","['COL', None, 'TOR', 'TOR', 'PIT']"
2024-2025,Damon Severson,CBJ,D,89.3,98.8,67.6,,70.8,69.3,80.3,88.5,84.0,5.7,8.2,31.1,34.0,10.2,54.9,27,4,80,,51.0,76,49,29,40,214,225,169,162,220,111,244,84,171,Second Pair,70.0,1333.7666666666669,6.0,19.0,25.0,7.126143064462224,50.45045045045045,48.69225398827386,8476923,D,74.0,204.0,1994-08-07,CAN,2012.0,2.0,60.0,R,30,"[77, 40, 98, 86, 84]","[98, 95, 100, 97, 96]","[16, 30, 79, 70, 67]","['NJD', 'NJD', 'NJD', 'CBJ', 'CBJ']"
2024-2025,Daniil Miromanov,CGY,D,38.1,27.0,44.3,,,54.1,79.5,83.2,29.1,61.5,5.7,84.8,84.0,91.4,43.4,152,179,137,,,113,51,42,174,86,231,38,40,22,139,244,84,171,Third Pair,44.0,777.9,2.0,7.0,9.0,2.2027718604116853,50.0,45.77633300737698,8482624,D,76.0,207.0,1997-07-11,RUS,,,,R,27,"[None, None, None, 47, 30]","[None, None, None, 41, 18]","[None, None, None, 52, 39]","[None, None, None, 'CGY', 'CGY']"
2024-2025,Dante Fabbro,CBJ,D,73.4,79.9,70.1,,42.1,93.0,81.1,37.3,56.1,19.7,53.7,55.3,47.1,73.4,60.2,66,50,74,,100.0,18,47,154,108,180,114,110,130,66,98,244,84,171,Second Pair,68.0,1420.9,9.0,17.0,26.0,3.2384739738218253,55.65217391304348,52.65794147973261,8479371,D,72.0,200.0,1998-06-20,CAN,2016.0,1.0,17.0,R,26,"[22, 71, 35, 56, 84]","[7, 58, 57, 63, 86]","[66, 66, 71, 68, 72]","['NSH', 'NSH', 'NSH', 'NSH', 'CBJ']"
2024-2025,Darnell Nurse,EDM,D,66.4,92.2,66.8,9.5,12.3,1.6,61.9,94.7,88.9,6.6,66.4,16.8,7.0,93.4,29.1,83,20,82,77.0,151.0,241,94,14,28,212,83,204,228,17,174,244,84,171,First Pair,76.0,1700.1833333333334,5.0,28.0,33.0,8.47955765203956,52.94117647058824,55.13404785729827,8477498,D,76.0,215.0,1995-02-04,CAN,2013.0,1.0,7.0,L,29,"[45, 32, 38, 56, 74]","[92, 86, 92, 92, 91]","[6, 62, 53, 31, 81]","['EDM', 'EDM', 'EDM', 'EDM', 'EDM']"
2024-2025,Darren Raddysh,TBL,D,70.5,61.5,52.0,17.9,,63.9,60.7,53.7,90.2,95.5,34.0,57.4,35.7,91.8,34.0,73,95,118,70.0,,89,97,114,25,12,162,105,158,21,162,244,84,171,Third Pair,73.0,1262.8833333333334,6.0,31.0,37.0,5.550799942084953,58.69565217391305,52.35083205675326,8478178,D,73.0,202.0,1996-02-28,CAN,,,,R,28,"[None, None, None, 83, 54]","[None, None, None, 61, 59]","[None, None, None, 71, 32]","[None, None, None, 'TBL', 'TBL']"
2024-2025,David Savard,MTL,D,5.3,54.1,12.3,,1.8,66.8,38.5,10.7,73.8,28.3,28.3,36.5,55.7,18.0,46.3,232,113,215,,169.0,82,151,219,65,159,176,156,109,201,132,244,84,171,Third Pair,75.0,1244.2,1.0,14.0,15.0,2.1026838513604367,39.726027397260275,43.58496814482983,8475233,D,73.0,235.0,1990-10-22,CAN,2009.0,4.0,94.0,R,33,"[57, 23, 29, 14, 2]","[9, 60, 48, 74, 32]","[93, 24, 54, 10, 11]","['TBL', 'MTL', 'MTL', 'MTL', 'MTL']"
2024-2025,Declan Chisholm,MIN,D,64.8,44.3,69.3,63.1,,29.1,17.2,20.5,32.0,61.5,19.7,82.0,75.8,65.2,22.1,87,137,76,32.0,,174,203,195,167,86,197,45,60,86,191,244,84,171,Third Pair,66.0,1121.5166666666669,2.0,10.0,12.0,2.2213200636304777,45.83333333333333,52.76484851987382,8480990,D,73.0,205.0,2000-01-12,CAN,2018.0,5.0,150.0,L,24,"[None, None, None, 57, 68]","[None, None, None, 46, 41]","[None, None, None, 54, 79]","[None, None, None, 'MIN', 'MIN']"
2024-2025,Dennis Cholowski,NJD,D,33.6,39.3,41.4,26.2,,73.8,95.9,14.3,47.5,40.0,4.5,95.9,93.4,36.5,83.2,163,149,144,63.0,,65,11,210,129,133,234,11,17,156,42,244,84,171,Third Pair,39.0,509.75,3.0,7.0,10.0,1.1401753000476296,48.57142857142857,47.957159244590486,8479395,D,74.0,210.0,1998-02-15,CAN,2016.0,1.0,20.0,L,26,"[31, None, None, None, 35]","[46, None, None, None, 38]","[20, None, None, None, 40]","['DET', None, None, None, 'NJD']"
2024-2025,Dennis Gilbert,OTT,D,51.6,38.5,48.4,,,46.7,8.2,11.5,68.4,84.8,97.5,98.0,99.2,21.7,9.0,119,151,127,,,131,225,217,78,36,7,6,3,192,223,244,84,171,Fringe,29.0,303.85,0.0,6.0,6.0,0.4137916606845861,45.16129032258064,44.614230155143034,8478502,D,74.0,216.0,1996-10-30,USA,2015.0,3.0,91.0,L,27,"[None, None, None, 68, 40]","[None, None, None, 33, 40]","[None, None, None, 57, 41]","[None, None, None, 'CGY', 'OTT']"
2024-2025,Denton Mateychuk,CBJ,D,48.8,35.2,49.2,,37.4,78.3,90.2,44.3,86.1,67.2,55.7,65.2,75.0,6.6,38.1,126,159,125,,108.0,54,25,137,35,75,109,86,62,229,152,244,84,171,Second Pair,45.0,811.5833333333334,4.0,9.0,13.0,3.051483478487248,53.73134328358209,43.287118642829135,8483485,D,71.0,188.0,2004-07-12,CAN,2022.0,1.0,12.0,L,20,"[None, None, None, None, 45]","[None, None, None, None, 36]","[None, None, None, None, 43]","[None, None, None, None, 'CBJ']"
2024-2025,Derek Forbort,VAN,D,32.8,2.9,68.4,,84.8,52.0,23.8,14.8,27.5,58.2,73.8,50.0,77.0,44.7,15.2,165,238,78,,27.0,118,187,209,178,93,65,123,57,136,208,244,84,171,Third Pair,54.0,923.4833333333332,2.0,9.0,11.0,1.502123996440642,42.857142857142854,43.07954408430743,8475762,D,76.0,216.0,1992-03-04,USA,2010.0,1.0,15.0,L,32,"[13, 19, 25, 52, 27]","[1, 1, 6, 18, 1]","[73, 74, 50, 68, 76]","['WPG', 'BOS', 'BOS', 'BOS', 'VAN']"
2024-2025,Devon Toews,COL,D,98.4,87.7,98.8,19.0,91.8,91.0,88.1,89.8,88.1,89.3,5.3,34.0,2.5,98.0,91.8,5,31,4,69.0,15.0,23,30,26,30,27,232,162,239,6,21,244,84,171,First Pair,76.0,1868.8,10.0,34.0,44.0,7.920390657609886,56.55737704918032,54.76949900135843,8478038,D,73.0,191.0,1994-02-21,CAN,2014.0,4.0,108.0,L,30,"[99, 95, 99, 97, 97]","[89, 89, 97, 82, 85]","[98, 85, 96, 98, 98]","['COL', 'COL', 'COL', 'COL', 'COL']"
2024-2025,Dmitry Kulikov,FLA,D,15.2,36.1,43.4,,6.4,13.5,27.9,60.2,44.3,31.6,74.2,52.0,42.2,82.4,45.5,208,157,139,,161.0,212,177,98,137,153,64,118,142,44,134,244,84,171,Second Pair,70.0,1348.7833333333333,4.0,9.0,13.0,3.4125598060517657,53.57142857142857,53.339325489570456,8475179,D,73.0,212.0,1990-10-29,RUS,2009.0,1.0,14.0,L,33,"[37, 86, 5, 45, 10]","[75, 57, 34, 73, 16]","[90, 95, 24, 66, 34]","['EDM', 'MIN', 'PIT', 'FLA', 'FLA']"
2024-2025,Dmitry Orlov,CAR,D,95.1,88.9,89.3,,61.4,16.4,70.5,91.0,60.2,88.5,47.1,28.7,21.7,93.9,31.1,13,28,27,,67.0,205,73,23,98,29,130,175,192,16,169,244,84,171,Second Pair,76.0,1519.7333333333331,6.0,22.0,28.0,6.539092700244413,50.44247787610619,55.22223482382572,8475200,D,71.0,215.0,1991-07-23,RUS,2009.0,2.0,55.0,L,33,"[85, 93, 82, 96, 91]","[89, 90, 91, 88, 86]","[76, 94, 75, 94, 88]","['WSH', 'WSH', 'BOS', 'CAR', 'CAR']"
2024-2025,Dougie Hamilton,NJD,D,75.8,92.6,11.9,97.6,,41.8,76.6,98.0,88.5,21.7,31.1,88.1,77.9,85.2,23.0,60,19,216,3.0,,143,58,6,29,175,169,30,55,37,189,244,84,171,Second Pair,64.0,1270.7666666666669,9.0,31.0,40.0,11.36938345846527,56.25,52.316045692589306,8476462,D,78.0,230.0,1993-06-17,CAN,2011.0,1.0,9.0,R,31,"[96, 54, 95, 56, 78]","[100, 95, 98, 82, 93]","[36, 12, 23, 28, 6]","['CAR', 'NJD', 'NJD', 'NJD', 'NJD']"
2024-2025,Drew Doughty,LAK,D,69.3,59.8,79.5,44.0,57.9,76.6,60.2,17.6,52.5,34.8,30.7,76.2,69.7,94.3,68.4,76,99,51,48.0,73.0,58,98,202,117,145,170,59,75,15,78,244,84,171,First Pair,30.0,724.1,4.0,13.0,17.0,3.6062608817887094,60.97560975609756,52.8276891330163,8474563,D,73.0,210.0,1989-12-08,CAN,2008.0,1.0,2.0,R,34,"[63, 69, 91, 87, 36]","[74, 65, 41, 77, 48]","[75, 70, 88, 94, 57]","['LAK', 'LAK', 'LAK', 'LAK', 'LAK']"
2024-2025,Drew Helleson,ANA,D,2.9,7.8,9.4,,38.6,86.1,82.0,35.7,72.5,16.0,86.9,61.1,67.6,2.9,60.7,238,226,222,,106.0,35,45,158,68,189,33,96,80,238,97,244,84,171,Third Pair,56.0,915.6666666666666,4.0,9.0,13.0,2.240621187077963,52.94117647058824,38.424877729534565,8481563,D,75.0,208.0,2001-03-26,USA,2019.0,2.0,47.0,R,23,"[None, None, None, None, 4]","[None, None, None, None, 9]","[None, None, None, None, 9]","[None, None, None, None, 'ANA']"
2024-2025,Dylan DeMelo,WPG,D,90.6,75.8,98.4,,30.4,35.2,22.5,16.8,71.3,34.4,75.0,28.3,6.1,88.5,56.1,24,60,5,,120.0,159,190,204,71,146,62,176,230,29,108,244,84,171,Second Pair,82.0,1765.65,3.0,16.0,19.0,3.0983647274500217,58.333333333333336,54.45813318715892,8476331,D,73.0,194.0,1993-05-01,CAN,2011.0,6.0,179.0,R,31,"[66, 90, 80, 93, 87]","[70, 87, 31, 91, 67]","[79, 93, 97, 96, 98]","['WPG', 'WPG', 'WPG', 'WPG', 'WPG']"
2024-2025,Dylan Samberg,WPG,D,80.7,65.2,90.2,,78.4,80.3,53.3,22.1,73.0,31.1,46.7,34.4,52.5,55.3,43.0,48,86,25,,38.0,49,115,191,67,154,131,161,117,110,140,244,84,171,Second Pair,60.0,1268.25,6.0,14.0,20.0,3.210857914746045,61.29032258064516,53.921964539467695,8480049,D,76.0,216.0,1999-01-24,USA,2017.0,2.0,43.0,L,25,"[None, None, 73, 58, 88]","[None, None, 61, 42, 71]","[None, None, 73, 86, 91]","[None, None, 'WPG', 'WPG', 'WPG']"
2024-2025,Egor Zamula,PHI,D,49.2,13.9,71.3,,,72.5,41.8,4.1,37.7,45.7,16.8,60.2,57.8,59.8,26.6,125,211,71,,,68,143,235,153,120,204,98,104,99,180,244,84,171,Third Pair,63.0,1040.9166666666667,3.0,12.0,15.0,1.2182340697989256,43.52941176470589,53.89001961272015,8481178,D,75.0,200.0,2000-03-30,RUS,,,,L,24,"[None, None, None, 20, 66]","[None, None, None, 7, 22]","[None, None, None, 68, 77]","[None, None, None, 'PHI', 'PHI']"
2024-2025,Elias Pettersson,VAN,D,59.4,52.5,29.9,,,42.6,47.5,77.5,11.9,96.7,87.7,99.6,97.5,42.2,3.3,100,117,172,,,141,129,56,216,9,31,2,7,142,237,244,84,171,Fringe,28.0,359.01666666666665,1.0,2.0,3.0,1.3385038333263135,38.46153846153847,49.32214999875825,8483678,D,74.0,185.0,2004-02-16,SWE,2022.0,3.0,80.0,L,20,"[None, None, None, None, 59]","[None, None, None, None, 52]","[None, None, None, None, 30]","[None, None, None, None, 'VAN']"
2024-2025,Emil Andrae,PHI,D,51.2,64.3,57.0,33.3,,16.8,16.0,68.0,23.8,37.7,62.7,83.2,75.4,70.9,29.9,120,88,106,57.0,,204,206,79,187,138,92,42,61,72,172,244,84,171,Third Pair,42.0,728.4833333333333,1.0,6.0,7.0,2.4920764353695293,47.27272727272727,55.77544101615347,8482126,D,69.0,189.0,2002-02-23,SWE,2020.0,2.0,54.0,L,22,"[None, None, None, None, 49]","[None, None, None, None, 62]","[None, None, None, None, 54]","[None, None, None, None, 'PHI']"
2024-2025,Emil Lilleberg,TBL,D,8.6,10.7,54.1,,54.4,11.5,2.5,25.0,66.0,7.4,95.9,67.2,68.4,54.1,2.9,224,219,113,,79.0,217,239,184,84,210,11,81,78,113,238,244,84,171,Third Pair,76.0,1161.4166666666667,1.0,18.0,19.0,2.812336377989171,46.34146341463415,48.92170862739162,8482929,D,75.0,215.0,2001-02-02,NOR,2021.0,4.0,107.0,L,23,"[None, None, None, 28, 5]","[None, None, None, 24, 7]","[None, None, None, 47, 60]","[None, None, None, 'TBL', 'TBL']"
2024-2025,Erik Brannstrom,VAN,D,58.6,66.4,59.8,,,37.3,87.3,62.7,76.2,52.9,30.3,95.5,86.9,32.0,8.6,102,83,99,,,154,32,92,59,106,171,12,33,167,224,244,84,171,Third Pair,28.0,418.2,3.0,5.0,8.0,1.3451447687854214,45.16129032258064,49.52642913034444,8480073,D,70.0,185.0,1999-09-02,SWE,2017.0,1.0,15.0,L,24,"[40, 10, 75, 58, 57]","[37, 27, 84, 68, 57]","[29, 19, 61, 76, 46]","['OTT', 'OTT', 'OTT', 'OTT', 'VAN']"
2024-2025,Erik Cernak,TBL,D,58.2,14.3,84.0,,97.7,27.5,18.9,12.7,43.0,20.5,88.9,11.5,42.6,95.1,96.3,103,210,40,,5.0,178,199,214,140,178,28,217,141,13,10,244,84,171,Second Pair,76.0,1387.8,3.0,18.0,21.0,3.21864448418039,57.47126436781609,51.81456240097714,8478416,D,76.0,230.0,1997-05-28,SVK,2015.0,2.0,43.0,R,27,"[72, 77, 79, 47, 61]","[40, 69, 69, 14, 11]","[87, 73, 81, 78, 86]","['TBL', 'TBL', 'TBL', 'TBL', 'TBL']"
2024-2025,Erik Gustafsson,DET,D,62.7,75.4,53.7,23.8,,48.0,47.1,67.6,80.7,42.2,36.1,68.4,55.3,25.0,14.8,92,61,114,65.0,,128,130,80,48,128,157,78,110,184,209,244,84,171,Third Pair,60.0,978.8666666666668,2.0,16.0,18.0,3.946804518514028,38.80597014925373,49.27700730967542,8476979,D,72.0,190.0,1992-03-14,SWE,2012.0,4.0,93.0,L,32,"[48, 31, 74, 74, 50]","[37, 52, 72, 85, 68]","[23, 18, 51, 65, 45]","['MTL', 'CHI', 'TOR', 'NYR', 'DET']"
2024-2025,Erik Johnson,COL,D,29.1,53.7,19.7,,19.3,59.4,61.1,34.0,1.2,60.7,90.6,83.6,82.4,47.5,7.4,174,114,197,,139.0,100,96,162,242,87,24,41,44,129,227,244,84,171,Third Pair,36.0,525.1666666666666,2.0,3.0,5.0,1.5190324138087667,51.72413793103448,52.277419141524625,8473446,D,76.0,225.0,1988-03-21,USA,2006.0,1.0,1.0,R,36,"[None, 61, 17, 38, 35]","[None, 76, 57, 50, 51]","[None, 52, 22, 14, 24]","[None, 'COL', 'COL', 'PHI', 'COL']"
2024-2025,Erik Karlsson,PIT,D,81.1,100.0,0.4,94.0,38.0,93.9,86.9,85.7,91.0,42.6,6.1,18.9,0.8,86.1,69.7,47,1,244,6.0,107.0,16,33,36,23,127,230,199,243,35,75,244,84,171,First Pair,82.0,1905.3333333333333,11.0,42.0,53.0,9.235317601063638,48.42767295597484,49.231733762852656,8474578,D,72.0,185.0,1990-05-31,SWE,2008.0,1.0,15.0,R,34,"[56, 74, 93, 91, 65]","[95, 96, 99, 100, 98]","[1, 3, 1, 0, 0]","['SJS', 'SJS', 'SJS', 'PIT', 'PIT']"
2024-2025,Esa Lindell,DAL,D,92.2,63.9,93.0,,95.9,13.1,39.3,66.0,61.1,88.9,42.6,0.8,18.4,50.0,52.5,20,89,18,,8.0,213,149,84,96,28,141,243,200,123,117,244,84,171,First Pair,80.0,1774.45,5.0,21.0,26.0,7.06449665344836,59.45945945945946,50.53890117950564,8476902,D,75.0,217.0,1994-05-23,FIN,2012.0,3.0,74.0,L,30,"[10, 59, 73, 92, 91]","[0, 1, 39, 78, 57]","[87, 81, 78, 93, 93]","['DAL', 'DAL', 'DAL', 'DAL', 'DAL']"
2024-2025,Ethan Del Mastro,CHI,D,53.7,43.9,43.9,,,57.8,80.7,17.2,8.2,85.7,77.9,91.8,95.5,4.5,75.4,114,138,138,,,104,48,203,225,35,55,21,12,234,61,244,84,171,Second Pair,24.0,439.4166666666667,2.0,4.0,6.0,0.8902332016264738,43.333333333333336,44.8251731718618,8482807,D,76.0,210.0,2003-01-15,CAN,2021.0,4.0,105.0,L,21,"[None, None, None, None, 50]","[None, None, None, None, 46]","[None, None, None, None, 41]","[None, None, None, None, 'CHI']"
2024-2025,Evan Bouchard,EDM,D,97.5,98.4,74.6,88.1,,89.3,91.8,97.5,75.4,82.0,15.6,33.6,2.9,100.0,71.3,7,5,63,11.0,,27,21,7,61,43,207,163,238,1,71,244,84,171,First Pair,82.0,1923.5833333333333,14.0,53.0,67.0,14.557987782191235,51.82481751824818,58.027897557519346,8480803,D,75.0,192.0,1999-10-20,CAN,2018.0,1.0,10.0,R,24,"[48, 76, 92, 98, 97]","[39, 88, 94, 99, 95]","[40, 31, 61, 80, 73]","['EDM', 'EDM', 'EDM', 'EDM', 'EDM']"
2024-2025,Filip Hronek,VAN,D,40.2,74.6,35.7,56.0,52.0,36.5,59.0,50.8,85.7,11.9,41.0,42.2,33.6,78.7,54.5,147,63,158,38.0,83.0,156,101,121,36,199,145,142,163,53,112,244,84,171,First Pair,61.0,1457.55,5.0,28.0,33.0,5.292624699257731,52.88461538461539,52.96364009557245,8479425,D,72.0,190.0,1997-11-02,CZE,2016.0,2.0,53.0,R,26,"[12, 47, 70, 12, 55]","[23, 41, 27, 73, 80]","[12, 29, 70, 10, 55]","['DET', 'DET', 'VAN', 'VAN', 'VAN']"
2024-2025,Gustav Forsling,FLA,D,72.1,77.5,25.0,,60.2,95.5,87.7,84.0,89.3,83.6,28.7,22.5,9.0,97.5,95.5,69,56,184,,69.0,12,31,40,27,39,175,190,223,7,12,244,84,171,First Pair,80.0,1835.8166666666664,11.0,20.0,31.0,8.252872835626759,57.89473684210527,54.580647830728346,8478055,D,73.0,199.0,1996-06-12,SWE,2014.0,5.0,126.0,L,28,"[73, 78, 24, 89, 63]","[81, 84, 70, 86, 73]","[20, 39, 8, 60, 20]","['FLA', 'FLA', 'FLA', 'FLA', 'FLA']"
2024-2025,Hampus Lindholm,BOS,D,79.1,78.3,81.1,22.6,56.1,28.3,98.8,75.0,57.8,44.3,29.1,97.1,97.1,57.0,93.4,52,54,47,66.0,76.0,176,4,62,104,123,174,8,8,106,17,244,84,171,Second Pair,17.0,354.55,3.0,4.0,7.0,1.6719282139957632,61.111111111111114,56.132808151130334,8476854,D,76.0,217.0,1994-01-20,SWE,2012.0,1.0,6.0,L,30,"[62, 79, 94, 84, 68]","[74, 78, 90, 89, 61]","[68, 79, 90, 95, 57]","['ANA', 'BOS', 'BOS', 'BOS', 'BOS']"
2024-2025,Haydn Fleury,WPG,D,31.1,14.8,48.8,,50.3,24.2,5.7,38.9,64.8,73.0,79.1,81.6,95.1,57.8,24.6,169,209,126,,86.0,186,231,150,87,64,52,46,13,104,185,244,84,171,Third Pair,39.0,621.1833333333333,0.0,7.0,7.0,1.2924927090789757,37.142857142857146,46.22231021575565,8477938,D,76.0,207.0,1996-07-08,CAN,2014.0,1.0,7.0,L,28,"[34, 36, 63, 37, 25]","[14, 12, 33, 20, 13]","[42, 59, 52, 48, 43]","['ANA', 'SEA', 'TBL', 'TBL', 'WPG']"
2024-2025,Henri Jokiharju,BOS,D,13.9,30.7,15.2,,17.5,67.2,36.1,11.9,28.7,40.6,36.9,48.4,48.0,43.0,57.8,211,170,208,,142.0,81,157,216,175,132,155,127,128,140,104,244,84,171,Third Pair,60.0,1069.55,3.0,7.0,10.0,2.0317329410229577,56.09756097560976,48.290581356975075,8480035,D,72.0,205.0,1999-06-17,FIN,2017.0,1.0,29.0,R,25,"[68, 5, 17, 6, 26]","[58, 42, 53, 13, 40]","[52, 4, 15, 4, 29]","['BUF', 'BUF', 'BUF', 'BUF', 'BOS']"
2024-2025,Henry Thrun,SJS,D,12.3,18.4,13.1,,26.9,53.3,19.7,5.7,15.2,51.2,25.4,56.6,59.4,0.4,90.6,215,200,213,,126.0,115,197,231,208,110,183,107,100,244,24,244,84,171,Third Pair,60.0,1050.8166666666666,2.0,10.0,12.0,1.6812993962023401,36.144578313253014,38.3291859031013,8481567,D,74.0,211.0,2001-03-12,USA,2019.0,4.0,101.0,L,23,"[None, None, None, 30, 7]","[None, None, None, 27, 15]","[None, None, None, 19, 9]","[None, None, None, 'SJS', 'SJS']"
2024-2025,Ian Cole,UTA,D,85.2,88.5,96.7,,94.7,6.1,11.1,27.9,34.0,1.6,58.2,15.2,23.0,63.5,30.7,37,29,9,,10.0,230,218,177,162,224,103,208,189,90,170,244,84,171,Second Pair,82.0,1663.1333333333334,1.0,16.0,17.0,5.1592544229030795,47.66355140186916,52.137643149028925,8474013,D,73.0,237.0,1989-02-21,USA,2007.0,1.0,18.0,L,35,"[33, 73, 94, 94, 72]","[68, 90, 80, 84, 88]","[89, 90, 99, 98, 89]","['MIN', 'CAR', 'TBL', 'VAN', 'UTA']"
2024-2025,Ilya Lyubushkin,DAL,D,6.6,7.4,69.7,,2.9,11.9,3.3,20.1,29.9,15.2,81.6,22.1,45.1,40.2,64.8,229,227,75,,167.0,216,237,196,172,191,46,191,135,147,87,244,84,171,Third Pair,80.0,1390.95,1.0,13.0,14.0,2.764591971593867,50.54945054945055,49.58476020248913,8480950,D,74.0,206.0,1994-04-06,RUS,,,,R,30,"[58, 13, 8, 6, 11]","[18, 2, 15, 6, 12]","[71, 97, 27, 77, 75]","['ARI', 'TOR', 'BUF', 'TOR', 'DAL']"
2024-2025,Isaiah George,NYI,D,32.0,27.9,36.1,,,68.0,73.0,2.5,3.3,57.0,54.9,90.6,90.2,33.2,74.2,167,177,157,,,79,67,239,237,96,111,24,25,164,64,244,84,171,Third Pair,33.0,516.3333333333334,2.0,4.0,6.0,0.8162149296209502,48.78048780487805,46.76031130071509,8483448,D,73.0,203.0,2004-02-15,CAN,2022.0,4.0,98.0,L,20,"[None, None, None, None, 34]","[None, None, None, None, 29]","[None, None, None, None, 34]","[None, None, None, None, 'NYI']"
2024-2025,Ivan Provorov,CBJ,D,11.5,11.1,8.6,4.8,11.1,78.7,62.3,41.4,38.1,94.3,18.0,7.0,4.1,18.9,64.3,217,218,224,81.0,153.0,53,93,144,152,15,201,228,235,199,88,244,84,171,First Pair,82.0,1915.0166666666669,7.0,26.0,33.0,5.541795732255107,52.55474452554745,46.06278257398074,8478500,D,73.0,224.0,1997-01-13,RUS,2015.0,1.0,7.0,L,27,"[13, 40, 6, 9, 20]","[8, 53, 1, 30, 14]","[54, 56, 29, 3, 13]","['PHI', 'PHI', 'PHI', 'CBJ', 'CBJ']"
2024-2025,J.J. Moser,TBL,D,10.7,40.6,31.1,,3.5,39.8,30.3,45.5,50.8,27.5,45.1,36.1,52.0,71.3,87.7,219,146,169,,166.0,148,171,134,121,161,135,157,118,71,31,244,84,171,Second Pair,54.0,1018.05,2.0,12.0,14.0,2.58939651688528,55.84415584415584,51.907532088248175,8482655,D,74.0,183.0,2000-06-06,CHE,2021.0,2.0,60.0,L,24,"[None, 21, 7, 21, 9]","[None, 22, 19, 56, 35]","[None, 16, 20, 21, 51]","[None, 'ARI', 'ARI', 'ARI', 'TBL']"
2024-2025,Jaccob Slavin,CAR,D,100.0,97.1,95.9,,100.0,43.9,64.3,74.6,54.9,97.1,7.0,32.0,11.1,96.3,86.1,1,8,11,,1.0,138,88,63,111,8,228,167,218,10,35,244,84,171,Second Pair,80.0,1725.8166666666666,6.0,21.0,27.0,6.8751403925809536,50.0,55.72024520782553,8476958,D,75.0,207.0,1994-05-01,USA,2012.0,4.0,120.0,L,30,"[95, 100, 99, 99, 100]","[96, 98, 97, 98, 93]","[65, 98, 92, 97, 93]","['CAR', 'CAR', 'CAR', 'CAR', 'CAR']"
2024-2025,Jack Johnson,CBJ,D,6.1,5.7,9.0,,27.5,28.7,7.8,23.8,50.4,76.2,32.0,71.7,76.2,14.8,9.8,230,231,223,,125.0,175,226,187,122,56,167,70,59,209,221,244,84,171,Fringe,41.0,527.8,0.0,6.0,6.0,0.881796929075514,36.53846153846153,42.444169548186416,8471677,D,74.0,225.0,1987-01-13,USA,2005.0,1.0,3.0,L,37,"[19, 2, 1, 8, 15]","[13, 3, 0, 4, 14]","[34, 13, 6, 14, 12]","['NYR', 'COL', 'COL', 'COL', 'CBJ']"
2024-2025,Jack St. Ivany,PIT,D,43.4,41.0,41.0,,44.4,44.3,0.8,4.5,0.8,67.2,80.3,98.8,100.0,48.0,40.6,139,145,145,,96.0,137,242,234,243,75,49,4,1,128,146,244,84,171,Third Pair,19.0,310.98333333333335,0.0,1.0,1.0,0.3970729620185082,41.17647058823529,45.324490007891264,8481030,D,76.0,197.0,1999-07-22,USA,2018.0,4.0,112.0,R,25,"[None, None, None, None, 42]","[None, None, None, None, 41]","[None, None, None, None, 40]","[None, None, None, None, 'PIT']"
2024-2025,Jack Thompson,SJS,D,46.3,52.0,42.6,25.0,,84.0,100.0,52.0,31.1,49.4,21.7,97.5,94.7,3.7,21.7,132,118,141,64.0,,40,1,118,169,113,192,7,14,236,192,244,84,171,Third Pair,31.0,489.5,4.0,6.0,10.0,1.3842510709400488,39.39393939393939,47.45033787795474,8482144,D,73.0,189.0,2002-03-19,CAN,2020.0,3.0,93.0,R,22,"[None, None, None, None, 44]","[None, None, None, None, 52]","[None, None, None, None, 41]","[None, None, None, None, 'SJS']"
2024-2025,Jackson LaCombe,ANA,D,66.8,75.0,47.5,32.1,58.5,86.9,88.5,91.4,75.0,50.4,32.8,27.9,37.3,13.1,82.0,82,62,129,58.0,72.0,33,29,22,62,112,165,177,154,213,45,244,84,171,First Pair,75.0,1672.55,14.0,29.0,43.0,10.393992472066188,51.0,48.69969098737363,8481605,D,74.0,208.0,2001-01-09,USA,2019.0,2.0,39.0,L,23,"[None, None, None, 26, 81]","[None, None, None, 23, 86]","[None, None, None, 41, 52]","[None, None, None, 'ANA', 'ANA']"
2024-2025,Jacob Bernard-Docker,BUF,D,30.3,16.4,46.7,,,74.6,63.1,21.7,49.2,59.4,61.1,85.7,83.2,39.8,39.3,171,205,131,,,63,91,192,125,90,96,36,42,148,149,244,84,171,Third Pair,40.0,544.6,2.0,6.0,8.0,1.1002175265478895,55.55555555555556,49.67439690508829,8480879,D,73.0,196.0,2000-06-30,CAN,2018.0,1.0,26.0,R,24,"[None, None, 45, 17, 43]","[None, None, 45, 5, 28]","[None, None, 42, 38, 52]","[None, None, 'OTT', 'OTT', 'BUF']"
2024-2025,Jacob Bryson,BUF,D,45.1,35.7,38.1,,28.1,42.2,5.3,2.0,81.1,82.8,40.6,73.4,80.7,17.6,25.8,135,158,152,,124.0,142,232,240,47,41,146,66,48,202,182,244,84,171,Third Pair,48.0,690.8333333333334,0.0,7.0,7.0,0.9918567342650301,40.32258064516129,43.1344333691185,8480196,D,69.0,177.0,1997-11-18,CAN,2017.0,4.0,99.0,L,26,"[42, 82, 47, 66, 34]","[58, 53, 36, 45, 30]","[33, 82, 41, 63, 25]","['BUF', 'BUF', 'BUF', 'BUF', 'BUF']"
2024-2025,Jacob Moverare,LAK,D,42.2,37.7,54.9,,,49.2,20.9,7.0,41.0,49.4,64.8,82.8,82.8,95.5,10.7,142,153,111,,,125,194,228,145,113,87,43,43,12,219,244,84,171,Fringe,49.0,581.0833333333334,1.0,7.0,8.0,1.0304986857869938,52.0,56.25289746578097,8479421,D,75.0,205.0,1998-08-31,SWE,2016.0,4.0,112.0,L,26,"[None, 43, None, None, 41]","[None, 35, None, None, 37]","[None, 41, None, None, 53]","[None, 'LAK', None, None, 'LAK']"
2024-2025,Jacob Trouba,ANA,D,18.4,77.0,11.5,,55.0,1.2,12.7,70.1,55.3,24.6,78.3,10.7,22.5,15.2,85.2,200,57,217,,78.0,242,214,74,110,168,54,219,190,208,37,244,84,171,Second Pair,77.0,1579.9,1.0,13.0,14.0,4.207679440836686,42.62295081967213,43.94547875522171,8476885,D,75.0,212.0,1994-02-26,USA,2012.0,1.0,9.0,R,30,"[74, 70, 34, 25, 18]","[80, 83, 72, 80, 76]","[63, 45, 41, 15, 8]","['NYR', 'NYR', 'NYR', 'NYR', 'ANA']"
2024-2025,Jake Bean,CGY,D,16.4,49.2,10.7,,,45.5,48.0,54.9,21.3,45.7,17.6,64.8,56.1,11.9,11.5,205,125,219,,,134,128,111,193,120,202,87,108,216,217,244,84,171,Third Pair,64.0,965.7,2.0,5.0,7.0,2.885080840354313,50.877192982456144,49.414309789708135,8479402,D,73.0,191.0,1998-06-09,CAN,2016.0,1.0,13.0,L,26,"[39, 7, None, 8, 38]","[64, 45, None, 51, 48]","[16, 2, None, 6, 18]","['CAR', 'CBJ', None, 'CBJ', 'CGY']"
2024-2025,Jake Christiansen,CBJ,D,20.5,20.1,17.6,,,24.6,6.1,18.0,37.3,84.0,59.8,79.1,78.7,12.3,30.3,195,196,202,,,185,230,201,154,38,99,52,53,215,171,244,84,171,Fringe,68.0,852.7166666666667,1.0,7.0,8.0,1.561407389628685,54.929577464788736,42.01519450913484,8481161,D,72.0,199.0,1999-09-12,CAN,,,,L,24,"[None, None, 56, None, 16]","[None, None, 44, None, 18]","[None, None, 36, None, 13]","[None, None, 'CBJ', None, 'CBJ']"
2024-2025,Jake McCabe,TOR,D,82.8,70.1,84.4,,86.0,61.1,36.9,25.8,87.7,51.6,89.8,8.6,37.7,75.4,86.9,43,74,39,,25.0,96,155,182,31,109,26,224,153,61,33,244,84,171,Second Pair,66.0,1419.8333333333333,2.0,22.0,24.0,2.8408130366698217,58.0952380952381,51.73887417908549,8476931,D,73.0,210.0,1993-10-12,USA,2012.0,2.0,44.0,L,30,"[71, 27, 92, 80, 81]","[35, 5, 76, 69, 68]","[70, 66, 87, 79, 84]","['BUF', 'CHI', 'TOR', 'TOR', 'TOR']"
2024-2025,Jake Middleton,MIN,D,7.0,4.1,40.2,,11.7,89.8,84.4,74.2,46.3,26.2,49.6,13.5,20.9,45.1,77.0,228,235,147,,152.0,26,39,64,132,164,124,212,194,135,57,244,84,171,Second Pair,67.0,1465.5833333333333,8.0,13.0,21.0,4.732749007207879,51.08695652173913,46.89595437069748,8478136,D,75.0,219.0,1996-01-02,CAN,2014.0,7.0,210.0,L,28,"[None, 42, 12, 8, 8]","[None, 18, 4, 2, 6]","[None, 57, 52, 67, 22]","[None, 'MIN', 'MIN', 'MIN', 'MIN']"
2024-2025,Jake Sanderson,OTT,D,87.7,78.7,85.7,6.0,70.2,77.0,58.6,65.2,29.5,90.2,33.6,17.6,18.9,63.9,93.9,31,53,36,80.0,52.0,57,102,86,173,25,163,202,199,89,16,244,84,171,First Pair,80.0,1955.3666666666663,11.0,46.0,57.0,9.783827448960887,42.2680412371134,51.74919643603357,8482105,D,74.0,202.0,2002-07-08,USA,2020.0,1.0,5.0,L,22,"[None, None, 83, 86, 87]","[None, None, 66, 81, 78]","[None, None, 53, 84, 86]","[None, None, 'OTT', 'OTT', 'OTT']"
2024-2025,Jake Walman,EDM,D,69.7,82.8,56.1,66.7,15.8,94.3,96.7,89.3,46.7,21.3,13.9,41.4,48.8,7.8,89.3,75,43,108,29.0,145.0,15,9,27,131,176,211,144,126,226,27,244,84,171,First Pair,65.0,1480.1333333333332,7.0,33.0,40.0,10.01275142695308,51.81818181818182,48.83308827169969,8478013,D,73.0,218.0,1996-02-20,CAN,2014.0,3.0,82.0,L,28,"[67, 58, 87, 67, 65]","[57, 70, 79, 66, 87]","[36, 37, 85, 18, 64]","['STL', 'DET', 'DET', 'DET', 'EDM']"
2024-2025,Jakob Chychrun,WSH,D,38.5,26.6,46.3,50.0,,100.0,98.4,96.7,54.5,17.2,32.4,44.7,25.4,80.7,45.1,151,180,132,43.0,,1,5,9,112,186,166,136,183,48,135,244,84,171,Second Pair,74.0,1558.75,20.0,28.0,48.0,12.434620856023239,55.85585585585585,49.44733618280078,8479345,D,74.0,215.0,1998-03-31,USA,2016.0,1.0,16.0,L,26,"[87, 33, 47, 31, 41]","[83, 18, 61, 11, 31]","[64, 67, 48, 52, 38]","['ARI', 'ARI', 'OTT', 'OTT', 'WSH']"
2024-2025,Jalen Chatfield,CAR,D,85.7,82.0,86.9,,66.7,97.1,93.4,76.6,26.6,15.6,52.9,41.0,38.9,96.7,25.0,36,45,33,,58.0,8,17,58,180,190,116,145,150,9,184,244,84,171,Second Pair,79.0,1491.35,7.0,11.0,18.0,4.409123701971645,54.54545454545454,54.51588346788486,8478970,D,73.0,209.0,1996-05-15,USA,,,,R,28,"[45, None, 77, 91, 77]","[44, None, 77, 80, 84]","[41, None, 76, 91, 83]","['VAN', None, 'CAR', 'CAR', 'CAR']"
2024-2025,Jamie Drysdale,PHI,D,16.8,34.8,6.1,52.4,,83.2,73.8,19.7,25.8,54.9,14.3,81.1,65.2,51.2,61.5,204,160,230,41.0,,42,65,197,182,101,210,47,86,120,95,244,84,171,Second Pair,70.0,1394.1833333333334,7.0,13.0,20.0,3.504650538669224,43.69747899159664,50.5207237733738,8482142,D,71.0,185.0,2002-04-08,CAN,2020.0,1.0,6.0,R,22,"[29, 34, None, 44, 9]","[27, 33, None, 26, 43]","[13, 8, None, 24, 4]","['ANA', 'ANA', None, 'PHI', 'PHI']"
2024-2025,Jamie Oleksiak,SEA,D,73.0,69.7,76.2,,66.1,35.7,48.8,53.3,36.5,47.1,38.9,2.0,24.2,20.9,57.0,67,75,59,,59.0,158,126,115,156,117,150,240,186,194,106,244,84,171,Second Pair,82.0,1539.65,4.0,13.0,17.0,3.954449891227793,43.0,45.294516026252545,8476467,D,79.0,252.0,1992-12-21,CAN,2011.0,1.0,14.0,L,31,"[82, 75, 81, 79, 69]","[51, 74, 83, 88, 37]","[91, 84, 77, 75, 75]","['DAL', 'SEA', 'SEA', 'SEA', 'SEA']"
2024-2025,Jan Rutta,SJS,D,8.2,3.7,59.4,,9.4,70.1,39.8,11.1,14.8,23.8,38.5,38.9,60.2,2.0,72.1,225,236,100,,156.0,74,148,218,209,170,151,150,98,240,69,244,84,171,Third Pair,54.0,931.8333333333334,3.0,6.0,9.0,1.717651496276801,43.75,39.766437567104255,8480172,D,75.0,204.0,1990-07-29,CZE,,,,R,34,"[29, 39, 39, 4, 9]","[66, 56, 25, 2, 4]","[22, 60, 74, 40, 63]","['TBL', 'TBL', 'PIT', 'SJS', 'SJS']"
2024-2025,Jared Spurgeon,MIN,D,91.0,73.0,93.4,65.5,40.9,84.8,57.4,59.4,38.5,62.7,29.9,90.2,89.8,45.5,86.5,23,67,17,30.0,102.0,38,105,100,151,84,172,25,26,134,34,244,84,171,Second Pair,66.0,1349.7666666666669,7.0,25.0,32.0,4.92888905449976,53.65853658536586,54.17715151951621,8474716,D,69.0,166.0,1989-11-29,CAN,2008.0,6.0,156.0,R,34,"[98, 94, 98, 76, 93]","[87, 85, 88, 61, 73]","[97, 87, 97, 69, 97]","['MIN', 'MIN', 'MIN', 'MIN', 'MIN']"
2024-2025,Jayden Struble,MTL,D,21.3,49.6,26.6,,,51.6,34.0,25.4,58.2,25.4,93.9,70.9,65.6,27.9,13.5,193,124,180,,,119,162,183,103,166,16,72,85,177,212,244,84,171,Third Pair,56.0,837.45,2.0,11.0,13.0,1.6130591804294214,50.0,53.542882975095864,8481593,D,72.0,207.0,2001-09-08,USA,2019.0,2.0,46.0,L,22,"[None, None, None, 19, 31]","[None, None, None, 39, 56]","[None, None, None, 12, 54]","[None, None, None, 'MTL', 'MTL']"
2024-2025,Jeff Petry,DET,D,63.9,79.1,61.1,,22.2,34.8,25.0,32.8,59.0,32.4,69.3,58.2,61.1,10.7,34.8,89,52,96,,134.0,160,184,165,101,151,76,103,96,219,160,244,84,171,Second Pair,44.0,831.4499999999999,1.0,7.0,8.0,1.683188719937412,45.45454545454545,43.84456967591925,8473507,D,75.0,208.0,1987-12-09,USA,2006.0,2.0,45.0,R,36,"[97, 91, 65, 77, 52]","[97, 93, 85, 86, 72]","[92, 80, 70, 78, 42]","['MTL', 'MTL', 'PIT', 'DET', 'DET']"
2024-2025,Jeremy Lauzon,NSH,D,23.0,33.6,62.3,,24.0,48.4,20.5,61.5,2.5,16.8,99.6,68.0,80.3,42.6,100.0,189,163,93,,131.0,127,195,95,239,187,2,79,49,141,1,244,84,171,Third Pair,28.0,503.2,0.0,1.0,1.0,1.1270604233393668,32.0,48.3519803748221,8478468,D,75.0,225.0,1997-04-28,CAN,2015.0,2.0,52.0,L,27,"[38, 16, 9, 26, 39]","[23, 14, 26, 40, 33]","[56, 64, 36, 75, 58]","['BOS', 'NSH', 'NSH', 'NSH', 'NSH']"
2024-2025,Joel Edmundson,LAK,D,3.7,16.0,8.2,,10.5,80.7,44.3,32.4,23.4,22.5,50.4,49.2,51.2,75.8,44.3,236,206,225,,154.0,48,137,166,188,173,122,125,120,60,137,244,84,171,Second Pair,73.0,1503.05,6.0,14.0,20.0,3.43677422373262,57.65765765765766,50.43027154901492,8476441,D,77.0,220.0,1993-06-28,CAN,2011.0,2.0,46.0,L,31,"[21, 12, 5, 11, 3]","[10, 36, 30, 42, 7]","[50, 18, 17, 14, 8]","['MTL', 'MTL', 'MTL', 'TOR', 'LAK']"
2024-2025,Joel Hanley,CGY,D,65.6,12.3,87.3,,68.4,33.6,10.2,8.6,9.8,57.4,71.7,78.7,79.9,74.2,22.5,85,215,32,,55.0,163,220,224,221,95,70,53,50,64,190,244,84,171,Second Pair,53.0,984.7666666666668,2.0,7.0,9.0,1.8125814934721116,55.73770491803278,51.10647757544767,8477810,D,71.0,186.0,1991-06-08,CAN,,,,L,33,"[80, 69, 50, 57, 71]","[53, 39, 36, 21, 10]","[74, 68, 62, 81, 88]","['DAL', 'DAL', 'DAL', 'CGY', 'CGY']"
2024-2025,John Carlson,WSH,D,84.0,96.3,12.7,90.5,14.0,0.8,41.0,93.4,95.9,62.3,14.8,40.2,31.1,36.1,89.8,40,10,214,9.0,148.0,243,145,17,11,85,209,147,169,157,26,244,84,171,First Pair,79.0,1861.5666666666664,5.0,47.0,52.0,10.873194597008911,55.833333333333336,53.87746938183531,8474590,D,75.0,220.0,1990-01-10,USA,2008.0,1.0,27.0,R,34,"[86, 88, 61, 64, 92]","[95, 93, 82, 96, 98]","[8, 41, 18, 4, 20]","['WSH', 'WSH', 'WSH', 'WSH', 'WSH']"
2024-2025,John Marino,UTA,D,68.9,22.5,80.3,,76.6,34.0,21.7,33.2,95.5,79.9,17.2,64.3,66.8,90.6,80.3,77,190,49,,41.0,162,192,164,12,48,203,88,82,24,49,244,84,171,Second Pair,35.0,740.85,1.0,13.0,14.0,1.5487695298605888,53.57142857142857,52.69573388240856,8478507,D,73.0,200.0,1997-05-21,USA,2015.0,6.0,154.0,R,27,"[76, 81, 79, 65, 66]","[18, 20, 10, 4, 55]","[84, 88, 92, 90, 63]","['PIT', 'PIT', 'NJD', 'NJD', 'UTA']"
2024-2025,Johnathan Kovacevic,NJD,D,41.8,38.9,83.2,,77.2,20.9,52.0,45.1,54.1,3.7,57.8,9.8,43.0,46.3,36.1,143,150,42,,40.0,194,118,135,113,219,104,221,140,132,157,244,84,171,Second Pair,81.0,1604.9333333333334,1.0,16.0,17.0,3.8226706890714537,52.22222222222223,53.34553154495574,8480192,D,77.0,223.0,1997-07-12,CAN,2017.0,3.0,74.0,R,27,"[None, None, 76, 49, 31]","[None, None, 71, 54, 21]","[None, None, 71, 56, 91]","[None, None, 'MTL', 'MTL', 'NJD']"
2024-2025,Jon Merrill,MIN,D,13.5,1.6,70.5,,50.9,64.3,53.7,23.4,16.8,22.1,41.4,61.5,61.5,23.8,5.7,212,241,73,,85.0,88,114,188,204,174,144,95,95,187,231,244,84,171,Third Pair,70.0,986.65,2.0,4.0,6.0,1.774710607071857,45.3125,45.80418709029695,8475750,D,75.0,204.0,1992-02-03,USA,2010.0,2.0,38.0,L,32,"[73, 38, 11, 12, 18]","[7, 13, 1, 3, 2]","[95, 76, 69, 64, 74]","['MTL', 'MIN', 'MIN', 'MIN', 'MIN']"
2024-2025,Jonas Brodin,MIN,D,86.9,45.5,99.2,,87.7,79.9,70.9,40.2,39.8,32.0,15.2,49.6,47.5,48.4,78.7,33,134,3,,22.0,50,72,147,148,152,208,124,129,127,53,244,84,171,First Pair,50.0,1147.45,4.0,16.0,20.0,2.1460850755063565,50.63291139240506,49.9162679098079,8476463,D,74.0,196.0,1993-07-12,SWE,2011.0,1.0,10.0,L,31,"[84, 96, 90, 94, 78]","[0, 62, 46, 62, 32]","[99, 100, 93, 100, 95]","['MIN', 'MIN', 'MIN', 'MIN', 'MIN']"
2024-2025,Jonas Siegenthaler,NJD,D,76.2,9.8,96.3,,71.3,27.9,22.1,24.6,10.7,54.5,67.6,40.6,56.6,91.0,55.7,59,221,10,,50.0,177,191,185,219,102,80,146,107,23,109,244,84,171,Second Pair,55.0,1078.0833333333333,2.0,7.0,9.0,2.4263174813376236,54.71698113207547,56.47469957630919,8478399,D,74.0,218.0,1997-05-06,CHE,2015.0,2.0,57.0,L,27,"[60, 95, 85, 69, 76]","[49, 55, 17, 18, 9]","[60, 99, 98, 86, 95]","['NJD', 'NJD', 'NJD', 'NJD', 'NJD']"
2024-2025,Jordan Harris,CBJ,D,57.4,62.3,34.8,,,61.9,52.5,10.2,77.5,81.6,62.3,73.8,89.3,8.2,36.9,105,93,160,,,94,117,220,56,44,93,65,27,225,155,244,84,171,Fringe,33.0,375.78333333333336,1.0,4.0,5.0,0.594076382829468,48.27586206896552,39.821429038236694,8480887,D,72.0,189.0,2000-07-07,USA,2018.0,3.0,71.0,L,24,"[None, None, 52, 74, 48]","[None, None, 63, 68, 54]","[None, None, 44, 49, 26]","[None, None, 'MTL', 'MTL', 'CBJ']"
2024-2025,Jordan Oesterle,NSH,D,19.3,19.7,11.1,,,79.5,92.2,37.7,49.6,84.4,41.8,80.3,79.1,32.8,13.9,198,197,218,,,51,20,153,124,37,143,49,52,165,211,244,84,171,Third Pair,37.0,634.6333333333333,4.0,6.0,10.0,1.5308111916672829,54.166666666666664,47.95236392724819,8477851,D,72.0,181.0,1992-06-25,USA,,,,L,32,"[8, 6, 13, None, 25]","[20, 6, 19, None, 24]","[14, 11, 8, None, 11]","['ARI', 'DET', 'DET', None, 'NSH']"
2024-2025,Jordan Spence,LAK,D,72.5,73.8,65.6,61.9,,40.2,34.4,60.7,93.4,57.8,61.9,62.3,53.7,88.1,3.7,68,65,85,33.0,,147,161,97,17,94,94,93,114,30,236,244,84,171,Third Pair,79.0,1326.3,4.0,24.0,28.0,3.898345883106578,65.4320987654321,57.8795062236463,8481606,D,71.0,188.0,2001-02-24,AUS,2019.0,4.0,95.0,R,23,"[None, 56, None, 63, 77]","[None, 57, None, 80, 69]","[None, 37, None, 35, 79]","[None, 'LAK', None, 'LAK', 'LAK']"
2024-2025,Josh Manson,COL,D,57.8,53.3,79.9,,67.3,62.3,59.8,71.3,91.4,20.1,90.2,54.1,68.9,68.9,32.0,104,115,50,,57.0,93,99,71,22,179,25,113,77,77,167,244,84,171,Second Pair,48.0,865.9833333333333,1.0,14.0,15.0,2.455397183538351,42.857142857142854,48.85948526243655,8476312,D,75.0,218.0,1991-10-07,USA,2011.0,6.0,160.0,R,32,"[27, 36, 34, 77, 51]","[45, 64, 49, 78, 28]","[37, 75, 49, 84, 79]","['ANA', 'COL', 'COL', 'COL', 'COL']"
2024-2025,Josh Morrissey,WPG,D,93.0,95.5,45.1,2.4,,96.3,91.4,91.8,95.1,95.9,16.0,33.2,1.2,89.3,52.9,18,12,135,83.0,,10,22,21,13,11,206,164,242,27,116,244,84,171,First Pair,80.0,1951.3,14.0,48.0,62.0,9.348343626643171,59.09090909090909,55.607881623926815,8477504,D,72.0,195.0,1995-03-28,CAN,2013.0,1.0,13.0,L,29,"[0, 81, 75, 88, 95]","[6, 73, 82, 97, 96]","[2, 84, 32, 33, 54]","['WPG', 'WPG', 'WPG', 'WPG', 'WPG']"
2024-2025,Joshua Mahura,SEA,D,23.4,43.4,23.0,,,14.3,2.0,42.6,70.5,44.7,91.0,87.7,81.1,50.8,10.2,188,139,189,,,210,240,141,73,122,23,31,47,121,220,244,84,171,Third Pair,64.0,880.3333333333334,0.0,9.0,9.0,2.4789048848451114,54.09836065573771,46.10471759646935,8479372,D,72.0,193.0,1998-05-05,CAN,2016.0,3.0,85.0,L,26,"[43, 50, 44, 38, 20]","[32, 46, 75, 30, 39]","[29, 17, 25, 36, 21]","['ANA', 'ANA', 'FLA', 'FLA', 'SEA']"
2024-2025,Justin Barron,NSH,D,54.9,63.1,25.8,,69.6,84.4,93.0,86.9,18.0,69.3,59.4,74.6,64.8,20.1,24.2,111,91,182,,53.0,39,18,33,201,72,100,63,87,196,186,244,84,171,Third Pair,62.0,1080.75,6.0,7.0,13.0,4.1074290399562825,40.229885057471265,51.236461594460856,8482111,D,74.0,198.0,2001-11-15,CAN,2020.0,1.0,25.0,R,22,"[None, None, 38, 54, 59]","[None, None, 50, 59, 62]","[None, None, 24, 24, 31]","[None, None, 'MTL', 'MTL', 'NSH']"
2024-2025,Justin Faulk,STL,D,4.9,31.1,10.2,70.2,46.8,2.5,18.4,70.9,68.9,18.9,27.0,27.5,24.6,21.3,61.9,233,169,220,26.0,92.0,239,200,72,77,182,179,178,185,193,94,244,84,171,First Pair,78.0,1751.1333333333334,4.0,28.0,32.0,6.752950510577642,46.42857142857143,47.97215466191522,8475753,D,72.0,208.0,1992-03-20,USA,2010.0,2.0,37.0,R,32,"[6, 74, 6, 14, 7]","[75, 81, 47, 70, 11]","[9, 19, 2, 10, 19]","['STL', 'STL', 'STL', 'STL', 'STL']"
2024-2025,Justin Holl,DET,D,48.0,51.2,63.1,,67.8,49.6,11.5,5.3,22.1,30.3,73.0,75.8,70.1,20.5,18.9,128,120,91,,56.0,124,217,232,191,156,67,60,74,195,199,244,84,171,Third Pair,73.0,1079.8166666666666,2.0,6.0,8.0,1.7011627639785174,43.42105263157895,50.588260578570456,8475718,D,76.0,194.0,1992-01-30,USA,2010.0,2.0,54.0,R,32,"[52, 48, 41, 23, 63]","[36, 77, 16, 34, 63]","[63, 48, 66, 32, 70]","['TOR', 'TOR', 'TOR', 'DET', 'DET']"
2024-2025,Juuso Välimäki,UTA,D,83.2,73.4,82.0,,31.6,14.8,34.8,73.0,24.6,88.1,49.2,76.6,68.0,37.7,17.2,42,66,45,,118.0,209,160,67,185,30,125,58,79,153,203,244,84,171,Third Pair,43.0,711.7833333333333,2.0,3.0,5.0,2.5234093046248343,46.93877551020408,50.17003268394525,8479976,D,74.0,201.0,1998-10-06,FIN,2017.0,1.0,16.0,L,25,"[18, None, 88, 94, 73]","[67, None, 81, 81, 66]","[43, None, 93, 90, 68]","['CGY', None, 'ARI', 'ARI', 'UTA']"
2024-2025,K'Andre Miller,NYR,D,71.3,59.4,67.2,35.7,95.3,93.4,86.1,63.1,61.9,28.7,55.3,7.8,11.9,38.9,85.7,71,100,81,55.0,9.0,17,35,91,94,158,110,226,216,150,36,244,84,171,Second Pair,74.0,1624.05,7.0,20.0,27.0,6.236233062010146,48.4375,48.54549078222562,8480817,D,77.0,210.0,2000-01-21,USA,2018.0,1.0,22.0,L,24,"[15, 75, 57, 71, 73]","[34, 50, 38, 31, 69]","[18, 86, 85, 81, 49]","['NYR', 'NYR', 'NYR', 'NYR', 'NYR']"
2024-2025,Kaedan Korczak,VGK,D,56.1,54.9,55.7,,,30.7,7.4,13.9,94.7,63.1,79.9,88.5,91.8,66.4,19.7,108,111,109,,,170,227,211,14,83,50,29,21,83,197,244,84,171,Third Pair,40.0,602.9333333333333,0.0,10.0,10.0,1.0441360836975844,67.3913043478261,54.21479918901764,8481527,D,75.0,206.0,2001-01-29,CAN,2019.0,2.0,41.0,R,23,"[None, None, None, 49, 61]","[None, None, None, 48, 56]","[None, None, None, 54, 59]","[None, None, None, 'VGK', 'VGK']"
2024-2025,Kaiden Guhle,MTL,D,7.4,8.2,61.5,,15.2,87.7,85.2,58.6,72.1,3.3,77.5,26.2,50.8,27.5,97.5,227,225,95,,146.0,31,37,102,69,220,56,181,121,178,7,244,84,171,Second Pair,55.0,1164.6666666666667,6.0,12.0,18.0,3.6276041420055503,47.674418604651166,47.191195568868615,8482087,D,75.0,202.0,2002-01-18,CAN,2020.0,1.0,16.0,L,22,"[None, None, 18, 0, 26]","[None, None, 11, 1, 21]","[None, None, 46, 73, 57]","[None, None, 'MTL', 'MTL', 'MTL']"
2024-2025,Keaton Middleton,COL,D,27.0,42.6,51.6,,,13.9,0.8,68.9,7.0,29.5,93.0,85.2,94.3,60.2,2.0,179,141,119,,,211,242,77,228,157,18,37,15,98,240,244,84,171,Fringe,41.0,470.9666666666667,0.0,2.0,2.0,1.5134013549867442,48.0,51.60867571470209,8479387,D,78.0,240.0,1998-02-10,CAN,2016.0,4.0,101.0,L,26,"[None, None, None, None, 28]","[None, None, None, None, 45]","[None, None, None, None, 48]","[None, None, None, None, 'COL']"
2024-2025,Kevin Bahl,CGY,D,34.8,39.8,78.3,,36.8,18.4,14.8,16.4,59.4,7.0,63.9,37.7,41.8,50.4,73.8,160,148,54,,109.0,200,209,205,100,211,89,153,143,122,65,244,84,171,Second Pair,73.0,1561.2666666666669,3.0,17.0,20.0,3.7253625626938023,44.66019417475729,47.127677163686755,8480860,D,78.0,230.0,2000-06-27,CAN,2018.0,2.0,55.0,L,24,"[None, None, 42, 9, 58]","[None, None, 62, 23, 45]","[None, None, 50, 84, 77]","[None, None, 'NJD', 'NJD', 'CGY']"
2024-2025,Kris Letang,PIT,D,35.2,81.1,3.7,58.3,98.8,82.4,72.5,72.5,40.6,6.1,59.0,16.4,9.8,82.8,90.2,159,47,236,36.0,3.0,44,68,68,146,213,101,205,221,43,25,244,84,171,First Pair,74.0,1740.8833333333332,9.0,21.0,30.0,10.97344012696661,45.13274336283185,47.874832031958654,8471724,D,72.0,199.0,1987-04-24,CAN,2005.0,3.0,62.0,R,37,"[62, 83, 74, 75, 8]","[81, 83, 89, 92, 67]","[22, 28, 16, 6, 5]","['PIT', 'PIT', 'PIT', 'PIT', 'PIT']"
2024-2025,Lane Hutson,MTL,D,94.7,95.9,20.9,91.7,,71.3,59.4,47.5,92.6,95.1,11.1,38.1,2.0,29.9,88.1,14,11,194,8.0,,71,100,129,19,13,218,152,240,172,30,244,84,171,First Pair,82.0,1864.1166666666663,6.0,60.0,66.0,6.991366868568214,54.41176470588235,51.076257639919454,8483457,D,69.0,162.0,2004-02-14,USA,2022.0,2.0,62.0,L,20,"[None, None, None, None, 93]","[None, None, None, None, 95]","[None, None, None, None, 18]","[None, None, None, None, 'MTL']"
2024-2025,Lian Bichsel,DAL,D,20.9,43.0,55.3,,,81.6,98.0,57.0,28.3,7.8,100.0,91.4,86.5,30.7,15.6,194,140,110,,,46,6,106,176,209,1,22,34,170,207,244,84,171,Third Pair,38.0,565.85,4.0,5.0,9.0,1.6510349756234608,52.0,50.187341745561184,8483425,D,79.0,237.0,2004-05-18,CHE,2022.0,1.0,18.0,L,20,"[None, None, None, None, 23]","[None, None, None, None, 45]","[None, None, None, None, 53]","[None, None, None, None, 'DAL']"
2024-2025,Logan Stanley,WPG,D,9.4,26.2,22.5,,45.0,36.9,26.6,13.5,17.6,10.7,88.5,84.0,91.0,68.4,12.7,222,181,190,,95.0,155,180,212,202,202,29,40,23,78,214,244,84,171,Third Pair,63.0,981.7666666666668,1.0,13.0,14.0,1.747694704620373,58.333333333333336,49.08781156547151,8479378,D,79.0,231.0,1998-05-26,CAN,2016.0,1.0,18.0,L,26,"[39, 11, None, 33, 3]","[43, 26, None, 36, 20]","[55, 12, None, 32, 21]","['WPG', 'WPG', None, 'WPG', 'WPG']"
2024-2025,Louis Crevier,CHI,D,24.6,23.4,27.9,,35.1,63.5,63.9,9.4,4.5,59.8,84.0,80.7,95.9,1.6,98.0,185,188,177,,112.0,90,89,222,234,89,40,48,11,241,6,244,84,171,Third Pair,32.0,553.1333333333333,3.0,1.0,4.0,1.215993005065979,43.18181818181818,43.334290236601134,8481806,D,80.0,228.0,2001-05-04,CAN,2020.0,7.0,188.0,R,23,"[None, None, None, 30, 29]","[None, None, None, 30, 19]","[None, None, None, 27, 33]","[None, None, None, 'CHI', 'CHI']"
2024-2025,Luke Hughes,NJD,D,45.5,48.8,18.4,36.9,,22.1,66.4,87.7,78.7,94.7,9.4,37.3,16.8,89.8,42.6,134,126,200,54.0,,191,83,31,53,14,222,154,204,26,141,244,84,171,Second Pair,71.0,1502.2166666666667,7.0,37.0,44.0,8.663285479970984,47.25274725274725,51.73963703802734,8482684,D,74.0,198.0,2003-09-09,USA,2021.0,1.0,4.0,L,20,"[None, None, None, 73, 22]","[None, None, None, 56, 42]","[None, None, None, 24, 15]","[None, None, None, 'NJD', 'NJD']"
2024-2025,Luke Schenn,WPG,D,10.2,20.9,22.1,,32.7,7.4,11.9,48.4,13.5,27.0,99.2,34.8,54.1,53.7,27.0,220,194,191,,116.0,227,216,127,212,162,3,160,113,114,179,244,84,171,Third Pair,76.0,1212.45,1.0,6.0,7.0,3.2039002717149474,46.05263157894737,51.14626730645707,8474568,D,74.0,225.0,1989-11-02,CAN,2008.0,1.0,5.0,R,34,"[22, 19, 2, 14, 19]","[16, 11, 6, 13, 36]","[41, 66, 14, 26, 27]","['TBL', 'VAN', 'TOR', 'NSH', 'WPG']"
2024-2025,MacKenzie Weegar,CGY,D,91.4,86.5,97.5,1.2,77.8,95.1,84.8,80.3,53.7,13.1,86.5,19.3,4.5,43.4,58.2,22,34,7,84.0,39.0,13,38,49,114,196,34,198,234,139,103,244,84,171,First Pair,81.0,1957.3166666666664,8.0,39.0,47.0,9.083217682632489,58.0952380952381,51.53292685841057,8477346,D,72.0,206.0,1994-01-07,CAN,2013.0,7.0,206.0,R,30,"[97, 95, 93, 93, 86]","[93, 100, 82, 94, 79]","[97, 83, 98, 88, 97]","['FLA', 'FLA', 'CGY', 'CGY', 'CGY']"
2024-2025,Marc Del Gaizo,NSH,D,32.4,44.7,50.8,,59.6,32.4,46.3,66.8,53.3,29.5,77.0,68.9,73.8,31.1,68.9,166,136,121,,70.0,166,132,82,115,157,57,77,65,169,77,244,84,171,Third Pair,46.0,770.6,2.0,7.0,9.0,3.6649122404904046,44.827586206896555,48.79012934138672,8481743,D,71.0,188.0,1999-10-11,USA,2019.0,4.0,109.0,L,24,"[None, None, None, None, 34]","[None, None, None, None, 47]","[None, None, None, None, 48]","[None, None, None, None, 'NSH']"
2024-2025,Marc-Edouard Vlasic,SJS,D,54.1,45.1,40.6,,,75.4,74.2,27.5,9.4,80.3,11.5,86.9,87.7,4.1,17.6,113,135,146,,,61,64,178,222,47,217,33,31,235,202,244,84,171,Third Pair,27.0,394.8833333333333,1.0,2.0,3.0,0.6276408919714317,33.33333333333333,44.46293844687655,8471709,D,73.0,205.0,1987-03-30,CAN,2005.0,2.0,35.0,L,37,"[81, 34, 76, 43, 52]","[68, 3, 64, 37, 44]","[84, 72, 65, 25, 47]","['SJS', 'SJS', 'SJS', 'SJS', 'SJS']"
2024-2025,Marcus Pettersson,VAN,D,96.3,93.4,91.0,,94.2,25.0,32.0,35.2,90.6,25.8,65.6,4.1,7.4,74.6,79.5,10,17,23,,11.0,184,167,159,24,165,85,235,227,63,51,244,84,171,Second Pair,78.0,1691.8666666666668,4.0,25.0,29.0,3.9276530928858007,50.67567567567568,52.985860556730145,8477969,D,77.0,174.0,1996-05-08,SWE,2014.0,2.0,38.0,L,28,"[70, 61, 84, 95, 96]","[64, 17, 92, 87, 97]","[85, 92, 80, 98, 85]","['PIT', 'PIT', 'PIT', 'PIT', 'VAN']"
2024-2025,Mario Ferraro,SJS,D,2.0,60.7,7.4,,1.2,15.2,33.6,54.1,33.6,9.0,70.9,3.3,5.7,4.9,65.6,240,97,227,,170.0,208,163,113,163,206,72,237,231,233,85,244,84,171,Second Pair,78.0,1669.3166666666666,5.0,12.0,17.0,4.048332203067934,40.76923076923077,46.32957104490866,8479983,D,71.0,200.0,1998-09-17,CAN,2017.0,2.0,49.0,L,25,"[50, 57, 15, 1, 4]","[42, 9, 13, 22, 76]","[69, 65, 18, 20, 7]","['SJS', 'SJS', 'SJS', 'SJS', 'SJS']"
2024-2025,Martin Fehérváry,WSH,D,37.3,41.4,32.4,,19.9,72.1,64.8,51.2,51.2,59.0,92.2,12.7,32.8,75.0,83.6,154,144,166,,138.0,69,87,120,120,91,20,214,165,62,41,244,84,171,Second Pair,81.0,1539.3833333333334,5.0,21.0,26.0,4.021929068505023,50.90909090909091,51.508029657154694,8480796,D,74.0,215.0,1999-10-06,SVK,2018.0,2.0,46.0,L,24,"[None, 15, 26, 20, 51]","[None, 50, 7, 14, 66]","[None, 17, 45, 30, 36]","[None, 'WSH', 'WSH', 'WSH', 'WSH']"
2024-2025,Mason Lohrei,BOS,D,24.2,54.5,7.8,42.9,,43.0,71.7,70.5,16.0,77.5,25.0,74.2,61.9,59.0,35.7,186,112,226,49.0,,140,70,73,206,53,184,64,94,101,158,244,84,171,Second Pair,77.0,1503.6166666666668,5.0,28.0,33.0,6.9780415929249315,41.6,47.61314509211421,8482511,D,77.0,218.0,2001-01-17,USA,2020.0,2.0,58.0,L,23,"[None, None, None, 29, 32]","[None, None, None, 39, 60]","[None, None, None, 22, 6]","[None, None, None, 'BOS', 'BOS']"
2024-2025,Mathew Dumba,DAL,D,1.2,22.1,9.8,,,5.7,27.5,79.9,30.7,2.0,70.5,53.3,48.4,43.9,18.0,242,191,221,,,231,178,50,170,223,73,115,127,138,201,244,84,171,Third Pair,63.0,963.9,1.0,9.0,10.0,3.252564042358172,46.913580246913575,48.923531686529806,8476856,D,72.0,191.0,1994-07-25,CAN,2012.0,1.0,7.0,R,30,"[24, 21, 4, 0, 4]","[76, 19, 24, 8, 34]","[26, 44, 9, 15, 10]","['MIN', 'MIN', 'MIN', 'TBL', 'DAL']"
2024-2025,Matt Grzelcyk,PIT,D,15.6,2.5,60.2,73.8,,4.1,6.6,28.3,86.9,48.0,20.5,45.9,36.9,79.9,81.6,207,239,98,23.0,,235,229,176,33,115,195,133,155,50,46,244,84,171,Second Pair,82.0,1690.1833333333334,1.0,39.0,40.0,4.134691806156752,48.837209302325576,46.800313012575394,8476891,D,70.0,180.0,1994-01-05,USA,2012.0,3.0,85.0,L,30,"[70, 89, 49, 15, 15]","[78, 65, 23, 12, 0]","[90, 97, 76, 51, 61]","['BOS', 'BOS', 'BOS', 'BOS', 'PIT']"
2024-2025,Matt Roy,WSH,D,84.8,84.4,81.6,,81.3,7.8,51.6,83.6,89.8,38.5,74.6,16.0,27.0,81.1,48.0,38,39,46,,33.0,226,119,41,26,136,63,206,179,47,128,244,84,171,Second Pair,69.0,1371.65,3.0,21.0,24.0,4.8141254117885826,53.70370370370371,49.6553258149718,8478911,D,74.0,220.0,1995-03-01,USA,2015.0,7.0,194.0,R,29,"[37, 76, 90, 88, 76]","[44, 86, 88, 90, 77]","[18, 76, 86, 92, 69]","['LAK', 'LAK', 'LAK', 'LAK', 'WSH']"
2024-2025,Matthew Kessel,STL,D,39.8,29.1,42.2,,,41.4,4.5,9.8,35.7,70.7,43.0,92.6,93.9,11.5,27.5,148,174,142,,,144,234,221,158,69,140,19,16,217,178,244,84,171,Third Pair,29.0,381.06666666666666,0.0,3.0,3.0,0.7390337741348063,45.16129032258064,48.4223566343518,8482516,D,75.0,212.0,2000-06-23,USA,2020.0,5.0,150.0,R,24,"[None, None, None, 33, 43]","[None, None, None, 19, 36]","[None, None, None, 46, 42]","[None, None, None, 'STL', 'STL']"
2024-2025,Mattias Ekholm,EDM,D,95.9,94.7,94.7,14.3,75.4,3.3,75.4,98.4,96.3,16.4,34.8,50.4,26.6,99.6,84.8,11,14,14,73.0,43.0,237,61,5,10,188,160,122,180,2,38,244,84,171,First Pair,65.0,1442.75,9.0,24.0,33.0,8.417919402105957,50.92592592592593,59.56442263417353,8475218,D,77.0,225.0,1990-05-24,SWE,2009.0,4.0,102.0,L,34,"[89, 71, 97, 96, 86]","[91, 69, 95, 98, 91]","[75, 83, 95, 96, 90]","['NSH', 'NSH', 'EDM', 'EDM', 'EDM']"
2024-2025,Mattias Samuelsson,BUF,D,47.5,38.1,61.9,,32.2,62.7,32.8,7.4,25.4,46.7,75.8,52.5,62.7,58.2,88.9,129,152,94,,117.0,92,165,227,183,118,60,117,92,103,28,244,84,171,Second Pair,62.0,1196.8166666666666,4.0,10.0,14.0,1.8526510015825775,47.19101123595505,45.89840162856749,8480807,D,76.0,229.0,2000-03-14,USA,2018.0,2.0,32.0,L,24,"[41, 60, 23, 42, 56]","[39, 39, 42, 41, 34]","[45, 62, 55, 60, 65]","['BUF', 'BUF', 'BUF', 'BUF', 'BUF']"
2024-2025,Michael Kesselring,UTA,D,39.3,67.6,50.0,41.7,,73.4,77.5,78.3,94.3,14.8,65.2,45.5,41.0,73.0,42.2,149,80,123,50.0,,66,56,54,15,192,86,134,145,67,142,244,84,171,Third Pair,82.0,1450.3,7.0,22.0,29.0,6.472410619288377,56.47058823529411,53.852834795611734,8480891,D,77.0,215.0,2000-01-13,USA,2018.0,6.0,164.0,R,24,"[None, None, None, 20, 53]","[None, None, None, 53, 71]","[None, None, None, 26, 62]","[None, None, None, 'ARI', 'UTA']"
2024-2025,Mike Matheson,MTL,D,40.6,77.9,39.3,15.5,9.9,4.5,48.4,82.4,68.0,33.6,20.9,12.3,16.4,24.2,98.8,146,55,149,72.0,155.0,234,127,44,79,148,194,215,205,186,4,244,84,171,First Pair,80.0,2006.45,6.0,25.0,31.0,10.018754641732166,43.18181818181818,45.36528471837803,8476875,D,74.0,196.0,1994-02-27,CAN,2012.0,1.0,23.0,L,30,"[17, 92, 60, 70, 16]","[55, 92, 65, 86, 74]","[28, 51, 72, 48, 26]","['PIT', 'PIT', 'MTL', 'MTL', 'MTL']"
2024-2025,Mikey Anderson,LAK,D,74.2,7.0,95.5,,76.0,9.0,25.8,48.8,44.7,68.4,68.4,6.6,15.2,97.1,67.2,64,228,12,,42.0,223,182,126,136,74,78,229,208,8,81,244,84,171,First Pair,77.0,1747.15,6.0,18.0,24.0,5.626563661473,57.3170731707317,56.50082438995163,8479998,D,72.0,195.0,1999-05-25,USA,2017.0,4.0,103.0,L,25,"[10, 83, 60, 62, 79]","[10, 38, 12, 3, 16]","[59, 82, 82, 87, 96]","['LAK', 'LAK', 'LAK', 'LAK', 'LAK']"
2024-2025,Mikhail Sergachev,UTA,D,82.0,91.4,33.6,84.5,60.8,96.7,82.4,56.1,77.0,17.6,22.5,59.8,57.4,77.0,94.7,45,22,163,14.0,68.0,9,44,108,57,185,190,99,105,57,14,244,84,171,First Pair,77.0,1934.0,15.0,38.0,53.0,8.498826433908633,52.10084033613446,52.78227046999046,8479410,D,75.0,212.0,1998-06-25,RUS,2016.0,1.0,9.0,L,26,"[24, 55, 73, 64, 88]","[79, 88, 94, 70, 95]","[24, 30, 33, 39, 34]","['TBL', 'TBL', 'TBL', 'TBL', 'UTA']"
2024-2025,Miro Heiskanen,DAL,D,97.1,87.3,92.2,77.4,,36.1,75.8,86.5,70.9,99.6,20.1,59.4,40.6,82.0,79.1,8,32,20,20.0,,157,60,34,72,2,196,100,146,45,52,244,84,171,First Pair,50.0,1258.0166666666669,5.0,20.0,25.0,7.6721149451562045,53.16455696202531,54.50649591195078,8480036,D,74.0,197.0,1999-07-18,FIN,2017.0,1.0,3.0,L,25,"[96, 97, 94, 99, 95]","[90, 95, 75, 91, 84]","[76, 95, 91, 99, 82]","['DAL', 'DAL', 'DAL', 'DAL', 'DAL']"
2024-2025,Morgan Rielly,TOR,D,36.9,72.5,1.6,95.2,,10.7,45.1,69.7,93.9,75.0,27.9,42.6,13.1,80.3,73.0,155,68,241,5.0,,219,135,75,16,59,177,141,213,49,67,244,84,171,Second Pair,82.0,1753.8666666666666,7.0,34.0,41.0,6.574478288109757,50.81967213114754,51.041765111114046,8476853,D,73.0,219.0,1994-03-09,CAN,2012.0,1.0,5.0,L,30,"[89, 66, 61, 32, 38]","[99, 93, 83, 75, 70]","[4, 1, 5, 2, 2]","['TOR', 'TOR', 'TOR', 'TOR', 'TOR']"
2024-2025,Moritz Seider,DET,D,73.8,71.3,87.7,72.6,2.3,50.4,49.2,59.0,57.4,52.5,76.2,1.6,6.6,11.1,97.1,65,71,31,24.0,168.0,122,125,101,105,107,59,241,229,218,8,244,84,171,First Pair,82.0,2055.9166666666665,8.0,38.0,46.0,10.544941080368499,52.72727272727272,50.153930816943095,8481542,D,74.0,210.0,2001-04-06,DEU,2019.0,1.0,6.0,R,23,"[None, 68, 62, 12, 92]","[None, 74, 29, 66, 78]","[None, 32, 85, 26, 96]","[None, 'DET', 'DET', 'DET', 'DET']"
2024-2025,Nate Schmidt,FLA,D,79.5,70.5,73.8,40.5,,63.1,56.1,59.8,20.1,86.5,39.8,56.1,49.6,78.3,4.9,51,73,65,51.0,,91,108,99,196,34,148,108,124,54,233,244,84,171,Third Pair,80.0,1322.3666666666666,5.0,14.0,19.0,3.88405823635665,52.5,58.39181283514442,8477220,D,72.0,197.0,1991-07-16,USA,,,,L,33,"[82, 81, 67, 64, 86]","[89, 79, 70, 65, 73]","[32, 45, 35, 70, 82]","['VAN', 'WPG', 'WPG', 'WPG', 'FLA']"
2024-2025,Neal Pionk,WPG,D,5.7,27.5,16.8,46.4,7.0,88.5,68.0,50.4,79.1,13.5,82.0,13.9,25.8,84.8,45.9,231,178,204,46.0,160.0,29,79,122,52,195,45,211,182,38,133,244,84,171,First Pair,69.0,1522.15,10.0,29.0,39.0,4.967801001399038,58.88888888888889,51.93182865612612,8480145,D,72.0,190.0,1995-07-29,USA,,,,R,29,"[60, 0, 13, 2, 13]","[21, 14, 74, 6, 38]","[38, 2, 4, 12, 35]","['WPG', 'WPG', 'WPG', 'WPG', 'WPG']"
2024-2025,Nick Blankenburg,NSH,D,70.9,52.9,57.8,45.2,62.6,7.0,43.4,90.2,13.1,98.4,54.5,66.4,63.9,14.3,43.9,72,116,104,47.0,65.0,228,139,25,213,5,112,83,89,210,138,244,84,171,Second Pair,60.0,1173.1333333333332,4.0,12.0,16.0,6.406236773378622,45.94594594594595,49.43122481914604,8483565,D,69.0,177.0,1998-05-12,USA,,,,R,26,"[None, None, 54, None, 70]","[None, None, 49, None, 53]","[None, None, 44, None, 58]","[None, None, 'CBJ', None, 'NSH']"
2024-2025,Nick DeSimone,UTA,D,53.3,59.0,29.5,,,52.5,71.3,62.3,65.2,82.4,51.6,99.2,98.0,65.6,11.1,115,101,173,,,117,71,93,86,42,119,3,6,85,218,244,84,171,Third Pair,20.0,311.65,1.0,5.0,6.0,1.126683732227945,61.111111111111114,56.106079726342685,8480084,D,74.0,194.0,1994-11-21,USA,,,,R,29,"[None, None, None, 54, 54]","[None, None, None, 56, 58]","[None, None, None, 31, 33]","[None, None, None, 'NJD', 'UTA']"
2024-2025,Nick Jensen,OTT,D,65.2,9.4,74.2,,22.8,10.2,18.0,38.1,63.9,98.8,45.9,19.7,28.3,52.0,50.4,86,222,64,,133.0,220,201,152,89,4,133,197,176,118,122,244,84,171,Second Pair,71.0,1435.65,3.0,18.0,21.0,3.2817100222690283,54.0,49.926626637081654,8475324,D,72.0,202.0,1990-09-21,USA,2009.0,5.0,150.0,R,33,"[89, 94, 88, 52, 62]","[24, 40, 66, 5, 12]","[92, 88, 81, 74, 72]","['WSH', 'WSH', 'WSH', 'WSH', 'OTT']"
2024-2025,Nick Leddy,STL,D,25.8,58.2,5.3,,,23.8,37.7,8.2,33.2,93.0,0.8,63.5,70.5,23.4,41.8,182,103,232,,,187,153,225,164,18,243,90,73,188,143,244,84,171,Second Pair,31.0,578.7833333333333,2.0,3.0,5.0,0.664734006436074,57.99999999999999,47.21941449353322,8475181,D,72.0,205.0,1991-03-20,USA,2009.0,1.0,16.0,L,33,"[26, 11, 43, 10, 45]","[29, 10, 47, 76, 44]","[3, 5, 20, 1, 23]","['NYI', 'STL', 'STL', 'STL', 'STL']"
2024-2025,Nick Perbix,TBL,D,61.1,33.2,65.2,,,70.9,68.9,63.9,82.4,83.2,58.6,43.0,43.9,72.5,16.8,96,164,86,,,72,77,89,44,40,102,140,138,68,204,244,84,171,Third Pair,74.0,1086.6666666666667,6.0,13.0,19.0,4.383246689420688,52.32558139534884,51.46820878133953,8480246,D,76.0,206.0,1998-06-15,USA,2017.0,6.0,169.0,R,26,"[None, None, 49, 76, 54]","[None, None, 21, 9, 59]","[None, None, 55, 82, 52]","[None, None, 'TBL', 'TBL', 'TBL']"
2024-2025,Nick Seeler,PHI,D,61.5,11.5,82.4,,80.1,23.4,29.5,36.5,63.1,56.1,81.1,47.1,43.4,49.2,39.8,95,217,44,,35.0,188,173,156,91,98,47,130,139,125,148,244,84,171,Third Pair,77.0,1330.5333333333333,3.0,17.0,20.0,3.2703571301438465,52.52525252525253,50.08465323958301,8476372,D,75.0,197.0,1993-06-03,USA,2011.0,5.0,131.0,L,31,"[None, 49, 68, 78, 48]","[None, 15, 14, 51, 5]","[None, 40, 88, 80, 81]","[None, 'PHI', 'PHI', 'PHI', 'PHI']"
2024-2025,Nicolas Hague,VGK,D,20.1,31.6,26.2,,18.1,27.0,42.2,46.3,11.1,48.4,83.2,29.5,39.3,69.7,18.4,196,168,181,,141.0,179,142,132,218,114,42,173,149,75,200,244,84,171,Third Pair,68.0,1155.7333333333331,5.0,7.0,12.0,3.573185116303813,48.148148148148145,47.394183229291585,8479980,D,78.0,245.0,1998-12-05,CAN,2017.0,2.0,34.0,L,25,"[59, 24, 33, 35, 16]","[86, 63, 43, 47, 23]","[30, 33, 40, 50, 16]","['VGK', 'VGK', 'VGK', 'VGK', 'VGK']"
2024-2025,Nikita Zadorov,BOS,D,12.7,28.3,83.6,,46.2,85.7,70.1,42.2,45.9,0.4,91.8,18.4,23.8,56.1,65.2,214,176,41,,93.0,36,74,142,133,227,21,200,187,108,86,244,84,171,Second Pair,81.0,1669.5166666666669,4.0,18.0,22.0,5.873160091806753,53.398058252427184,48.917319789995986,8477507,D,79.0,255.0,1995-04-16,RUS,2013.0,1.0,16.0,L,29,"[14, 25, 71, 4, 13]","[2, 47, 59, 10, 32]","[81, 85, 82, 80, 86]","['CHI', 'CGY', 'CGY', 'VAN', 'BOS']"
2024-2025,Niko Mikkola,FLA,D,22.1,3.3,77.0,,92.4,61.5,50.8,58.2,16.4,11.5,84.8,24.6,16.0,92.2,51.6,191,237,57,,14.0,95,121,103,205,200,38,185,206,20,119,244,84,171,Second Pair,76.0,1534.7666666666669,6.0,16.0,22.0,5.342410117209725,50.48543689320388,54.74441445648953,8478859,D,78.0,204.0,1996-04-27,FIN,2015.0,5.0,127.0,L,28,"[55, 13, 8, 19, 42]","[22, 29, 0, 1, 6]","[53, 46, 74, 72, 80]","['STL', 'STL', 'NYR', 'FLA', 'FLA']"
2024-2025,Nikolas Matinpalo,OTT,D,27.9,41.8,28.7,,,20.5,25.4,82.8,18.9,49.4,78.7,87.3,88.9,22.1,0.8,177,143,175,,,195,183,43,199,113,53,32,28,191,243,244,84,171,Fringe,41.0,517.0,1.0,3.0,4.0,1.9444601722379553,47.05882352941176,46.03585210470813,8484321,D,75.0,213.0,1998-10-05,FIN,,,,R,25,"[None, None, None, None, 29]","[None, None, None, None, 42]","[None, None, None, None, 28]","[None, None, None, None, 'OTT']"
2024-2025,Nils Lundkvist,DAL,D,17.2,66.8,13.9,,,18.9,13.1,64.3,80.3,25.0,54.1,84.4,77.5,87.7,6.6,203,82,211,,,199,213,88,49,167,113,39,56,31,229,244,84,171,Third Pair,39.0,585.4333333333333,0.0,5.0,5.0,2.0800403713737663,55.55555555555556,52.3868325662144,8480878,D,73.0,194.0,2000-07-27,SWE,2018.0,1.0,28.0,R,24,"[None, 53, 29, 22, 19]","[None, 36, 74, 60, 63]","[None, 36, 15, 16, 14]","[None, 'NYR', 'DAL', 'DAL', 'DAL']"
2024-2025,Noah Dobson,NYI,D,74.6,86.9,35.2,11.9,,98.0,95.1,84.4,93.0,41.4,37.3,31.6,17.2,34.8,66.4,63,33,159,75.0,,6,13,39,18,130,154,168,203,160,83,244,84,171,First Pair,71.0,1652.3333333333333,11.0,29.0,40.0,10.776282176517899,51.9607843137255,53.96350043786645,8480865,D,76.0,200.0,2000-01-07,CAN,2018.0,1.0,12.0,R,24,"[45, 87, 53, 48, 85]","[31, 76, 79, 83, 88]","[31, 28, 19, 17, 59]","['NYI', 'NYI', 'NYI', 'NYI', 'NYI']"
2024-2025,Noah Hanifin,VGK,D,93.4,98.0,48.0,34.5,59.1,90.2,79.1,85.2,81.6,43.0,18.4,14.3,3.7,85.7,66.8,17,6,128,56.0,71.0,25,52,37,46,126,200,210,236,36,82,244,84,171,Second Pair,80.0,1724.2,10.0,29.0,39.0,6.876881595122581,51.44927536231883,54.84008698712374,8478396,D,75.0,206.0,1997-01-25,USA,2015.0,1.0,5.0,L,27,"[75, 93, 82, 84, 95]","[87, 94, 97, 90, 99]","[35, 48, 29, 49, 50]","['CGY', 'CGY', 'CGY', 'VGK', 'VGK']"
2024-2025,Noah Juulsen,VAN,D,31.6,25.0,38.5,,36.3,32.0,4.1,16.0,5.3,61.5,98.8,77.9,83.6,64.3,31.6,168,184,151,,110.0,167,235,206,232,86,4,55,41,88,168,244,84,171,Third Pair,35.0,570.1666666666666,0.0,0.0,0.0,0.9607286035710612,36.11111111111111,40.77096529283975,8478454,D,74.0,201.0,1997-04-02,CAN,2015.0,1.0,26.0,R,27,"[None, None, None, 41, 27]","[None, None, None, 25, 25]","[None, None, None, 51, 32]","[None, None, None, 'VAN', 'VAN']"
2024-2025,Nolan Allan,CHI,D,13.1,21.7,20.5,,51.5,48.8,19.3,7.8,58.6,29.5,88.1,75.4,79.5,7.4,35.2,213,192,195,,84.0,126,198,226,102,157,30,61,51,227,159,244,84,171,Third Pair,43.0,650.5166666666667,1.0,7.0,8.0,1.019433970645859,35.84905660377358,36.67242771089827,8482700,D,74.0,195.0,2003-04-28,CAN,2021.0,1.0,32.0,L,21,"[None, None, None, None, 11]","[None, None, None, None, 23]","[None, None, None, None, 18]","[None, None, None, None, 'CHI']"
2024-2025,Olen Zellweger,ANA,D,49.6,57.4,18.9,28.6,,12.3,77.0,92.2,43.4,96.3,35.7,88.9,78.3,6.1,33.6,124,105,199,61.0,,215,57,20,139,10,158,28,54,230,163,244,84,171,Second Pair,62.0,1175.4166666666667,7.0,13.0,20.0,8.098626176882968,53.94736842105263,46.407474541271945,8482803,D,70.0,193.0,2003-09-10,CAN,2021.0,2.0,34.0,L,20,"[None, None, None, 54, 46]","[None, None, None, 33, 65]","[None, None, None, 34, 12]","[None, None, None, 'ANA', 'ANA']"
2024-2025,Oliver Ekman-Larsson,TOR,D,14.3,17.2,36.5,60.7,83.0,38.1,54.9,61.9,63.5,10.2,48.4,45.1,34.4,83.6,70.5,210,203,156,34.0,30.0,152,111,94,90,203,127,135,161,41,73,244,84,171,Second Pair,77.0,1622.2833333333333,4.0,26.0,30.0,5.3339047287524455,54.95495495495496,49.97172816191348,8475171,D,74.0,190.0,1991-07-17,SWE,2009.0,1.0,6.0,L,33,"[5, 63, 19, 48, 6]","[13, 75, 35, 34, 11]","[51, 69, 16, 62, 30]","['ARI', 'VAN', 'VAN', 'FLA', 'TOR']"
2024-2025,Olli Maatta,UTA,D,77.9,8.6,94.3,,72.5,18.0,36.5,50.0,59.8,89.8,39.3,27.0,32.4,35.2,38.9,55,224,15,,48.0,201,156,123,99,26,149,179,166,159,150,244,84,171,Second Pair,77.0,1505.7166666666667,2.0,16.0,18.0,4.571980452372846,51.13636363636363,51.88817017847845,8476874,D,74.0,207.0,1994-08-22,FIN,2012.0,1.0,22.0,L,30,"[65, 67, 53, 79, 80]","[20, 22, 4, 15, 10]","[48, 78, 76, 89, 95]","['LAK', 'LAK', 'DET', 'DET', 'UTA']"
2024-2025,Owen Pickering,PIT,D,47.1,34.4,52.5,,35.7,52.9,50.4,3.3,2.0,67.2,19.3,95.1,98.4,38.1,82.4,130,161,117,,111.0,116,122,237,240,75,198,13,5,152,44,244,84,171,Third Pair,25.0,370.3833333333333,1.0,2.0,3.0,0.46273160804829755,40.909090909090914,46.6434878944586,8483503,D,77.0,206.0,2004-01-27,CAN,2022.0,1.0,21.0,L,20,"[None, None, None, None, 44]","[None, None, None, None, 35]","[None, None, None, None, 50]","[None, None, None, None, 'PIT']"
2024-2025,Owen Power,BUF,D,66.0,79.5,27.0,8.3,53.8,47.5,69.3,75.4,77.9,74.2,10.7,30.3,14.3,19.7,61.1,84,51,179,78.0,80.0,129,76,61,55,61,219,171,210,197,96,244,84,171,Second Pair,79.0,1683.6333333333332,7.0,33.0,40.0,8.184174251878646,48.06201550387597,47.540726132921975,8482671,D,78.0,226.0,2002-11-22,CAN,2021.0,1.0,1.0,L,21,"[None, None, 58, 52, 71]","[None, None, 91, 82, 75]","[None, None, 13, 34, 35]","[None, None, 'BUF', 'BUF', 'BUF']"
2024-2025,Parker Wotherspoon,BOS,D,78.7,65.6,75.0,,48.0,37.7,3.7,0.8,30.3,91.4,79.5,51.2,71.7,36.9,53.3,53,85,62,,90.0,153,236,243,171,22,51,120,70,155,115,244,84,171,Second Pair,55.0,991.6,1.0,6.0,7.0,1.5581409418268597,46.666666666666664,49.04772123437646,8478450,D,73.0,190.0,1997-08-24,CAN,2015.0,4.0,112.0,L,27,"[None, None, None, 68, 83]","[None, None, None, 72, 60]","[None, None, None, 64, 82]","[None, None, None, 'BOS', 'BOS']"
2024-2025,Pavel Mintyukov,ANA,D,23.8,70.9,2.0,16.7,42.7,66.4,75.0,73.4,64.3,74.6,44.7,46.7,54.5,5.3,53.7,187,72,240,71.0,99.0,83,62,66,88,60,136,131,112,232,114,244,84,171,Third Pair,68.0,1196.6,5.0,14.0,19.0,5.5638244803778765,50.0,43.45962997498295,8483490,D,73.0,207.0,2003-11-25,RUS,2022.0,1.0,10.0,L,20,"[None, None, None, 50, 14]","[None, None, None, 74, 70]","[None, None, None, 8, 2]","[None, None, None, 'ANA', 'ANA']"
2024-2025,Philip Broberg,STL,D,88.5,80.3,73.0,,57.3,90.6,85.7,71.7,73.4,93.9,33.2,60.7,59.0,44.3,54.1,29,49,67,,74.0,24,36,70,66,16,164,97,101,137,113,244,84,171,Second Pair,68.0,1393.9833333333331,8.0,21.0,29.0,5.289776536956569,63.1578947368421,53.4771647227941,8481598,D,76.0,210.0,2001-06-25,SWE,2019.0,1.0,8.0,L,23,"[None, 45, 66, None, 88]","[None, 34, 50, None, 82]","[None, 49, 48, None, 75]","[None, 'EDM', 'EDM', None, 'STL']"
2024-2025,Philippe Myers,TOR,D,44.7,24.6,52.9,,31.0,56.1,68.4,57.4,0.4,78.1,92.6,89.3,85.2,26.6,37.7,136,185,116,,119.0,108,78,105,244,52,19,27,37,180,153,244,84,171,Third Pair,36.0,584.2833333333333,2.0,3.0,5.0,1.6056518517123306,50.0,46.893413093078,8479026,D,77.0,221.0,1997-01-25,CAN,,,,R,27,"[20, 33, None, None, 43]","[12, 16, None, None, 26]","[39, 47, None, None, 51]","['PHI', 'NSH', None, None, 'TOR']"
2024-2025,Pierre-Olivier Joseph,PIT,D,19.7,61.1,16.0,,28.7,34.4,12.3,26.6,26.2,30.7,35.2,71.3,72.1,52.9,37.3,197,96,206,,123.0,161,215,180,181,155,159,71,69,116,154,244,84,171,Third Pair,47.0,717.2833333333333,0.0,3.0,3.0,1.7178627870866532,28.30188679245283,48.159338287576944,8480058,D,74.0,185.0,1999-07-01,CAN,2017.0,1.0,23.0,L,25,"[51, None, 32, 28, 17]","[38, None, 76, 50, 59]","[42, None, 17, 12, 20]","['PIT', None, 'PIT', 'PIT', 'PIT']"
2024-2025,Quinn Hughes,VAN,D,99.2,90.6,79.1,100.0,,99.6,95.5,86.1,98.8,99.2,3.3,39.8,9.4,38.5,59.4,3,24,52,1.0,,2,12,35,4,3,237,148,222,151,100,244,84,171,First Pair,68.0,1749.5833333333333,16.0,60.0,76.0,10.10238161216661,53.278688524590166,52.558494555508126,8480800,D,70.0,180.0,1999-10-14,USA,2018.0,1.0,7.0,L,24,"[35, 90, 96, 98, 98]","[37, 86, 43, 95, 89]","[15, 58, 84, 77, 78]","['VAN', 'VAN', 'VAN', 'VAN', 'VAN']"
2024-2025,Radko Gudas,ANA,D,68.4,84.8,95.1,,21.1,23.0,28.7,23.0,71.7,1.2,97.1,14.8,36.5,9.0,74.6,78,38,13,,136.0,189,175,189,70,225,8,209,156,223,63,244,84,171,Second Pair,81.0,1609.1166666666666,1.0,15.0,16.0,3.0647850517868997,48.03921568627451,47.01794178119931,8475462,D,72.0,208.0,1990-06-05,CZE,2010.0,3.0,66.0,R,34,"[90, 84, 84, 68, 64]","[79, 75, 76, 79, 87]","[84, 88, 90, 96, 92]","['FLA', 'FLA', 'FLA', 'ANA', 'ANA']"
2024-2025,Rasmus Andersson,CGY,D,43.0,63.5,2.5,92.9,33.3,91.8,84.0,76.2,47.1,73.4,7.8,21.7,5.3,77.9,68.0,140,90,239,7.0,115.0,21,40,59,130,63,226,192,232,55,79,244,84,171,First Pair,81.0,1942.8,11.0,20.0,31.0,8.848003560203821,40.38461538461539,47.20826357446554,8478397,D,73.0,202.0,1996-10-27,SWE,2015.0,2.0,53.0,R,27,"[2, 96, 72, 67, 22]","[2, 78, 29, 70, 61]","[6, 70, 28, 7, 1]","['CGY', 'CGY', 'CGY', 'CGY', 'CGY']"
2024-2025,Rasmus Dahlin,BUF,D,98.0,96.7,88.9,71.4,,95.9,92.6,95.9,97.5,72.5,63.5,26.6,4.9,16.0,73.4,6,9,28,25.0,,11,19,11,7,65,90,180,233,206,66,244,84,171,First Pair,73.0,1769.2,17.0,51.0,68.0,11.387176685844558,58.333333333333336,52.32977507761106,8480839,D,75.0,204.0,2000-04-13,SWE,2018.0,1.0,1.0,L,24,"[64, 20, 89, 95, 99]","[77, 54, 95, 96, 98]","[11, 14, 83, 74, 93]","['BUF', 'BUF', 'BUF', 'BUF', 'BUF']"
2024-2025,Rasmus Ristolainen,PHI,D,68.0,45.9,78.7,20.2,33.9,6.6,24.6,77.9,15.6,79.5,82.8,77.0,71.3,45.9,66.0,79,133,53,68.0,114.0,229,185,55,207,49,43,57,71,133,84,244,84,171,Second Pair,63.0,1293.0333333333333,4.0,15.0,19.0,5.937520579094347,45.88235294117647,52.098719824792575,8477499,D,76.0,208.0,1994-10-27,FIN,2013.0,1.0,8.0,R,29,"[1, 9, 55, 70, 67]","[3, 61, 22, 63, 38]","[17, 7, 83, 55, 84]","['BUF', 'PHI', 'PHI', 'PHI', 'PHI']"
2024-2025,Rasmus Sandin,WSH,D,52.9,80.7,17.2,13.1,,11.1,27.0,41.8,79.9,54.1,60.2,21.3,20.1,79.5,62.3,116,48,203,74.0,,218,179,143,50,103,98,193,196,51,93,244,84,171,Second Pair,82.0,1573.65,4.0,27.0,31.0,4.630911473006351,55.72519083969466,52.6742042930392,8480873,D,71.0,189.0,2000-03-07,SWE,2018.0,1.0,29.0,L,24,"[None, 88, 67, 25, 64]","[None, 79, 89, 76, 81]","[None, 68, 10, 13, 25]","[None, 'TOR', 'WSH', 'WSH', 'WSH']"
2024-2025,Roman Josi,NSH,D,95.5,97.5,33.2,86.9,62.0,88.9,93.9,99.2,96.7,71.3,13.5,69.7,38.1,34.4,59.0,12,7,164,12.0,66.0,28,16,3,9,68,212,75,152,161,101,244,84,171,First Pair,53.0,1326.7166666666667,9.0,29.0,38.0,12.558196890201637,42.04545454545455,50.96143632671094,8474600,D,73.0,201.0,1990-06-01,CHE,2008.0,2.0,38.0,L,34,"[91, 97, 89, 98, 82]","[97, 99, 93, 99, 92]","[63, 62, 33, 42, 31]","['NSH', 'NSH', 'NSH', 'NSH', 'NSH']"
2024-2025,Ryan Graves,PIT,D,57.0,60.2,43.0,,18.7,55.7,32.4,30.7,5.7,87.7,56.1,35.7,58.2,67.2,26.2,106,98,140,,140.0,109,166,170,231,31,108,158,103,81,181,244,84,171,Third Pair,61.0,914.4,1.0,3.0,4.0,1.452846792237726,38.18181818181819,48.73546386997129,8477435,D,77.0,225.0,1995-05-21,CAN,2013.0,4.0,110.0,L,29,"[11, 86, 66, 31, 68]","[31, 80, 78, 58, 50]","[78, 65, 40, 34, 50]","['COL', 'NJD', 'NJD', 'PIT', 'PIT']"
2024-2025,Ryan Lindgren,COL,D,9.0,0.4,60.7,,71.9,58.6,38.9,34.8,45.1,36.5,57.4,47.5,38.5,94.7,49.2,223,244,97,,49.0,102,150,160,135,141,105,129,151,14,125,244,84,171,Second Pair,72.0,1418.6833333333334,4.0,18.0,22.0,3.880155280545681,46.53465346534654,46.19927390630793,8479324,D,72.0,194.0,1998-02-11,USA,2016.0,2.0,49.0,L,26,"[79, 58, 68, 16, 5]","[38, 7, 56, 0, 0]","[88, 93, 86, 67, 44]","['NYR', 'NYR', 'NYR', 'NYR', 'COL']"
2024-2025,Ryan McDonagh,TBL,D,77.0,86.1,68.9,,84.2,12.7,13.9,29.1,84.8,23.4,4.1,11.9,25.0,87.3,76.6,57,35,77,,28.0,214,211,174,38,171,235,216,184,32,58,244,84,171,Second Pair,82.0,1670.3666666666666,4.0,27.0,31.0,4.262346135812041,59.82142857142857,54.05480899778953,8474151,D,73.0,216.0,1989-06-13,USA,2007.0,1.0,12.0,L,35,"[88, 82, 24, 82, 79]","[92, 76, 73, 92, 81]","[66, 81, 12, 76, 77]","['TBL', 'TBL', 'NSH', 'NSH', 'TBL']"
2024-2025,Ryan Pulock,NYI,D,9.8,6.1,13.5,10.7,49.1,74.2,50.0,33.6,41.8,71.7,60.7,15.6,34.8,55.7,63.1,221,230,212,76.0,88.0,64,123,163,143,67,97,207,160,109,91,244,84,171,Second Pair,74.0,1559.9,5.0,18.0,23.0,4.558036787823326,46.93877551020408,45.16890041010798,8477506,D,73.0,219.0,1994-10-06,CAN,2013.0,1.0,15.0,R,29,"[92, 80, 41, 46, 2]","[88, 67, 29, 52, 2]","[96, 75, 27, 57, 4]","['NYI', 'NYI', 'NYI', 'NYI', 'NYI']"
2024-2025,Ryan Shea,PIT,D,27.5,40.2,31.6,,34.5,60.2,55.7,0.4,2.9,41.0,37.7,79.5,93.0,51.6,4.5,178,147,168,,113.0,98,109,244,238,131,153,51,18,119,234,244,84,171,Third Pair,39.0,652.3166666666667,2.0,3.0,5.0,0.7590238608817336,38.63636363636363,46.56802858864382,8478854,D,73.0,200.0,1997-02-11,USA,2015.0,4.0,121.0,L,27,"[None, None, None, 44, 21]","[None, None, None, 52, 29]","[None, None, None, 30, 38]","[None, None, None, 'PIT', 'PIT']"
2024-2025,Ryan Suter,STL,D,36.1,21.3,72.5,,74.9,4.9,9.0,30.3,36.1,20.9,11.9,9.4,13.5,66.8,33.2,157,193,68,,44.0,233,223,171,157,177,216,222,212,82,164,244,84,171,Second Pair,82.0,1596.65,2.0,13.0,15.0,3.2242707041087106,51.35135135135135,47.200059351464986,8470600,D,73.0,201.0,1985-01-21,USA,2003.0,1.0,7.0,L,39,"[76, 9, 56, 30, 37]","[68, 55, 37, 22, 20]","[82, 36, 79, 83, 62]","['MIN', 'DAL', 'DAL', 'DAL', 'STL']"
2024-2025,Ryker Evans,SEA,D,55.7,16.8,70.9,,29.2,68.9,35.2,24.2,48.0,70.7,76.6,73.0,63.5,23.0,38.5,109,204,72,,122.0,77,159,186,128,69,58,67,90,189,151,244,84,171,Second Pair,73.0,1422.0833333333333,5.0,20.0,25.0,3.486037483899274,44.230769230769226,45.06978468605126,8482858,D,72.0,195.0,2001-12-13,CAN,2021.0,2.0,35.0,L,22,"[None, None, None, 55, 56]","[None, None, None, 28, 13]","[None, None, None, 70, 76]","[None, None, None, 'SEA', 'SEA']"
2024-2025,Sam Malinski,COL,D,67.6,55.3,56.6,,,59.0,82.8,67.2,48.4,90.6,57.0,66.8,88.5,41.4,1.6,80,110,107,,,101,43,81,127,24,106,82,29,144,241,244,84,171,Third Pair,76.0,1212.5166666666669,5.0,10.0,15.0,4.130922879914426,54.761904761904766,50.93473490409443,8484258,D,71.0,190.0,1998-07-27,USA,,,,R,26,"[None, None, None, 62, 70]","[None, None, None, 44, 61]","[None, None, None, 45, 64]","[None, None, None, 'COL', 'COL']"
2024-2025,Samuel Girard,COL,D,80.3,81.6,63.9,,63.2,5.3,14.3,52.5,82.8,93.4,27.5,30.7,35.2,76.2,28.7,49,46,89,,64.0,232,210,117,43,17,178,170,159,59,175,244,84,171,Second Pair,73.0,1522.0,3.0,21.0,24.0,4.413790897743436,49.166666666666664,51.717505837061495,8479398,D,70.0,170.0,1998-05-12,CAN,2016.0,2.0,47.0,L,26,"[85, 39, 81, 75, 82]","[62, 30, 70, 79, 84]","[86, 52, 62, 66, 66]","['COL', 'COL', 'COL', 'COL', 'COL']"
2024-2025,Scott Mayfield,NYI,D,52.5,29.5,66.4,,14.6,29.5,17.6,36.1,17.2,76.6,64.3,50.8,64.3,30.3,47.5,117,173,83,,147.0,173,202,157,203,55,88,121,88,171,129,244,84,171,Third Pair,66.0,1122.05,3.0,7.0,10.0,2.6292010845070926,61.25000000000001,47.94615233477044,8476429,D,76.0,215.0,1992-10-14,USA,2011.0,2.0,34.0,R,31,"[18, 29, 53, 41, 58]","[42, 33, 71, 17, 29]","[80, 69, 89, 58, 66]","['NYI', 'NYI', 'NYI', 'NYI', 'NYI']"
2024-2025,Scott Perunovich,NYI,D,61.9,36.5,38.9,64.3,,47.1,30.7,3.7,83.2,98.0,18.9,93.9,82.0,13.5,19.3,94,156,150,31.0,,130,170,236,42,6,199,16,45,212,198,244,84,171,Third Pair,35.0,560.25,2.0,7.0,9.0,0.7818519717003549,45.28301886792453,50.35541618283599,8481059,D,70.0,175.0,1998-08-18,USA,2018.0,2.0,45.0,L,26,"[None, None, None, 60, 63]","[None, None, None, 22, 49]","[None, None, None, 46, 38]","[None, None, None, 'STL', 'NYI']"
2024-2025,Sean Durzi,UTA,D,63.5,66.0,45.5,83.3,64.9,57.0,73.4,73.8,38.9,43.4,25.8,79.9,74.2,73.8,32.8,90,84,134,15.0,61.0,106,66,65,150,125,182,50,64,65,165,244,84,171,Second Pair,30.0,619.4333333333333,4.0,7.0,11.0,3.30491263811276,51.11111111111111,54.338277775581254,8480434,D,73.0,196.0,1998-10-21,CAN,2018.0,2.0,52.0,R,25,"[None, 55, 30, 76, 59]","[None, 64, 17, 77, 64]","[None, 43, 56, 39, 43]","[None, 'LAK', 'LAK', 'ARI', 'UTA']"
2024-2025,Sean Walker,CAR,D,71.7,93.0,34.4,,79.5,54.9,79.9,95.1,57.0,4.9,70.1,43.9,29.1,88.9,23.8,70,18,161,,36.0,111,50,13,106,216,74,138,174,28,187,244,84,171,Third Pair,82.0,1380.3666666666666,5.0,11.0,16.0,8.273473805563457,46.875,55.064216302785695,8480336,D,71.0,191.0,1994-11-13,CAN,,,,R,29,"[29, None, 38, 78, 73]","[82, None, 77, 94, 93]","[9, None, 22, 28, 45]","['LAK', None, 'LAK', 'COL', 'CAR']"
2024-2025,Seth Jones,FLA,D,41.4,58.6,28.3,67.9,93.0,19.7,45.9,65.6,62.3,24.2,45.5,48.8,32.0,7.0,91.4,144,102,176,28.0,13.0,197,133,85,93,169,134,126,167,228,22,244,84,171,First Pair,63.0,1552.4166666666667,9.0,27.0,36.0,6.947639398384329,43.29896907216495,44.92830792902914,8477495,D,76.0,213.0,1994-10-03,USA,2013.0,1.0,4.0,R,29,"[8, 76, 69, 38, 40]","[63, 24, 73, 52, 54]","[37, 96, 56, 61, 14]","['CBJ', 'CHI', 'CHI', 'CHI', 'FLA']"
2024-2025,Shakir Mukhamadullin,SJS,D,52.0,32.8,50.4,,47.4,56.6,76.2,52.9,42.6,85.7,42.2,82.4,90.6,5.7,55.3,118,165,122,,91.0,107,59,116,141,35,142,44,24,231,110,244,84,171,Second Pair,30.0,542.0166666666667,2.0,7.0,9.0,1.7160477731028316,39.39393939393939,43.94295277201385,8482166,D,76.0,200.0,2002-01-10,RUS,2020.0,1.0,20.0,L,22,"[None, None, None, None, 49]","[None, None, None, None, 33]","[None, None, None, None, 46]","[None, None, None, None, 'SJS']"
2024-2025,Shayne Gostisbehere,CAR,D,86.1,84.0,59.0,69.0,,65.6,74.6,82.0,50.0,92.2,6.6,57.0,44.3,69.3,6.1,35,40,101,27.0,,85,63,45,123,20,229,106,137,76,230,244,84,171,Second Pair,70.0,1296.4666666666667,7.0,38.0,45.0,7.8660416635636725,54.32098765432099,58.76991839432477,8476906,D,71.0,183.0,1993-04-20,USA,2012.0,3.0,78.0,L,31,"[91, 77, 86, 90, 77]","[66, 47, 62, 72, 89]","[57, 25, 60, 41, 67]","['PHI', 'ARI', 'CAR', 'DET', 'CAR']"
2024-2025,Shea Theodore,VGK,D,79.9,89.8,30.3,85.7,,26.2,66.8,88.1,100.0,53.3,1.2,62.7,51.6,90.2,50.8,50,26,171,13.0,,181,82,30,1,105,242,92,119,25,121,244,84,171,Second Pair,67.0,1473.4666666666667,7.0,50.0,57.0,7.4600798499903656,56.84210526315789,52.34909214208828,8477447,D,74.0,197.0,1995-08-03,CAN,2013.0,1.0,26.0,L,29,"[94, 89, 88, 82, 74]","[99, 98, 91, 90, 88]","[26, 35, 50, 22, 37]","['VGK', 'VGK', 'VGK', 'VGK', 'VGK']"
2024-2025,Simon Benoit,TOR,D,0.8,2.0,7.0,,8.2,21.3,4.9,4.9,7.4,11.1,98.4,2.5,46.3,49.6,25.4,243,240,228,,158.0,193,233,233,227,201,5,239,132,124,183,244,84,171,Third Pair,78.0,1290.6166666666666,1.0,9.0,10.0,1.6096576152759163,55.69620253164557,42.769782905062094,8481122,D,76.0,210.0,1998-09-19,CAN,,,,L,25,"[None, 28, 0, 18, 0]","[None, 40, 8, 8, 1]","[None, 38, 3, 58, 3]","[None, 'ANA', 'ANA', 'TOR', 'TOR']"
2024-2025,Simon Edvinsson,DET,D,38.9,57.0,64.8,,45.6,45.1,45.5,49.6,87.3,9.4,51.2,10.2,10.7,40.6,96.7,150,106,87,,94.0,135,134,124,32,205,120,220,219,146,9,244,84,171,Second Pair,78.0,1647.5,7.0,24.0,31.0,6.033962706032108,52.38095238095239,48.61464416407482,8482762,D,78.0,222.0,2003-02-05,SWE,2021.0,1.0,6.0,L,21,"[None, None, None, None, 38]","[None, None, None, None, 58]","[None, None, None, None, 63]","[None, None, None, None, 'DET']"
2024-2025,Simon Nemec,NJD,D,26.2,47.1,19.3,,,41.0,72.1,36.9,27.0,56.6,2.9,94.7,88.1,70.5,48.4,181,130,198,,,145,69,155,179,97,238,14,30,73,127,244,84,171,Third Pair,27.0,404.48333333333335,2.0,2.0,4.0,1.0832302967158693,32.0,38.96642991253151,8483495,D,73.0,190.0,2004-02-15,SVK,2022.0,1.0,2.0,R,20,"[None, None, None, 40, 25]","[None, None, None, 57, 34]","[None, None, None, 25, 15]","[None, None, None, 'NJD', 'NJD']"
2024-2025,Spencer Stastney,NSH,D,50.8,55.7,30.7,,40.4,45.9,57.0,48.0,3.7,78.7,13.1,98.4,99.6,28.7,0.4,121,109,170,,103.0,133,106,128,236,51,213,5,2,175,244,244,84,171,Third Pair,23.0,372.05,0.0,3.0,3.0,1.0169385239078998,27.27272727272727,46.83084921790116,8481056,D,72.0,184.0,2000-01-04,USA,2018.0,5.0,131.0,L,24,"[None, None, None, 58, 45]","[None, None, None, 54, 55]","[None, None, None, 44, 27]","[None, None, None, 'NSH', 'NSH']"
2024-2025,TJ Brodie,CHI,D,62.3,12.7,86.1,,,30.3,16.8,6.6,20.9,52.0,24.6,57.8,54.9,19.3,41.4,93,214,35,,,171,204,229,194,108,185,104,111,198,144,244,84,171,Third Pair,54.0,844.15,2.0,8.0,10.0,1.4398978829359785,35.38461538461539,43.80422430866629,8474673,D,74.0,187.0,1990-06-07,CAN,2008.0,4.0,114.0,L,34,"[90, 63, 95, 55, 50]","[70, 10, 25, 9, 17]","[96, 94, 96, 88, 71]","['TOR', 'TOR', 'TOR', 'TOR', 'CHI']"
2024-2025,Thomas Chabot,OTT,D,90.2,94.3,37.3,81.0,26.3,71.7,81.6,90.6,86.5,69.7,26.6,46.3,30.7,48.8,50.0,25,15,154,17.0,127.0,70,46,24,34,71,180,132,170,126,123,244,84,171,First Pair,80.0,1841.9333333333336,9.0,36.0,45.0,8.790007933381723,53.2258064516129,51.99088254825362,8478469,D,73.0,200.0,1997-01-30,CAN,2015.0,1.0,18.0,L,27,"[60, 88, 82, 90, 89]","[96, 87, 98, 93, 94]","[2, 56, 9, 48, 47]","['OTT', 'OTT', 'OTT', 'OTT', 'OTT']"
2024-2025,Thomas Harley,DAL,D,89.8,90.2,54.5,79.8,83.6,98.8,97.5,96.3,67.6,43.9,26.2,32.4,12.3,79.1,51.2,26,25,112,18.0,29.0,4,7,10,80,124,181,166,215,52,120,244,84,171,First Pair,78.0,1823.8166666666664,16.0,34.0,50.0,10.290802388965949,61.71875,53.68791448447071,8481581,D,75.0,214.0,2001-08-19,USA,2019.0,1.0,18.0,L,23,"[None, 64, None, 82, 94]","[None, 66, None, 83, 91]","[None, 47, None, 58, 56]","[None, 'DAL', None, 'DAL', 'DAL']"
2024-2025,Timothy Liljegren,SJS,D,75.4,85.2,63.5,47.6,,70.5,67.6,57.8,10.2,39.3,66.8,59.0,50.0,27.0,63.5,61,37,90,45.0,,73,80,104,220,134,82,101,123,179,90,244,84,171,Second Pair,68.0,1305.3333333333333,6.0,11.0,17.0,4.757375144787497,40.625,46.93254469376761,8480043,D,73.0,200.0,1999-04-30,SWE,2017.0,1.0,17.0,R,25,"[None, 80, 69, 85, 69]","[None, 71, 80, 85, 83]","[None, 64, 65, 64, 65]","[None, 'TOR', 'TOR', 'TOR', 'SJS']"
2024-2025,Tony DeAngelo,NYI,D,26.6,82.4,1.2,51.2,,33.2,54.1,81.1,74.6,81.1,4.9,92.2,84.8,54.5,36.5,180,44,242,42.0,,164,113,47,63,45,233,20,38,112,156,244,84,171,First Pair,35.0,817.0333333333333,4.0,15.0,19.0,4.23244821837863,47.368421052631575,49.871341762244775,8477950,D,72.0,190.0,1995-10-24,USA,2014.0,1.0,19.0,R,28,"[None, 64, 23, 37, 29]","[None, 88, 93, 67, 83]","[None, 1, 0, 8, 1]","[None, 'CAR', 'PHI', 'CAR', 'NYI']"
2024-2025,Travis Hamonic,OTT,D,4.5,28.7,2.9,,25.7,22.5,31.1,41.0,6.6,34.0,68.0,66.0,66.4,66.0,46.7,234,175,238,,128.0,190,169,145,229,147,79,84,83,84,131,244,84,171,Third Pair,59.0,1006.95,1.0,6.0,7.0,2.4968861784032965,32.20338983050847,46.73238587407679,8474612,D,73.0,193.0,1990-08-16,CAN,2008.0,2.0,53.0,R,34,"[9, 21, 6, 7, 7]","[28, 38, 52, 20, 27]","[21, 16, 6, 5, 5]","['VAN', 'OTT', 'OTT', 'OTT', 'OTT']"
2024-2025,Travis Sanheim,PHI,D,84.4,71.7,88.1,,97.1,60.7,83.6,95.5,51.6,35.2,36.5,3.7,0.4,56.6,81.1,39,70,30,,6.0,97,41,12,119,144,156,236,244,107,47,244,84,171,First Pair,82.0,2008.6166666666663,8.0,22.0,30.0,11.022737086802204,46.0,54.0148933619665,8477948,D,76.0,222.0,1996-03-29,CAN,2014.0,1.0,17.0,L,28,"[92, 84, 51, 87, 85]","[83, 80, 18, 67, 79]","[92, 77, 69, 86, 87]","['PHI', 'PHI', 'PHI', 'PHI', 'PHI']"
2024-2025,Trevor van Riemsdyk,WSH,D,87.3,68.9,98.0,,80.7,8.2,8.6,22.5,67.2,32.8,2.0,24.2,33.2,33.6,40.2,32,77,6,,34.0,225,224,190,81,150,240,186,164,163,147,244,84,171,Third Pair,82.0,1447.9833333333331,1.0,20.0,21.0,3.179490605135784,57.42574257425742,51.50485602340875,8477845,D,75.0,210.0,1991-07-24,USA,,,,R,33,"[71, 87, 91, 90, 83]","[59, 38, 60, 71, 64]","[58, 87, 89, 97, 99]","['WSH', 'WSH', 'WSH', 'WSH', 'WSH']"
2024-2025,Troy Stecher,EDM,D,4.1,10.2,18.0,,,44.7,38.1,45.9,19.7,13.9,50.0,58.6,62.3,77.5,5.3,235,220,201,,,136,152,133,197,194,123,102,93,56,232,244,84,171,Third Pair,66.0,915.65,3.0,4.0,7.0,2.02783828536191,46.55172413793103,48.63523067869248,8479442,D,70.0,184.0,1994-04-07,CAN,,,,R,30,"[50, 37, 3, 16, 6]","[30, 52, 12, 26, 7]","[66, 34, 6, 32, 16]","['DET', 'LAK', 'CGY', 'EDM', 'EDM']"
2024-2025,Ty Emberson,EDM,D,55.3,20.5,58.2,,53.2,50.0,26.2,19.3,70.1,91.0,95.1,70.1,74.6,24.6,32.4,110,195,103,,81.0,123,181,198,74,23,13,74,63,185,166,244,84,171,Third Pair,76.0,1148.6166666666666,2.0,11.0,13.0,2.020188330446524,43.90243902439025,50.62727370366661,8480834,D,72.0,193.0,2000-05-23,USA,2018.0,3.0,73.0,R,24,"[None, None, None, 51, 57]","[None, None, None, 27, 16]","[None, None, None, 56, 61]","[None, None, None, 'SJS', 'EDM']"
2024-2025,Tyler Kleven,OTT,D,37.7,1.2,72.1,,,82.0,67.2,32.0,8.6,85.7,89.3,41.8,41.4,31.6,16.0,153,242,69,,,45,81,167,224,35,27,143,144,168,206,244,84,171,Third Pair,79.0,1142.7833333333333,4.0,6.0,10.0,3.09468477367414,40.27777777777778,44.78541302093703,8482095,D,77.0,225.0,2002-01-10,USA,2020.0,2.0,44.0,L,22,"[None, None, None, None, 37]","[None, None, None, None, 3]","[None, None, None, None, 70]","[None, None, None, None, 'OTT']"
2024-2025,Tyler Myers,VAN,D,1.6,23.0,58.6,,4.7,25.8,41.4,55.3,82.0,0.8,40.2,11.1,30.3,71.7,67.6,241,189,102,,164.0,182,144,110,45,226,147,218,171,70,80,244,84,171,Second Pair,71.0,1476.2166666666667,6.0,18.0,24.0,5.5691859398585315,49.504950495049506,50.7403607224403,8474574,D,80.0,229.0,1990-02-01,USA,2008.0,1.0,12.0,R,34,"[0, 4, 1, 3, 1]","[46, 59, 7, 64, 15]","[1, 39, 59, 42, 66]","['VAN', 'VAN', 'VAN', 'VAN', 'VAN']"
2024-2025,Tyler Tucker,STL,D,34.4,37.3,45.9,,43.9,68.4,78.7,13.1,7.8,38.9,96.7,93.0,96.3,8.6,1.2,161,154,133,,97.0,78,53,213,226,135,9,18,10,224,242,244,84,171,Third Pair,38.0,553.9166666666666,3.0,4.0,7.0,1.099581048625067,53.125,49.65331294804488,8481006,D,73.0,204.0,2000-03-01,CAN,2018.0,7.0,200.0,L,24,"[None, None, 48, 35, 36]","[None, None, 31, 28, 46]","[None, None, 46, 43, 45]","[None, None, 'STL', 'STL', 'STL']"
2024-2025,Urho Vaakanainen,NYR,D,33.2,25.8,32.0,,24.6,29.9,20.1,27.0,79.5,80.7,24.2,55.7,72.5,9.4,49.6,164,182,167,,130.0,172,196,179,51,46,186,109,68,222,124,244,84,171,Third Pair,51.0,836.95,2.0,14.0,16.0,2.0344844857147484,54.09836065573771,46.22366936602524,8480001,D,74.0,202.0,1999-01-01,FIN,2017.0,1.0,18.0,L,25,"[None, 24, 31, 27, 41]","[None, 26, 35, 18, 30]","[None, 15, 20, 27, 44]","[None, 'ANA', 'ANA', 'ANA', 'NYR']"
2024-2025,Uvis Balinskis,FLA,D,46.7,13.5,51.2,29.8,,64.8,66.0,69.3,12.7,91.8,75.4,89.8,85.7,92.6,7.0,131,212,120,60.0,,87,84,76,214,21,61,26,36,19,228,244,84,171,Third Pair,76.0,1128.8,4.0,14.0,18.0,3.9128363593359743,46.26865671641791,55.6587449540589,8484304,D,72.0,196.0,1996-08-01,LVA,,,,L,28,"[None, None, None, 46, 46]","[None, None, None, 28, 8]","[None, None, None, 36, 61]","[None, None, None, 'FLA', 'FLA']"
2024-2025,Victor Hedman,TBL,D,91.8,93.9,23.8,96.4,64.3,97.5,96.3,97.1,98.0,36.1,12.7,39.3,18.0,86.9,70.1,21,16,187,4.0,62.0,7,10,8,6,142,214,149,201,33,74,244,84,171,First Pair,79.0,1823.3,15.0,51.0,66.0,14.179964901394174,59.32203389830508,53.51612529536586,8475167,D,79.0,244.0,1990-12-18,SWE,2009.0,1.0,2.0,L,33,"[93, 99, 78, 92, 90]","[81, 97, 94, 95, 92]","[88, 92, 9, 23, 37]","['TBL', 'TBL', 'TBL', 'TBL', 'TBL']"
2024-2025,Victor Mancini,VAN,D,18.9,19.3,20.1,,,46.3,29.9,39.3,18.4,67.2,73.4,94.3,92.6,37.3,11.9,199,198,196,,,132,172,149,200,75,66,15,19,154,216,244,84,171,Third Pair,31.0,474.4666666666667,2.0,6.0,8.0,1.2530208820713902,36.36363636363637,39.542648616903534,8483768,D,75.0,229.0,2002-05-26,USA,2022.0,5.0,159.0,R,22,"[None, None, None, None, 21]","[None, None, None, None, 23]","[None, None, None, None, 17]","[None, None, None, None, 'VAN']"
2024-2025,Vince Dunn,SEA,D,76.6,91.8,4.5,59.5,,92.2,91.0,84.8,92.2,75.8,12.3,52.9,40.2,29.1,69.3,58,21,234,35.0,,20,23,38,20,57,215,116,147,174,76,244,84,171,First Pair,62.0,1368.9,11.0,28.0,39.0,6.912934475064573,52.94117647058824,47.805093707458546,8478407,D,72.0,200.0,1996-10-29,CAN,2015.0,2.0,56.0,L,27,"[42, 26, 80, 60, 82]","[41, 49, 88, 88, 94]","[61, 22, 47, 4, 7]","['STL', 'SEA', 'SEA', 'SEA', 'SEA']"
2024-2025,Vincent Desharnais,SJS,D,30.7,15.2,62.7,,90.1,25.4,1.6,1.2,4.9,26.6,82.4,75.0,73.0,67.6,14.3,170,208,92,,18.0,183,241,242,233,163,44,62,67,80,210,244,84,171,Third Pair,51.0,811.8666666666667,0.0,3.0,3.0,0.9116579544007615,36.734693877551024,48.45853979567137,8479576,D,79.0,225.0,1996-05-29,CAN,2016.0,7.0,183.0,R,28,"[None, None, 50, 21, 39]","[None, None, 53, 16, 13]","[None, None, 44, 71, 60]","[None, None, 'EDM', 'EDM', 'SJS']"
2024-2025,Vladislav Gavrikov,LAK,D,83.6,72.1,82.8,,98.2,51.2,49.6,56.6,55.7,33.2,8.6,5.7,8.6,95.9,58.6,41,69,43,,4.0,120,124,107,109,149,224,231,224,11,102,244,84,171,First Pair,82.0,1893.1,5.0,25.0,30.0,6.4772719440519975,59.61538461538461,56.90129003780554,8478882,D,75.0,210.0,1995-11-21,RUS,2015.0,6.0,159.0,L,28,"[55, 43, 36, 73, 91]","[66, 85, 52, 76, 74]","[55, 13, 68, 23, 94]","['CBJ', 'CBJ', 'LAK', 'LAK', 'LAK']"
2024-2025,Vladislav Kolyachonok,PIT,D,29.9,50.0,24.6,,,59.8,77.9,31.6,74.2,40.0,52.5,96.7,92.2,57.4,28.3,172,123,185,,,99,55,168,64,133,117,9,20,105,176,244,84,171,Third Pair,35.0,455.6,2.0,5.0,7.0,1.0465044405183697,35.13513513513514,52.33233267249992,8481609,D,74.0,198.0,2001-05-26,BLR,2019.0,2.0,52.0,L,23,"[None, 41, None, None, 32]","[None, 43, None, None, 50]","[None, 34, None, None, 23]","[None, 'ARI', None, None, 'PIT']"
2024-2025,Will Borgen,NYR,D,21.7,6.6,47.1,,69.0,69.7,43.9,28.7,60.7,55.7,87.3,1.2,23.4,52.5,75.8,192,229,130,,54.0,75,138,175,97,99,32,242,188,117,60,244,84,171,Third Pair,84.0,1434.85,5.0,10.0,15.0,3.0247854692951606,44.44444444444444,44.5339358715048,8478840,D,75.0,199.0,1996-12-19,USA,2015.0,4.0,92.0,R,27,"[None, 54, 64, 27, 18]","[None, 24, 15, 16, 4]","[None, 61, 72, 61, 27]","[None, 'SEA', 'SEA', 'SEA', 'NYR']"
2024-2025,Wyatt Kaiser,CHI,D,43.9,46.7,37.7,,23.4,57.4,23.4,18.9,6.1,63.9,48.8,78.3,76.6,1.2,20.9,138,131,153,,132.0,105,188,199,230,81,126,54,58,242,194,244,84,171,Second Pair,57.0,1032.6666666666667,4.0,4.0,8.0,2.4370890469023467,49.23076923076923,45.41017131610734,8482176,D,72.0,190.0,2002-07-31,USA,2020.0,3.0,81.0,L,22,"[None, None, None, 34, 52]","[None, None, None, 36, 53]","[None, None, None, 45, 36]","[None, None, None, 'CHI', 'CHI']"
2024-2025,Zac Jones,NYR,D,35.7,51.6,34.0,38.1,,19.3,23.0,68.4,83.6,41.8,29.5,86.1,84.4,28.3,13.1,158,119,162,53.0,,198,189,78,41,129,173,35,39,176,213,244,84,171,Third Pair,46.0,793.6833333333334,1.0,10.0,11.0,3.3614945644445497,50.0,47.88144696123624,8481708,D,71.0,190.0,2000-10-18,USA,2019.0,3.0,68.0,L,23,"[None, None, None, 45, 28]","[None, None, None, 49, 52]","[None, None, None, 42, 32]","[None, None, None, 'NYR', 'NYR']"
2024-2025,Zach Bogosian,MIN,D,11.9,62.7,16.4,,39.8,77.5,52.9,29.9,36.9,5.3,56.6,43.4,52.9,47.1,7.8,216,92,205,,104.0,56,116,172,155,215,107,139,116,130,226,244,84,171,Third Pair,81.0,1280.3666666666666,4.0,12.0,16.0,2.453837176856014,42.5,46.66994424220686,8474567,D,75.0,231.0,1990-07-15,USA,2008.0,1.0,3.0,R,34,"[9, 12, 16, 15, 11]","[63, 62, 48, 48, 66]","[27, 14, 12, 38, 11]","['TOR', 'TBL', 'TBL', 'MIN', 'MIN']"
2024-2025,Zach Werenski,CBJ,D,94.3,99.2,6.6,76.2,16.4,87.3,99.2,99.6,99.6,87.3,2.5,72.5,58.6,15.6,94.3,15,3,229,21.0,144.0,32,3,2,2,32,239,68,102,207,15,244,84,171,First Pair,81.0,2166.366666666667,23.0,59.0,82.0,21.1736155765142,57.333333333333336,53.113311495160275,8478460,D,74.0,214.0,1997-07-19,USA,2015.0,1.0,8.0,L,27,"[66, 46, 62, 70, 98]","[67, 83, 58, 96, 100]","[24, 6, 43, 3, 10]","['CBJ', 'CBJ', 'CBJ', 'CBJ', 'CBJ']"
2024-2025,Zach Whitecloud,VGK,D,77.5,68.4,80.7,,48.5,67.6,55.3,43.4,31.6,64.3,91.4,35.2,45.9,58.6,20.1,56,78,48,,89.0,80,110,139,168,80,22,159,133,102,196,244,84,171,Third Pair,74.0,1295.8,4.0,9.0,13.0,3.2362887698992475,51.76470588235295,52.97659316051466,8480727,D,74.0,210.0,1996-11-28,CAN,,,,R,27,"[75, 85, 26, 81, 80]","[35, 59, 37, 35, 77]","[81, 91, 56, 91, 73]","['VGK', 'VGK', 'VGK', 'VGK', 'VGK']"
