Season,Player ID,Player,Team,Position,ovr_pct,evo_pct,evd_pct,ppl_pct,pkl_pct,fin_pct,gol_pct,xgl_pct,ast_pct,pen_pct,hit_pct,ozs_pct,pdo_pct,tmt_pct,cmp_pct,ovr_rank,evo_rank,evd_rank,ppl_rank,pkl_rank,fin_rank,gol_rank,xgl_rank,ast_rank,pen_rank,hit_rank,ozs_rank,pdo_rank,tmt_rank,cmp_rank,all_players,ppl_players,pkl_players,Role,GP,TOI,Goals,Total Assists,Total Points,ixG,GF%,xGF%,Specific Position,Height (in),Weight (lbs),Date of Birth,Birth Country,Draft Year,Draft Round,Overall Draft Position,Shoots Catches,Age,ovr_history,evo_history,evd_history,team_history
2025-2026,8477932,Aaron Ekblad,FLA,D,40.8,66.7,28.3,59.8,97.2,12.9,37.9,49.6,68.3,12.9,33.3,62.9,50.4,95.0,98.8,143,81,173,36.0,6.0,210,150,122,77,197,161,90,120,13,4,240,87,177,First Pair,72.0,1618.4,4.0,22.0,26.0,5.65364505766263,48.64864864864865,49.412483505872714,D,76.0,220.0,1996-02-07,CAN,2014.0,1.0,1.0,R,29,"[93, 76, 63, 59, 25]","[86, 80, 76, 76, 64]","[78, 57, 68, 37, 16]","['FLA', 'FLA', 'FLA', 'FLA', 'FLA']"
2025-2026,8480871,Adam Boqvist,NYI,D,25.4,52.5,8.3,,,45.8,44.2,59.6,15.0,71.2,24.2,91.2,26.2,23.3,15.0,180,115,221,,,131,135,98,205,63,183,22,178,185,205,240,87,177,Third Pair,28.0,366.68333333333334,0.0,4.0,4.0,1.1371199728329684,34.61538461538461,44.65821767981622,D,72.0,195.0,2000-08-15,SWE,2018.0,1.0,8.0,R,25,"[29, 47, 40, 23, 27]","[42, 66, 63, 55, 52]","[7, 7, 7, 9, 10]","['CBJ', 'CBJ', 'CBJ', 'NYI', 'NYI']"
2025-2026,8479323,Adam Fox,NYR,D,99.6,98.8,92.1,98.9,,61.3,64.6,83.3,96.7,48.3,12.9,93.3,87.1,43.3,80.4,2,4,20,2.0,,94,86,41,9,117,210,17,32,137,48,240,87,177,First Pair,55.0,1299.5833333333333,9.0,44.0,53.0,7.669096903370253,56.9620253164557,57.50438479453602,D,71.0,185.0,1998-02-17,USA,2016.0,3.0,66.0,R,27,"[98, 100, 100, 99, 97]","[97, 99, 98, 99, 97]","[92, 95, 93, 91, 90]","['NYR', 'NYR', 'NYR', 'NYR', 'NYR']"
2025-2026,8476457,Adam Larsson,SEA,D,15.4,10.8,64.2,,40.7,85.0,67.9,48.3,62.5,7.9,50.4,50.0,62.1,12.9,78.8,204,215,87,,106.0,37,78,125,91,209,120,121,92,210,52,240,87,177,Second Pair,82.0,1752.6,7.0,18.0,25.0,3.84275448140536,45.76271186440678,43.9180058443789,D,75.0,207.0,1992-11-12,SWE,2011.0,1.0,4.0,R,32,"[2, 60, 4, 25, 15]","[2, 28, 1, 34, 8]","[80, 94, 62, 64, 63]","['SEA', 'SEA', 'SEA', 'SEA', 'SEA']"
2025-2026,8476917,Adam Pelech,NYI,D,93.8,70.8,100.0,,13.6,0.4,15.4,79.6,44.6,45.0,43.8,45.0,9.2,7.1,84.6,16,71,1,,154.0,240,204,50,134,125,136,133,219,224,38,240,87,177,Second Pair,82.0,1713.0333333333333,5.0,12.0,17.0,5.869120552952607,47.52475247524752,52.45108224803591,D,75.0,212.0,1994-08-16,CAN,2012.0,3.0,65.0,L,31,"[97, 83, 88, 93, 92]","[94, 56, 59, 69, 74]","[98, 96, 95, 99, 100]","['NYI', 'NYI', 'NYI', 'NYI', 'NYI']"
2025-2026,8482482,Adam Wilsby,NSH,D,48.8,36.2,65.0,,46.9,5.8,13.3,75.8,24.2,49.2,35.4,19.6,37.5,37.9,48.8,124,154,85,,95.0,227,209,59,183,115,156,194,151,150,124,240,87,177,Third Pair,58.0,986.4833333333332,1.0,15.0,16.0,3.77745412689525,46.96969696969697,48.70323384809542,D,73.0,188.0,2000-08-07,SWE,2020.0,4.0,101.0,L,25,"[None, None, None, 54, 37]","[None, None, None, 51, 31]","[None, None, None, 55, 69]","[None, None, None, 'NSH', 'NSH']"
2025-2026,8481607,Albert Johansson,DET,D,35.4,8.3,27.1,,58.2,42.5,35.8,24.6,5.8,97.9,57.5,72.5,10.4,24.2,57.1,156,221,176,,75.0,139,155,182,227,6,103,67,216,183,104,240,87,177,Third Pair,82.0,1307.0666666666666,3.0,8.0,11.0,2.9379875323549034,37.03703703703704,46.644324857629606,D,72.0,195.0,2001-01-04,SWE,2019.0,2.0,60.0,L,24,"[None, None, None, 33, 39]","[None, None, None, 23, 7]","[None, None, None, 24, 24]","[None, None, None, 'DET', 'DET']"
2025-2026,8480831,Alec Regula,EDM,D,29.2,41.2,45.8,,44.1,34.2,1.9,2.9,12.1,31.7,48.3,56.7,0.4,70.8,3.3,171,142,131,,100.0,159,233,234,212,155,125,105,240,71,233,240,87,177,Third Pair,29.0,419.6,0.0,3.0,3.0,0.6046598880169788,24.24242424242424,49.43210336708352,D,76.0,211.0,2000-08-06,USA,2018.0,3.0,67.0,R,25,"[None, None, None, None, 30]","[None, None, None, None, 41]","[None, None, None, None, 44]","[None, None, None, None, 'EDM']"
2025-2026,8481568,Alex Vlasic,CHI,D,61.3,20.0,62.1,,85.3,20.8,16.7,14.2,49.6,88.8,25.0,6.7,40.4,2.1,99.6,94,193,92,,27.0,191,201,207,122,26,181,225,144,236,2,240,87,177,Second Pair,81.0,1711.75,2.0,19.0,21.0,3.629051436644551,42.5,41.18829018733203,D,78.0,217.0,2001-06-05,USA,2019.0,2.0,43.0,L,24,"[None, None, 65, 58, 62]","[None, None, 36, 29, 15]","[None, None, 83, 51, 62]","[None, None, 'CHI', 'CHI', 'CHI']"
2025-2026,8482100,Alexander Nikishin,CAR,D,46.2,73.3,24.2,37.9,63.8,17.9,59.2,84.2,50.0,40.2,92.1,95.4,57.9,97.1,3.8,130,65,183,55.0,65.0,198,99,39,121,136,20,12,102,8,232,240,87,177,Second Pair,81.0,1472.9333333333334,11.0,22.0,33.0,8.4150127048731,56.99999999999999,55.56492398968545,D,75.0,218.0,2001-10-02,RUS,2020.0,3.0,69.0,L,23,"[None, None, None, None, 49]","[None, None, None, None, 72]","[None, None, None, None, 25]","[None, None, None, None, 'CAR']"
2025-2026,8475755,Alexander Petrovic,DAL,D,14.2,37.1,17.5,,,44.6,39.6,36.2,62.9,18.1,91.2,6.2,82.5,53.3,6.2,207,152,199,,,134,146,154,90,185,22,226,43,113,226,240,87,177,Third Pair,54.0,829.0666666666666,2.0,8.0,10.0,2.390818319851772,51.47058823529411,47.1031777903651,D,77.0,215.0,1992-03-03,CAN,2010.0,2.0,36.0,R,33,"[None, None, None, None, 16]","[None, None, None, None, 37]","[None, None, None, None, 20]","[None, None, None, None, 'DAL']"
2025-2026,8478851,Alexandre Carrier,MTL,D,51.2,45.8,71.2,,88.7,81.2,75.8,47.1,71.2,11.2,58.8,4.6,52.1,56.7,92.1,118,131,70,,21.0,46,59,128,70,201,100,230,116,105,20,240,87,177,Second Pair,73.0,1393.0833333333333,7.0,15.0,22.0,3.1649105504905,50.943396226415096,49.289597777396885,D,71.0,174.0,1996-10-08,CAN,2015.0,4.0,115.0,R,28,"[19, 47, 74, 27, 62]","[11, 35, 39, 31, 59]","[69, 58, 86, 68, 65]","['NSH', 'NSH', 'NSH', 'MTL', 'MTL']"
2025-2026,8479369,Andrew Peeke,BOS,D,10.4,3.3,61.7,,3.4,42.9,24.2,11.7,42.5,48.8,81.7,20.8,21.7,20.8,73.3,216,233,93,,172.0,138,183,213,139,116,45,191,189,191,65,240,87,177,Second Pair,77.0,1492.6833333333334,5.0,9.0,14.0,3.1545936482501915,42.857142857142854,44.06311390041572,D,75.0,214.0,1998-03-17,USA,2016.0,2.0,34.0,R,27,"[21, 41, 27, 21, 5]","[8, 3, 12, 4, 3]","[83, 83, 61, 82, 37]","['CBJ', 'CBJ', 'BOS', 'BOS', 'BOS']"
2025-2026,8482964,Arber Xhekaj,MTL,D,3.8,19.6,17.1,,,24.2,18.3,22.1,11.2,9.2,98.3,44.6,32.1,32.5,10.0,232,194,200,,,183,197,188,214,206,5,134,164,163,217,240,87,177,Fringe,65.0,742.4666666666667,1.0,3.0,4.0,1.4323384390224714,42.592592592592595,45.095300934794736,D,76.0,240.0,2001-01-30,CAN,,,,L,24,"[None, 7, 12, 2, 6]","[None, 20, 37, 20, 16]","[None, 12, 18, 16, 21]","[None, 'MTL', 'MTL', 'MTL', 'MTL']"
2025-2026,8482245,Artem Zub,OTT,D,75.0,17.9,97.5,,98.3,75.4,40.8,23.3,77.1,6.7,40.0,8.3,31.2,92.1,88.3,61,198,7,,4.0,60,143,185,56,212,145,221,166,20,29,240,87,177,Second Pair,81.0,1684.1833333333334,5.0,25.0,30.0,3.95332069588034,53.333333333333336,53.31617406189536,D,75.0,201.0,1995-10-03,RUS,,,,R,29,"[13, 35, 87, 75, 69]","[35, 9, 62, 29, 10]","[71, 84, 89, 90, 97]","['OTT', 'OTT', 'OTT', 'OTT', 'OTT']"
2025-2026,8484783,Artyom Levshunov,CHI,D,7.1,47.5,5.4,25.3,,9.2,5.0,32.9,26.2,37.9,67.9,98.3,6.2,1.2,60.8,224,127,228,66.0,,219,229,162,178,141,78,5,226,238,95,240,87,177,Second Pair,68.0,1331.4,2.0,22.0,24.0,5.1464630673459855,35.78947368421053,41.26228312153731,D,74.0,208.0,2005-10-28,BLR,2024.0,1.0,2.0,R,19,"[None, None, None, 31, 3]","[None, None, None, 47, 51]","[None, None, None, 24, 1]","[None, None, None, 'CHI', 'CHI']"
2025-2026,8484223,Axel Sandin-Pellikka,DET,D,41.7,35.4,15.4,56.3,,91.7,95.8,42.5,32.5,80.6,39.2,84.6,2.9,3.3,12.5,141,156,204,39.0,,21,11,139,163,44,147,38,234,233,211,240,87,177,Third Pair,68.0,1102.3333333333333,7.0,14.0,21.0,3.6088920171669474,40.74074074074074,45.66925726589764,D,72.0,186.0,2005-03-11,SWE,2023.0,1.0,17.0,R,20,"[None, None, None, None, 46]","[None, None, None, None, 35]","[None, None, None, None, 17]","[None, None, None, None, 'DET']"
2025-2026,8475279,Ben Chiarot,DET,D,0.4,4.2,1.2,,5.1,76.7,52.9,38.8,20.4,1.2,78.3,32.1,30.4,48.8,81.7,240,231,238,,169.0,57,114,148,192,225,53,164,168,124,45,240,87,177,Second Pair,82.0,1708.6,5.0,10.0,15.0,3.815062986018196,42.73504273504273,43.90381585295397,D,75.0,222.0,1991-05-09,CAN,2009.0,4.0,120.0,L,34,"[0, 2, 1, 0, 0]","[69, 6, 15, 4, 8]","[5, 21, 18, 3, 0]","['FLA', 'DET', 'DET', 'DET', 'DET']"
2025-2026,8477018,Ben Hutton,VGK,D,61.7,46.7,37.1,,,87.5,97.5,71.7,43.3,86.2,53.3,95.8,57.1,71.2,1.2,93,129,152,,,31,7,69,137,32,113,11,104,70,238,240,87,177,Third Pair,55.0,802.25,6.0,9.0,15.0,2.631514034170665,51.31578947368421,53.06623961111996,D,75.0,209.0,1993-04-20,CAN,2012.0,5.0,147.0,L,32,"[39, 62, 54, None, 65]","[47, 39, 42, None, 47]","[23, 39, 50, None, 35]","['VGK', 'VGK', 'VGK', None, 'VGK']"
2025-2026,8481524,Bowen Byram,BUF,D,25.8,50.4,39.6,21.8,20.3,86.7,90.0,89.2,85.4,19.2,35.0,52.9,78.3,68.8,57.9,179,120,146,69.0,142.0,33,25,27,36,183,157,114,53,76,102,240,87,177,First Pair,82.0,1831.9666666666667,11.0,31.0,42.0,10.950040287585624,52.142857142857146,49.524312998792354,D,73.0,205.0,2001-06-13,CAN,2019.0,1.0,4.0,L,24,"[63, 57, 10, 14, 45]","[62, 54, 57, 42, 55]","[50, 56, 4, 18, 62]","['COL', 'COL', 'BUF', 'BUF', 'BUF']"
2025-2026,8482073,Braden Schneider,NYR,D,9.6,15.8,8.8,,28.8,19.6,31.7,39.6,54.2,75.0,93.8,10.8,64.6,40.0,47.9,218,203,220,,127.0,194,165,146,111,56,16,215,86,145,126,240,87,177,Second Pair,82.0,1676.2666666666669,2.0,16.0,18.0,4.159914218583826,46.61016949152542,44.849596864901464,D,75.0,206.0,2001-09-20,CAN,2020.0,1.0,19.0,R,23,"[26, 12, 22, 21, 5]","[12, 2, 29, 49, 5]","[26, 9, 9, 6, 15]","['NYR', 'NYR', 'NYR', 'NYR', 'NYR']"
2025-2026,8476869,Brady Skjei,NSH,D,16.2,58.3,14.2,51.7,91.0,29.6,51.7,68.8,50.8,7.5,21.2,35.4,28.7,64.2,87.9,202,101,207,43.0,17.0,170,117,76,119,210,190,156,172,87,30,240,87,177,First Pair,82.0,1853.9833333333331,3.0,23.0,26.0,6.747418477293064,48.36065573770492,47.98795529842773,D,75.0,210.0,1994-03-26,USA,2012.0,1.0,28.0,L,31,"[19, 44, 80, 14, 12]","[73, 63, 50, 73, 43]","[4, 32, 60, 5, 20]","['CAR', 'CAR', 'CAR', 'NSH', 'NSH']"
2025-2026,8478443,Brandon Carlo,TOR,D,23.8,1.2,73.8,,98.9,10.4,5.8,8.8,3.8,15.0,66.2,2.1,78.8,28.3,90.0,184,238,64,,3.0,216,227,220,232,192,82,236,52,173,25,240,87,177,Second Pair,55.0,1065.1,0.0,7.0,7.0,3.3720745885966,46.42857142857143,45.81147880069475,D,77.0,227.0,1996-11-26,USA,2015.0,2.0,37.0,R,28,"[31, 73, 34, 46, 17]","[0, 9, 0, 2, 7]","[72, 94, 80, 88, 54]","['BOS', 'BOS', 'BOS', 'TOR', 'TOR']"
2025-2026,8477986,Brandon Montour,SEA,D,43.8,87.5,6.2,62.1,,62.1,89.2,96.7,35.4,20.8,36.2,63.3,20.4,8.3,82.1,136,31,226,34.0,,92,27,9,156,179,154,89,192,221,44,240,87,177,First Pair,64.0,1443.8166666666666,11.0,21.0,32.0,9.941918000823676,41.66666666666667,47.180625319636555,D,72.0,199.0,1994-04-11,CAN,2014.0,2.0,55.0,R,31,"[38, 61, 79, 25, 50]","[83, 90, 83, 86, 86]","[12, 3, 16, 2, 10]","['FLA', 'FLA', 'FLA', 'SEA', 'SEA']"
2025-2026,8482730,Brandt Clarke,LAK,D,72.1,89.6,47.9,63.2,,2.1,45.0,87.5,97.9,34.2,19.2,97.5,79.6,50.4,21.2,68,26,126,33.0,,236,133,31,6,150,195,7,50,120,190,240,87,177,Second Pair,82.0,1623.75,8.0,32.0,40.0,9.090472003766706,59.63302752293578,54.172570851604576,D,74.0,200.0,2003-02-09,CAN,2021.0,1.0,8.0,R,22,"[None, None, None, 46, 81]","[None, None, None, 81, 91]","[None, None, None, 29, 55]","[None, None, None, 'LAK', 'LAK']"
2025-2026,8475188,Brayden McNabb,VGK,D,89.6,74.2,96.2,,83.6,62.5,58.8,52.5,22.5,36.7,63.7,65.0,49.2,81.2,76.7,26,63,10,,30.0,91,100,115,187,144,88,85,123,46,57,240,87,177,Second Pair,63.0,1292.9666666666667,5.0,7.0,12.0,4.65805623622907,50.57471264367817,55.57088102744895,D,76.0,215.0,1991-01-21,CAN,2009.0,3.0,66.0,L,34,"[62, 79, 80, 84, 90]","[64, 51, 75, 78, 72]","[78, 94, 87, 96, 92]","['VGK', 'VGK', 'VGK', 'VGK', 'VGK']"
2025-2026,8481167,Brayden Pachal,CGY,D,25.0,28.7,37.5,,,50.8,38.8,28.7,31.2,45.4,96.7,76.7,46.2,15.4,20.0,181,172,151,,,119,148,172,166,124,9,57,130,204,193,240,87,177,Third Pair,39.0,541.15,1.0,6.0,7.0,1.0080065925450317,48.78048780487805,50.6937623994517,D,74.0,202.0,1999-08-23,CAN,,,,R,26,"[None, None, 10, 13, 47]","[None, None, 16, 23, 34]","[None, None, 30, 22, 47]","[None, None, 'CGY', 'CGY', 'CGY']"
2025-2026,8475455,Brenden Dillon,NJD,D,12.5,22.5,87.1,,7.9,78.8,41.2,2.5,13.8,0.8,93.3,70.4,9.6,62.5,40.0,211,187,32,,164.0,52,142,235,208,226,17,72,218,91,145,240,87,177,Third Pair,82.0,1475.8,3.0,12.0,15.0,1.7788135807995702,38.0,48.9327031426949,D,76.0,225.0,1990-11-13,CAN,,,,L,34,"[42, 87, 74, 18, 5]","[81, 55, 69, 18, 19]","[43, 99, 88, 85, 85]","['WPG', 'WPG', 'WPG', 'NJD', 'NJD']"
2025-2026,8470613,Brent Burns,COL,D,90.4,94.2,34.6,,90.4,98.8,97.9,81.7,87.1,34.6,0.4,72.9,62.9,98.8,55.8,24,15,158,,18.0,4,6,45,32,149,240,66,90,4,107,240,87,177,Second Pair,82.0,1547.85,12.0,23.0,35.0,6.542392783964455,62.18487394957983,55.93958441709449,D,77.0,228.0,1985-03-09,CAN,2003.0,1.0,20.0,R,40,"[20, 91, 89, 79, 91]","[62, 95, 89, 90, 94]","[25, 59, 50, 31, 33]","['SJS', 'CAR', 'CAR', 'CAR', 'COL']"
2025-2026,8476967,Brett Kulak,COL,D,56.2,8.8,85.8,,89.3,22.5,28.3,37.9,21.2,27.5,8.8,61.3,7.5,88.8,22.9,106,220,35,,20.0,187,173,150,190,164,220,94,223,28,186,240,87,177,Second Pair,83.0,1573.75,1.0,11.0,12.0,3.34053259370524,45.63106796116505,45.94767922528159,D,73.0,192.0,1994-01-06,CAN,2012.0,4.0,105.0,L,31,"[83, 31, 67, 91, 10]","[55, 16, 47, 64, 1]","[90, 68, 85, 95, 68]","['EDM', 'EDM', 'EDM', 'EDM', 'COL']"
2025-2026,8477488,Brett Pesce,NJD,D,83.3,73.8,69.6,,92.7,7.5,31.2,71.2,57.9,91.7,13.8,79.2,5.4,73.3,76.2,41,64,74,,14.0,223,166,70,102,19,208,51,228,65,58,240,87,177,Second Pair,37.0,751.2833333333333,2.0,6.0,8.0,2.390887025173428,40.0,48.390910211038474,D,75.0,206.0,1994-11-15,USA,2013.0,3.0,66.0,R,30,"[87, 87, 83, 89, 77]","[91, 87, 86, 81, 66]","[48, 68, 59, 84, 57]","['CAR', 'CAR', 'CAR', 'NJD', 'NJD']"
2025-2026,8475208,Brian Dumoulin,LAK,D,70.0,10.4,83.3,,84.2,18.8,17.9,21.2,58.3,86.7,33.8,35.8,39.6,24.6,33.8,73,216,41,,29.0,196,198,190,101,31,160,155,146,182,160,240,87,177,Third Pair,82.0,1455.6,2.0,15.0,17.0,2.7455592486270195,47.61904761904761,50.5181734278503,D,76.0,215.0,1991-09-06,USA,2009.0,2.0,51.0,L,33,"[53, 67, 84, 66, 68]","[29, 11, 33, 9, 12]","[63, 76, 92, 75, 83]","['PIT', 'PIT', 'SEA', 'NJD', 'LAK']"
2025-2026,8482122,Brock Faber,MIN,D,50.0,44.2,21.7,31.0,31.6,97.9,92.5,77.5,44.2,67.1,11.7,50.8,51.7,85.4,86.7,121,135,189,61.0,122.0,6,19,55,135,73,213,119,117,36,33,240,87,177,First Pair,80.0,1974.1666666666667,15.0,36.0,51.0,8.198488738199776,51.298701298701296,52.69124339397725,D,73.0,200.0,2002-08-22,USA,2020.0,2.0,45.0,R,23,"[None, None, 18, 23, 71]","[None, None, 28, 24, 62]","[None, None, 34, 11, 28]","[None, None, 'MIN', 'MIN', 'MIN']"
2025-2026,8479985,Cale Fleury,SEA,D,65.4,42.9,53.3,,,45.4,46.2,39.2,40.8,94.2,95.4,0.8,94.2,0.4,5.8,84,138,113,,,132,130,147,143,14,12,239,15,240,227,240,87,177,Third Pair,23.0,374.8,1.0,2.0,3.0,0.875085278088271,50.0,44.34996917951956,D,73.0,204.0,1998-11-19,CAN,2017.0,3.0,87.0,R,26,"[None, None, None, None, 67]","[None, None, None, None, 43]","[None, None, None, None, 52]","[None, None, None, None, 'SEA']"
2025-2026,8480069,Cale Makar,COL,D,97.1,87.1,88.8,92.0,17.5,99.2,99.2,100.0,100.0,98.8,2.5,99.2,92.9,99.2,91.7,8,32,28,8.0,147.0,3,3,1,1,4,235,3,18,3,21,240,87,177,First Pair,75.0,1863.5666666666664,20.0,59.0,79.0,16.449436580994714,64.1025641025641,56.2235692786739,D,72.0,187.0,1998-10-30,CAN,2017.0,1.0,4.0,R,26,"[99, 96, 97, 98, 95]","[92, 85, 72, 90, 83]","[96, 87, 92, 89, 82]","['COL', 'COL', 'COL', 'COL', 'COL']"
2025-2026,8475764,Cam Fowler,STL,D,57.1,80.0,32.9,47.1,1.7,60.0,43.8,34.6,75.4,65.0,1.7,71.2,41.2,20.0,53.8,104,49,162,47.0,175.0,97,136,158,60,78,237,70,142,193,112,240,87,177,Second Pair,82.0,1728.5,4.0,26.0,30.0,4.130921635130517,45.689655172413794,48.89814410440743,D,74.0,213.0,1991-12-05,CAN,2010.0,1.0,12.0,L,33,"[74, 14, 6, 63, 64]","[90, 73, 66, 82, 83]","[61, 7, 32, 59, 21]","['ANA', 'ANA', 'ANA', 'STL', 'STL']"
2025-2026,8481546,Cam York,PHI,D,62.1,25.0,82.1,65.5,80.8,10.0,48.3,77.9,27.1,38.3,31.2,27.1,24.2,76.7,73.8,92,181,44,31.0,35.0,217,125,54,176,140,166,176,183,57,64,240,87,177,First Pair,74.0,1667.65,4.0,22.0,26.0,8.122461933011662,51.45631067961165,49.4352466909407,D,72.0,194.0,2001-01-05,USA,2019.0,1.0,14.0,L,24,"[62, 71, 62, 68, 57]","[52, 66, 49, 72, 6]","[40, 56, 72, 70, 87]","['PHI', 'PHI', 'PHI', 'PHI', 'PHI']"
2025-2026,8477369,Carson Soucy,NYI,D,13.3,2.5,72.9,,62.1,67.9,60.4,47.9,9.2,9.6,77.5,23.3,47.5,38.8,71.7,209,235,66,,68.0,78,96,126,219,205,55,185,127,148,69,240,87,177,Third Pair,76.0,1255.4666666666667,5.0,7.0,12.0,3.651452666394396,44.303797468354425,45.270079814992286,D,76.0,211.0,1994-07-27,CAN,2013.0,5.0,137.0,L,31,"[25, 27, 72, 10, 7]","[33, 30, 19, 5, 2]","[73, 73, 79, 70, 71]","['SEA', 'SEA', 'VAN', 'NYR', 'NYI']"
2025-2026,8480426,Charle-Edouard D'Astous,TBL,D,44.6,64.2,75.0,34.5,,83.3,85.8,79.2,87.5,3.8,72.9,49.6,52.9,87.5,13.3,134,87,61,58.0,,41,35,51,31,219,66,122,114,31,209,240,87,177,Second Pair,70.0,1312.65,6.0,23.0,29.0,5.134046909927432,52.17391304347826,56.434468065630185,D,74.0,211.0,1998-04-21,CAN,,,,L,27,"[None, None, None, None, 47]","[None, None, None, None, 65]","[None, None, None, None, 76]","[None, None, None, None, 'TBL']"
2025-2026,8479325,Charlie McAvoy,BOS,D,84.6,87.9,80.4,5.7,84.7,85.4,92.9,92.9,88.3,23.8,69.6,86.2,90.4,25.4,95.4,38,30,48,83.0,28.0,36,18,18,29,172,74,34,24,180,12,240,87,177,First Pair,69.0,1682.8833333333334,11.0,50.0,61.0,10.249032661861987,56.896551724137936,49.23775838882444,D,73.0,211.0,1997-12-21,USA,2016.0,1.0,14.0,R,27,"[98, 85, 96, 76, 82]","[99, 87, 94, 82, 87]","[99, 80, 94, 75, 78]","['BOS', 'BOS', 'BOS', 'BOS', 'BOS']"
2025-2026,8476879,Cody Ceci,LAK,D,3.3,43.8,2.1,,23.2,35.0,18.8,15.0,9.6,40.8,39.6,12.9,45.4,51.2,48.3,233,136,236,,137.0,157,196,205,218,135,146,210,132,118,125,240,87,177,Third Pair,82.0,1440.3833333333334,1.0,8.0,9.0,3.34521566849727,42.5287356321839,51.161337505449744,D,75.0,210.0,1993-12-21,CAN,2012.0,1.0,15.0,R,31,"[64, 15, 31, 1, 6]","[68, 23, 68, 26, 55]","[72, 40, 9, 0, 4]","['EDM', 'EDM', 'EDM', 'DAL', 'LAK']"
2025-2026,8476892,Colton Parayko,STL,D,78.3,9.6,95.4,,14.7,89.6,87.1,85.8,29.6,85.0,51.7,24.2,54.2,53.8,90.4,53,218,12,,152.0,26,32,35,170,35,117,183,111,112,24,240,87,177,First Pair,77.0,1709.1166666666668,4.0,14.0,18.0,5.2282930007992325,46.55172413793103,52.82146883100849,D,78.0,228.0,1993-05-12,CAN,2012.0,3.0,86.0,R,32,"[90, 32, 58, 76, 77]","[27, 2, 3, 9, 17]","[94, 89, 90, 92, 96]","['STL', 'STL', 'STL', 'STL', 'STL']"
2025-2026,8477365,Connor Clifton,PIT,D,18.8,35.8,57.1,,80.2,19.2,29.6,45.4,36.2,5.4,98.8,1.7,70.0,45.0,58.3,196,155,104,,36.0,195,170,132,154,215,4,237,73,133,101,240,87,177,Third Pair,50.0,838.2833333333333,2.0,4.0,6.0,1.7581571700053629,53.44827586206896,56.02078766056891,D,72.0,196.0,1995-04-28,USA,2013.0,5.0,133.0,R,30,"[70, 31, 2, 12, 38]","[8, 20, 7, 26, 58]","[86, 65, 66, 28, 70]","['BOS', 'BOS', 'BUF', 'BUF', 'PIT']"
2025-2026,8476473,Connor Murphy,EDM,D,65.0,9.2,94.2,,28.2,56.2,44.6,34.2,12.9,35.4,80.4,3.3,30.0,2.9,68.8,85,219,15,,128.0,106,134,159,210,147,48,233,169,234,76,240,87,177,Third Pair,80.0,1403.2333333333331,5.0,12.0,17.0,2.7416793230410015,46.98795180722892,47.20598247186076,D,76.0,212.0,1993-03-26,USA,2011.0,1.0,20.0,R,32,"[35, 69, 59, 59, 70]","[3, 3, 28, 19, 7]","[89, 90, 71, 86, 97]","['CHI', 'CHI', 'CHI', 'CHI', 'EDM']"
2025-2026,8479982,Conor Timmins,BUF,D,58.3,62.9,56.7,,49.7,30.0,14.6,27.5,49.2,45.8,57.1,52.5,53.8,44.6,47.1,101,90,105,,90.0,169,206,175,123,123,104,115,112,134,128,240,87,177,Second Pair,39.0,731.7166666666667,0.0,8.0,8.0,1.272625099104107,43.39622641509434,46.33990079212312,D,75.0,213.0,1998-09-18,CAN,2017.0,2.0,32.0,R,26,"[None, 45, 48, 68, 51]","[None, 36, 57, 75, 53]","[None, 46, 56, 69, 47]","[None, 'TOR', 'TOR', 'PIT', 'BUF']"
2025-2026,8482094,Daemon Hunt,MIN,D,47.1,28.3,31.7,,41.2,34.6,1.9,17.1,71.7,94.2,71.7,7.9,82.9,34.6,1.7,128,173,165,,105.0,158,233,200,69,14,69,222,42,158,237,240,87,177,Fringe,32.0,397.7166666666667,0.0,6.0,6.0,0.7738818484734145,42.857142857142854,40.5675747313594,D,73.0,193.0,2002-05-15,CAN,2020.0,3.0,65.0,L,23,"[None, None, None, None, 50]","[None, None, None, None, 29]","[None, None, None, None, 33]","[None, None, None, None, 'MIN']"
2025-2026,8476923,Damon Severson,CBJ,D,94.2,99.6,89.2,23.0,,58.3,80.4,91.7,84.2,4.2,7.1,54.6,48.3,33.3,57.5,15,2,27,68.0,,101,48,21,39,218,224,110,125,161,103,240,87,177,Second Pair,71.0,1496.2,8.0,24.0,32.0,8.246017957740387,55.26315789473685,57.64496302302299,D,74.0,204.0,1994-08-07,CAN,2012.0,2.0,60.0,R,31,"[37, 98, 86, 85, 97]","[94, 100, 97, 97, 99]","[29, 80, 72, 69, 96]","['NJD', 'NJD', 'CBJ', 'CBJ', 'CBJ']"
2025-2026,8479371,Dante Fabbro,CBJ,D,77.5,77.1,63.3,,21.5,92.1,79.2,16.2,37.9,60.8,59.6,69.2,26.7,72.9,52.1,55,56,89,,140.0,20,51,202,150,88,98,75,177,66,116,240,87,177,Third Pair,74.0,1225.85,5.0,6.0,11.0,2.389939609918932,38.961038961038966,48.848748312225545,D,72.0,200.0,1998-06-20,CAN,2016.0,1.0,17.0,R,27,"[71, 36, 56, 82, 73]","[59, 57, 64, 85, 71]","[67, 70, 67, 72, 53]","['NSH', 'NSH', 'NSH', 'CBJ', 'CBJ']"
2025-2026,8477498,Darnell Nurse,EDM,D,57.5,85.4,62.9,,8.5,32.5,67.5,82.5,69.6,12.5,66.7,62.5,19.2,81.7,32.9,103,36,90,,163.0,163,79,43,74,198,81,91,195,45,162,240,87,177,Second Pair,82.0,1719.6,7.0,17.0,24.0,6.179341489930548,43.90243902439025,49.22560863169576,D,76.0,215.0,1995-02-04,CAN,2013.0,1.0,7.0,L,30,"[28, 36, 56, 73, 35]","[82, 90, 92, 91, 73]","[64, 52, 35, 82, 49]","['EDM', 'EDM', 'EDM', 'EDM', 'EDM']"
2025-2026,8478178,Darren Raddysh,TBL,D,76.2,74.6,63.7,57.5,74.0,96.7,89.6,78.8,95.4,33.3,34.6,90.8,84.6,96.7,51.2,58,62,88,38.0,47.0,9,26,52,12,152,158,23,38,9,118,240,87,177,First Pair,73.0,1656.5,22.0,48.0,70.0,12.808458647501205,59.166666666666664,56.18408363916488,D,73.0,202.0,1996-02-28,CAN,,,,R,29,"[None, None, 83, 54, 80]","[None, None, 62, 59, 84]","[None, None, 70, 34, 73]","[None, None, 'TBL', 'TBL', 'TBL']"
2025-2026,8483460,David Jiricek,PHI,D,27.1,49.2,26.2,,,37.1,4.2,7.5,2.1,42.9,32.1,39.6,69.6,17.5,5.0,176,123,178,,,152,231,223,236,130,164,146,74,199,229,240,87,177,Fringe,26.0,312.4,0.0,0.0,0.0,0.5494879456325341,50.0,45.53748128448225,D,76.0,204.0,2003-11-28,CZE,2022.0,1.0,6.0,R,21,"[None, None, 27, None, 29]","[None, None, 55, None, 46]","[None, None, 28, None, 27]","[None, None, 'CBJ', None, 'PHI']"
2025-2026,8483398,Declan Carlile,TBL,D,35.8,22.1,36.2,,54.8,28.7,20.8,56.2,0.4,85.4,89.2,73.3,98.8,90.4,9.2,155,188,154,,81.0,172,191,106,240,34,27,65,4,24,219,240,87,177,Third Pair,42.0,620.6833333333333,1.0,2.0,3.0,1.778744743183854,54.54545454545454,50.74215355413615,D,75.0,190.0,2000-05-18,USA,,,,L,25,"[None, None, None, None, 36]","[None, None, None, None, 23]","[None, None, None, None, 36]","[None, None, None, None, 'TBL']"
2025-2026,8480990,Declan Chisholm,WSH,D,66.7,38.8,59.2,,,37.5,30.4,9.6,79.6,91.2,27.5,23.8,46.7,52.1,16.7,81,148,99,,,151,168,218,50,20,175,184,129,116,201,240,87,177,Third Pair,26.0,356.8666666666667,1.0,6.0,7.0,0.6160274685716584,55.172413793103445,43.15280984948899,D,73.0,205.0,2000-01-12,CAN,2018.0,5.0,150.0,L,25,"[None, None, 56, 67, 67]","[None, None, 46, 39, 39]","[None, None, 54, 78, 38]","[None, None, 'MIN', 'MIN', 'WSH']"
2025-2026,8483485,Denton Mateychuk,CBJ,D,80.0,57.9,65.4,,32.8,97.5,98.8,67.5,79.2,93.3,45.0,37.1,89.2,49.6,45.0,49,102,84,,120.0,7,4,79,51,15,133,152,27,122,133,240,87,177,Second Pair,75.0,1438.9166666666667,13.0,18.0,31.0,5.341582965674103,54.20560747663551,52.99479703299751,D,71.0,188.0,2004-07-12,CAN,2022.0,1.0,12.0,L,21,"[None, None, None, 45, 87]","[None, None, None, 37, 68]","[None, None, None, 44, 75]","[None, None, None, 'CBJ', 'CBJ']"
2025-2026,8478038,Devon Toews,COL,D,95.4,92.1,98.3,11.5,95.5,12.1,59.6,92.1,83.3,52.5,3.3,95.0,84.2,98.3,88.8,12,20,5,78.0,9.0,212,98,20,41,107,233,13,39,5,28,240,87,177,First Pair,68.0,1521.0833333333333,3.0,21.0,24.0,6.976848757290659,62.83185840707964,59.33403249503149,D,73.0,191.0,1994-02-21,CAN,2014.0,4.0,108.0,L,31,"[95, 99, 96, 97, 93]","[89, 97, 81, 86, 93]","[85, 96, 98, 98, 95]","['COL', 'COL', 'COL', 'COL', 'COL']"
2025-2026,8484386,Dmitri Simashev,UTA,D,38.3,40.8,30.0,,,27.9,1.9,30.4,4.2,73.1,43.3,32.9,1.7,66.7,55.0,149,143,169,,,174,233,168,231,60,137,162,237,81,109,240,87,177,Third Pair,28.0,423.01666666666665,0.0,1.0,1.0,0.945249238405548,29.166666666666668,45.29716972458242,D,76.0,198.0,2005-02-04,RUS,2023.0,1.0,6.0,L,20,"[None, None, None, None, 39]","[None, None, None, None, 41]","[None, None, None, None, 31]","[None, None, None, None, 'UTA']"
2025-2026,8475179,Dmitry Kulikov,FLA,D,27.5,32.5,43.8,,16.9,25.4,10.4,25.4,2.9,50.4,60.4,58.3,57.5,74.2,27.1,175,163,136,,148.0,180,216,180,234,112,96,101,103,63,176,240,87,177,Second Pair,19.0,342.6166666666667,0.0,0.0,0.0,0.5797207161681255,45.45454545454545,45.53704997692288,D,73.0,212.0,1990-10-29,RUS,2009.0,1.0,14.0,L,34,"[86, 4, 46, 10, 37]","[56, 32, 72, 16, 37]","[95, 24, 66, 32, 39]","['MIN', 'PIT', 'FLA', 'FLA', 'FLA']"
2025-2026,8475200,Dmitry Orlov,SJS,D,87.5,90.4,86.7,17.2,33.9,13.3,40.0,62.5,60.4,35.8,54.2,54.2,13.8,62.9,59.2,31,24,33,73.0,118.0,209,145,91,96,146,111,111,208,90,99,240,87,177,Second Pair,82.0,1738.05,3.0,34.0,37.0,5.379340811212764,42.4,49.17422750355502,D,71.0,215.0,1991-07-23,RUS,2009.0,2.0,55.0,L,34,"[95, 81, 96, 90, 79]","[90, 91, 88, 85, 90]","[94, 73, 93, 88, 80]","['WSH', 'BOS', 'CAR', 'CAR', 'SJS']"
2025-2026,8482131,Donovan Sebrango,FLA,D,17.9,49.6,25.0,,46.3,20.4,1.9,3.8,86.7,22.9,92.9,29.6,53.3,47.5,4.6,198,122,181,,96.0,192,233,232,33,174,18,170,113,127,230,240,87,177,Third Pair,42.0,634.3666666666667,0.0,8.0,8.0,1.2697776432864791,45.76271186440678,47.40869240944565,D,74.0,223.0,2002-01-12,CAN,2020.0,3.0,63.0,L,23,"[None, None, None, None, 21]","[None, None, None, None, 49]","[None, None, None, None, 26]","[None, None, None, None, 'FLA']"
2025-2026,8476462,Dougie Hamilton,NJD,D,71.7,93.8,9.6,97.7,88.1,29.2,72.9,95.4,60.8,6.2,44.6,81.7,21.2,78.8,65.4,69,16,218,3.0,22.0,171,66,12,95,213,134,45,190,52,84,240,87,177,Second Pair,77.0,1658.5833333333333,12.0,27.0,39.0,11.197323713497411,45.45454545454545,52.096688447739666,D,78.0,230.0,1993-06-17,CAN,2011.0,1.0,9.0,R,32,"[55, 95, 54, 77, 70]","[96, 98, 82, 93, 92]","[12, 21, 28, 7, 12]","['NJD', 'NJD', 'NJD', 'NJD', 'NJD']"
2025-2026,8474563,Drew Doughty,LAK,D,75.8,70.0,85.4,52.9,39.0,72.5,56.7,10.0,37.5,17.1,23.8,65.8,80.0,83.3,63.7,59,73,36,42.0,109.0,67,105,217,151,187,184,83,49,41,88,240,87,177,First Pair,72.0,1662.2166666666667,5.0,18.0,23.0,5.966987089638609,53.68421052631579,55.81721890548612,D,73.0,210.0,1989-12-08,CAN,2008.0,1.0,2.0,R,35,"[69, 92, 88, 38, 82]","[66, 40, 79, 48, 79]","[69, 88, 94, 59, 90]","['LAK', 'LAK', 'LAK', 'LAK', 'LAK']"
2025-2026,8481563,Drew Helleson,ANA,D,4.6,6.7,11.7,,68.9,70.4,60.8,20.8,56.7,25.8,77.9,56.2,80.8,12.5,45.8,230,225,213,,56.0,72,95,191,105,167,54,106,47,211,131,240,87,177,Third Pair,60.0,1017.8833333333332,2.0,13.0,15.0,1.781617067609686,45.97701149425287,46.7754596455106,D,75.0,208.0,2001-03-26,USA,2019.0,2.0,47.0,R,24,"[None, None, None, 4, 10]","[None, None, None, 10, 10]","[None, None, None, 9, 15]","[None, None, None, 'ANA', 'ANA']"
2025-2026,8476331,Dylan DeMelo,WPG,D,86.2,67.5,97.9,,22.0,51.7,22.5,6.7,33.3,37.5,70.4,87.9,80.4,67.1,70.8,34,79,6,,139.0,117,187,225,161,142,72,30,48,80,71,240,87,177,Second Pair,82.0,1759.5,3.0,16.0,19.0,2.9133558610461026,50.4,50.93828413086013,D,73.0,194.0,1993-05-01,CAN,2011.0,6.0,179.0,R,32,"[91, 82, 92, 87, 80]","[88, 34, 90, 67, 65]","[93, 97, 96, 99, 95]","['WPG', 'WPG', 'WPG', 'WPG', 'WPG']"
2025-2026,8480049,Dylan Samberg,WPG,D,87.1,59.2,97.1,,56.5,16.2,19.2,22.9,31.7,69.6,32.5,18.3,64.2,35.8,83.3,32,99,8,,78.0,202,195,186,165,67,163,197,87,155,41,240,87,177,Second Pair,66.0,1440.2333333333331,1.0,13.0,14.0,3.0569181104955505,49.411764705882355,49.93225189371549,D,76.0,216.0,1999-01-24,USA,2017.0,2.0,43.0,L,26,"[None, 72, 58, 88, 86]","[None, 65, 42, 74, 46]","[None, 73, 86, 91, 97]","[None, 'WPG', 'WPG', 'WPG', 'WPG']"
2025-2026,8481178,Egor Zamula,CBJ,D,55.8,23.3,68.8,,,58.8,13.8,0.4,41.7,70.4,14.2,55.8,58.3,54.6,72.9,107,185,76,,,100,208,240,141,65,207,107,101,110,66,240,87,177,Third Pair,33.0,431.21666666666664,0.0,3.0,3.0,0.4270891667228374,59.375,47.94105121691678,D,75.0,200.0,2000-03-30,RUS,,,,L,25,"[None, None, 21, 66, 54]","[None, None, 9, 22, 28]","[None, None, 70, 77, 61]","[None, None, 'PHI', 'PHI', 'CBJ']"
2025-2026,8483678,Elias Pettersson,VAN,D,51.7,33.8,12.5,90.8,79.7,64.6,42.1,29.2,5.4,92.9,84.2,75.4,22.5,13.3,22.1,117,160,211,9.0,37.0,86,140,171,228,16,39,60,187,209,188,240,87,177,Third Pair,70.0,1048.5166666666669,3.0,7.0,10.0,1.8310714937246173,43.13725490196079,41.68856926071324,D,74.0,185.0,2004-02-16,SWE,2022.0,3.0,80.0,L,21,"[None, None, None, 59, 41]","[None, None, None, 54, 27]","[None, None, None, 30, 6]","[None, None, None, 'VAN', 'VAN']"
2025-2026,8483510,Elias Salomonsson,WPG,D,39.6,55.8,48.8,,48.6,28.3,25.4,65.4,6.7,37.1,82.9,39.2,38.3,46.2,30.0,146,107,124,,92.0,173,180,84,225,143,42,147,149,130,169,240,87,177,Third Pair,32.0,574.8,1.0,4.0,5.0,1.9303185015075797,46.875,51.24884786741691,D,72.0,172.0,2004-08-31,SWE,2022.0,2.0,55.0,R,21,"[None, None, None, None, 42]","[None, None, None, None, 56]","[None, None, None, None, 48]","[None, None, None, None, 'WPG']"
2025-2026,8482126,Emil Andrae,PHI,D,66.2,63.3,60.0,,,24.6,26.2,53.3,65.8,67.9,77.1,78.3,74.6,50.8,32.1,82,89,97,,,182,178,113,83,71,56,53,62,119,164,240,87,177,Third Pair,61.0,935.5666666666666,2.0,11.0,13.0,2.885152153568411,62.06896551724138,51.88688626264488,D,69.0,189.0,2002-02-23,SWE,2020.0,2.0,54.0,L,23,"[None, None, None, 45, 72]","[None, None, None, 62, 66]","[None, None, None, 52, 64]","[None, None, None, 'PHI', 'PHI']"
2025-2026,8482929,Emil Lilleberg,TBL,D,14.6,15.4,56.2,,53.7,43.8,54.6,45.8,54.6,12.1,94.2,59.2,67.1,84.6,10.4,206,204,106,,83.0,136,110,131,110,199,15,99,80,38,216,240,87,177,Third Pair,50.0,865.4,4.0,8.0,12.0,2.3601743513718434,59.42028985507246,52.28535206296684,D,75.0,215.0,2001-02-02,NOR,2021.0,4.0,107.0,L,24,"[None, None, 29, 6, 24]","[None, None, 24, 7, 21]","[None, None, 49, 61, 56]","[None, None, 'TBL', 'TBL', 'TBL']"
2025-2026,8478416,Erik Cernak,TBL,D,42.5,11.2,80.0,,94.9,53.3,41.7,26.2,28.3,13.3,87.9,5.4,70.8,96.2,85.4,139,214,49,,10.0,113,141,178,173,196,30,228,71,10,36,240,87,177,Third Pair,61.0,1074.55,3.0,8.0,11.0,2.475579790952574,46.75324675324675,53.43907084558903,D,76.0,230.0,1997-05-28,SVK,2015.0,2.0,43.0,R,28,"[78, 79, 49, 61, 28]","[69, 70, 12, 11, 14]","[76, 82, 78, 86, 76]","['TBL', 'TBL', 'TBL', 'TBL', 'TBL']"
2025-2026,8475790,Erik Gudbranson,CBJ,D,5.4,14.2,10.4,,7.3,69.6,38.3,14.6,19.6,64.6,60.0,5.0,86.2,47.1,21.7,228,207,216,,165.0,74,149,206,194,79,97,229,34,128,189,240,87,177,Third Pair,37.0,657.5333333333333,1.0,2.0,3.0,1.1526900323854012,50.0,40.41850909327627,D,77.0,222.0,1992-01-07,CAN,2010.0,1.0,3.0,R,33,"[17, 0, 16, None, 7]","[70, 6, 12, None, 14]","[15, 1, 8, None, 13]","['CGY', 'CBJ', 'CBJ', None, 'CBJ']"
2025-2026,8474578,Erik Karlsson,PIT,D,85.8,98.3,1.7,89.7,41.8,96.2,95.4,88.3,90.4,53.8,4.6,82.1,65.4,82.1,90.8,35,5,237,10.0,104.0,10,12,29,24,104,230,44,84,44,23,240,87,177,First Pair,75.0,1770.0333333333333,15.0,51.0,66.0,11.398094822371114,58.4,50.85013664994701,D,72.0,185.0,1990-05-31,SWE,2008.0,1.0,15.0,R,35,"[72, 93, 91, 65, 88]","[95, 99, 100, 98, 96]","[3, 1, 1, 0, 6]","['SJS', 'SJS', 'PIT', 'PIT', 'PIT']"
2025-2026,8476902,Esa Lindell,DAL,D,92.9,61.3,98.8,33.3,91.5,59.2,50.4,40.4,61.3,79.2,30.8,13.8,98.3,78.3,79.6,18,94,4,59.0,16.0,99,120,144,94,46,167,208,5,53,50,240,87,177,First Pair,82.0,1905.25,6.0,26.0,32.0,7.496577567757798,60.16949152542372,54.39321347203967,D,75.0,217.0,1994-05-23,FIN,2012.0,3.0,74.0,L,31,"[57, 75, 93, 92, 92]","[1, 42, 76, 59, 57]","[81, 79, 94, 93, 99]","['DAL', 'DAL', 'DAL', 'DAL', 'DAL']"
2025-2026,8480803,Evan Bouchard,EDM,D,98.3,97.9,78.3,96.6,72.9,90.8,93.8,96.2,95.8,90.8,8.3,94.2,28.3,100.0,78.3,5,6,53,4.0,49.0,23,16,10,11,21,221,15,173,1,53,240,87,177,First Pair,82.0,2023.5666666666664,21.0,74.0,95.0,16.142140950516854,55.483870967741936,56.42741186090867,D,75.0,192.0,1999-10-20,CAN,2018.0,1.0,10.0,R,25,"[76, 91, 98, 97, 98]","[86, 94, 99, 95, 97]","[34, 62, 81, 74, 77]","['EDM', 'EDM', 'EDM', 'EDM', 'EDM']"
2025-2026,8479425,Filip Hronek,VAN,D,35.0,75.4,20.0,12.6,24.3,15.4,35.4,42.1,78.8,32.5,52.1,83.8,47.1,34.2,72.1,157,60,193,77.0,135.0,204,156,140,52,154,116,40,128,159,68,240,87,177,First Pair,82.0,2050.4666666666667,8.0,41.0,49.0,7.051259632986009,44.166666666666664,45.1356934640629,D,72.0,190.0,1997-11-02,CZE,2016.0,2.0,53.0,R,27,"[48, 71, 12, 55, 30]","[38, 29, 71, 80, 77]","[30, 70, 12, 54, 11]","['DET', 'VAN', 'VAN', 'VAN', 'VAN']"
2025-2026,8478055,Gustav Forsling,FLA,D,60.4,78.3,45.4,,36.7,62.9,50.0,55.4,82.9,30.0,17.1,74.2,35.8,87.1,97.1,96,53,132,,113.0,90,121,108,42,158,200,63,155,32,8,240,87,177,First Pair,80.0,1810.3,2.0,26.0,28.0,4.321870189712142,47.44525547445255,51.47155902790057,D,73.0,199.0,1996-06-12,SWE,2014.0,5.0,126.0,L,29,"[78, 26, 89, 67, 33]","[85, 70, 86, 74, 81]","[38, 8, 61, 21, 51]","['FLA', 'FLA', 'FLA', 'FLA', 'FLA']"
2025-2026,8476854,Hampus Lindholm,BOS,D,73.3,76.2,83.8,48.3,87.6,63.7,94.2,67.1,76.7,5.0,24.6,40.8,72.5,17.9,95.8,65,58,40,46.0,23.0,88,15,80,57,216,182,143,67,198,11,240,87,177,Second Pair,67.0,1448.75,5.0,21.0,26.0,4.868366981462036,50.0,49.45571718561983,D,76.0,217.0,1994-01-20,SWE,2012.0,1.0,6.0,L,31,"[79, 94, 84, 69, 72]","[78, 91, 90, 61, 82]","[81, 90, 95, 58, 90]","['BOS', 'BOS', 'BOS', 'BOS', 'BOS']"
2025-2026,8477938,Haydn Fleury,WPG,D,16.7,14.6,35.0,,50.8,43.3,43.3,17.9,16.2,51.2,86.7,13.3,2.5,27.9,15.4,201,206,157,,88.0,137,137,198,202,110,33,209,235,174,204,240,87,177,Third Pair,38.0,529.2333333333333,2.0,2.0,4.0,1.800971516815113,25.581395348837212,37.61772821970622,D,76.0,207.0,1996-07-08,CAN,2014.0,1.0,7.0,L,29,"[36, 65, 38, 26, 14]","[11, 33, 19, 13, 15]","[59, 53, 49, 42, 28]","['SEA', 'TBL', 'TBL', 'WPG', 'WPG']"
2025-2026,8480035,Henri Jokiharju,BOS,D,23.3,39.6,17.9,,22.6,64.2,45.8,13.8,77.5,60.0,41.7,28.7,91.2,29.2,51.7,185,146,198,,138.0,87,131,208,55,90,141,172,22,171,117,240,87,177,Third Pair,41.0,729.9833333333333,2.0,13.0,15.0,1.6910293935689165,52.94117647058824,49.11548164796184,D,72.0,205.0,1999-06-17,FIN,2017.0,1.0,29.0,R,26,"[5, 16, 6, 26, 32]","[44, 56, 15, 45, 48]","[3, 15, 4, 26, 22]","['BUF', 'BUF', 'BUF', 'BOS', 'BOS']"
2025-2026,8484150,Hunter Brzustewicz,CGY,D,50.4,32.1,37.9,35.6,,57.1,69.6,35.8,2.5,89.6,45.4,69.6,72.9,6.7,22.5,120,164,150,57.0,,104,74,155,235,24,132,74,66,225,187,240,87,177,Third Pair,34.0,548.7666666666667,2.0,5.0,7.0,1.3994824227740237,52.5,46.65129127383512,D,72.0,190.0,2004-11-29,USA,2023.0,3.0,75.0,R,20,"[None, None, None, None, 55]","[None, None, None, None, 32]","[None, None, None, None, 37]","[None, None, None, None, 'CGY']"
2025-2026,8474013,Ian Cole,UTA,D,81.7,85.0,93.8,,92.1,7.9,21.2,48.8,51.7,2.1,56.2,32.5,45.8,55.8,24.6,45,37,16,,15.0,222,190,124,117,223,106,163,131,107,182,240,87,177,Second Pair,82.0,1498.05,3.0,20.0,23.0,4.033094162178836,51.45631067961165,52.98360649729587,D,73.0,237.0,1989-02-21,USA,2007.0,1.0,18.0,L,36,"[73, 94, 94, 71, 83]","[89, 82, 85, 88, 81]","[90, 99, 98, 88, 92]","['CAR', 'TBL', 'VAN', 'UTA', 'UTA']"
2025-2026,8482178,Ian Moore,ANA,D,42.1,39.2,66.2,,,12.5,82.5,99.2,20.8,31.7,60.8,31.7,1.2,16.2,12.9,140,147,82,,,211,43,3,191,155,95,165,238,202,210,240,87,177,Third Pair,67.0,915.7333333333332,4.0,8.0,12.0,4.97687858060152,38.70967741935484,51.874520941932055,D,75.0,205.0,2002-01-04,USA,2020.0,3.0,67.0,R,23,"[None, None, None, None, 46]","[None, None, None, None, 39]","[None, None, None, None, 66]","[None, None, None, None, 'ANA']"
2025-2026,8480950,Ilya Lyubushkin,DAL,D,11.7,7.1,72.5,,6.2,20.0,10.8,9.2,42.9,16.2,83.8,2.5,67.5,61.3,49.2,213,224,67,,167.0,193,215,219,138,189,40,235,79,94,123,240,87,177,Third Pair,53.0,834.25,1.0,8.0,9.0,1.3732533680264247,48.93617021276596,46.09299278754299,D,74.0,206.0,1994-04-06,RUS,,,,R,31,"[13, 8, 6, 11, 15]","[2, 15, 6, 11, 12]","[96, 29, 76, 73, 70]","['TOR', 'BUF', 'TOR', 'DAL', 'DAL']"
2025-2026,8482470,Ilya Solovyov,PIT,D,54.6,59.6,54.2,,,46.2,42.9,27.9,92.9,46.7,90.0,19.2,12.1,87.9,52.9,110,98,111,,,130,138,174,18,121,25,195,212,30,114,240,87,177,Fringe,30.0,382.4,1.0,7.0,8.0,0.8529879130514939,50.0,59.78115419961683,D,75.0,208.0,2000-07-20,BLR,2020.0,7.0,205.0,L,25,"[None, None, None, None, 58]","[None, None, None, None, 60]","[None, None, None, None, 54]","[None, None, None, None, 'PIT']"
2025-2026,8478500,Ivan Provorov,CBJ,D,30.8,32.9,42.1,6.9,9.6,87.1,73.3,66.7,35.8,68.3,10.4,41.2,75.8,67.9,70.0,167,162,140,82.0,161.0,32,65,81,155,70,216,142,59,78,73,240,87,177,First Pair,82.0,2034.7833333333333,9.0,22.0,31.0,8.102947488378517,53.67647058823529,52.23891856343321,D,73.0,224.0,1997-01-13,RUS,2015.0,1.0,7.0,L,28,"[42, 8, 10, 19, 52]","[54, 3, 30, 13, 56]","[58, 34, 4, 13, 69]","['PHI', 'PHI', 'CBJ', 'CBJ', 'CBJ']"
2025-2026,8482655,J.J. Moser,TBL,D,62.5,72.1,60.4,,4.0,69.2,63.7,73.3,35.0,63.7,44.2,57.9,92.5,95.4,89.2,91,68,96,,171.0,75,88,65,157,81,135,102,19,12,27,240,87,177,Second Pair,79.0,1704.1666666666667,7.0,22.0,29.0,6.695939841928326,60.83333333333333,55.09295119474421,D,74.0,183.0,2000-06-06,CHE,2021.0,2.0,60.0,L,25,"[22, 6, 21, 11, 83]","[26, 21, 56, 40, 84]","[14, 16, 21, 49, 71]","['ARI', 'ARI', 'ARI', 'TBL', 'TBL']"
2025-2026,8476958,Jaccob Slavin,CAR,D,97.9,91.2,90.0,,100.0,26.2,20.0,55.0,15.8,92.1,3.8,70.0,15.4,97.5,96.7,6,22,25,,1.0,178,193,109,203,18,232,73,204,7,9,240,87,177,Second Pair,39.0,831.1,1.0,7.0,8.0,2.733772326333262,50.98039215686274,56.545174018738706,D,75.0,207.0,1994-05-01,USA,2012.0,4.0,120.0,L,31,"[100, 99, 99, 100, 90]","[98, 96, 98, 92, 80]","[98, 92, 96, 93, 82]","['CAR', 'CAR', 'CAR', 'CAR', 'CAR']"
2025-2026,8481605,Jackson LaCombe,ANA,D,91.2,88.3,71.7,75.9,66.1,39.2,83.8,95.0,89.6,88.3,40.8,45.4,17.5,21.7,66.2,22,29,69,22.0,61.0,147,40,13,26,27,143,132,199,189,82,240,87,177,First Pair,82.0,1988.3333333333333,10.0,48.0,58.0,13.35355169520274,48.52941176470589,52.239494145956165,D,74.0,208.0,2001-01-09,USA,2019.0,2.0,39.0,L,24,"[None, None, 29, 81, 94]","[None, None, 24, 87, 90]","[None, None, 41, 53, 80]","[None, None, 'ANA', 'ANA', 'ANA']"
2025-2026,8480879,Jacob Bernard-Docker,DET,D,24.6,18.8,47.5,,43.5,50.4,36.7,13.3,24.6,55.0,75.4,45.8,59.2,22.5,58.8,182,196,127,,101.0,120,153,209,182,102,60,131,99,187,100,240,87,177,Third Pair,63.0,933.05,1.0,4.0,5.0,1.7739756237230866,47.82608695652174,46.20517488214259,D,73.0,196.0,2000-06-30,CAN,2018.0,1.0,26.0,R,25,"[None, 45, 18, 41, 20]","[None, 46, 5, 28, 19]","[None, 41, 39, 48, 43]","[None, 'OTT', 'OTT', 'BUF', 'DET']"
2025-2026,8480196,Jacob Bryson,WPG,D,46.7,31.7,44.6,,,47.9,32.9,6.2,81.7,81.7,35.8,8.8,20.0,26.7,19.6,129,165,134,,,126,162,226,45,43,155,220,193,177,194,240,87,177,Fringe,50.0,543.15,2.0,6.0,8.0,1.1562635502407834,41.17647058823529,50.02580551163209,D,69.0,177.0,1997-11-18,CAN,2017.0,4.0,99.0,L,27,"[83, 49, 66, 34, 52]","[56, 37, 45, 33, 31]","[82, 41, 64, 23, 48]","['BUF', 'BUF', 'BUF', 'BUF', 'WPG']"
2025-2026,8476885,Jacob Trouba,ANA,D,43.3,83.8,10.8,,18.6,70.8,61.7,69.2,61.7,36.2,67.1,30.0,16.2,26.2,61.7,137,40,215,,145.0,71,93,75,93,145,80,169,202,178,93,240,87,177,First Pair,81.0,1849.0,10.0,25.0,35.0,7.309373111630436,46.15384615384615,49.69864048471069,D,75.0,212.0,1994-02-26,USA,2012.0,1.0,9.0,R,31,"[69, 35, 25, 16, 67]","[84, 75, 78, 75, 88]","[42, 38, 14, 8, 14]","['NYR', 'NYR', 'NYR', 'ANA', 'ANA']"
2025-2026,8481161,Jake Christiansen,CBJ,D,22.9,29.2,25.8,,,26.7,5.4,12.9,41.2,62.9,73.8,40.0,32.5,30.0,9.6,186,171,179,,,177,228,210,142,83,64,145,163,169,218,240,87,177,Fringe,40.0,401.75,0.0,3.0,3.0,0.8079763499662657,34.78260869565217,48.447090306562515,D,72.0,199.0,1999-09-12,CAN,,,,L,25,"[None, 56, None, 17, 31]","[None, 45, None, 16, 40]","[None, 37, None, 15, 32]","[None, 'CBJ', None, 'CBJ', 'CBJ']"
2025-2026,8476931,Jake McCabe,TOR,D,64.2,54.2,79.6,,39.5,74.2,47.5,25.0,80.0,19.6,74.2,3.8,77.9,41.2,97.9,87,111,50,,108.0,63,127,181,49,182,63,232,54,142,6,240,87,177,First Pair,80.0,1792.3833333333334,5.0,20.0,25.0,4.0671534684790815,47.01492537313433,46.44658602465163,D,73.0,210.0,1993-10-12,USA,2012.0,2.0,44.0,L,31,"[26, 90, 78, 80, 34]","[5, 76, 72, 68, 33]","[64, 85, 78, 83, 78]","['CHI', 'TOR', 'TOR', 'TOR', 'TOR']"
2025-2026,8478136,Jake Middleton,MIN,D,9.2,7.9,50.8,,11.9,71.2,63.3,65.0,55.8,20.4,51.2,27.5,51.2,60.0,56.2,219,222,119,,157.0,70,89,85,107,180,118,175,118,97,106,240,87,177,Third Pair,75.0,1312.9333333333334,2.0,14.0,16.0,3.76686872578247,46.913580246913575,50.45771820677708,D,75.0,219.0,1996-01-02,CAN,2014.0,7.0,210.0,L,29,"[38, 12, 8, 8, 14]","[16, 4, 2, 6, 18]","[55, 51, 64, 20, 59]","['MIN', 'MIN', 'MIN', 'MIN', 'MIN']"
2025-2026,8482105,Jake Sanderson,OTT,D,94.6,79.6,91.7,3.4,93.2,92.5,87.9,81.2,72.5,95.8,31.7,55.4,23.3,82.9,97.5,14,50,21,85.0,13.0,19,30,46,67,11,165,108,185,42,7,240,87,177,First Pair,67.0,1664.2333333333331,14.0,40.0,54.0,11.99587499781848,56.52173913043478,57.018941214769534,D,74.0,202.0,2002-07-08,USA,2020.0,1.0,5.0,L,23,"[None, 84, 86, 87, 96]","[None, 67, 81, 78, 82]","[None, 56, 84, 87, 93]","[None, 'OTT', 'OTT', 'OTT', 'OTT']"
2025-2026,8478013,Jake Walman,EDM,D,36.2,69.2,16.7,,20.9,86.2,93.3,85.4,70.8,27.1,5.8,71.7,8.8,32.1,69.6,154,75,201,,141.0,34,17,36,71,165,227,69,220,164,74,240,87,177,Second Pair,53.0,993.7833333333332,8.0,12.0,20.0,4.732565093755932,40.909090909090914,44.63580701803138,D,73.0,218.0,1996-02-20,CAN,2014.0,3.0,82.0,L,29,"[61, 88, 68, 64, 17]","[70, 80, 64, 86, 48]","[44, 87, 19, 66, 5]","['DET', 'DET', 'DET', 'EDM', 'EDM']"
2025-2026,8479345,Jakob Chychrun,WSH,D,68.3,76.7,15.0,80.5,,100.0,99.6,97.1,77.9,14.6,27.1,91.7,97.5,75.4,50.8,77,57,205,18.0,,1,2,8,54,193,176,21,7,60,119,240,87,177,First Pair,80.0,1867.2666666666669,26.0,34.0,60.0,18.85336435414102,63.84615384615384,51.41936054585773,D,74.0,215.0,1998-03-31,USA,2016.0,1.0,16.0,L,27,"[33, 47, 30, 38, 80]","[17, 60, 13, 30, 91]","[66, 48, 48, 33, 7]","['ARI', 'OTT', 'OTT', 'WSH', 'WSH']"
2025-2026,8478970,Jalen Chatfield,CAR,D,75.4,68.8,77.9,,71.8,71.7,66.2,65.8,38.3,39.6,37.5,68.8,32.9,97.9,67.5,60,76,54,,51.0,69,82,83,149,137,151,76,162,6,79,240,87,177,Second Pair,72.0,1450.0166666666669,2.0,15.0,17.0,4.7402151289390115,53.15315315315315,51.72659512723208,D,73.0,209.0,1996-05-15,USA,,,,R,29,"[None, 78, 92, 77, 64]","[None, 77, 80, 83, 52]","[None, 78, 92, 84, 63]","[None, 'CAR', 'CAR', 'CAR', 'CAR']"
2025-2026,8482142,Jamie Drysdale,PHI,D,26.7,26.7,19.2,66.7,,41.7,52.5,40.0,21.7,74.2,6.7,78.8,25.4,59.2,54.6,177,177,195,30.0,,141,115,145,189,58,225,52,180,99,110,240,87,177,Second Pair,78.0,1681.2,8.0,24.0,32.0,6.872435528451144,50.45871559633027,51.70631321605262,D,71.0,185.0,2002-04-08,CAN,2020.0,1.0,6.0,R,23,"[33, None, 43, 9, 42]","[31, None, 24, 40, 22]","[8, None, 23, 5, 39]","['ANA', None, 'PHI', 'PHI', 'PHI']"
2025-2026,8476467,Jamie Oleksiak,SEA,D,60.8,47.9,75.8,,14.1,73.8,65.0,47.5,17.9,46.2,58.3,14.2,61.7,10.4,34.6,95,126,59,,153.0,64,85,127,198,122,101,207,93,216,158,240,87,177,Third Pair,78.0,1320.3,5.0,10.0,15.0,3.356936148306832,51.76470588235295,47.251276829195206,D,79.0,252.0,1992-12-21,CAN,2011.0,1.0,14.0,L,32,"[77, 82, 80, 70, 44]","[75, 85, 90, 39, 34]","[84, 77, 77, 75, 75]","['SEA', 'SEA', 'SEA', 'SEA', 'SEA']"
2025-2026,8474716,Jared Spurgeon,MIN,D,87.9,67.9,95.8,49.4,10.7,32.1,36.2,54.6,30.0,78.8,41.2,48.8,69.2,62.1,69.2,30,78,11,45.0,159.0,164,154,110,169,47,142,124,75,92,75,240,87,177,Second Pair,79.0,1547.75,6.0,16.0,22.0,5.338454245892449,51.94805194805194,52.33500691267478,D,69.0,166.0,1989-11-29,CAN,2008.0,6.0,156.0,R,35,"[93, 98, 74, 92, 85]","[83, 88, 61, 71, 69]","[87, 98, 69, 97, 95]","['MIN', 'MIN', 'MIN', 'MIN', 'MIN']"
2025-2026,8481593,Jayden Struble,MTL,D,34.2,45.4,50.4,,,52.1,39.2,15.4,64.6,28.3,94.6,85.8,73.3,65.8,26.2,159,132,120,,,116,147,204,86,162,14,35,65,83,178,240,87,177,Third Pair,59.0,827.0666666666667,2.0,10.0,12.0,1.6177065974793343,53.84615384615385,49.46377350187173,D,72.0,207.0,2001-09-08,USA,2019.0,2.0,46.0,L,23,"[None, None, 20, 36, 36]","[None, None, 40, 57, 40]","[None, None, 13, 60, 50]","[None, None, 'MTL', 'MTL', 'MTL']"
2025-2026,8473507,Jeff Petry,MIN,D,59.6,71.2,64.6,,,11.2,6.7,29.6,48.8,24.2,68.3,53.3,14.2,19.2,18.3,98,70,86,,,214,225,170,124,171,77,113,207,195,197,240,87,177,Third Pair,67.0,989.05,0.0,9.0,9.0,2.7090652324587112,41.02564102564102,53.060569752385454,D,75.0,208.0,1987-12-09,USA,2006.0,2.0,45.0,R,37,"[92, 63, 76, 50, 60]","[92, 84, 86, 69, 69]","[78, 69, 77, 41, 72]","['MTL', 'PIT', 'DET', 'DET', 'MIN']"
2025-2026,8478468,Jeremy Lauzon,VGK,D,56.7,30.8,69.2,,75.7,6.2,11.2,63.7,7.9,61.3,99.6,17.1,3.3,67.5,82.5,105,167,75,,44.0,226,214,88,222,87,2,200,233,79,43,240,87,177,Third Pair,68.0,1168.3,1.0,12.0,13.0,4.251750435960596,44.9438202247191,53.1853100027776,D,75.0,225.0,1997-04-28,CAN,2015.0,2.0,52.0,L,28,"[14, 9, 28, 40, 70]","[15, 25, 46, 35, 28]","[62, 33, 75, 57, 74]","['NSH', 'NSH', 'NSH', 'NSH', 'VGK']"
2025-2026,8476441,Joel Edmundson,LAK,D,2.5,5.0,7.1,,19.2,7.1,33.8,67.9,40.0,51.7,50.0,87.1,88.8,86.7,35.8,235,229,224,,144.0,224,160,78,145,109,121,32,28,33,155,240,87,177,Second Pair,82.0,1515.2333333333331,2.0,21.0,23.0,5.882986671358745,57.14285714285714,49.69332782703973,D,77.0,220.0,1993-06-28,CAN,2011.0,2.0,46.0,L,32,"[12, 6, 11, 4, 4]","[36, 29, 43, 6, 3]","[18, 18, 14, 8, 8]","['MTL', 'MTL', 'TOR', 'LAK', 'LAK']"
2025-2026,8477810,Joel Hanley,CGY,D,67.9,13.8,91.2,,45.8,15.0,6.2,4.6,6.2,56.2,72.1,80.8,20.8,35.4,24.2,78,208,22,,97.0,205,226,230,226,99,68,47,191,156,183,240,87,177,Third Pair,68.0,997.55,0.0,7.0,7.0,2.154370967888759,43.333333333333336,49.657573837546224,D,71.0,186.0,1991-06-08,CAN,,,,L,34,"[70, 50, 57, 72, 66]","[40, 35, 21, 9, 15]","[69, 62, 82, 89, 92]","['DAL', 'DAL', 'CGY', 'CGY', 'CGY']"
2025-2026,8482911,Joel Nystrom,CAR,D,52.5,52.1,41.7,,48.0,33.3,23.3,40.8,99.6,73.1,20.0,97.9,77.5,94.6,8.8,115,116,141,,93.0,161,185,143,2,60,193,6,55,14,220,240,87,177,Third Pair,38.0,577.0666666666667,1.0,9.0,10.0,1.416461435353828,59.523809523809526,59.29732486676481,D,71.0,178.0,2002-05-14,SWE,2021.0,7.0,219.0,R,23,"[None, None, None, None, 55]","[None, None, None, None, 54]","[None, None, None, None, 40]","[None, None, None, None, 'CAR']"
2025-2026,8474590,John Carlson,ANA,D,82.5,97.1,20.8,85.1,11.3,9.6,73.8,94.6,98.3,30.8,10.0,77.5,58.8,42.1,54.2,43,8,191,14.0,158.0,218,64,14,5,156,217,55,100,140,111,240,87,177,First Pair,71.0,1644.3833333333334,14.0,46.0,60.0,11.811273799779237,56.03448275862068,53.601462171300525,D,75.0,220.0,1990-01-10,USA,2008.0,1.0,27.0,R,35,"[88, 62, 62, 91, 78]","[93, 81, 96, 98, 96]","[37, 17, 3, 19, 30]","['WSH', 'WSH', 'WSH', 'WSH', 'ANA']"
2025-2026,8475906,John Klingberg,SJS,D,22.5,81.7,0.8,69.0,,66.2,57.5,41.2,42.1,63.3,37.1,67.1,65.0,38.3,53.3,187,45,239,28.0,,82,103,142,140,82,152,80,85,149,113,240,87,177,Second Pair,56.0,1146.1333333333334,10.0,17.0,27.0,5.135365728463715,47.42268041237113,47.94023592895979,D,74.0,185.0,1992-08-14,SWE,2010.0,5.0,131.0,R,33,"[50, 12, None, None, 25]","[97, 86, None, None, 82]","[0, 0, None, None, 1]","['DAL', 'MIN', None, None, 'SJS']"
2025-2026,8478507,John Marino,UTA,D,77.1,42.5,85.0,,32.2,23.8,15.8,25.8,95.0,82.9,13.3,44.2,89.6,90.0,62.1,56,139,37,,121.0,184,203,179,13,40,209,135,26,25,92,240,87,177,Second Pair,80.0,1616.1666666666667,4.0,32.0,36.0,4.892759299818611,62.121212121212125,54.19855266400311,D,73.0,200.0,1997-05-21,USA,2015.0,6.0,154.0,R,28,"[82, 79, 65, 66, 81]","[26, 11, 4, 57, 54]","[88, 93, 88, 62, 91]","['PIT', 'NJD', 'NJD', 'UTA', 'UTA']"
2025-2026,8481030,John St. Ivany,PIT,D,45.0,40.0,45.0,,50.3,36.7,1.9,16.7,73.3,66.7,95.0,17.5,85.0,59.6,49.6,133,145,133,,89.0,153,233,201,65,74,13,199,37,98,122,240,87,177,Third Pair,20.0,326.51666666666665,0.0,7.0,7.0,1.1950283598416618,56.00000000000001,51.97080969721315,D,76.0,197.0,1999-07-22,USA,2018.0,4.0,112.0,R,26,"[None, None, None, 42, 47]","[None, None, None, 41, 44]","[None, None, None, 39, 42]","[None, None, None, 'PIT', 'PIT']"
2025-2026,8480192,Johnathan Kovacevic,NJD,D,40.4,34.6,76.2,,73.4,13.8,12.1,46.2,47.5,13.8,69.2,11.2,42.5,69.6,46.2,144,158,58,,48.0,208,212,130,127,195,75,214,139,74,130,240,87,177,Third Pair,34.0,607.4666666666667,0.0,8.0,8.0,1.6270009560573542,46.666666666666664,47.031478471737,D,77.0,223.0,1997-07-12,CAN,2017.0,3.0,74.0,R,28,"[None, 77, 49, 29, 51]","[None, 72, 55, 21, 42]","[None, 72, 55, 91, 58]","[None, 'MTL', 'MTL', 'NJD', 'NJD']"
2025-2026,8476463,Jonas Brodin,MIN,D,90.0,35.0,99.2,,76.3,82.9,69.2,27.1,69.2,69.2,9.6,40.4,81.2,63.3,80.0,25,157,3,,43.0,42,75,176,75,68,218,144,46,89,49,240,87,177,Second Pair,62.0,1257.9833333333331,4.0,14.0,18.0,2.642950636932873,60.0,53.8294132954099,D,74.0,196.0,1993-07-12,SWE,2011.0,1.0,10.0,L,32,"[96, 89, 94, 78, 90]","[59, 46, 59, 32, 35]","[100, 93, 100, 94, 98]","['MIN', 'MIN', 'MIN', 'MIN', 'MIN']"
2025-2026,8478399,Jonas Siegenthaler,NJD,D,54.2,1.7,94.6,,77.4,5.4,8.3,21.7,7.1,32.9,67.5,20.4,14.6,84.2,75.0,111,237,14,,41.0,228,221,189,224,153,79,192,206,39,61,240,87,177,Second Pair,82.0,1597.2,0.0,16.0,16.0,3.1810555546018606,39.81481481481482,48.73090526938822,D,74.0,218.0,1997-05-06,CHE,2015.0,2.0,57.0,L,28,"[94, 82, 68, 74, 24]","[54, 16, 14, 7, 1]","[99, 97, 87, 95, 91]","['NJD', 'NJD', 'NJD', 'NJD', 'NJD']"
2025-2026,8481219,Jonathan Aspirot,BOS,D,24.2,50.8,30.8,,24.9,56.7,55.8,49.2,10.8,31.7,85.0,29.2,99.6,25.8,41.7,183,119,167,,134.0,105,107,123,215,155,37,171,2,179,141,240,87,177,Third Pair,61.0,1021.1333333333332,3.0,10.0,13.0,2.7702965883417763,65.06024096385542,49.49105776146389,D,72.0,212.0,1999-05-16,CAN,,,,L,26,"[None, None, None, None, 27]","[None, None, None, None, 50]","[None, None, None, None, 32]","[None, None, None, None, 'BOS']"
2025-2026,8481606,Jordan Spence,OTT,D,88.3,89.2,82.9,58.6,,77.9,76.7,80.8,80.8,35.0,59.2,93.8,61.3,83.8,16.2,29,27,42,37.0,,54,57,47,47,148,99,16,94,40,202,240,87,177,Second Pair,73.0,1366.9833333333331,7.0,24.0,31.0,6.7705129569077735,57.42574257425742,62.51319377374415,D,71.0,188.0,2001-02-24,AUS,2019.0,4.0,95.0,R,24,"[56, None, 64, 77, 91]","[57, None, 80, 68, 94]","[36, None, 35, 79, 88]","['LAK', None, 'LAK', 'LAK', 'OTT']"
2025-2026,8476312,Josh Manson,COL,D,57.9,65.8,89.6,,70.1,4.2,48.8,90.4,93.8,1.7,90.8,15.4,37.9,91.2,29.6,102,83,26,,54.0,231,124,24,16,224,23,204,150,22,170,240,87,177,Third Pair,79.0,1404.9666666666667,5.0,26.0,31.0,6.492245184723026,62.60869565217392,57.59846626133434,D,75.0,218.0,1991-10-07,USA,2011.0,6.0,160.0,R,33,"[36, 33, 76, 52, 57]","[63, 50, 77, 27, 79]","[74, 49, 84, 79, 93]","['COL', 'COL', 'COL', 'COL', 'COL']"
2025-2026,8477504,Josh Morrissey,WPG,D,90.8,93.3,55.4,1.1,,98.3,96.2,74.6,91.2,87.5,12.1,98.8,95.0,70.4,82.9,23,17,108,87.0,,5,10,62,22,29,212,4,13,72,42,240,87,177,First Pair,77.0,1903.45,14.0,41.0,55.0,8.407392707505927,56.390977443609025,50.090869838730555,D,72.0,195.0,1995-03-28,CAN,2013.0,1.0,13.0,L,30,"[80, 74, 88, 95, 84]","[72, 81, 97, 95, 87]","[84, 34, 30, 58, 60]","['WPG', 'WPG', 'WPG', 'WPG', 'WPG']"
2025-2026,8479372,Joshua Mahura,SEA,D,27.9,30.0,35.4,,42.4,17.1,1.9,18.8,16.7,55.8,85.8,34.2,99.2,15.8,17.1,174,169,156,,103.0,200,233,196,201,100,35,159,3,203,200,240,87,177,Third Pair,23.0,360.21666666666664,1.0,2.0,3.0,0.577073951105193,63.63636363636363,43.905632834858785,D,72.0,193.0,1998-05-05,CAN,2016.0,3.0,85.0,L,27,"[50, 50, 39, 20, 32]","[45, 75, 31, 37, 29]","[17, 29, 38, 25, 40]","['ANA', 'FLA', 'FLA', 'SEA', 'SEA']"
2025-2026,8482111,Justin Barron,NSH,D,52.1,60.0,35.8,,,48.3,45.4,88.8,20.0,62.5,55.4,62.1,13.3,33.8,28.3,116,97,155,,,125,132,28,193,84,108,92,209,160,173,240,87,177,Third Pair,52.0,741.0166666666667,0.0,9.0,9.0,2.91307346731209,46.2962962962963,49.38651659142257,D,74.0,198.0,2001-11-15,CAN,2020.0,1.0,25.0,R,23,"[None, 38, 50, 57, 48]","[None, 50, 56, 60, 61]","[None, 25, 23, 32, 38]","[None, 'MTL', 'MTL', 'NSH', 'NSH']"
2025-2026,8475753,Justin Faulk,DET,D,5.0,7.5,20.4,18.4,27.7,95.4,91.2,73.8,46.7,15.4,25.8,52.1,39.2,31.2,64.6,229,223,192,72.0,129.0,12,22,64,129,191,179,116,147,166,86,240,87,177,First Pair,78.0,1716.8166666666666,16.0,24.0,40.0,9.0119033323535,47.008547008547005,45.69153546463313,D,72.0,208.0,1992-03-20,USA,2010.0,2.0,37.0,R,33,"[76, 5, 16, 7, 7]","[82, 49, 73, 12, 4]","[21, 2, 11, 20, 23]","['STL', 'STL', 'STL', 'STL', 'DET']"
2025-2026,8480817,K'Andre Miller,CAR,D,73.8,61.7,74.2,50.6,94.4,90.0,82.9,72.9,67.1,20.0,48.8,67.5,6.7,93.8,74.6,64,93,63,44.0,11.0,25,42,66,80,181,124,79,225,16,62,240,87,177,First Pair,72.0,1612.2833333333333,8.0,29.0,37.0,6.22701688315362,49.59349593495935,56.753742901060974,D,77.0,210.0,2000-01-21,USA,2018.0,1.0,22.0,L,25,"[75, 58, 72, 72, 74]","[50, 38, 30, 67, 62]","[86, 85, 82, 43, 81]","['NYR', 'NYR', 'NYR', 'NYR', 'CAR']"
2025-2026,8481527,Kaedan Korczak,VGK,D,70.4,58.8,76.7,,,41.2,17.5,18.3,78.3,57.9,82.1,55.0,93.8,71.7,23.3,72,100,57,,,142,199,197,53,95,44,109,16,69,185,240,87,177,Third Pair,78.0,1245.5166666666669,3.0,13.0,16.0,3.1542289873521394,53.68421052631579,55.63963049688223,D,75.0,206.0,2001-01-29,CAN,2019.0,2.0,41.0,R,24,"[None, None, 48, 61, 75]","[None, None, 48, 55, 63]","[None, None, 53, 60, 84]","[None, None, 'VGK', 'VGK', 'VGK']"
2025-2026,8482087,Kaiden Guhle,MTL,D,32.5,18.3,61.3,,23.7,76.2,70.8,60.8,65.4,49.6,87.5,7.5,63.3,58.3,94.6,163,197,94,,136.0,58,71,95,84,114,31,223,89,101,14,240,87,177,Second Pair,39.0,759.05,2.0,9.0,11.0,2.0820318403748312,48.888888888888886,47.62136871297394,D,75.0,202.0,2002-01-18,CAN,2020.0,1.0,16.0,L,23,"[None, 18, 0, 27, 61]","[None, 12, 2, 22, 21]","[None, 48, 74, 57, 60]","[None, 'MTL', 'MTL', 'MTL', 'MTL']"
2025-2026,8480860,Kevin Bahl,CGY,D,18.3,10.0,70.0,,55.4,60.4,30.8,5.0,32.1,15.8,55.0,26.2,43.3,21.2,91.2,197,217,73,,80.0,96,167,229,164,190,109,178,137,190,22,240,87,177,Second Pair,76.0,1668.1,4.0,14.0,18.0,2.591395045382553,46.42857142857143,43.358497152959835,D,78.0,230.0,2000-06-27,CAN,2018.0,2.0,55.0,L,25,"[None, 41, 9, 57, 11]","[None, 62, 23, 43, 2]","[None, 47, 84, 76, 59]","[None, 'NJD', 'NJD', 'CGY', 'CGY']"
2025-2026,8471724,Kris Letang,PIT,D,15.0,75.8,2.9,60.9,93.8,3.8,19.6,60.0,39.2,10.8,54.6,75.8,42.9,72.1,86.2,205,59,234,35.0,12.0,232,194,97,147,202,110,59,138,68,34,240,87,177,Second Pair,74.0,1604.5,3.0,31.0,34.0,5.007386665799128,49.122807017543856,49.09123553147355,D,72.0,199.0,1987-04-24,CAN,2005.0,3.0,62.0,R,38,"[83, 74, 76, 9, 10]","[83, 89, 92, 70, 78]","[29, 16, 6, 4, 2]","['PIT', 'PIT', 'PIT', 'PIT', 'PIT']"
2025-2026,8478476,Kyle Capobianco,DAL,D,53.3,46.2,41.2,,,57.9,86.2,24.2,14.2,80.6,28.3,82.9,83.3,49.2,0.4,113,130,142,,,102,34,183,207,44,173,42,41,123,240,240,87,177,Fringe,33.0,400.4,2.0,3.0,5.0,0.999167822170294,52.77777777777778,50.98788889439946,D,75.0,194.0,1997-08-13,CAN,2015.0,3.0,63.0,L,28,"[7, None, None, None, 56]","[34, None, None, None, 45]","[17, None, None, None, 40]","['ARI', None, None, None, 'DAL']"
2025-2026,8483457,Lane Hutson,MTL,D,97.5,97.5,67.1,93.1,,67.5,71.2,76.2,98.8,96.7,17.9,97.1,97.1,35.0,68.3,7,7,80,7.0,,79,70,58,4,9,198,8,8,157,77,240,87,177,First Pair,82.0,1949.2833333333333,12.0,66.0,78.0,10.960484671023082,62.16216216216216,55.110366979737755,D,69.0,162.0,2004-02-14,USA,2022.0,2.0,62.0,L,21,"[None, None, None, 93, 98]","[None, None, None, 94, 98]","[None, None, None, 19, 83]","[None, None, None, 'MTL', 'MTL']"
2025-2026,8483425,Lian Bichsel,DAL,D,36.7,31.2,60.8,,63.3,79.6,94.6,19.2,17.1,25.4,100.0,34.6,96.7,32.9,27.9,153,166,95,,66.0,50,14,195,200,168,1,158,9,162,174,240,87,177,Third Pair,50.0,783.3333333333334,4.0,4.0,8.0,1.083363966921182,57.446808510638306,48.27378821631954,D,79.0,237.0,2004-05-18,CHE,2022.0,1.0,18.0,L,21,"[None, None, None, 24, 54]","[None, None, None, 46, 27]","[None, None, None, 54, 61]","[None, None, None, 'DAL', 'DAL']"
2025-2026,8482733,Logan Mailloux,STL,D,7.9,34.2,12.1,,,66.7,70.0,70.4,5.0,18.1,85.4,77.1,7.9,47.9,17.5,222,159,212,,,81,73,72,229,185,36,56,222,126,199,240,87,177,Third Pair,67.0,1123.55,5.0,8.0,13.0,3.853306973644453,40.74074074074074,46.75675200478311,D,75.0,212.0,2003-04-15,CAN,2021.0,1.0,31.0,R,22,"[None, None, None, None, 11]","[None, None, None, None, 33]","[None, None, None, None, 13]","[None, None, None, None, 'STL']"
2025-2026,8479378,Logan Stanley,BUF,D,4.2,20.8,22.9,,59.3,87.9,79.6,57.9,36.7,2.9,87.1,10.0,91.7,39.2,11.7,231,191,186,,73.0,30,50,102,153,221,32,217,21,147,213,240,87,177,Third Pair,76.0,1269.0166666666669,9.0,17.0,26.0,5.228423062018169,48.27586206896552,45.59824818815818,D,79.0,231.0,1998-05-26,CAN,2016.0,1.0,18.0,L,27,"[12, None, 33, 4, 4]","[29, None, 35, 20, 20]","[12, None, 33, 23, 19]","['WPG', None, 'WPG', 'WPG', 'BUF']"
2025-2026,8481806,Louis Crevier,CHI,D,6.7,20.4,29.2,,19.8,80.8,84.2,57.1,39.6,11.7,88.3,1.2,44.6,2.5,100.0,225,192,171,,143.0,47,39,104,146,200,29,238,134,235,1,240,87,177,Third Pair,78.0,1336.7166666666667,7.0,18.0,25.0,5.424351866790433,46.601941747572816,42.057701519320915,D,80.0,228.0,2001-05-04,CAN,2020.0,7.0,188.0,R,24,"[None, None, 30, 31, 3]","[None, None, 31, 19, 20]","[None, None, 27, 33, 27]","[None, None, 'CHI', 'CHI', 'CHI']"
2025-2026,8482684,Luke Hughes,NJD,D,32.9,52.9,11.2,72.4,52.5,2.5,65.8,94.2,76.2,76.2,9.2,89.2,17.1,85.8,52.5,162,114,214,25.0,85.0,235,83,15,58,53,219,27,200,35,115,240,87,177,First Pair,68.0,1564.7666666666669,6.0,29.0,35.0,8.97099984880831,48.45360824742268,48.90274977789513,D,74.0,198.0,2003-09-09,USA,2021.0,1.0,4.0,L,21,"[None, None, 75, 23, 28]","[None, None, 58, 47, 59]","[None, None, 26, 14, 8]","[None, None, 'NJD', 'NJD', 'NJD']"
2025-2026,8474568,Luke Schenn,BUF,D,10.0,16.2,23.8,,65.5,14.2,14.2,22.5,23.3,29.6,99.2,7.1,10.8,27.1,15.8,217,202,184,,62.0,207,207,187,185,159,3,224,215,176,203,240,87,177,Third Pair,50.0,683.2333333333333,1.0,6.0,7.0,1.5501596932565818,34.0,38.60125663409277,D,74.0,225.0,1989-11-02,CAN,2008.0,1.0,5.0,R,35,"[18, 2, 13, 15, 9]","[10, 6, 10, 34, 11]","[66, 13, 25, 21, 23]","['VAN', 'TOR', 'NSH', 'WPG', 'BUF']"
2025-2026,8477346,MacKenzie Weegar,UTA,D,77.9,77.5,92.5,2.3,58.8,68.3,62.5,63.3,64.2,5.8,90.4,66.2,5.8,20.4,59.6,54,55,19,86.0,74.0,77,91,89,87,214,24,82,227,192,98,240,87,177,First Pair,79.0,1774.5166666666669,4.0,24.0,28.0,6.341339420239169,37.704918032786885,47.0915897259018,D,72.0,206.0,1994-01-07,CAN,2013.0,7.0,206.0,R,31,"[95, 93, 91, 86, 59]","[100, 84, 93, 79, 68]","[83, 98, 86, 97, 87]","['FLA', 'CGY', 'CGY', 'CGY', 'UTA']"
2025-2026,8477969,Marcus Pettersson,VAN,D,80.4,85.8,90.8,,78.5,40.4,24.6,12.5,51.2,3.3,56.7,9.6,38.8,10.8,85.0,48,35,23,,39.0,144,182,211,118,220,105,218,148,215,37,240,87,177,Second Pair,82.0,1759.1333333333334,3.0,15.0,18.0,4.14882152394687,38.52459016393443,42.956611116216806,D,77.0,174.0,1996-05-08,SWE,2014.0,2.0,38.0,L,29,"[60, 85, 95, 96, 32]","[19, 92, 88, 97, 62]","[91, 81, 98, 86, 88]","['PIT', 'PIT', 'PIT', 'VAN', 'VAN']"
2025-2026,8479983,Mario Ferraro,SJS,D,8.3,51.7,39.2,,0.6,80.0,64.2,43.8,52.5,14.2,73.3,12.1,33.8,5.0,71.2,221,117,147,,177.0,49,87,136,115,194,65,212,160,229,70,240,87,177,Second Pair,82.0,1724.3166666666666,7.0,16.0,23.0,4.530480471574499,48.69565217391305,46.46595011375706,D,71.0,200.0,1998-09-17,CAN,2017.0,2.0,49.0,L,26,"[57, 17, 1, 5, 22]","[10, 14, 26, 76, 30]","[65, 23, 22, 7, 68]","['SJS', 'SJS', 'SJS', 'SJS', 'SJS']"
2025-2026,8480796,Martin Fehérváry,WSH,D,33.3,50.0,40.4,,2.8,75.0,68.3,56.7,52.1,64.2,82.5,4.2,60.8,77.1,75.8,161,121,144,,173.0,61,77,105,116,80,43,231,95,56,59,240,87,177,Second Pair,81.0,1561.7833333333333,5.0,22.0,27.0,4.620847278256155,53.46534653465347,48.80311200720673,D,74.0,215.0,1999-10-06,SVK,2018.0,2.0,46.0,L,25,"[15, 26, 20, 52, 26]","[51, 7, 16, 66, 42]","[16, 44, 28, 38, 42]","['WSH', 'WSH', 'WSH', 'WSH', 'WSH']"
2025-2026,8482511,Mason Lohrei,BOS,D,17.5,48.3,4.6,39.1,,65.8,72.5,72.1,53.8,76.7,26.7,74.6,85.8,40.8,38.8,199,125,230,54.0,,83,67,68,112,52,177,62,35,143,148,240,87,177,Third Pair,73.0,1234.0833333333333,7.0,19.0,26.0,5.392805076390092,61.038961038961034,45.54426339741966,D,77.0,218.0,2001-01-17,USA,2020.0,2.0,58.0,L,24,"[None, None, 28, 29, 15]","[None, None, 40, 61, 40]","[None, None, 22, 4, 3]","[None, None, 'BOS', 'BOS', 'BOS']"
2025-2026,8476891,Matt Grzelcyk,CHI,D,12.1,5.8,33.8,54.0,,3.3,4.6,5.4,70.0,50.0,17.5,80.4,79.2,17.1,62.5,212,227,160,41.0,,233,230,228,73,113,199,48,51,200,91,240,87,177,Third Pair,69.0,1170.9833333333331,0.0,12.0,12.0,2.1094697470333585,50.0,45.056028728921675,D,70.0,180.0,1994-01-05,USA,2012.0,3.0,85.0,L,31,"[88, 50, 15, 13, 12]","[64, 22, 10, 0, 23]","[97, 76, 53, 57, 19]","['BOS', 'BOS', 'BOS', 'PIT', 'CHI']"
2025-2026,8478911,Matt Roy,WSH,D,84.2,78.8,81.7,,29.9,6.7,29.2,53.8,85.0,83.8,72.5,27.9,75.0,56.2,64.2,39,52,45,,125.0,225,171,112,37,38,67,174,61,106,87,240,87,177,Second Pair,79.0,1628.1833333333334,2.0,17.0,19.0,5.012711605613987,53.333333333333336,49.58586848713746,D,74.0,220.0,1995-03-01,USA,2015.0,7.0,194.0,R,30,"[74, 90, 86, 75, 86]","[85, 88, 88, 77, 78]","[75, 85, 91, 68, 84]","['LAK', 'LAK', 'LAK', 'WSH', 'WSH']"
2025-2026,8482516,Matthew Kessel,STL,D,41.2,27.9,46.7,,,48.8,60.0,23.8,18.3,77.9,61.3,59.6,75.4,18.8,20.8,142,174,129,,,124,97,184,197,49,94,98,60,196,191,240,87,177,Fringe,29.0,363.56666666666666,2.0,1.0,3.0,0.847883160260903,52.17391304347826,44.413493953657934,D,75.0,212.0,2000-06-23,USA,2020.0,5.0,150.0,R,25,"[None, None, 35, 43, 42]","[None, None, 20, 36, 26]","[None, None, 47, 42, 44]","[None, None, 'STL', 'STL', 'STL']"
2025-2026,8481525,Matthew Robertson,NYR,D,39.2,65.0,67.9,,26.0,88.3,77.5,41.7,45.0,4.6,79.2,35.0,63.7,14.2,19.2,147,85,78,,132.0,29,55,141,133,217,51,157,88,207,195,240,87,177,Third Pair,72.0,1253.1166666666666,6.0,12.0,18.0,3.086874724075187,48.91304347826087,48.76845559320758,D,76.0,210.0,2001-03-09,CAN,2019.0,2.0,49.0,L,24,"[None, None, None, None, 40]","[None, None, None, None, 67]","[None, None, None, None, 67]","[None, None, None, None, 'NYR']"
2025-2026,8485366,Matthew Schaefer,NYI,D,95.8,94.6,51.7,4.6,12.4,95.0,97.1,98.8,81.2,100.0,47.1,66.7,77.1,4.6,84.2,11,14,117,84.0,156.0,13,8,4,46,1,128,81,56,230,39,240,87,177,First Pair,82.0,2023.9833333333331,23.0,36.0,59.0,15.760104340055236,56.25,50.81326275515908,D,74.0,186.0,2007-09-05,CAN,2025.0,1.0,1.0,L,17,"[None, None, None, None, 95]","[None, None, None, None, 92]","[None, None, None, None, 50]","[None, None, None, None, 'NYI']"
2025-2026,8475218,Mattias Ekholm,EDM,D,95.0,96.7,95.0,,71.2,1.2,62.1,95.8,92.5,21.7,28.7,92.5,25.8,99.6,80.8,13,9,13,,52.0,238,92,11,19,177,172,19,179,2,47,240,87,177,Second Pair,82.0,1688.5666666666666,6.0,35.0,41.0,8.505748663002652,55.92105263157895,57.22490404156522,D,77.0,225.0,1990-05-24,SWE,2009.0,4.0,102.0,L,35,"[71, 97, 97, 88, 95]","[68, 96, 98, 92, 97]","[83, 97, 97, 90, 94]","['NSH', 'EDM', 'EDM', 'EDM', 'EDM']"
2025-2026,8480807,Mattias Samuelsson,BUF,D,49.2,33.3,42.9,,18.1,94.2,85.0,45.0,53.3,73.8,70.0,22.1,86.7,80.4,87.1,123,161,138,,146.0,15,37,133,113,59,73,188,33,48,32,240,87,177,First Pair,78.0,1780.6333333333334,13.0,28.0,41.0,8.017579321545037,59.12408759124088,50.814637169398225,D,76.0,229.0,2000-03-14,USA,2018.0,2.0,32.0,L,25,"[59, 23, 40, 56, 43]","[38, 41, 41, 33, 32]","[62, 53, 57, 65, 22]","['BUF', 'BUF', 'BUF', 'BUF', 'BUF']"
2025-2026,8481719,Max Crozier,TBL,D,37.9,48.8,55.8,,47.5,25.8,26.7,72.5,88.8,26.5,78.8,88.8,93.3,79.6,4.2,150,124,107,,94.0,179,177,67,28,166,52,28,17,50,231,240,87,177,Third Pair,35.0,560.4,1.0,9.0,10.0,1.778940716961746,56.75675675675676,54.68508206564828,D,75.0,204.0,2000-04-19,CAN,2019.0,4.0,120.0,R,25,"[None, None, None, None, 38]","[None, None, None, None, 49]","[None, None, None, None, 57]","[None, None, None, None, 'TBL']"
2025-2026,8480891,Michael Kesselring,BUF,D,38.8,60.4,52.9,,,25.0,22.9,89.6,38.8,22.5,62.9,63.7,72.1,70.0,55.4,148,96,114,,,181,186,26,148,175,90,88,68,73,108,240,87,177,Third Pair,34.0,455.4166666666667,0.0,2.0,2.0,1.8139181203258976,51.51515151515152,52.62543131345541,D,77.0,215.0,2000-01-13,USA,2018.0,6.0,164.0,R,25,"[None, None, 19, 56, 31]","[None, None, 52, 70, 52]","[None, None, 25, 66, 43]","[None, None, 'ARI', 'UTA', 'BUF']"
2025-2026,8482107,Mike Benning,FLA,D,52.9,51.2,33.3,43.7,,53.8,98.3,83.8,75.8,80.6,5.0,61.7,60.0,15.0,0.8,114,118,161,50.0,,112,5,40,59,44,229,93,97,205,239,240,87,177,Third Pair,18.0,304.23333333333335,2.0,4.0,6.0,1.3166287369163965,46.42857142857143,45.91686983922179,D,69.0,185.0,2002-01-05,CAN,2020.0,4.0,95.0,R,23,"[None, None, None, None, 55]","[None, None, None, None, 51]","[None, None, None, None, 34]","[None, None, None, None, 'FLA']"
2025-2026,8476875,Mike Matheson,MTL,D,22.1,72.5,40.0,,1.1,22.9,46.7,64.2,75.0,24.6,19.6,16.2,45.0,46.7,99.2,188,67,145,,176.0,186,129,87,61,170,194,202,133,129,3,240,87,177,First Pair,78.0,1884.75,7.0,30.0,37.0,7.050667591776987,50.806451612903224,46.61851296492783,D,74.0,196.0,1994-02-27,CAN,2012.0,1.0,23.0,L,31,"[93, 60, 75, 19, 20]","[91, 65, 87, 75, 67]","[52, 72, 47, 27, 45]","['PIT', 'MTL', 'MTL', 'MTL', 'MTL']"
2025-2026,8476422,Mike Reilly,CAR,D,67.1,75.0,58.3,,36.2,15.8,12.5,62.1,82.5,44.6,21.7,92.1,55.4,88.3,2.9,80,61,101,,114.0,203,211,92,43,126,189,20,108,29,234,240,87,177,Third Pair,42.0,628.55,1.0,8.0,9.0,2.247774351116836,58.536585365853654,57.76480158567511,D,74.0,191.0,1993-07-13,USA,2011.0,4.0,98.0,L,32,"[81, None, 72, None, 69]","[93, None, 84, None, 75]","[74, None, 73, None, 58]","['BOS', None, 'NYI', None, 'CAR']"
2025-2026,8479998,Mikey Anderson,LAK,D,70.8,6.2,92.9,,82.5,17.5,27.9,36.7,57.1,59.6,70.8,15.0,81.7,92.5,70.4,71,226,18,,32.0,199,174,153,104,91,71,205,45,19,72,240,87,177,Second Pair,80.0,1645.6166666666668,4.0,16.0,20.0,3.480280223918041,53.46534653465347,52.345201387021255,D,72.0,195.0,1999-05-25,USA,2017.0,4.0,103.0,L,26,"[81, 59, 66, 81, 63]","[34, 10, 4, 16, 5]","[82, 82, 88, 98, 86]","['LAK', 'LAK', 'LAK', 'LAK', 'LAK']"
2025-2026,8479410,Mikhail Sergachev,UTA,D,81.2,91.7,18.8,95.4,69.5,93.8,78.3,58.3,72.1,22.1,16.2,60.8,25.0,75.8,93.3,46,21,196,5.0,55.0,16,53,101,68,176,202,95,181,59,17,240,87,177,First Pair,78.0,1895.0666666666664,10.0,49.0,59.0,8.355142741032562,49.18032786885246,49.78062370777215,D,75.0,212.0,1998-06-25,RUS,2016.0,1.0,9.0,L,27,"[55, 73, 64, 86, 76]","[87, 94, 68, 96, 85]","[30, 35, 39, 28, 12]","['TBL', 'TBL', 'TBL', 'UTA', 'UTA']"
2025-2026,8480036,Miro Heiskanen,DAL,D,96.7,86.7,96.7,87.4,79.1,8.8,55.0,78.3,83.8,97.5,18.3,89.6,68.3,86.2,93.8,9,33,9,12.0,38.0,220,109,53,40,7,197,26,77,34,16,240,87,177,First Pair,77.0,1961.4166666666667,9.0,54.0,63.0,10.108726807418478,55.769230769230774,54.09745329789951,D,74.0,197.0,1999-07-18,FIN,2017.0,1.0,3.0,L,26,"[97, 94, 99, 95, 96]","[95, 74, 91, 84, 85]","[95, 91, 99, 81, 98]","['DAL', 'DAL', 'DAL', 'DAL', 'DAL']"
2025-2026,8476853,Morgan Rielly,TOR,D,37.1,69.6,2.5,94.3,,91.2,87.5,75.4,66.7,60.4,20.8,99.6,56.7,37.1,72.5,152,74,235,6.0,,22,31,60,81,89,191,2,105,152,67,240,87,177,Second Pair,78.0,1648.6666666666667,11.0,25.0,36.0,8.138931505781876,46.206896551724135,48.74481898950793,D,73.0,219.0,1994-03-09,CAN,2012.0,1.0,5.0,L,31,"[65, 61, 30, 37, 44]","[93, 83, 75, 71, 70]","[1, 5, 2, 2, 2]","['TOR', 'TOR', 'TOR', 'TOR', 'TOR']"
2025-2026,8481542,Moritz Seider,DET,D,96.2,90.0,99.6,88.5,2.3,77.1,61.3,55.8,45.8,50.8,65.8,14.6,48.8,22.9,98.3,10,25,2,11.0,174.0,56,94,107,131,111,83,206,124,186,5,240,87,177,First Pair,82.0,2104.65,10.0,50.0,60.0,8.698877306690946,55.46875,55.88416155235829,D,74.0,210.0,2001-04-06,DEU,2019.0,1.0,6.0,R,24,"[69, 65, 12, 93, 99]","[75, 29, 66, 77, 95]","[32, 84, 30, 96, 99]","['DET', 'DET', 'DET', 'DET', 'DET']"
2025-2026,8477220,Nate Schmidt,UTA,D,92.1,88.8,86.2,,67.2,63.3,57.1,50.8,47.1,84.6,38.8,67.9,70.4,77.9,25.8,20,28,34,,59.0,89,104,119,128,36,148,78,72,54,179,240,87,177,Second Pair,82.0,1615.2666666666669,5.0,17.0,22.0,5.496041641718026,59.83606557377049,55.6453461045667,D,72.0,197.0,1991-07-16,USA,,,,L,34,"[79, 66, 63, 86, 94]","[80, 70, 62, 73, 93]","[43, 37, 70, 83, 89]","['WPG', 'WPG', 'WPG', 'FLA', 'UTA']"
2025-2026,8480145,Neal Pionk,WPG,D,13.8,26.2,25.4,44.8,15.8,77.5,47.9,26.7,56.2,27.9,81.2,47.1,87.9,61.7,85.8,208,178,180,49.0,150.0,55,126,177,106,163,46,128,30,93,35,240,87,177,First Pair,51.0,1158.2,3.0,9.0,12.0,3.844438155512504,53.03030303030303,46.16219311408615,D,72.0,190.0,1995-07-29,USA,,,,R,30,"[0, 13, 2, 12, 20]","[13, 71, 6, 41, 25]","[2, 3, 11, 35, 24]","['WPG', 'WPG', 'WPG', 'WPG', 'WPG']"
2025-2026,8483565,Nick Blankenburg,COL,D,72.5,63.7,44.2,20.7,64.4,21.2,67.1,93.3,48.3,98.3,63.3,46.7,15.8,44.2,28.7,67,88,135,70.0,64.0,190,80,17,125,5,89,129,203,135,172,240,87,177,Third Pair,61.0,1024.6166666666666,8.0,16.0,24.0,5.631817471451455,44.11764705882353,52.76736942973543,D,69.0,177.0,1998-05-12,USA,,,,R,27,"[None, 55, None, 70, 73]","[None, 50, None, 54, 70]","[None, 44, None, 55, 29]","[None, 'CBJ', None, 'NSH', 'COL']"
2025-2026,8480084,Nick DeSimone,UTA,D,59.2,60.8,46.2,,,47.1,66.7,70.0,52.9,75.8,46.7,65.4,76.7,74.6,18.8,99,95,130,,,128,81,73,114,54,129,84,57,62,196,240,87,177,Third Pair,40.0,568.5166666666667,2.0,6.0,8.0,1.9686811160298276,54.54545454545454,55.268731036634435,D,74.0,194.0,1994-11-21,USA,,,,R,30,"[None, None, 53, 54, 62]","[None, None, 56, 58, 64]","[None, None, 31, 36, 51]","[None, None, 'NJD', 'UTA', 'UTA']"
2025-2026,8475324,Nick Jensen,OTT,D,55.4,12.5,70.8,,27.1,51.2,47.1,20.0,59.6,90.4,46.2,42.1,49.6,80.0,39.2,108,211,71,,130.0,118,128,193,98,22,130,140,122,49,147,240,87,177,Third Pair,61.0,1037.5333333333333,4.0,13.0,17.0,1.9423789715607105,48.07692307692308,52.42253822005194,D,72.0,202.0,1990-09-21,USA,2009.0,5.0,150.0,R,34,"[94, 86, 52, 62, 49]","[40, 63, 5, 11, 17]","[88, 79, 74, 71, 66]","['WSH', 'WSH', 'WSH', 'OTT', 'OTT']"
2025-2026,8475181,Nick Leddy,SJS,D,30.0,45.0,14.6,,13.0,39.6,15.0,1.7,25.0,83.3,0.8,64.6,31.7,18.3,43.3,169,133,206,,155.0,146,205,237,181,39,239,86,165,197,137,240,87,177,Third Pair,32.0,571.85,1.0,6.0,7.0,0.835358369978473,37.77777777777778,43.73512584269106,D,72.0,205.0,1991-03-20,USA,2009.0,1.0,16.0,L,34,"[10, 43, 11, 48, 26]","[9, 44, 77, 45, 38]","[5, 23, 0, 27, 18]","['STL', 'STL', 'STL', 'STL', 'SJS']"
2025-2026,8480246,Nick Perbix,NSH,D,21.2,13.3,49.6,,26.6,54.6,58.3,59.2,30.4,58.8,27.9,47.5,36.2,60.8,36.2,190,209,122,,131.0,110,101,99,168,93,174,127,154,95,154,240,87,177,Second Pair,79.0,1509.85,3.0,10.0,13.0,4.439837148733709,41.1214953271028,44.68175451184262,D,76.0,206.0,1998-06-15,USA,2017.0,6.0,169.0,R,27,"[None, 42, 71, 50, 8]","[None, 19, 8, 52, 4]","[None, 49, 80, 48, 32]","[None, 'TBL', 'TBL', 'TBL', 'NSH']"
2025-2026,8476372,Nick Seeler,PHI,D,62.9,16.7,81.2,,83.1,21.7,33.3,44.6,19.2,57.1,79.6,60.4,29.2,52.5,43.8,90,201,46,,31.0,189,161,134,195,97,50,96,171,115,136,240,87,177,Third Pair,80.0,1414.8833333333332,4.0,6.0,10.0,4.491294786521286,42.68292682926829,51.553310482281624,D,75.0,197.0,1993-06-03,USA,2011.0,5.0,131.0,L,32,"[49, 68, 77, 48, 68]","[15, 14, 53, 4, 24]","[38, 88, 79, 81, 80]","['PHI', 'PHI', 'PHI', 'PHI', 'PHI']"
2025-2026,8479980,Nicolas Hague,NSH,D,17.1,47.1,26.7,,38.4,54.2,51.2,42.9,17.5,18.8,76.7,33.8,33.3,57.1,31.2,200,128,177,,110.0,111,118,138,199,184,57,160,161,104,166,240,87,177,Second Pair,62.0,1217.0666666666666,3.0,12.0,15.0,2.949029481607853,43.67816091954023,48.25766092741738,D,78.0,245.0,1998-12-05,CAN,2017.0,2.0,34.0,L,26,"[24, 32, 34, 16, 19]","[62, 44, 46, 24, 63]","[32, 38, 50, 17, 26]","['VGK', 'VGK', 'VGK', 'VGK', 'NSH']"
2025-2026,8477507,Nikita Zadorov,BOS,D,2.9,37.9,68.3,,59.9,11.7,21.7,32.5,60.0,0.4,91.7,24.6,92.1,23.8,81.2,234,150,77,,72.0,213,189,163,97,227,21,182,20,184,46,240,87,177,Second Pair,81.0,1691.3833333333334,2.0,20.0,22.0,4.935384980355671,55.96330275229357,46.36305117079182,D,79.0,255.0,1995-04-16,RUS,2013.0,1.0,16.0,L,30,"[25, 70, 3, 13, 2]","[45, 58, 11, 34, 53]","[85, 81, 80, 85, 45]","['CGY', 'CGY', 'VAN', 'BOS', 'BOS']"
2025-2026,8478859,Niko Mikkola,FLA,D,58.8,2.1,80.8,,99.4,65.0,53.3,51.7,15.4,41.2,80.0,60.0,18.8,80.8,77.9,100,236,47,,2.0,85,113,117,204,134,49,97,196,47,54,240,87,177,Second Pair,68.0,1384.1833333333334,3.0,8.0,11.0,3.6397633583866607,44.70588235294118,49.46474894604939,D,78.0,204.0,1996-04-27,FIN,2015.0,5.0,127.0,L,29,"[12, 7, 18, 43, 71]","[28, 0, 1, 7, 2]","[41, 74, 69, 80, 82]","['STL', 'NYR', 'FLA', 'FLA', 'FLA']"
2025-2026,8484321,Nikolas Matinpalo,OTT,D,29.6,23.8,38.3,,30.5,14.6,7.9,62.9,18.8,75.4,80.8,16.7,34.2,55.4,7.9,170,184,149,,124.0,206,222,90,196,55,47,201,159,108,222,240,87,177,Third Pair,50.0,781.3666666666667,0.0,5.0,5.0,1.803835054808702,44.0,52.39612163751205,D,75.0,213.0,1998-10-05,FIN,,,,R,26,"[None, None, None, 30, 29]","[None, None, None, 41, 17]","[None, None, None, 29, 42]","[None, None, None, 'OTT', 'OTT']"
2025-2026,8480878,Nils Lundkvist,DAL,D,33.8,62.1,24.6,,,40.8,32.5,43.3,58.8,41.7,49.2,42.9,95.8,77.5,25.0,160,92,182,,,143,163,137,100,133,123,138,11,55,181,240,87,177,Third Pair,52.0,857.0333333333333,3.0,8.0,11.0,2.136365668696552,59.01639344262295,51.84366292760537,D,73.0,194.0,2000-07-27,SWE,2018.0,1.0,28.0,R,25,"[54, 30, 20, 17, 53]","[37, 74, 60, 63, 61]","[35, 15, 15, 14, 35]","['NYR', 'DAL', 'DAL', 'DAL', 'DAL']"
2025-2026,8480865,Noah Dobson,MTL,D,63.7,81.2,19.6,28.7,34.5,97.1,95.0,86.2,91.7,39.2,45.8,70.8,67.9,57.9,89.6,88,46,194,63.0,117.0,8,13,34,21,138,131,71,78,102,26,240,87,177,First Pair,80.0,1798.7,12.0,35.0,47.0,10.019294587688016,51.85185185185185,47.29483641327929,D,76.0,200.0,2000-01-07,CAN,2018.0,1.0,12.0,R,25,"[86, 52, 46, 84, 35]","[74, 77, 82, 88, 72]","[28, 19, 16, 56, 9]","['NYI', 'NYI', 'NYI', 'NYI', 'MTL']"
2025-2026,8478396,Noah Hanifin,VGK,D,92.5,95.0,77.1,24.1,57.1,30.4,50.8,69.6,67.9,62.1,20.4,85.0,22.1,76.2,44.2,19,13,56,67.0,77.0,168,119,74,78,85,192,37,188,58,135,240,87,177,First Pair,71.0,1604.6833333333334,3.0,25.0,28.0,5.96013935197978,51.32743362831859,56.00804918101344,D,75.0,206.0,1997-01-25,USA,2015.0,1.0,5.0,L,28,"[92, 81, 85, 95, 89]","[95, 97, 91, 99, 92]","[40, 28, 51, 53, 85]","['CGY', 'CGY', 'VGK', 'VGK', 'VGK']"
2025-2026,8478454,Noah Juulsen,PHI,D,26.2,15.0,38.8,,37.9,35.8,11.7,8.3,10.0,79.6,97.9,49.2,34.6,54.2,45.4,178,205,148,,111.0,155,213,221,217,45,6,123,158,111,132,240,87,177,Third Pair,52.0,718.4333333333333,1.0,9.0,10.0,1.25158291361639,50.0,45.48719560727921,D,74.0,201.0,1997-04-02,CAN,2015.0,1.0,26.0,R,28,"[None, None, 42, 29, 23]","[None, None, 26, 25, 11]","[None, None, 52, 35, 35]","[None, None, 'VAN', 'VAN', 'PHI']"
2025-2026,8482803,Olen Zellweger,ANA,D,45.8,68.3,12.9,42.5,51.4,1.7,75.0,97.9,55.4,82.5,42.1,86.7,59.6,13.8,30.4,131,77,210,51.0,87.0,237,61,6,108,41,140,33,98,208,168,240,87,177,Third Pair,76.0,1290.1833333333334,7.0,15.0,22.0,8.110145351984531,51.85185185185185,51.17174279990102,D,70.0,193.0,2003-09-10,CAN,2021.0,2.0,34.0,L,21,"[None, None, 54, 49, 41]","[None, None, 34, 66, 77]","[None, None, 36, 13, 11]","[None, None, 'ANA', 'ANA', 'ANA']"
2025-2026,8475171,Oliver Ekman-Larsson,TOR,D,15.8,21.7,49.2,55.2,,84.2,75.4,61.3,63.7,8.8,53.8,90.0,83.8,43.8,75.4,203,189,123,40.0,,39,60,94,88,207,112,25,40,136,60,240,87,177,Second Pair,78.0,1606.4833333333331,8.0,31.0,39.0,5.420946837620185,50.0,47.27131141493376,D,74.0,190.0,1991-07-17,SWE,2009.0,1.0,6.0,L,34,"[57, 19, 47, 7, 21]","[73, 37, 34, 14, 24]","[68, 17, 62, 31, 52]","['VAN', 'VAN', 'FLA', 'TOR', 'TOR']"
2025-2026,8476874,Olli Maatta,CGY,D,74.2,19.2,87.5,,61.6,16.7,40.4,61.7,89.2,85.8,36.7,42.5,23.8,36.2,47.5,63,195,31,,69.0,201,144,93,27,33,153,139,184,154,127,240,87,177,Third Pair,43.0,740.1833333333333,2.0,13.0,15.0,2.110694138906813,45.3125,49.33041950547422,D,74.0,207.0,1994-08-22,FIN,2012.0,1.0,22.0,L,31,"[67, 53, 78, 79, 66]","[24, 5, 14, 10, 26]","[79, 76, 89, 95, 75]","['LAK', 'DET', 'DET', 'UTA', 'CGY']"
2025-2026,8482671,Owen Power,BUF,D,78.8,80.8,57.5,10.3,66.7,80.4,76.2,76.7,55.0,70.0,15.4,72.1,66.7,42.5,67.9,52,47,103,79.0,60.0,48,58,57,109,66,204,68,81,139,78,240,87,177,Second Pair,81.0,1753.8666666666666,8.0,21.0,29.0,6.412178331197199,53.71900826446281,50.4035947420721,D,78.0,226.0,2002-11-22,CAN,2021.0,1.0,1.0,L,22,"[None, 59, 51, 68, 84]","[None, 92, 83, 73, 86]","[None, 12, 29, 34, 73]","[None, 'BUF', 'BUF', 'BUF', 'BUF']"
2025-2026,8478450,Parker Wotherspoon,PIT,D,79.2,53.8,84.2,,55.9,37.9,12.9,1.2,70.4,72.5,76.2,22.5,55.0,63.7,67.1,51,112,39,,79.0,150,210,238,72,61,58,187,109,88,80,240,87,177,Second Pair,80.0,1613.7333333333331,3.0,27.0,30.0,2.516551995706147,54.6875,49.9584902593955,D,73.0,190.0,1997-08-24,CAN,2015.0,4.0,112.0,L,28,"[None, None, 68, 82, 74]","[None, None, 74, 60, 45]","[None, None, 63, 82, 87]","[None, None, 'BOS', 'BOS', 'PIT']"
2025-2026,8483490,Pavel Mintyukov,ANA,D,42.9,71.7,3.3,26.4,29.4,82.1,88.3,87.1,30.8,96.2,29.2,43.8,36.7,8.8,31.7,138,69,233,65.0,126.0,44,29,32,167,10,171,136,153,220,165,240,87,177,Second Pair,73.0,1345.05,8.0,14.0,22.0,6.490360027993666,45.65217391304348,49.015324863425995,D,73.0,207.0,2003-11-25,RUS,2022.0,1.0,10.0,L,21,"[None, None, 52, 16, 63]","[None, None, 74, 70, 73]","[None, None, 8, 2, 3]","[None, None, 'ANA', 'ANA', 'ANA']"
2025-2026,8481598,Philip Broberg,STL,D,93.3,86.2,79.2,9.2,62.7,55.0,70.4,82.1,82.1,99.2,22.9,38.3,97.9,30.4,83.8,17,34,51,80.0,67.0,109,72,44,44,3,186,149,6,168,40,240,87,177,First Pair,81.0,1891.9666666666667,6.0,28.0,34.0,7.959573276742485,53.6,51.2570424378771,D,76.0,210.0,2001-06-25,SWE,2019.0,1.0,8.0,L,24,"[45, 65, None, 88, 92]","[33, 49, None, 82, 87]","[49, 45, None, 77, 79]","['EDM', 'EDM', None, 'STL', 'STL']"
2025-2026,8479026,Philippe Myers,TOR,D,28.3,21.2,52.1,,35.6,31.2,17.1,37.1,1.7,55.4,89.6,33.3,40.8,11.2,37.1,173,190,116,,115.0,166,200,152,237,101,26,161,143,214,152,240,87,177,Third Pair,39.0,567.1833333333334,0.0,2.0,2.0,1.358937537802561,39.58333333333333,42.17284359177727,D,77.0,221.0,1997-01-25,CAN,,,,R,28,"[34, None, None, 43, 19]","[16, None, None, 27, 20]","[47, None, None, 52, 46]","['NSH', None, None, 'TOR', 'TOR']"
2025-2026,8480058,Pierre-Olivier Joseph,VAN,D,31.2,54.6,23.3,,,30.8,20.4,33.3,34.6,47.5,34.2,48.3,0.8,6.2,32.5,166,110,185,,,167,192,161,158,119,159,125,239,226,163,240,87,177,Third Pair,31.0,412.45,1.0,5.0,6.0,0.9857790994856936,30.76923076923077,46.696426713769746,D,74.0,185.0,1999-07-01,CAN,2017.0,1.0,23.0,L,26,"[None, 32, 28, 18, 43]","[None, 76, 49, 59, 55]","[None, 18, 13, 20, 29]","[None, 'PIT', 'PIT', 'PIT', 'VAN']"
2025-2026,8480800,Quinn Hughes,MIN,D,100.0,96.2,78.8,100.0,,83.8,80.0,84.6,97.5,99.6,1.2,92.9,54.6,45.4,65.0,1,10,52,1.0,,40,49,38,7,2,238,18,110,132,85,240,87,177,First Pair,74.0,2052.5833333333335,7.0,69.0,76.0,12.153631863080442,51.19047619047619,53.2953927136984,D,70.0,180.0,1999-10-14,USA,2018.0,1.0,7.0,L,25,"[90, 96, 98, 98, 99]","[86, 47, 95, 89, 98]","[59, 83, 76, 79, 77]","['VAN', 'VAN', 'VAN', 'VAN', 'MIN']"
2025-2026,8475462,Radko Gudas,ANA,D,74.6,80.4,82.5,,42.9,27.1,27.5,15.8,72.9,10.4,97.1,25.0,40.0,12.1,35.0,62,48,43,,102.0,176,175,203,66,203,8,181,145,212,157,240,87,177,Third Pair,56.0,906.25,2.0,11.0,13.0,1.9669619128991989,47.05882352941176,51.612166885810375,D,72.0,208.0,1990-06-05,CZE,2010.0,3.0,66.0,R,35,"[84, 84, 69, 63, 77]","[74, 76, 80, 87, 77]","[90, 91, 96, 92, 64]","['FLA', 'FLA', 'ANA', 'ANA', 'ANA']"
2025-2026,8478397,Rasmus Andersson,VGK,D,37.5,56.7,7.5,83.9,45.2,93.3,91.7,92.5,86.2,52.9,11.2,75.0,22.9,57.5,63.3,151,105,223,15.0,98.0,17,21,19,34,106,214,61,186,103,89,240,87,177,First Pair,81.0,1879.3333333333333,17.0,30.0,47.0,13.484220886854306,49.6124031007752,49.599957043093355,D,73.0,202.0,1996-10-27,SWE,2015.0,2.0,53.0,R,28,"[96, 73, 67, 22, 45]","[78, 31, 71, 62, 50]","[70, 27, 6, 1, 22]","['CGY', 'CGY', 'CGY', 'CGY', 'VGK']"
2025-2026,8480839,Rasmus Dahlin,BUF,D,98.8,99.2,87.9,81.6,61.0,94.6,96.7,97.5,99.2,82.1,50.8,73.8,74.2,25.0,62.9,4,3,30,17.0,70.0,14,9,7,3,42,119,64,63,181,90,240,87,177,First Pair,77.0,1862.3,19.0,55.0,74.0,16.85492459300197,58.91472868217055,54.34394722194108,D,75.0,204.0,2000-04-13,SWE,2018.0,1.0,1.0,L,25,"[24, 91, 95, 99, 97]","[57, 95, 96, 98, 99]","[16, 86, 74, 93, 81]","['BUF', 'BUF', 'BUF', 'BUF', 'BUF']"
2025-2026,8477499,Rasmus Ristolainen,PHI,D,71.2,42.1,77.5,32.2,44.6,2.9,8.8,74.2,37.1,92.5,71.2,21.7,35.0,65.4,50.0,70,140,55,60.0,99.0,234,220,63,152,17,70,189,157,84,121,240,87,177,Second Pair,44.0,940.9833333333332,1.0,13.0,14.0,4.432033536475181,52.54237288135594,51.32342981939399,D,76.0,208.0,1994-10-27,FIN,2013.0,1.0,8.0,R,30,"[9, 55, 70, 65, 75]","[65, 22, 63, 38, 44]","[6, 82, 54, 84, 72]","['PHI', 'PHI', 'PHI', 'PHI', 'PHI']"
2025-2026,8480873,Rasmus Sandin,WSH,D,55.0,65.4,34.2,19.5,75.1,38.3,49.2,54.2,92.1,59.2,65.4,47.9,66.2,68.3,60.0,109,84,159,71.0,45.0,149,123,111,20,92,84,126,82,77,97,240,87,177,Second Pair,73.0,1401.6666666666667,5.0,24.0,29.0,4.7338069699485406,49.0,49.115357957681766,D,71.0,189.0,2000-03-07,SWE,2018.0,1.0,29.0,L,25,"[89, 67, 24, 62, 56]","[79, 89, 76, 79, 47]","[68, 10, 12, 25, 49]","['TOR', 'WSH', 'WSH', 'WSH', 'WSH']"
2025-2026,8474600,Roman Josi,NSH,D,91.7,95.8,21.2,79.3,57.6,65.4,90.4,98.3,87.9,87.1,10.8,96.7,17.9,41.7,74.2,21,11,190,19.0,76.0,84,24,5,30,30,215,9,198,141,63,240,87,177,First Pair,68.0,1691.6666666666667,13.0,42.0,55.0,11.765276283919995,46.72131147540984,48.915569868006095,D,73.0,201.0,1990-06-01,CHE,2008.0,2.0,38.0,L,35,"[97, 89, 98, 84, 88]","[99, 93, 99, 93, 95]","[58, 31, 38, 32, 12]","['NSH', 'NSH', 'NSH', 'NSH', 'NSH']"
2025-2026,8477435,Ryan Graves,PIT,D,60.0,43.3,52.5,,,38.8,37.1,52.9,0.8,87.9,62.1,5.8,4.2,64.6,17.9,97,137,115,,,148,152,114,239,28,92,227,231,86,198,240,87,177,Third Pair,22.0,336.68333333333334,1.0,0.0,1.0,1.200832554595726,44.0,54.64286493296642,D,77.0,225.0,1995-05-21,CAN,2013.0,4.0,110.0,L,30,"[86, 70, 33, 70, 57]","[81, 78, 60, 52, 37]","[66, 45, 38, 52, 52]","['NJD', 'NJD', 'PIT', 'PIT', 'PIT']"
2025-2026,8479324,Ryan Lindgren,SEA,D,2.1,0.4,28.7,,86.4,47.5,35.0,30.8,11.7,28.7,37.9,57.5,50.8,52.9,41.2,236,240,172,,25.0,127,157,167,213,161,150,103,119,114,142,240,87,177,Second Pair,76.0,1393.7333333333331,2.0,7.0,9.0,2.7324196968181007,43.20987654320987,42.052291638879616,D,72.0,194.0,1998-02-11,USA,2016.0,2.0,49.0,L,27,"[55, 67, 16, 3, 1]","[6, 48, 0, 0, 0]","[92, 86, 65, 43, 16]","['NYR', 'NYR', 'NYR', 'COL', 'SEA']"
2025-2026,8474151,Ryan McDonagh,TBL,D,82.9,79.2,70.4,,85.9,67.1,85.4,66.2,85.8,77.5,6.2,18.8,95.4,92.9,79.2,42,51,72,,26.0,80,36,82,35,50,226,196,12,18,51,240,87,177,Second Pair,48.0,924.3,6.0,15.0,21.0,3.087774628466929,54.83870967741935,55.54389500771054,D,73.0,216.0,1989-06-13,USA,2007.0,1.0,12.0,L,36,"[82, 23, 81, 78, 85]","[76, 73, 92, 80, 75]","[80, 12, 76, 77, 62]","['TBL', 'NSH', 'NSH', 'TBL', 'TBL']"
2025-2026,8477506,Ryan Pulock,NYI,D,1.2,3.8,6.7,,4.5,60.8,42.5,31.2,68.8,47.9,47.5,26.7,71.2,66.2,96.2,238,232,225,,170.0,95,139,166,76,118,127,177,70,82,10,240,87,177,Second Pair,76.0,1582.0,3.0,24.0,27.0,3.450749000923699,55.00000000000001,47.15998511952929,D,73.0,219.0,1994-10-06,CAN,2013.0,1.0,15.0,R,30,"[80, 39, 44, 1, 1]","[67, 28, 52, 1, 6]","[74, 26, 52, 4, 7]","['NYI', 'NYI', 'NYI', 'NYI', 'NYI']"
2025-2026,8478854,Ryan Shea,PIT,D,68.8,62.5,29.6,,81.9,79.2,71.7,28.3,90.0,90.0,30.0,10.4,82.1,55.0,23.8,76,91,170,,33.0,51,69,173,25,23,169,216,44,109,184,240,87,177,Second Pair,80.0,1510.9166666666667,6.0,29.0,35.0,4.3526855366020065,58.778625954198475,51.722083759676366,D,73.0,200.0,1997-02-11,USA,2015.0,4.0,121.0,L,28,"[None, None, 44, 22, 82]","[None, None, 50, 30, 76]","[None, None, 31, 37, 25]","[None, None, 'PIT', 'PIT', 'PIT']"
2025-2026,8482858,Ryker Evans,SEA,D,50.8,27.5,73.3,,31.1,88.8,84.6,11.2,23.8,33.8,64.6,43.3,76.2,10.0,40.4,119,175,65,,123.0,28,38,214,184,151,86,137,58,217,144,240,87,177,Third Pair,67.0,1192.9333333333334,8.0,9.0,17.0,2.07739176816111,54.34782608695651,49.93946920738727,D,72.0,195.0,2001-12-13,CAN,2021.0,2.0,35.0,L,23,"[None, None, 57, 61, 40]","[None, None, 27, 14, 35]","[None, None, 71, 78, 70]","[None, None, 'SEA', 'SEA', 'SEA']"
2025-2026,8484806,Sam Dickinson,SJS,D,19.6,64.6,13.8,,70.6,0.8,9.2,80.0,25.4,40.2,64.2,30.8,42.1,7.5,2.5,194,86,208,,53.0,239,219,49,180,136,87,167,140,223,235,240,87,177,Third Pair,72.0,1206.4333333333334,1.0,13.0,14.0,4.728521429559631,46.666666666666664,46.46471045474237,D,75.0,200.0,2006-06-07,CAN,2024.0,1.0,11.0,L,19,"[None, None, None, None, 22]","[None, None, None, None, 65]","[None, None, None, None, 15]","[None, None, None, None, 'SJS']"
2025-2026,8484258,Sam Malinski,COL,D,88.8,82.5,84.6,,,89.2,86.7,82.9,94.2,65.8,61.7,36.7,94.6,89.6,12.1,28,43,38,,,27,33,42,15,76,93,153,14,26,212,240,87,177,Third Pair,82.0,1444.5333333333333,8.0,32.0,40.0,6.448332048544174,70.1923076923077,61.247276879381864,D,71.0,190.0,1998-07-27,USA,,,,R,27,"[None, None, 62, 73, 93]","[None, None, 44, 61, 90]","[None, None, 45, 67, 94]","[None, None, 'COL', 'COL', 'COL']"
2025-2026,8483506,Sam Rinzel,CHI,D,10.8,38.3,13.3,16.1,,75.8,83.3,68.3,57.5,16.7,42.5,81.2,85.4,0.8,38.3,215,149,209,74.0,,59,41,77,103,188,139,46,36,239,149,240,87,177,Second Pair,54.0,986.7166666666668,4.0,10.0,14.0,3.85272213781724,47.2972972972973,43.24984024119377,D,76.0,194.0,2004-06-25,USA,2022.0,1.0,25.0,R,21,"[None, None, None, None, 12]","[None, None, None, None, 38]","[None, None, None, None, 14]","[None, None, None, None, 'CHI']"
2025-2026,8479398,Samuel Girard,PIT,D,79.6,82.1,66.7,,54.2,22.1,32.1,37.5,74.2,74.6,23.3,57.1,60.4,89.2,39.6,50,44,81,,82.0,188,164,151,63,57,185,104,96,27,146,240,87,177,Second Pair,60.0,1086.0166666666669,3.0,16.0,19.0,2.467512904412284,59.78260869565217,56.024312995480145,D,70.0,170.0,1998-05-12,CAN,2016.0,2.0,47.0,L,27,"[40, 80, 77, 82, 75]","[32, 71, 79, 84, 80]","[53, 60, 68, 63, 67]","['COL', 'COL', 'COL', 'COL', 'PIT']"
2025-2026,8476429,Scott Mayfield,NYI,D,31.7,17.1,59.6,,25.4,18.3,16.2,31.7,22.1,61.7,62.5,37.9,65.8,22.1,35.4,165,200,98,,133.0,197,202,165,188,86,91,150,83,188,156,240,87,177,Third Pair,80.0,1317.6833333333334,2.0,13.0,15.0,2.8885675681090497,41.37931034482759,46.82460984300196,D,76.0,215.0,1992-10-14,USA,2011.0,2.0,34.0,R,32,"[32, 54, 41, 58, 18]","[32, 69, 17, 31, 12]","[71, 88, 59, 64, 57]","['NYI', 'NYI', 'NYI', 'NYI', 'NYI']"
2025-2026,8482666,Scott Morrow,NYR,D,63.3,57.1,32.1,46.0,,32.9,1.9,2.1,10.4,95.0,15.0,64.2,11.7,28.7,7.1,89,104,164,48.0,,162,233,236,216,13,205,87,213,172,224,240,87,177,Third Pair,29.0,454.4,0.0,6.0,6.0,0.9063131414552285,42.857142857142854,48.01712479445794,D,74.0,210.0,2002-11-01,USA,2021.0,2.0,40.0,R,22,"[None, None, None, None, 65]","[None, None, None, None, 58]","[None, None, None, None, 34]","[None, None, None, None, 'NYR']"
2025-2026,8480434,Sean Durzi,UTA,D,69.6,70.4,47.1,71.3,,49.6,68.8,70.8,74.6,68.8,30.4,79.6,16.7,75.0,34.2,74,72,128,26.0,,122,76,71,62,69,168,50,201,61,159,240,87,177,Second Pair,60.0,1155.6666666666667,5.0,22.0,27.0,5.121095277016103,45.744680851063826,52.25602980301467,D,73.0,196.0,1998-10-21,CAN,2018.0,2.0,52.0,R,26,"[60, 33, 79, 60, 72]","[66, 17, 78, 63, 75]","[50, 59, 44, 47, 41]","['LAK', 'LAK', 'ARI', 'UTA', 'UTA']"
2025-2026,8480336,Sean Walker,CAR,D,86.7,95.4,62.5,,87.0,50.0,81.7,93.8,46.2,7.1,75.8,80.0,3.8,95.8,42.5,33,12,91,,24.0,121,45,16,130,211,59,49,232,11,139,240,87,177,Second Pair,81.0,1766.7833333333333,9.0,22.0,31.0,10.391156953478054,50.0,57.29973511898779,D,71.0,191.0,1994-11-13,CAN,,,,R,30,"[None, 38, 78, 74, 89]","[None, 78, 95, 93, 95]","[None, 22, 26, 50, 74]","[None, 'LAK', 'COL', 'CAR', 'CAR']"
2025-2026,8477495,Seth Jones,FLA,D,64.6,55.4,30.4,82.8,96.0,49.2,23.8,50.0,67.5,56.7,42.9,58.8,43.8,27.5,95.0,86,108,168,16.0,8.0,123,184,121,79,98,138,100,136,175,13,240,87,177,First Pair,52.0,1232.3,7.0,25.0,32.0,5.8292547283107226,51.388888888888886,49.88546289857595,D,76.0,213.0,1994-10-03,USA,2013.0,1.0,4.0,R,30,"[75, 66, 36, 38, 76]","[21, 73, 52, 54, 60]","[95, 50, 58, 13, 41]","['CHI', 'CHI', 'CHI', 'FLA', 'FLA']"
2025-2026,8482166,Shakir Mukhamadullin,SJS,D,44.2,24.2,53.8,,37.3,78.3,88.8,46.7,34.2,70.8,47.9,15.8,24.6,7.9,36.7,135,183,112,,112.0,53,28,129,159,64,126,203,182,222,153,240,87,177,Third Pair,50.0,857.1166666666667,5.0,7.0,12.0,2.0154404273224613,47.61904761904761,45.118651475655774,D,76.0,200.0,2002-01-10,RUS,2020.0,1.0,20.0,L,23,"[None, None, None, 50, 35]","[None, None, None, 32, 22]","[None, None, None, 49, 56]","[None, None, None, 'SJS', 'SJS']"
2025-2026,8476906,Shayne Gostisbehere,CAR,D,85.0,84.2,55.0,64.4,,85.8,90.8,90.8,94.6,89.2,14.6,94.6,19.6,93.3,8.3,37,39,109,32.0,,35,23,23,14,25,206,14,194,17,221,240,87,177,Second Pair,55.0,1057.7833333333333,13.0,37.0,50.0,8.509219324914742,57.3170731707317,57.9419156481999,D,71.0,183.0,1993-04-20,USA,2012.0,3.0,78.0,L,32,"[76, 85, 90, 79, 85]","[49, 62, 74, 89, 80]","[24, 58, 42, 67, 50]","['ARI', 'CAR', 'DET', 'CAR', 'CAR']"
2025-2026,8477447,Shea Theodore,VGK,D,83.8,90.8,54.6,73.6,67.8,72.9,77.9,87.9,93.3,53.3,2.1,82.5,68.8,90.8,60.4,40,23,110,24.0,58.0,66,54,30,17,105,236,43,76,23,96,240,87,177,First Pair,70.0,1598.55,10.0,29.0,39.0,8.47813866675514,58.58585858585859,56.9475073297653,D,74.0,197.0,1995-08-03,CAN,2013.0,1.0,26.0,L,30,"[89, 88, 82, 75, 87]","[98, 91, 89, 88, 89]","[39, 53, 21, 38, 65]","['VGK', 'VGK', 'VGK', 'VGK', 'VGK']"
2025-2026,8481122,Simon Benoit,TOR,D,0.8,0.8,5.8,,5.6,8.3,3.8,7.1,4.6,17.5,97.5,0.4,56.2,39.6,42.9,239,239,227,,168.0,221,232,224,230,186,7,240,106,146,138,240,87,177,Third Pair,73.0,1262.6166666666668,0.0,6.0,6.0,3.2183330569721953,35.294117647058826,40.23702670304143,D,76.0,210.0,1998-09-19,CAN,,,,L,26,"[27, 0, 17, 0, 0]","[41, 8, 8, 2, 0]","[33, 3, 57, 3, 5]","['ANA', 'ANA', 'TOR', 'TOR', 'TOR']"
2025-2026,8482762,Simon Edvinsson,DET,D,49.6,66.2,67.5,,49.2,57.5,57.9,57.5,66.2,10.0,65.0,22.9,47.9,85.0,77.5,122,82,79,,91.0,103,102,103,82,204,85,186,126,37,55,240,87,177,First Pair,72.0,1609.6166666666666,9.0,16.0,25.0,6.76239914004941,50.45045045045045,52.66604860257201,D,78.0,222.0,2003-02-05,SWE,2021.0,1.0,6.0,L,22,"[None, None, None, 40, 58]","[None, None, None, 58, 74]","[None, None, None, 66, 65]","[None, None, None, 'DET', 'DET']"
2025-2026,8483495,Simon Nemec,NJD,D,19.2,44.6,10.0,14.9,,61.7,74.6,60.4,22.9,57.5,5.4,90.4,11.2,72.5,37.5,195,134,217,75.0,,93,62,96,186,96,228,24,214,67,151,240,87,177,Second Pair,68.0,1337.4666666666667,11.0,15.0,26.0,7.118291491243161,43.11926605504588,47.01522801284163,D,73.0,190.0,2004-02-15,SVK,2022.0,1.0,2.0,R,21,"[None, None, 41, 24, 18]","[None, None, 58, 35, 50]","[None, None, 24, 15, 7]","[None, None, 'NJD', 'NJD', 'NJD']"
2025-2026,8481056,Spencer Stastney,EDM,D,53.8,55.0,40.8,,52.0,44.2,28.7,33.8,12.5,71.9,16.7,31.2,5.0,31.7,2.1,112,109,143,,86.0,135,172,160,211,62,201,166,229,165,236,240,87,177,Third Pair,66.0,1023.2166666666668,2.0,8.0,10.0,2.0485403868218808,43.54838709677419,49.45610765224994,D,72.0,184.0,2000-01-04,USA,2018.0,5.0,131.0,L,25,"[None, None, 58, 44, 59]","[None, None, 54, 56, 57]","[None, None, 43, 29, 45]","[None, None, 'NSH', 'NSH', 'EDM']"
2025-2026,8478469,Thomas Chabot,OTT,D,85.4,92.9,48.3,70.1,40.1,74.6,77.1,80.4,90.8,58.3,22.5,84.2,37.1,73.8,37.9,36,18,125,27.0,107.0,62,56,48,23,94,187,39,152,64,150,240,87,177,First Pair,57.0,1287.0,7.0,24.0,31.0,5.537799402777422,52.17391304347826,54.95433643644662,D,73.0,200.0,1997-01-30,CAN,2015.0,1.0,18.0,L,28,"[88, 83, 90, 90, 78]","[87, 98, 93, 95, 88]","[57, 9, 46, 44, 47]","['OTT', 'OTT', 'OTT', 'OTT', 'OTT']"
2025-2026,8481581,Thomas Harley,DAL,D,76.7,84.6,50.0,77.0,78.0,84.6,81.2,85.0,80.4,25.0,29.6,76.2,88.3,65.0,61.3,57,38,121,21.0,40.0,38,46,37,48,169,170,58,29,85,94,240,87,177,First Pair,70.0,1613.95,6.0,30.0,36.0,6.965221719090518,51.4018691588785,48.95283423553708,D,75.0,214.0,2001-08-19,USA,2019.0,1.0,18.0,L,24,"[64, None, 82, 94, 48]","[65, None, 84, 91, 76]","[45, None, 58, 56, 36]","['DAL', None, 'DAL', 'DAL', 'DAL']"
2025-2026,8480043,Timothy Liljegren,WSH,D,67.5,77.9,58.8,36.8,15.3,42.1,34.2,44.2,33.8,43.3,57.9,30.4,35.4,16.7,94.2,79,54,100,56.0,151.0,140,159,135,160,129,102,168,156,201,15,240,87,177,Second Pair,47.0,933.0333333333332,1.0,10.0,11.0,2.597415419309866,46.03174603174603,47.717672176652805,D,73.0,200.0,1999-04-30,SWE,2017.0,1.0,17.0,R,26,"[81, 70, 84, 69, 60]","[71, 79, 85, 84, 71]","[65, 67, 65, 63, 55]","['TOR', 'TOR', 'TOR', 'SJS', 'WSH']"
2025-2026,8484240,Tom Willander,VAN,D,6.2,5.4,7.9,67.8,,68.8,49.6,10.8,28.7,54.4,22.1,36.2,18.3,4.2,27.5,226,228,222,29.0,,76,122,215,172,103,188,154,197,231,175,240,87,177,Third Pair,70.0,1189.2666666666669,5.0,16.0,21.0,3.098619301839977,38.04347826086957,40.60796934881132,D,73.0,180.0,2005-02-09,SWE,2023.0,1.0,11.0,R,20,"[None, None, None, None, 8]","[None, None, None, None, 9]","[None, None, None, None, 10]","[None, None, None, None, 'VAN']"
2025-2026,8477950,Tony DeAngelo,NYI,D,5.8,82.9,0.4,41.4,,5.0,53.8,90.0,84.6,42.1,7.5,85.4,12.9,69.2,50.4,227,42,240,52.0,,229,112,25,38,132,223,36,210,75,120,240,87,177,Second Pair,76.0,1454.6833333333334,5.0,30.0,35.0,7.268907546033049,48.03921568627451,46.867473765487595,D,72.0,190.0,1995-10-24,USA,2014.0,1.0,19.0,R,29,"[62, 24, 37, 32, 2]","[88, 94, 66, 83, 85]","[1, 0, 8, 1, 0]","['CAR', 'PHI', 'CAR', 'NYI', 'NYI']"
2025-2026,8474612,Travis Hamonic,DET,D,8.8,27.1,9.2,,35.0,23.3,7.1,10.4,7.5,43.8,74.6,28.3,2.1,30.8,40.8,220,176,219,,116.0,185,224,216,223,128,62,173,236,167,143,240,87,177,Third Pair,26.0,373.8333333333333,0.0,2.0,2.0,0.6135363542339823,26.923076923076923,43.42918488952647,D,73.0,193.0,1990-08-16,CAN,2008.0,2.0,53.0,R,35,"[21, 6, 7, 6, 17]","[38, 53, 20, 25, 30]","[16, 6, 5, 6, 18]","['OTT', 'OTT', 'OTT', 'OTT', 'DET']"
2025-2026,8477948,Travis Sanheim,PHI,D,89.2,72.9,88.3,13.8,97.7,45.0,74.2,91.2,62.1,66.2,25.4,21.2,30.8,60.4,92.9,27,66,29,76.0,5.0,133,63,22,92,75,180,190,167,96,18,240,87,177,First Pair,81.0,1962.0333333333333,11.0,26.0,37.0,8.306909546204423,52.71317829457365,51.73734795040096,D,76.0,222.0,1996-03-29,CAN,2014.0,1.0,17.0,L,29,"[84, 48, 87, 85, 87]","[78, 18, 70, 79, 67]","[77, 67, 85, 87, 86]","['PHI', 'PHI', 'PHI', 'PHI', 'PHI']"
2025-2026,8477845,Trevor van Riemsdyk,WSH,D,82.1,67.1,93.3,,81.4,10.8,25.8,50.4,50.4,23.3,2.9,12.5,90.8,36.7,42.1,44,80,17,,34.0,215,179,120,120,173,234,211,23,153,140,240,87,177,Third Pair,68.0,1104.3,3.0,11.0,14.0,3.728017979293242,52.56410256410257,51.73623681043454,D,75.0,210.0,1991-07-24,USA,,,,R,34,"[87, 92, 90, 83, 79]","[43, 62, 70, 65, 70]","[88, 89, 97, 98, 85]","['WSH', 'WSH', 'WSH', 'WSH', 'WSH']"
2025-2026,8479442,Troy Stecher,TOR,D,7.5,17.5,16.2,,6.8,36.2,34.6,35.0,27.5,52.1,40.4,25.4,50.0,50.0,44.6,223,199,202,,166.0,154,158,157,175,108,144,180,121,121,134,240,87,177,Second Pair,64.0,1227.9833333333331,3.0,11.0,14.0,3.5616295594661107,43.87755102040816,45.97706938689762,D,70.0,184.0,1994-04-07,CAN,,,,R,31,"[38, 3, 15, 5, 16]","[51, 13, 26, 8, 22]","[36, 6, 29, 16, 17]","['LAK', 'CGY', 'EDM', 'EDM', 'TOR']"
2025-2026,8480834,Ty Emberson,EDM,D,47.5,11.7,65.8,,68.4,52.5,27.1,4.2,32.9,78.3,96.2,17.9,27.5,45.8,7.5,127,213,83,,57.0,115,176,231,162,48,10,198,175,131,223,240,87,177,Third Pair,72.0,1117.4666666666667,2.0,10.0,12.0,1.389623445849636,49.25373134328358,47.84147895249335,D,72.0,193.0,2000-05-23,USA,2018.0,3.0,73.0,R,25,"[None, None, 50, 55, 37]","[None, None, 27, 17, 9]","[None, None, 56, 59, 72]","[None, None, 'SJS', 'EDM', 'EDM']"
2025-2026,8482095,Tyler Kleven,OTT,D,30.4,2.9,75.4,,74.6,73.3,55.4,30.0,65.0,42.5,92.5,51.2,15.0,79.2,14.6,168,234,60,,46.0,65,108,169,85,131,19,118,205,51,206,240,87,177,Third Pair,70.0,1214.4166666666667,3.0,15.0,18.0,3.5834476316735553,50.0,54.6260147914023,D,77.0,225.0,2002-01-10,USA,2020.0,2.0,44.0,L,23,"[None, None, None, 36, 27]","[None, None, None, 3, 10]","[None, None, None, 70, 77]","[None, None, None, 'OTT', 'OTT']"
2025-2026,8474574,Tyler Myers,DAL,D,1.7,25.4,27.5,,9.0,4.6,22.1,64.6,45.4,2.5,38.3,11.7,12.5,37.5,56.7,237,180,175,,162.0,230,188,86,132,222,149,213,211,151,105,240,87,177,Second Pair,73.0,1424.75,1.0,10.0,11.0,4.403365343838329,35.051546391752574,43.73407986605944,D,80.0,229.0,1990-02-01,USA,2008.0,1.0,12.0,R,35,"[5, 1, 3, 2, 2]","[59, 7, 64, 15, 25]","[43, 61, 42, 65, 9]","['VAN', 'VAN', 'VAN', 'VAN', 'DAL']"
2025-2026,8481006,Tyler Tucker,STL,D,45.4,40.4,57.9,,33.3,52.9,72.1,52.1,47.9,44.2,95.8,25.8,27.1,11.7,6.7,132,144,102,,119.0,114,68,116,126,127,11,179,176,213,225,240,87,177,Third Pair,69.0,990.8666666666668,3.0,14.0,17.0,3.254504594664529,45.744680851063826,51.165781992851855,D,73.0,204.0,2000-03-01,CAN,2018.0,7.0,200.0,L,25,"[None, 48, 35, 35, 60]","[None, 30, 28, 44, 45]","[None, 46, 41, 43, 67]","[None, 'STL', 'STL', 'STL', 'STL']"
2025-2026,8480001,Urho Vaakanainen,NYR,D,40.0,29.6,51.2,,,31.7,10.0,20.4,73.8,71.9,32.9,2.9,90.0,14.6,29.2,145,170,118,,,165,217,192,64,62,162,234,25,206,171,240,87,177,Third Pair,34.0,471.0833333333333,0.0,6.0,6.0,0.9228177897034422,51.61290322580645,49.33105201458464,D,74.0,202.0,1999-01-01,FIN,2017.0,1.0,18.0,L,26,"[20, 30, 24, 42, 45]","[24, 34, 14, 32, 32]","[14, 19, 27, 45, 53]","['ANA', 'ANA', 'ANA', 'NYR', 'NYR']"
2025-2026,8484304,Uvis Balinskis,FLA,D,32.1,12.9,43.3,40.2,,59.6,54.2,58.8,26.7,84.2,75.0,77.9,7.1,82.5,25.4,164,210,137,53.0,,98,111,100,177,37,61,54,224,43,180,240,87,177,Third Pair,54.0,884.05,5.0,10.0,15.0,3.470269741524543,42.857142857142854,47.44048362069355,D,72.0,196.0,1996-08-01,LVA,,,,L,29,"[None, None, 46, 47, 22]","[None, None, 29, 8, 13]","[None, None, 37, 61, 30]","[None, None, 'FLA', 'FLA', 'FLA']"
2025-2026,8475167,Victor Hedman,TBL,D,80.8,83.3,31.2,86.2,72.3,90.4,80.8,75.0,97.1,67.5,18.8,83.3,96.2,94.2,66.7,47,41,166,13.0,50.0,24,47,61,8,72,196,41,10,15,81,240,87,177,Second Pair,33.0,622.6166666666667,1.0,16.0,17.0,2.6745998387979437,53.65853658536586,47.36349594517196,D,79.0,244.0,1990-12-18,SWE,2009.0,1.0,2.0,L,34,"[99, 77, 93, 91, 65]","[97, 93, 94, 91, 60]","[93, 9, 24, 45, 27]","['TBL', 'TBL', 'TBL', 'TBL', 'TBL']"
2025-2026,8483768,Victor Mancini,VAN,D,20.8,22.9,18.3,,,40.0,9.6,5.8,63.3,77.1,83.3,87.5,8.3,9.2,13.8,191,186,197,,,145,218,227,89,51,41,31,221,219,208,240,87,177,Third Pair,24.0,329.6333333333333,0.0,3.0,3.0,0.4112284569848614,31.03448275862069,34.29039605959022,D,75.0,229.0,2002-05-26,USA,2022.0,5.0,159.0,R,23,"[None, None, None, 20, 25]","[None, None, None, 21, 25]","[None, None, None, 16, 20]","[None, None, None, 'VAN', 'VAN']"
2025-2026,8478407,Vince Dunn,SEA,D,69.2,92.5,3.8,74.7,,92.9,92.1,77.1,59.2,47.1,7.9,68.3,73.8,5.4,87.5,75,19,232,23.0,,18,20,56,99,120,222,77,64,228,31,240,87,177,Second Pair,81.0,1754.65,11.0,33.0,44.0,10.223254513195496,50.0,44.13654754475896,D,72.0,200.0,1996-10-29,CAN,2015.0,2.0,56.0,L,28,"[30, 80, 61, 83, 53]","[52, 88, 87, 94, 89]","[27, 51, 5, 7, 2]","['SEA', 'SEA', 'SEA', 'SEA', 'SEA']"
2025-2026,8479576,Vincent Desharnais,SJS,D,48.3,12.1,74.6,,96.6,33.8,7.5,0.8,1.2,29.2,88.8,20.0,29.6,29.6,30.8,125,212,62,,7.0,160,223,239,238,160,28,193,170,170,167,240,87,177,Second Pair,53.0,963.4,1.0,6.0,7.0,1.046476806027197,49.09090909090909,49.74736767662984,D,79.0,225.0,1996-05-29,CAN,2016.0,7.0,183.0,R,29,"[None, 51, 22, 39, 61]","[None, 52, 16, 12, 13]","[None, 43, 72, 61, 79]","[None, 'EDM', 'EDM', 'SJS', 'SJS']"
2025-2026,8482861,Vincent Iorio,NYR,D,28.7,41.7,22.5,,53.1,35.4,1.9,3.3,14.6,54.4,26.2,51.7,55.8,9.6,14.2,172,141,187,,84.0,156,233,233,206,103,178,117,107,218,207,240,87,177,Third Pair,27.0,424.9,0.0,3.0,3.0,0.6071592321686816,43.24324324324324,41.56717881884848,D,76.0,220.0,2002-11-14,CAN,2021.0,2.0,55.0,R,22,"[None, None, None, None, 30]","[None, None, None, None, 42]","[None, None, None, None, 25]","[None, None, None, None, 'NYR']"
2025-2026,8478882,Vladislav Gavrikov,NYR,D,72.9,37.5,90.4,8.0,89.8,95.8,82.1,51.2,43.8,8.3,12.5,50.4,52.5,91.7,77.1,66,151,24,81.0,19.0,11,44,118,136,208,211,120,115,21,56,240,87,177,First Pair,82.0,1945.4666666666667,14.0,21.0,35.0,7.797672301806419,46.49122807017544,50.78542887356182,D,75.0,210.0,1995-11-21,RUS,2015.0,6.0,159.0,L,29,"[47, 37, 71, 89, 50]","[88, 52, 70, 72, 18]","[15, 71, 24, 94, 89]","['CBJ', 'LAK', 'LAK', 'LAK', 'NYR']"
2025-2026,8478840,Will Borgen,NYR,D,12.9,4.6,42.5,,60.5,82.5,56.2,7.9,27.9,30.4,84.6,9.2,62.5,40.4,65.8,210,230,139,,71.0,43,106,222,174,157,38,219,91,144,83,240,87,177,Second Pair,75.0,1353.1333333333332,5.0,10.0,15.0,2.292319232476322,50.0,46.50299533625801,D,75.0,199.0,1996-12-19,USA,2015.0,4.0,92.0,R,28,"[52, 68, 26, 20, 9]","[22, 17, 18, 5, 5]","[62, 74, 60, 26, 46]","['SEA', 'SEA', 'SEA', 'NYR', 'NYR']"
2025-2026,8482176,Wyatt Kaiser,CHI,D,21.7,24.6,32.5,,10.2,81.7,65.4,35.4,8.3,65.4,52.5,46.2,44.2,1.7,33.3,189,182,163,,160.0,45,84,156,221,77,115,130,135,237,161,240,87,177,Second Pair,77.0,1510.2333333333331,6.0,11.0,17.0,4.155404230298642,42.608695652173914,43.25699453888664,D,72.0,190.0,2002-07-31,USA,2020.0,3.0,81.0,L,23,"[None, None, 34, 49, 13]","[None, None, 33, 50, 16]","[None, None, 44, 34, 30]","[None, None, 'CHI', 'CHI', 'CHI']"
2025-2026,8482165,Yan Kuznetsov,CGY,D,11.2,56.2,4.2,,65.0,70.0,52.1,12.1,8.8,26.5,68.8,53.8,4.6,19.6,20.4,214,106,231,,63.0,73,116,212,220,166,76,112,230,194,192,240,87,177,Second Pair,57.0,1144.8333333333333,4.0,8.0,12.0,3.372549236314297,39.743589743589745,45.59813541203029,D,76.0,209.0,2002-03-09,RUS,2020.0,2.0,50.0,L,23,"[None, None, None, None, 13]","[None, None, None, None, 57]","[None, None, None, None, 4]","[None, None, None, None, 'CGY']"
2025-2026,8474567,Zach Bogosian,MIN,D,20.4,53.3,22.1,,,72.1,62.9,17.5,40.4,21.2,52.9,41.7,87.5,42.9,26.7,192,113,188,,,68,90,199,144,178,114,141,31,138,177,240,87,177,Third Pair,41.0,596.3166666666667,2.0,4.0,6.0,1.086829350578438,57.49999999999999,48.16833019514029,D,75.0,231.0,1990-07-15,USA,2008.0,1.0,3.0,R,35,"[11, 15, 13, 9, 40]","[58, 47, 40, 65, 47]","[13, 10, 32, 10, 31]","['TBL', 'TBL', 'MIN', 'MIN', 'MIN']"
2025-2026,8484305,Zach Metsa,BUF,D,47.9,36.7,36.7,,,55.4,78.8,32.1,3.3,80.6,55.8,37.5,100.0,48.3,5.4,126,153,153,,,108,52,164,233,44,107,151,1,125,228,240,87,177,Fringe,43.0,471.6166666666667,2.0,4.0,6.0,1.1790415539634644,75.0,49.161710627907546,D,69.0,198.0,1998-10-19,USA,,,,R,26,"[None, None, None, None, 52]","[None, None, None, None, 36]","[None, None, None, None, 37]","[None, None, None, None, 'BUF']"
2025-2026,8478460,Zach Werenski,CBJ,D,99.2,100.0,27.9,78.2,16.4,99.6,100.0,99.6,96.2,95.4,4.2,88.3,71.7,51.7,92.5,3,1,174,20.0,149.0,2,1,2,10,12,231,29,69,117,19,240,87,177,First Pair,75.0,1996.0666666666664,22.0,59.0,81.0,15.204379396904011,55.10204081632652,55.69543610442887,D,74.0,214.0,1997-07-19,USA,2015.0,1.0,8.0,L,28,"[46, 63, 70, 98, 100]","[84, 56, 96, 100, 100]","[6, 42, 3, 9, 55]","['CBJ', 'CBJ', 'CBJ', 'CBJ', 'CBJ']"
2025-2026,8480727,Zach Whitecloud,CGY,D,65.8,57.5,72.1,,76.8,46.7,30.0,19.6,29.2,38.8,86.2,38.8,27.9,58.8,46.7,83,103,68,,42.0,129,169,194,171,139,34,148,174,100,129,240,87,177,Second Pair,78.0,1584.7,2.0,15.0,17.0,3.540030529173837,45.370370370370374,46.154389026737,D,74.0,210.0,1996-11-28,CAN,,,,R,28,"[85, 26, 81, 80, 33]","[60, 38, 36, 77, 36]","[91, 54, 91, 73, 60]","['VGK', 'VGK', 'VGK', 'VGK', 'CGY']"
2025-2026,8484768,Zayne Parekh,CGY,D,34.6,30.4,15.8,27.6,,27.5,25.0,86.7,13.3,94.2,49.6,100.0,41.7,5.8,11.2,158,168,203,64.0,,175,181,33,209,14,122,1,141,227,214,240,87,177,Third Pair,37.0,634.3000000000001,4.0,5.0,9.0,3.509010983023578,44.11764705882353,43.14912742603672,D,72.0,179.0,2006-02-15,CAN,2024.0,1.0,9.0,R,19,"[None, None, None, None, 34]","[None, None, None, None, 30]","[None, None, None, None, 17]","[None, None, None, None, 'CGY']"
2025-2026,8484798,Zeev Buium,VAN,D,20.0,25.8,5.0,29.9,,55.8,37.5,38.3,25.8,97.1,15.8,96.2,10.0,3.8,10.8,193,179,229,62.0,,107,151,149,179,8,203,10,217,232,215,240,87,177,Second Pair,76.0,1487.8166666666666,6.0,20.0,26.0,5.089497873940182,38.70967741935484,43.86107866077652,D,72.0,183.0,2005-12-07,USA,2024.0,1.0,12.0,L,19,"[None, None, None, None, 23]","[None, None, None, None, 27]","[None, None, None, None, 5]","[None, None, None, None, 'VAN']"
