Season,Player,Team,Position,ovr_pct,evo_pct,evd_pct,ppl_pct,pkl_pct,fin_pct,gol_pct,xgl_pct,ast_pct,pen_pct,hit_pct,ozs_pct,pdo_pct,tmt_pct,cmp_pct,ovr_rank,evo_rank,evd_rank,ppl_rank,pkl_rank,fin_rank,gol_rank,xgl_rank,ast_rank,pen_rank,hit_rank,ozs_rank,pdo_rank,tmt_rank,cmp_rank,all_players,ppl_players,pkl_players,Role,GP,TOI,Goals,Total Assists,Total Points,ixG,GF%,xGF%,Player ID,Specific Position,Height (in),Weight (lbs),Date of Birth,Birth Country,Draft Year,Draft Round,Overall Draft Position,Shoots Catches,Age,ovr_history,evo_history,evd_history,team_history
2018-2019,Adam Erne,TBL,F,26.0,21.8,70.0,,,43.3,26.9,22.2,32.3,26.9,95.8,81.5,87.1,71.0,19.0,317,335,129,,,243,313,333,290,280,19,80,56,125,347,427,269,189,Fourth Line,65.0,685.6333333333333,7.0,13.0,20.0,6.329173421257695,58.333333333333336,50.165772950927376,8477454,L,73.0,209.0,1995-04-20,USA,2013.0,2.0,33.0,L,23,"[None, None, 34, None, 29]","[None, None, 27, None, 19]","[None, None, 52, None, 72]","[None, None, 'TBL', None, 'TBL']"
2018-2019,Adam Gaudette,VAN,F,17.8,6.3,27.9,17.1,,48.7,36.1,15.2,14.3,71.4,58.3,92.5,84.5,3.3,20.4,352,401,309,224.0,,220,274,363,367,115,179,33,67,414,341,427,269,189,Fourth Line,56.0,613.15,5.0,7.0,12.0,5.993339167291422,40.476190476190474,38.99386446943971,8478874,R,73.0,190.0,1996-10-03,USA,2015.0,5.0,149.0,R,21,"[None, None, None, None, 23]","[None, None, None, None, 7]","[None, None, None, None, 28]","[None, None, None, None, 'VAN']"
2018-2019,Adam Henrique,ANA,F,56.0,53.9,26.0,10.4,68.3,69.6,50.4,40.5,35.6,72.1,36.8,34.0,25.3,21.1,35.1,189,198,317,242.0,61.0,131,213,255,276,114,271,283,320,338,278,427,269,189,Second Line,82.0,1349.0,18.0,24.0,42.0,17.708820356620635,52.17391304347826,48.15674633848612,8474641,C,72.0,195.0,1990-02-06,CAN,2008.0,3.0,82.0,L,28,"[36, 87, 57, 44, 59]","[76, 73, 68, 54, 49]","[26, 82, 23, 18, 36]","['NJD', 'NJD', 'NJD', 'ANA', 'ANA']"
2018-2019,Adam Lowry,WPG,F,76.8,47.8,97.0,,88.9,52.9,54.8,41.9,40.7,66.3,93.4,25.8,61.4,35.8,55.0,100,224,14,,22.0,202,194,249,254,135,29,318,166,275,193,427,269,189,Third Line,78.0,1141.7833333333333,12.0,11.0,23.0,10.96089275385105,51.72413793103448,49.12552779351865,8476392,C,77.0,210.0,1993-03-29,USA,2011.0,3.0,67.0,L,25,"[35, 23, 57, 72, 80]","[32, 27, 47, 48, 48]","[79, 68, 82, 92, 97]","['WPG', 'WPG', 'WPG', 'WPG', 'WPG']"
2018-2019,Adrian Kempe,LAK,F,4.0,15.2,25.1,26.0,,78.2,56.9,13.1,18.0,6.6,47.1,77.8,63.9,49.4,19.7,411,363,321,200.0,,94,185,372,351,361,227,96,155,217,344,427,269,189,Third Line,81.0,1174.5166666666669,12.0,16.0,28.0,11.754918175675083,44.61538461538462,52.13119250658414,8477960,R,74.0,205.0,1996-09-13,SWE,2014.0,1.0,29.0,L,21,"[None, None, 39, 0, 24]","[None, None, 26, 7, 30]","[None, None, 45, 6, 45]","[None, None, 'LAK', 'LAK', 'LAK']"
2018-2019,Aleksander Barkov,FLA,F,98.1,88.1,94.4,85.1,64.0,85.2,73.8,51.5,94.8,99.3,13.8,1.9,4.2,62.5,97.2,9,52,25,41.0,69.0,64,113,208,23,4,369,420,410,161,13,427,269,189,First Line,82.0,1833.0166666666669,35.0,61.0,96.0,24.55217994894883,51.85185185185185,49.99403496882762,8477493,C,75.0,214.0,1995-09-02,FIN,2013.0,1.0,2.0,L,22,"[51, 91, 85, 97, 98]","[20, 59, 53, 92, 88]","[80, 60, 86, 88, 93]","['FLA', 'FLA', 'FLA', 'FLA', 'FLA']"
2018-2019,Alex Chiasson,EDM,F,22.2,4.7,51.3,78.8,,75.9,59.5,25.8,21.8,23.9,61.1,53.6,59.3,31.4,40.5,333,408,209,58.0,,104,174,318,335,289,167,199,175,294,255,427,269,189,Second Line,73.0,1238.8333333333333,22.0,16.0,38.0,17.626757821061442,49.23076923076923,46.70240197105871,8475163,R,76.0,208.0,1990-10-01,CAN,2009.0,2.0,38.0,R,27,"[5, 7, 53, 10, 34]","[20, 13, 9, 9, 4]","[59, 37, 93, 46, 40]","['OTT', 'OTT', 'CGY', 'WSH', 'EDM']"
2018-2019,Alex DeBrincat,CHI,F,80.1,63.2,28.8,1.5,,98.8,97.0,80.3,53.4,85.1,20.1,42.6,19.2,7.3,62.3,86,158,305,266.0,,6,14,85,200,64,342,246,346,397,162,427,269,189,Second Line,82.0,1451.4,41.0,35.0,76.0,24.65272320749346,53.65853658536586,45.75012008182992,8479337,R,68.0,180.0,1997-12-18,USA,2016.0,2.0,39.0,R,20,"[None, None, None, 79, 79]","[None, None, None, 50, 71]","[None, None, None, 66, 14]","[None, None, None, 'CHI', 'CHI']"
2018-2019,Alex Galchenyuk,ARI,F,3.0,35.6,2.1,81.4,,32.6,34.4,44.3,38.9,29.3,34.9,73.5,39.1,50.1,43.8,415,276,419,51.0,,289,281,239,262,276,279,114,261,214,241,427,269,189,Second Line,72.0,1132.6333333333334,19.0,22.0,41.0,18.064663569544297,39.68253968253968,45.32090800328391,8476851,C,73.0,194.0,1994-02-12,USA,2012.0,1.0,3.0,L,24,"[64, 85, 12, 5, 7]","[68, 70, 57, 41, 26]","[16, 14, 4, 2, 4]","['MTL', 'MTL', 'MTL', 'MTL', 'ARI']"
2018-2019,Alex Iafallo,LAK,F,10.3,3.7,62.8,44.6,,24.1,28.8,29.0,36.5,38.4,39.3,4.2,10.8,69.3,93.9,384,412,160,150.0,,325,305,304,272,243,260,410,382,132,27,427,269,189,Second Line,82.0,1380.0333333333333,15.0,18.0,33.0,14.348973404452794,45.744680851063826,44.67430709822397,8480113,L,72.0,201.0,1993-12-21,USA,,,,L,24,"[None, None, None, 46, 5]","[None, None, None, 18, 1]","[None, None, None, 61, 66]","[None, None, None, 'LAK', 'LAK']"
2018-2019,Alex Killorn,TBL,F,50.4,61.8,90.6,63.9,90.5,57.8,65.3,65.6,82.2,1.2,54.6,16.6,37.9,83.8,28.6,213,164,41,98.0,19.0,181,149,148,77,384,195,357,266,70,306,427,269,189,Third Line,82.0,1219.7,18.0,22.0,40.0,16.849164958584055,61.97183098591549,55.352660103912314,8473986,L,73.0,205.0,1989-09-14,CAN,2007.0,3.0,77.0,L,28,"[67, 52, 38, 68, 37]","[39, 42, 15, 64, 67]","[78, 79, 66, 89, 91]","['TBL', 'TBL', 'TBL', 'TBL', 'TBL']"
2018-2019,Alex Ovechkin,WSH,F,90.4,97.7,0.7,99.3,,99.8,98.1,96.0,74.0,18.7,71.4,15.9,3.5,47.5,92.7,42,11,425,3.0,,2,9,18,112,311,123,360,413,225,32,427,269,189,First Line,81.0,1694.6166666666666,51.0,38.0,89.0,37.16082746288887,56.060606060606055,44.86864747015994,8471214,L,75.0,238.0,1985-09-17,RUS,2004.0,1.0,1.0,R,32,"[97, 99, 84, 96, 84]","[96, 98, 97, 99, 93]","[6, 10, 1, 0, 0]","['WSH', 'WSH', 'WSH', 'WSH', 'WSH']"
2018-2019,Alex Tuch,VGK,F,74.9,70.0,78.9,70.6,,26.2,63.9,73.5,81.0,46.8,57.6,48.0,28.1,63.2,32.8,108,129,91,80.0,,316,155,114,82,210,182,223,308,158,288,427,269,189,Second Line,74.0,1237.7833333333333,20.0,32.0,52.0,20.317896620265167,59.57446808510638,55.28697240150583,8477949,R,76.0,219.0,1996-05-10,USA,2014.0,1.0,18.0,R,22,"[None, None, None, 38, 84]","[None, None, None, 56, 77]","[None, None, None, 71, 81]","[None, None, None, 'VGK', 'VGK']"
2018-2019,Alexander Kerfoot,COL,F,26.2,24.4,43.6,34.9,,79.2,68.1,11.9,51.8,23.0,32.6,59.0,44.0,24.1,20.1,316,324,242,176.0,,90,137,377,207,293,289,176,240,325,342,427,269,189,Third Line,78.0,1160.8333333333333,15.0,27.0,42.0,12.366642939795051,46.3768115942029,52.233128464750635,8477021,C,71.0,185.0,1994-08-11,CAN,2012.0,5.0,150.0,L,24,"[None, None, None, 49, 16]","[None, None, None, 23, 27]","[None, None, None, 25, 60]","[None, None, None, 'COL', 'COL']"
2018-2019,Alexander Radulov,DAL,F,45.0,81.3,67.4,4.8,,65.3,69.3,76.1,86.2,3.0,33.0,44.0,7.7,86.2,83.8,236,81,140,257.0,,149,132,103,60,376,287,240,395,60,70,427,269,189,First Line,70.0,1384.8,29.0,43.0,72.0,24.726305940130793,62.5,54.228523884891736,8471228,R,73.0,200.0,1986-07-05,RUS,2004.0,1.0,15.0,L,32,"[None, None, 32, 35, 54]","[None, None, 68, 80, 83]","[None, None, 69, 71, 63]","[None, None, 'MTL', 'DAL', 'DAL']"
2018-2019,Alexander Steen,STL,F,76.6,42.4,97.2,29.4,81.5,26.5,23.7,26.0,50.4,84.3,30.4,37.2,45.2,81.7,60.7,101,247,13,191.0,36.0,315,327,317,213,67,298,269,235,79,169,427,269,189,Second Line,65.0,1029.6833333333334,10.0,17.0,27.0,10.369842483848055,52.63157894736842,55.21037412973833,8470257,L,72.0,211.0,1984-03-01,CAN,2002.0,1.0,24.0,L,34,"[95, 63, 70, 72, 79]","[94, 72, 53, 54, 30]","[82, 85, 92, 91, 97]","['STL', 'STL', 'STL', 'STL', 'STL']"
2018-2019,Alexander Wennberg,CBJ,F,52.7,48.7,67.7,61.3,54.0,19.9,1.6,1.6,81.3,40.3,11.5,60.7,43.3,65.3,44.0,203,220,139,105.0,88.0,343,421,421,81,235,379,169,243,149,240,427,269,189,Third Line,75.0,1130.8,2.0,23.0,25.0,6.891815247320875,46.478873239436616,48.61717024459944,8477505,C,74.0,190.0,1994-09-22,SWE,2013.0,1.0,14.0,L,23,"[39, 77, 51, 79, 26]","[17, 40, 10, 64, 44]","[60, 56, 58, 85, 49]","['CBJ', 'CBJ', 'CBJ', 'CBJ', 'CBJ']"
2018-2019,Anders Lee,NYI,F,91.1,92.3,18.0,88.8,,87.6,91.1,89.7,44.0,82.7,57.1,15.2,13.8,43.8,86.2,39,34,351,31.0,,54,39,45,240,74,184,363,369,241,60,427,269,189,Second Line,82.0,1401.2,28.0,23.0,51.0,30.326724213233806,64.63414634146342,52.85644485423959,8475314,L,75.0,234.0,1990-07-03,USA,2009.0,6.0,152.0,L,28,"[53, 15, 95, 84, 92]","[89, 85, 95, 83, 93]","[24, 21, 23, 11, 22]","['NYI', 'NYI', 'NYI', 'NYI', 'NYI']"
2018-2019,Andre Burakovsky,WSH,F,48.5,53.4,36.8,,,73.5,71.9,50.1,63.7,50.6,40.7,64.6,62.8,42.2,26.2,221,200,271,,,114,121,214,156,197,254,152,160,248,316,427,269,189,Fourth Line,76.0,845.5333333333333,12.0,13.0,25.0,9.936506220563155,52.23880597014925,47.416622885900544,8477444,L,75.0,203.0,1995-02-09,AUT,2013.0,1.0,23.0,L,23,"[64, 68, 51, 56, 42]","[58, 70, 67, 50, 50]","[64, 25, 28, 42, 36]","['WSH', 'WSH', 'WSH', 'WSH', 'WSH']"
2018-2019,Andreas Athanasiou,DET,F,79.4,61.6,6.3,50.2,,91.1,96.7,94.1,50.8,98.8,8.0,52.9,35.8,8.0,43.6,89,165,401,135.0,,39,15,26,211,6,394,202,275,394,242,427,269,189,Second Line,76.0,1290.0666666666666,30.0,24.0,54.0,23.56096231922414,48.27586206896552,45.84786908675284,8476960,C,74.0,190.0,1994-08-06,CAN,2012.0,4.0,110.0,L,24,"[None, 68, 66, 71, 82]","[None, 41, 32, 55, 68]","[None, 40, 21, 15, 4]","[None, 'DET', 'DET', 'DET', 'DET']"
2018-2019,Andreas Johnsson,TOR,F,75.2,65.3,46.6,68.4,,96.5,98.6,81.5,90.4,24.8,47.8,54.6,52.5,72.8,46.8,107,149,229,86.0,,16,7,80,42,287,224,195,204,117,228,427,269,189,Third Line,73.0,997.8,23.0,23.0,46.0,15.692897830201106,62.06896551724138,51.960268343576764,8477341,L,70.0,195.0,1994-11-21,SWE,2013.0,7.0,202.0,L,23,"[None, None, None, None, 74]","[None, None, None, None, 65]","[None, None, None, None, 44]","[None, None, None, None, 'TOR']"
2018-2019,Andrei Svechnikov,CAR,F,37.9,89.9,30.9,44.2,,0.9,69.1,97.4,6.8,3.7,74.9,26.7,20.6,99.3,53.6,266,44,296,151.0,,424,133,12,399,373,108,314,340,4,199,427,269,189,Third Line,82.0,1201.0333333333333,20.0,17.0,37.0,25.000057229647037,50.0,59.15113403159348,8480830,R,75.0,200.0,2000-03-26,RUS,2018.0,1.0,2.0,L,18,"[None, None, None, None, 39]","[None, None, None, None, 90]","[None, None, None, None, 31]","[None, None, None, None, 'CAR']"
2018-2019,Andrew Cogliano,DAL,F,45.7,73.1,46.1,,29.6,1.2,12.9,62.8,64.9,43.1,44.7,7.3,37.2,55.7,91.6,233,116,231,,134.0,423,373,160,151,226,237,397,269,190,37,427,269,189,Fourth Line,78.0,982.0833333333334,6.0,11.0,17.0,11.03338612284695,51.21951219512195,48.90877600827919,8471699,C,70.0,179.0,1987-06-14,CAN,2005.0,1.0,25.0,L,31,"[76, 51, 74, 14, 56]","[56, 78, 85, 75, 69]","[70, 86, 44, 29, 56]","['ANA', 'ANA', 'ANA', 'ANA', 'DAL']"
2018-2019,Andrew Copp,WPG,F,71.2,52.9,96.5,,50.3,42.6,48.0,50.8,49.4,48.5,59.7,51.3,60.9,33.5,34.0,124,202,16,,95.0,246,223,211,217,203,173,209,168,285,283,427,269,189,Fourth Line,69.0,839.0666666666667,11.0,14.0,25.0,9.635325034983829,66.0377358490566,52.2308271677804,8477429,C,73.0,200.0,1994-07-08,USA,2013.0,4.0,104.0,L,24,"[None, 50, 50, 65, 75]","[None, 26, 53, 44, 57]","[None, 66, 90, 97, 92]","[None, 'WPG', 'WPG', 'WPG', 'WPG']"
2018-2019,Andrew Ladd,NYI,F,34.2,48.0,66.0,,,57.1,50.6,37.5,40.5,17.6,60.2,86.9,90.6,28.8,81.0,282,223,146,,,184,212,268,255,315,171,57,41,305,82,427,269,189,Third Line,26.0,359.90000000000003,3.0,8.0,11.0,2.885379948183874,52.0,42.64118101688908,8471217,L,75.0,205.0,1985-12-12,CAN,2004.0,1.0,4.0,L,32,"[84, 60, 47, 62, 17]","[89, 66, 64, 58, 31]","[87, 24, 65, 83, 45]","['WPG', 'CHI', 'NYI', 'NYI', 'NYI']"
2018-2019,Andrew Mangiapane,CGY,F,44.0,48.9,65.3,,,64.4,94.6,92.5,27.4,28.3,68.9,94.1,93.2,82.2,18.7,240,219,149,,,153,24,33,311,277,134,26,30,77,348,427,269,189,Fourth Line,44.0,463.93333333333334,8.0,5.0,13.0,6.784987166834813,66.66666666666666,60.07072044554139,8478233,L,70.0,183.0,1996-04-04,CAN,2015.0,6.0,166.0,L,22,"[None, None, None, None, 45]","[None, None, None, None, 48]","[None, None, None, None, 65]","[None, None, None, None, 'CGY']"
2018-2019,Andrew Shaw,MTL,F,41.9,72.8,30.2,13.8,,65.1,77.0,82.4,83.1,17.8,83.4,67.7,62.5,71.2,39.8,249,117,299,233.0,,150,99,76,73,314,72,139,161,124,258,427,269,189,Second Line,63.0,1002.65,19.0,28.0,47.0,16.789553943636694,61.111111111111114,53.073659206078496,8476381,R,71.0,182.0,1991-07-20,CAN,2011.0,5.0,139.0,R,27,"[30, 35, 58, 17, 54]","[70, 74, 74, 57, 79]","[14, 13, 41, 28, 29]","['CHI', 'CHI', 'MTL', 'MTL', 'MTL']"
2018-2019,Anthony Beauvillier,NYI,F,50.1,51.8,14.5,23.8,,79.6,86.2,82.9,15.7,73.8,58.1,53.4,34.4,47.8,33.0,214,207,366,206.0,,88,60,74,361,107,180,200,281,224,287,427,269,189,Third Line,81.0,1186.0166666666669,18.0,10.0,28.0,20.2423849149747,50.617283950617285,51.15809807891634,8478463,R,71.0,181.0,1997-06-08,CAN,2015.0,1.0,28.0,L,21,"[None, None, 5, 37, 66]","[None, None, 5, 53, 60]","[None, None, 14, 13, 17]","[None, None, 'NYI', 'NYI', 'NYI']"
2018-2019,Anthony Cirelli,TBL,F,86.2,71.7,86.9,,93.1,72.6,60.7,45.9,62.3,90.2,67.7,2.6,41.7,89.9,36.3,60,122,57,,14.0,118,169,232,162,43,139,417,250,44,273,427,269,189,Third Line,82.0,1217.45,19.0,20.0,39.0,14.279034747195723,58.44155844155844,55.63833534999196,8478519,C,73.0,193.0,1997-07-15,CAN,2015.0,3.0,72.0,L,21,"[None, None, None, None, 84]","[None, None, None, None, 71]","[None, None, None, None, 84]","[None, None, None, None, 'TBL']"
2018-2019,Anthony Duclair,OTT,F,46.6,52.7,10.5,4.1,,69.1,67.7,71.2,49.2,90.4,39.6,80.3,66.0,36.1,50.8,229,203,383,259.0,,133,139,124,218,42,259,85,146,274,211,427,269,189,Fourth Line,74.0,939.8666666666668,19.0,14.0,33.0,13.802267840447579,50.68493150684932,46.16638675908644,8477407,L,72.0,198.0,1995-08-26,CAN,2013.0,3.0,80.0,L,23,"[None, 58, 40, 56, 44]","[None, 51, 60, 53, 49]","[None, 33, 27, 27, 7]","[None, 'ARI', 'ARI', 'CHI', 'OTT']"
2018-2019,Anthony Mantha,DET,F,83.8,84.3,93.4,49.1,,75.6,72.6,69.8,58.1,40.7,31.1,44.3,24.8,20.4,75.9,70,68,29,138.0,,105,118,130,180,233,295,239,322,341,104,427,269,189,Second Line,67.0,1194.4166666666667,25.0,23.0,48.0,19.005347799871632,48.717948717948715,50.01757791399763,8477511,R,77.0,240.0,1994-09-16,CAN,2013.0,1.0,20.0,L,23,"[None, None, 69, 77, 88]","[None, None, 63, 87, 83]","[None, None, 88, 87, 93]","[None, None, 'DET', 'DET', 'DET']"
2018-2019,Antoine Roussel,VAN,F,48.7,81.0,79.9,,22.2,38.6,41.9,41.7,93.4,2.1,69.1,14.8,55.0,22.0,67.7,220,82,87,,148.0,263,249,250,29,380,133,365,193,334,139,427,269,189,Third Line,65.0,894.3333333333334,9.0,22.0,31.0,8.798645190279158,53.73134328358209,49.64729458401904,8474849,L,71.0,200.0,1989-11-21,FRA,,,,L,28,"[35, 45, 68, 64, 32]","[79, 84, 82, 81, 78]","[28, 22, 56, 58, 89]","['DAL', 'DAL', 'DAL', 'DAL', 'VAN']"
2018-2019,Antti Suomela,SJS,F,19.4,26.5,40.0,,,28.1,43.1,98.1,65.1,35.8,25.3,99.3,99.3,83.6,67.9,345,315,257,,,308,244,9,150,251,320,4,4,71,138,427,269,189,Fourth Line,27.0,305.56666666666666,3.0,5.0,8.0,4.955056983718445,53.333333333333336,52.64396226507162,8480965,C,72.0,180.0,1994-03-17,FIN,,,,L,24,"[None, None, None, None, 24]","[None, None, None, None, 28]","[None, None, None, None, 39]","[None, None, None, None, 'SJS']"
2018-2019,Anze Kopitar,LAK,F,97.4,94.4,88.3,86.6,80.4,91.3,70.3,27.6,67.7,79.4,17.3,0.9,0.7,21.8,97.9,12,25,51,37.0,38.0,38,128,310,139,88,354,424,425,335,10,427,269,189,First Line,81.0,1806.8333333333333,22.0,38.0,60.0,20.412182027839798,45.614035087719294,44.98787751307052,8471685,C,75.0,225.0,1987-08-24,SVN,2005.0,1.0,11.0,L,31,"[98, 99, 96, 99, 94]","[93, 96, 95, 94, 92]","[99, 96, 97, 96, 61]","['LAK', 'LAK', 'LAK', 'LAK', 'LAK']"
2018-2019,Artem Anisimov,CHI,F,27.4,27.2,46.8,9.3,21.2,45.4,51.3,62.1,41.0,52.2,6.8,46.4,33.5,6.6,80.3,311,312,228,245.0,150.0,234,209,163,253,190,399,230,285,400,85,427,269,189,Second Line,78.0,1274.7333333333331,15.0,22.0,37.0,19.401219973885436,50.0,45.473524256779406,8473573,C,76.0,199.0,1988-05-24,RUS,2006.0,2.0,54.0,L,30,"[60, 69, 40, 33, 28]","[49, 50, 41, 20, 31]","[88, 89, 80, 55, 36]","['CBJ', 'CHI', 'CHI', 'CHI', 'CHI']"
2018-2019,Artemi Panarin,CBJ,F,90.9,92.7,28.6,45.4,,93.4,75.6,34.9,99.8,87.8,0.2,45.0,1.2,87.8,87.8,40,32,306,148.0,,29,105,279,2,53,427,236,423,53,53,427,269,189,First Line,79.0,1568.6666666666667,28.0,62.0,90.0,18.755580956049556,58.57142857142858,55.46830648691424,8478550,L,72.0,176.0,1991-10-30,RUS,,,,R,26,"[None, 60, 84, 87, 93]","[None, 56, 73, 91, 94]","[None, 19, 38, 21, 33]","[None, 'CHI', 'CHI', 'CBJ', 'CBJ']"
2018-2019,Artturi Lehkonen,MTL,F,64.2,74.7,85.9,,55.0,4.0,54.1,90.2,60.7,26.0,67.2,52.7,38.4,67.9,40.0,154,109,61,,86.0,411,197,43,169,284,141,203,264,138,257,427,269,189,Second Line,82.0,1275.7166666666667,11.0,20.0,31.0,16.876962738620335,56.81818181818182,55.02201294853648,8477476,L,71.0,179.0,1995-07-04,FIN,2013.0,2.0,55.0,L,23,"[None, None, 78, 29, 71]","[None, None, 71, 66, 78]","[None, None, 82, 76, 86]","[None, None, 'MTL', 'MTL', 'MTL']"
2018-2019,Austin Czarnik,CGY,F,62.1,47.3,63.0,16.4,,38.9,38.9,47.3,49.6,74.9,13.6,88.3,85.7,85.9,2.8,163,226,159,226.0,,262,262,226,216,102,370,51,62,61,416,427,269,189,Fourth Line,54.0,611.9666666666667,6.0,12.0,18.0,7.452614741312022,50.0,54.52118388199953,8478512,C,69.0,170.0,1992-12-12,USA,,,,R,25,"[None, None, 54, None, 59]","[None, None, 31, None, 50]","[None, None, 67, None, 62]","[None, None, 'BOS', None, 'CGY']"
2018-2019,Austin Wagner,LAK,F,54.1,47.5,26.7,,,82.0,99.1,85.7,71.9,63.6,96.3,87.1,83.8,11.5,15.7,197,225,314,,,78,5,62,121,145,17,56,70,379,361,427,269,189,Fringe,62.0,553.6,12.0,9.0,21.0,7.57630604503248,51.11111111111111,49.46435544278737,8478455,L,73.0,195.0,1997-06-23,CAN,2015.0,4.0,99.0,L,21,"[None, None, None, None, 51]","[None, None, None, None, 47]","[None, None, None, None, 26]","[None, None, None, None, 'LAK']"
2018-2019,Austin Watson,NSH,F,6.3,3.3,81.7,,56.6,59.7,38.6,26.9,34.7,8.7,93.0,33.0,83.1,77.8,8.4,401,414,79,,83.0,173,263,313,280,352,31,287,73,96,392,427,269,189,Third Line,37.0,536.25,7.0,9.0,16.0,6.714152732040589,58.82352941176471,45.46596859271228,8475766,L,76.0,203.0,1992-01-13,USA,2010.0,1.0,18.0,R,26,"[None, 16, 12, 13, 11]","[None, 14, 2, 2, 6]","[None, 78, 89, 88, 63]","[None, 'NSH', 'NSH', 'NSH', 'NSH']"
2018-2019,Auston Matthews,TOR,F,91.8,93.7,6.1,68.0,,98.1,99.8,99.8,88.3,88.1,14.5,46.8,27.9,65.6,64.6,36,28,402,87.0,,9,2,2,51,52,366,228,309,148,152,427,269,189,First Line,68.0,1261.7333333333331,37.0,36.0,73.0,29.444825499399073,48.67256637168141,51.52612059433304,8479318,C,75.0,215.0,1997-09-17,USA,2016.0,1.0,1.0,L,20,"[None, None, 91, 92, 87]","[None, None, 89, 90, 94]","[None, None, 8, 9, 6]","[None, None, 'TOR', 'TOR', 'TOR']"
2018-2019,Barclay Goodrow,SJS,F,30.0,17.1,87.1,,42.3,58.1,43.8,17.3,9.4,14.3,87.4,78.0,76.6,46.8,4.7,300,355,56,,110.0,180,241,354,388,329,55,95,101,228,408,427,269,189,Fourth Line,82.0,902.7333333333332,7.0,10.0,17.0,6.573653885138467,45.614035087719294,51.676701839115665,8476624,C,74.0,210.0,1993-02-26,CAN,,,,L,25,"[15, None, None, 20, 41]","[13, None, None, 30, 12]","[53, None, None, 56, 95]","['SJS', None, None, 'SJS', 'SJS']"
2018-2019,Blake Coleman,NJD,F,9.1,43.8,83.8,,48.1,10.8,60.2,84.8,37.2,3.3,91.6,1.6,25.1,39.3,76.6,389,241,70,,99.0,382,171,66,269,375,37,421,321,260,101,427,269,189,Second Line,78.0,1326.95,22.0,14.0,36.0,22.8519089811439,42.2680412371134,48.53537952493318,8476399,L,71.0,199.0,1991-11-28,USA,2011.0,3.0,75.0,L,26,"[None, None, None, 50, 3]","[None, None, None, 33, 52]","[None, None, None, 92, 64]","[None, None, None, 'NJD', 'NJD']"
2018-2019,Blake Comeau,DAL,F,31.1,12.2,90.2,,43.9,34.7,17.8,9.6,33.0,23.2,79.4,1.4,23.0,15.5,71.0,295,376,43,,107.0,280,352,387,287,292,89,422,330,362,125,427,269,189,Second Line,77.0,1210.9333333333334,7.0,11.0,18.0,10.101140402908314,46.15384615384615,49.34192041040575,8471260,L,73.0,200.0,1986-02-18,CAN,2004.0,2.0,47.0,R,32,"[10, 14, 21, 59, 17]","[28, 4, 13, 6, 26]","[29, 88, 75, 93, 85]","['PIT', 'COL', 'COL', 'COL', 'DAL']"
2018-2019,Blake Wheeler,WPG,F,94.6,97.9,86.2,95.5,12.2,47.8,55.3,53.6,87.8,17.3,38.2,13.8,2.6,43.6,97.4,24,10,60,13.0,167.0,224,192,199,53,316,265,369,417,242,12,427,269,189,First Line,82.0,1698.2,20.0,71.0,91.0,21.61484369000387,49.55752212389381,47.42136401779139,8471218,R,77.0,222.0,1986-08-31,USA,2004.0,1.0,5.0,R,32,"[91, 97, 99, 91, 94]","[98, 99, 99, 98, 97]","[92, 83, 98, 85, 68]","['WPG', 'WPG', 'WPG', 'WPG', 'WPG']"
2018-2019,Bo Horvat,VAN,F,71.9,89.2,17.6,1.1,,51.1,61.1,68.1,65.6,80.3,17.1,14.3,12.6,1.4,89.5,121,47,353,267.0,,210,167,137,148,84,355,367,374,422,46,427,269,189,First Line,82.0,1708.5166666666669,27.0,34.0,61.0,26.75029489969114,47.61904761904761,48.34942689257184,8477500,C,73.0,225.0,1995-04-05,CAN,2013.0,1.0,9.0,L,23,"[37, 29, 49, 74, 69]","[64, 78, 86, 82, 92]","[16, 4, 19, 19, 16]","['VAN', 'VAN', 'VAN', 'VAN', 'VAN']"
2018-2019,Bobby Ryan,OTT,F,24.6,44.7,15.0,29.0,,48.9,36.5,22.5,73.5,57.1,55.3,45.9,40.7,4.4,65.8,323,237,364,192.0,,219,272,332,114,169,192,232,254,409,147,427,269,189,Second Line,78.0,1223.2166666666667,15.0,28.0,43.0,15.464739180069948,39.42307692307692,42.639055064678786,8471676,R,74.0,208.0,1987-03-17,USA,2005.0,1.0,2.0,R,31,"[61, 54, 58, 43, 12]","[85, 49, 49, 47, 44]","[5, 2, 20, 22, 12]","['OTT', 'OTT', 'OTT', 'OTT', 'OTT']"
2018-2019,Boo Nieves,NYR,F,32.8,23.9,24.8,,,52.7,45.7,8.4,4.7,71.4,59.0,92.7,94.8,0.9,28.1,288,326,322,,,203,233,392,408,115,176,32,23,424,308,427,269,189,Fourth Line,43.0,415.18333333333334,4.0,6.0,10.0,3.6601294054563627,39.285714285714285,41.84117315159729,8476922,C,75.0,214.0,1994-01-23,USA,2012.0,2.0,59.0,L,24,"[None, None, None, None, 34]","[None, None, None, None, 24]","[None, None, None, None, 24]","[None, None, None, None, 'NYR']"
2018-2019,Boone Jenner,CBJ,F,17.3,71.2,20.8,15.2,52.9,10.3,54.6,74.9,78.0,13.3,82.4,3.0,17.3,74.9,48.9,354,124,339,229.0,90.0,384,195,108,95,333,76,415,354,108,219,427,269,189,Second Line,77.0,1313.9666666666667,16.0,22.0,38.0,16.56827348989948,52.80898876404494,51.7250285175355,8476432,C,74.0,204.0,1993-06-15,CAN,2011.0,2.0,37.0,L,25,"[68, 47, 27, 36, 13]","[44, 74, 66, 65, 74]","[67, 16, 8, 17, 26]","['CBJ', 'CBJ', 'CBJ', 'CBJ', 'CBJ']"
2018-2019,Brad Marchand,BOS,F,93.4,93.0,23.4,87.7,95.2,92.7,91.6,86.4,95.3,55.0,16.6,55.7,22.5,96.7,95.3,29,31,328,34.0,10.0,32,37,59,21,178,357,190,332,15,21,427,269,189,First Line,79.0,1550.2666666666669,36.0,64.0,100.0,27.954114188252774,58.82352941176471,55.16921093968872,8473419,L,69.0,180.0,1988-05-11,CAN,2006.0,3.0,71.0,L,30,"[60, 90, 92, 89, 93]","[84, 94, 94, 86, 93]","[67, 36, 52, 24, 19]","['BOS', 'BOS', 'BOS', 'BOS', 'BOS']"
2018-2019,Brad Richardson,ARI,F,31.9,34.2,89.7,,87.3,45.9,44.3,42.2,10.3,4.9,48.2,6.6,45.7,55.0,71.2,292,282,45,,25.0,232,239,248,384,368,222,400,233,193,124,427,269,189,Second Line,66.0,1053.6666666666667,19.0,8.0,27.0,11.69068182559891,50.0,53.4342969952891,8470755,R,72.0,190.0,1985-02-04,CAN,2003.0,5.0,163.0,L,33,"[38, 13, None, 11, 52]","[60, 46, None, 33, 37]","[38, 29, None, 69, 95]","['VAN', 'ARI', None, 'ARI', 'ARI']"
2018-2019,Brady Tkachuk,OTT,F,75.4,77.8,44.3,53.5,,22.2,92.7,99.5,73.3,78.5,91.1,18.7,33.0,64.6,92.0,106,96,239,126.0,,333,32,3,115,92,39,348,287,152,35,427,269,189,Second Line,71.0,1137.7666666666669,22.0,23.0,45.0,25.189025370004575,47.95918367346938,52.911552447794264,8480801,L,76.0,226.0,1999-09-16,USA,2018.0,1.0,4.0,L,18,"[None, None, None, None, 74]","[None, None, None, None, 76]","[None, None, None, None, 42]","[None, None, None, None, 'OTT']"
2018-2019,Brandon Dubinsky,CBJ,F,65.1,79.6,52.9,,66.7,29.0,11.0,8.2,15.0,21.8,88.5,4.7,58.1,60.2,40.3,150,88,202,,64.0,304,381,393,364,298,50,408,180,171,256,427,269,189,Fourth Line,61.0,753.6833333333333,6.0,8.0,14.0,6.05154318353867,24.0,45.947212466671274,8471273,C,74.0,208.0,1986-04-29,USA,2004.0,2.0,60.0,L,32,"[74, 92, 81, 64, 52]","[83, 98, 96, 84, 68]","[36, 45, 44, 62, 48]","['CBJ', 'CBJ', 'CBJ', 'CBJ', 'CBJ']"
2018-2019,Brandon Pirri,VGK,F,47.5,37.7,38.9,66.5,,60.9,94.4,95.8,27.9,48.2,46.1,97.4,95.1,79.9,49.4,225,267,262,91.0,,168,25,19,309,204,231,12,22,87,217,427,269,189,Third Line,31.0,447.8666666666667,12.0,6.0,18.0,9.966500694739844,71.42857142857143,61.51717736349857,8475204,C,73.0,180.0,1991-04-10,CAN,2009.0,2.0,59.0,L,27,"[68, 14, 16, None, 53]","[40, 10, 16, None, 41]","[39, 19, 20, None, 43]","['FLA', 'ANA', 'NYR', None, 'VGK']"
2018-2019,Brandon Saad,CHI,F,88.5,96.3,69.6,1.9,38.1,7.0,73.5,93.9,58.8,92.7,8.2,13.1,10.5,15.2,89.7,50,17,131,265.0,118.0,398,114,27,177,32,393,372,383,363,45,427,269,189,Second Line,80.0,1415.0833333333333,23.0,24.0,47.0,23.60557874558417,47.52475247524752,48.2739423882656,8476438,L,73.0,207.0,1992-10-27,USA,2011.0,2.0,43.0,L,25,"[88, 92, 96, 76, 90]","[86, 95, 97, 95, 93]","[42, 26, 85, 52, 72]","['CHI', 'CBJ', 'CBJ', 'CHI', 'CHI']"
2018-2019,Brandon Sutter,VAN,F,38.9,2.3,54.8,27.1,77.2,61.6,21.8,3.5,8.2,81.5,46.6,61.1,89.5,2.3,92.5,262,418,194,197.0,44.0,165,335,413,393,79,229,167,46,418,33,427,269,189,Second Line,26.0,454.15,4.0,2.0,6.0,3.451688590583804,30.0,36.95442479414649,8474091,C,75.0,188.0,1989-02-14,USA,2007.0,1.0,11.0,R,29,"[30, 41, 47, 67, 21]","[1, 10, 1, 1, 8]","[54, 58, 29, 80, 38]","['PIT', 'VAN', 'VAN', 'VAN', 'VAN']"
2018-2019,Brandon Tanev,WPG,F,56.2,3.5,81.0,,2.1,57.6,36.3,35.8,30.9,94.6,98.6,31.9,64.9,57.6,56.9,188,413,82,,186.0,182,273,275,296,24,7,292,151,182,185,427,269,189,Third Line,80.0,1128.8166666666666,14.0,15.0,29.0,11.951871113557022,51.72413793103448,48.213911081732235,8479293,L,72.0,189.0,1991-12-31,CAN,,,,L,26,"[None, None, 33, 52, 61]","[None, None, 8, 7, 2]","[None, None, 45, 78, 84]","[None, None, 'WPG', 'WPG', 'WPG']"
2018-2019,Brayden Point,TBL,F,93.2,73.8,74.7,82.9,,89.5,87.4,92.3,96.5,94.1,10.5,18.0,14.1,91.3,82.9,30,113,109,47.0,,46,55,34,16,26,383,351,368,38,74,427,269,189,First Line,79.0,1494.6,41.0,51.0,92.0,29.406366215434442,61.53846153846154,52.275297103232546,8478010,C,71.0,177.0,1996-03-13,CAN,2014.0,3.0,79.0,R,22,"[None, None, 72, 93, 92]","[None, None, 45, 77, 76]","[None, None, 66, 91, 54]","[None, None, 'TBL', 'TBL', 'TBL']"
2018-2019,Brayden Schenn,STL,F,69.8,92.0,12.4,78.1,,2.3,37.0,82.2,84.8,33.5,62.5,28.6,11.5,93.0,70.7,130,35,375,60.0,,418,270,77,66,258,161,306,379,31,126,427,269,189,First Line,72.0,1338.4666666666667,17.0,37.0,54.0,23.766580626329127,55.78947368421052,57.78319397618969,8475170,C,73.0,200.0,1991-08-22,CAN,2009.0,1.0,5.0,L,27,"[65, 70, 73, 73, 62]","[59, 61, 61, 80, 97]","[53, 27, 27, 19, 9]","['PHI', 'PHI', 'PHI', 'STL', 'STL']"
2018-2019,Brendan Gallagher,MTL,F,96.5,98.6,45.0,73.6,,83.4,98.4,100.0,35.8,88.8,65.3,9.4,18.0,92.7,85.9,16,7,236,72.0,,72,8,1,275,49,149,388,351,32,61,427,269,189,Second Line,82.0,1344.55,33.0,19.0,52.0,31.76756578785746,56.60377358490566,56.83326635060902,8475848,R,69.0,185.0,1992-05-06,CAN,2010.0,5.0,147.0,R,26,"[94, 84, 76, 97, 96]","[96, 83, 91, 97, 98]","[52, 58, 41, 66, 35]","['MTL', 'MTL', 'MTL', 'MTL', 'MTL']"
2018-2019,Brendan Leipsic,LAK,F,41.0,17.8,47.1,41.6,,25.5,16.4,20.4,89.5,76.3,37.7,80.8,66.5,11.9,51.8,253,352,227,158.0,,319,358,341,46,96,267,83,144,377,207,427,269,189,Third Line,62.0,854.6,7.0,16.0,23.0,8.168269172198862,45.45454545454545,44.50893467139049,8476894,L,71.0,180.0,1994-05-19,CAN,2012.0,3.0,89.0,L,24,"[None, None, None, 30, 51]","[None, None, None, 43, 9]","[None, None, None, 40, 52]","[None, None, None, 'VAN', 'LAK']"
2018-2019,Brendan Lemieux,NYR,F,73.5,38.2,25.8,,,85.0,98.8,57.1,7.0,96.5,94.8,91.3,86.4,8.7,9.4,114,265,318,,,65,6,184,398,16,23,38,59,391,388,427,269,189,Fourth Line,63.0,570.0,12.0,5.0,17.0,6.345504850007169,60.46511627906976,44.3472870735498,8477962,L,73.0,215.0,1996-03-15,USA,2014.0,2.0,31.0,L,22,"[None, None, None, None, 72]","[None, None, None, None, 37]","[None, None, None, None, 25]","[None, None, None, None, 'NYR']"
2018-2019,Brendan Perlini,CHI,F,5.4,10.3,16.2,,,76.8,79.6,68.6,2.6,23.7,41.2,66.0,57.6,23.7,58.1,405,384,359,,,100,88,135,417,290,252,146,182,327,180,427,269,189,Fourth Line,68.0,788.9166666666666,14.0,7.0,21.0,12.136421438499713,38.983050847457626,43.082048353967025,8477943,L,75.0,211.0,1996-04-27,GBR,2014.0,1.0,12.0,L,22,"[None, None, 29, 15, 4]","[None, None, 22, 5, 18]","[None, None, 31, 27, 10]","[None, None, 'ARI', 'ARI', 'CHI']"
2018-2019,Brett Connolly,WSH,F,19.7,39.1,15.2,15.6,,93.9,95.6,59.0,79.9,13.1,42.4,57.8,54.6,45.0,12.6,344,261,363,228.0,,27,20,176,87,334,247,181,195,236,374,427,269,189,Fourth Line,81.0,1079.7333333333331,22.0,24.0,46.0,15.318612237381688,58.16326530612245,50.823932948039285,8475792,R,75.0,198.0,1992-05-02,CAN,2010.0,1.0,6.0,R,26,"[12, 14, 12, 3, 48]","[33, 30, 33, 4, 64]","[68, 24, 49, 17, 11]","['BOS', 'BOS', 'WSH', 'WSH', 'WSH']"
2018-2019,Brett Howden,NYR,F,3.7,46.8,4.7,26.4,40.7,20.8,20.4,37.9,87.1,42.3,48.5,54.1,58.3,2.6,17.3,412,228,408,199.0,113.0,339,341,266,56,228,221,197,179,417,354,427,269,189,Third Line,66.0,985.95,6.0,17.0,23.0,10.43171772518291,41.891891891891895,42.50920605025653,8479353,C,74.0,201.0,1998-03-29,CAN,2016.0,1.0,27.0,L,20,"[None, None, None, None, 7]","[None, None, None, None, 47]","[None, None, None, None, 7]","[None, None, None, None, 'NYR']"
2018-2019,Brett Ritchie,DAL,F,14.3,42.6,82.0,,,22.0,22.2,54.3,0.7,3.5,96.0,71.2,82.0,47.3,11.0,367,246,78,,,334,333,196,425,374,18,124,78,226,381,427,269,189,Fourth Line,53.0,509.05,4.0,2.0,6.0,4.814324689753221,37.03703703703704,42.97299864218462,8476439,R,76.0,215.0,1993-07-01,CAN,2011.0,2.0,44.0,R,25,"[46, None, 66, 37, 5]","[47, None, 64, 56, 22]","[53, None, 86, 88, 66]","['DAL', None, 'DAL', 'DAL', 'DAL']"
2018-2019,Brett Seney,NJD,F,40.5,15.5,27.4,,,53.9,40.0,13.6,56.4,86.7,58.8,86.4,86.7,16.4,17.6,255,362,311,,,198,257,370,187,58,177,59,58,358,353,427,269,189,Fourth Line,51.0,526.7333333333333,5.0,8.0,13.0,4.353952823316251,37.2093023255814,42.114977922506746,8478881,L,69.0,156.0,1996-02-28,CAN,2015.0,6.0,157.0,L,22,"[None, None, None, None, 41]","[None, None, None, None, 16]","[None, None, None, None, 27]","[None, None, None, None, 'NJD']"
2018-2019,Brian Boyle,NSH,F,27.9,9.4,88.1,18.2,11.6,74.9,64.4,37.2,6.3,15.7,82.7,56.0,68.4,34.4,10.8,309,388,52,221.0,168.0,108,153,269,401,323,75,189,136,281,382,427,269,189,Fourth Line,73.0,980.8,18.0,6.0,24.0,13.325394051873083,45.45454545454545,45.02494881842928,8470619,C,78.0,245.0,1984-12-18,USA,2003.0,1.0,26.0,L,33,"[49, 50, 52, 41, 19]","[18, 19, 41, 15, 6]","[92, 86, 94, 89, 78]","['TBL', 'TBL', 'TOR', 'NJD', 'NSH']"
2018-2019,Brian Gibbons,OTT,F,19.2,7.7,26.9,,74.6,74.5,64.2,7.5,84.1,42.9,34.2,72.4,73.5,15.0,24.1,346,395,313,,49.0,110,154,396,69,227,282,119,114,364,325,427,269,189,Fourth Line,64.0,698.75,8.0,12.0,20.0,5.137880864087391,45.3125,39.47437445700455,8476207,C,68.0,175.0,1988-02-26,USA,,,,L,30,"[32, None, None, 53, 8]","[38, None, None, 30, 3]","[65, None, None, 37, 23]","['CBJ', None, None, 'NJD', 'OTT']"
2018-2019,Brock Boeser,VAN,F,70.7,38.6,26.5,77.0,,94.8,93.9,58.1,46.6,60.0,4.0,76.6,36.5,5.4,85.2,126,263,315,63.0,,23,27,180,229,159,411,101,272,405,64,427,269,189,First Line,69.0,1322.3,26.0,30.0,56.0,21.088263634286506,48.97959183673469,48.086844219472155,8478444,R,73.0,208.0,1997-02-25,USA,2015.0,1.0,23.0,R,21,"[None, None, None, 74, 63]","[None, None, None, 36, 43]","[None, None, None, 23, 30]","[None, None, None, 'VAN', 'VAN']"
2018-2019,Brock McGinn,CAR,F,22.7,15.0,16.6,,60.8,0.7,30.9,91.1,31.1,95.8,76.6,50.8,38.9,97.4,25.5,331,364,357,,75.0,425,296,39,295,19,101,211,262,12,319,427,269,189,Third Line,82.0,1173.3833333333334,10.0,16.0,26.0,16.56569613067642,50.0,49.71896086014085,8476934,L,72.0,191.0,1994-02-02,CAN,2012.0,2.0,47.0,L,24,"[None, None, 61, 61, 4]","[None, None, 46, 62, 1]","[None, None, 20, 16, 16]","[None, None, 'CAR', 'CAR', 'CAR']"
2018-2019,Brock Nelson,NYI,F,38.2,15.7,31.9,61.7,,78.7,82.0,69.1,35.4,48.0,29.7,10.5,19.0,48.9,57.4,265,361,292,104.0,,92,78,133,277,205,301,383,347,219,183,427,269,189,Second Line,82.0,1473.7166666666667,25.0,28.0,53.0,23.755979550174292,59.74025974025974,50.83117615941647,8475754,C,76.0,205.0,1991-10-15,USA,2010.0,1.0,30.0,L,26,"[89, 62, 61, 16, 47]","[70, 31, 26, 10, 25]","[77, 38, 20, 29, 35]","['NYI', 'NYI', 'NYI', 'NYI', 'NYI']"
2018-2019,Bryan Little,WPG,F,55.5,67.4,14.8,51.7,12.7,66.5,38.4,17.6,63.9,67.4,19.9,37.9,24.6,30.7,51.5,191,140,365,131.0,166.0,144,264,353,155,130,343,266,323,297,208,427,269,189,Second Line,82.0,1298.2833333333333,15.0,26.0,41.0,12.512016852523129,43.47826086956522,44.08734086995374,8473412,C,72.0,191.0,1987-11-12,CAN,2006.0,1.0,12.0,R,30,"[81, 71, 52, 70, 40]","[75, 76, 74, 64, 66]","[23, 16, 10, 32, 11]","['WPG', 'WPG', 'WPG', 'WPG', 'WPG']"
2018-2019,Bryan Rust,PIT,F,74.5,64.2,57.1,,72.5,37.7,66.5,80.6,56.2,84.8,74.7,36.3,42.2,94.6,72.6,110,154,184,,53.0,267,144,84,188,65,109,273,248,24,118,427,269,189,Second Line,72.0,1145.1166666666666,18.0,17.0,35.0,15.599931355041909,54.21686746987952,50.55508756729253,8475810,R,71.0,202.0,1992-05-11,USA,2010.0,3.0,80.0,R,26,"[None, 60, 74, 75, 70]","[None, 49, 63, 60, 67]","[None, 58, 57, 85, 32]","[None, 'PIT', 'PIT', 'PIT', 'PIT']"
2018-2019,Cal Clutterbuck,NYI,F,15.7,31.1,85.0,36.4,11.1,4.2,7.3,51.1,57.8,18.5,96.7,5.6,60.0,27.9,44.3,361,295,65,172.0,169.0,410,397,210,181,312,15,404,172,309,239,427,269,189,Third Line,73.0,1020.0,8.0,15.0,23.0,13.802552320984471,52.17391304347826,55.63276407062826,8473504,R,71.0,215.0,1987-11-18,CAN,2006.0,3.0,72.0,R,30,"[14, 64, 27, 2, 40]","[38, 21, 30, 8, 51]","[68, 48, 76, 67, 90]","['NYI', 'NYI', 'NYI', 'NYI', 'NYI']"
2018-2019,Calle Jarnkrok,NSH,F,56.4,9.8,95.8,12.3,7.9,56.9,44.5,33.0,14.5,64.4,29.5,32.1,43.6,78.0,46.6,187,386,19,237.0,175.0,185,238,287,366,143,302,291,242,95,229,427,269,189,Third Line,79.0,1219.0,10.0,16.0,26.0,10.203708666641772,57.14285714285714,48.567121202589895,8475714,C,72.0,193.0,1991-09-25,SWE,2010.0,2.0,51.0,R,26,"[63, 52, 70, 54, 49]","[47, 23, 20, 27, 5]","[78, 40, 97, 82, 94]","['NSH', 'NSH', 'NSH', 'NSH', 'NSH']"
2018-2019,Cam Atkinson,CBJ,F,81.5,87.6,11.7,78.4,84.1,92.3,97.9,99.3,61.4,37.7,0.9,51.8,20.4,92.3,90.6,80,54,378,59.0,31.0,34,10,4,166,246,424,207,341,34,41,427,269,189,First Line,80.0,1550.2333333333331,42.0,29.0,71.0,33.39956560497829,54.13533834586466,53.62826070491808,8474715,R,68.0,178.0,1989-06-05,USA,2008.0,6.0,157.0,R,29,"[48, 87, 71, 78, 82]","[77, 88, 80, 86, 87]","[9, 41, 6, 18, 12]","['CBJ', 'CBJ', 'CBJ', 'CBJ', 'CBJ']"
2018-2019,Carl Hagelin,WSH,F,78.5,84.5,92.3,,99.5,4.9,16.9,55.5,63.2,19.9,55.5,68.4,54.8,56.9,41.7,93,67,34,,2.0,407,356,191,158,306,191,136,194,185,250,427,269,189,Third Line,58.0,854.3,5.0,14.0,19.0,8.551716966794897,55.73770491803278,54.93516697501718,8474176,L,72.0,183.0,1988-08-23,SWE,2007.0,6.0,168.0,L,30,"[49, 84, 82, 86, 68]","[84, 94, 86, 81, 82]","[65, 84, 74, 96, 86]","['NYR', 'PIT', 'PIT', 'PIT', 'WSH']"
2018-2019,Carl Soderberg,COL,F,46.4,10.5,79.6,45.0,73.0,63.9,56.7,52.2,51.3,44.0,44.3,3.3,26.9,25.5,53.9,230,383,88,149.0,52.0,155,186,205,209,222,239,414,313,319,198,427,269,189,Second Line,82.0,1430.8166666666666,23.0,26.0,49.0,20.076337981298504,49.45054945054945,50.94996173068612,8471262,C,75.0,210.0,1985-10-12,SWE,2004.0,2.0,49.0,L,32,"[35, 20, 25, 21, 64]","[25, 11, 1, 5, 33]","[83, 63, 45, 72, 85]","['BOS', 'COL', 'COL', 'COL', 'COL']"
2018-2019,Carter Rowney,ANA,F,44.5,19.9,67.2,,74.1,52.0,8.9,0.7,49.9,52.7,96.5,80.1,90.4,24.8,4.9,238,343,141,,50.0,206,390,425,215,188,16,86,42,322,407,427,269,189,Fourth Line,62.0,778.1666666666666,7.0,13.0,20.0,5.911769566668854,46.34146341463415,47.33734627204642,8477240,C,74.0,208.0,1989-05-10,CAN,,,,R,29,"[None, None, None, 35, 54]","[None, None, None, 22, 20]","[None, None, None, 55, 74]","[None, None, None, 'PIT', 'ANA']"
2018-2019,Casey Cizikas,NYI,F,57.1,36.3,81.5,,2.6,76.6,74.9,58.5,37.9,55.5,85.5,4.0,63.5,28.3,60.2,184,273,80,,185.0,101,108,178,266,176,63,411,157,307,171,427,269,189,Third Line,73.0,1023.7333333333332,20.0,13.0,33.0,13.557935135517276,60.37735849056604,53.68395830820592,8475231,C,71.0,191.0,1991-02-27,CAN,2009.0,4.0,92.0,L,27,"[46, 16, 21, 46, 66]","[22, 24, 31, 17, 47]","[57, 61, 58, 69, 86]","['NYI', 'NYI', 'NYI', 'NYI', 'NYI']"
2018-2019,Casey Mittelstadt,BUF,F,51.1,11.0,13.6,62.5,,64.6,46.1,20.6,11.2,94.8,10.3,84.5,46.8,21.5,36.8,210,381,370,102.0,,152,231,340,380,23,384,67,228,336,271,427,269,189,Fourth Line,77.0,1035.7833333333333,12.0,13.0,25.0,11.628936142025488,42.66666666666667,45.09792943113544,8479999,C,73.0,205.0,1998-11-22,USA,2017.0,1.0,8.0,L,19,"[None, None, None, None, 47]","[None, None, None, None, 11]","[None, None, None, None, 15]","[None, None, None, None, 'BUF']"
2018-2019,Cedric Paquette,TBL,F,7.3,7.5,69.3,,69.8,64.9,57.8,44.7,2.3,6.1,98.4,50.4,71.9,70.7,3.5,397,396,132,,58.0,151,181,237,418,363,8,213,121,126,413,427,269,189,Fourth Line,80.0,960.2666666666668,13.0,4.0,17.0,9.661072472919466,50.84745762711864,49.31966665336163,8476975,C,72.0,205.0,1993-08-13,CAN,2012.0,4.0,101.0,L,25,"[38, 56, 26, 19, 8]","[19, 21, 16, 10, 8]","[70, 77, 56, 61, 75]","['TBL', 'TBL', 'TBL', 'TBL', 'TBL']"
2018-2019,Chandler Stephenson,WSH,F,26.7,7.3,52.7,,38.6,55.3,17.1,1.4,36.3,56.2,31.9,60.2,70.7,26.2,27.6,314,397,203,,117.0,192,355,422,273,173,292,171,126,316,310,427,269,189,Fourth Line,64.0,775.45,5.0,6.0,11.0,5.422743227061557,34.146341463414636,44.26778395710478,8476905,C,72.0,201.0,1994-04-22,CAN,2012.0,3.0,77.0,L,24,"[None, None, None, 32, 30]","[None, None, None, 14, 6]","[None, None, None, 62, 44]","[None, None, None, 'WSH', 'WSH']"
2018-2019,Charles Hudon,MTL,F,29.3,30.2,41.5,32.3,,8.7,30.2,73.3,4.9,61.8,85.9,93.7,90.2,63.7,9.1,303,299,251,183.0,,391,299,115,407,151,61,28,43,156,389,427,269,189,Fourth Line,32.0,373.5333333333333,3.0,2.0,5.0,4.65018041260292,37.5,46.44500727993349,8476948,L,70.0,190.0,1994-06-23,CAN,2012.0,5.0,122.0,L,24,"[None, None, None, 66, 8]","[None, None, None, 42, 26]","[None, None, None, 46, 40]","[None, None, None, 'MTL', 'MTL']"
2018-2019,Charlie Coyle,BOS,F,67.4,55.0,91.8,6.3,47.6,8.2,34.2,60.4,66.3,70.3,40.5,26.0,24.4,90.6,41.9,140,193,36,253.0,100.0,393,282,170,145,118,255,317,324,41,249,427,269,189,Second Line,81.0,1358.9333333333334,12.0,22.0,34.0,16.823734134318684,48.888888888888886,53.84300795334141,8475745,C,75.0,221.0,1992-03-02,USA,2010.0,1.0,28.0,R,26,"[79, 87, 71, 70, 62]","[72, 47, 46, 59, 55]","[88, 84, 94, 77, 94]","['MIN', 'MIN', 'MIN', 'MIN', 'BOS']"
2018-2019,Chris Kreider,NYR,F,78.7,89.5,84.3,72.9,,80.3,82.9,87.8,47.3,2.3,68.6,43.8,41.5,33.3,96.5,92,46,68,74.0,,85,74,53,226,379,135,241,251,286,16,427,269,189,Second Line,79.0,1375.0666666666666,28.0,24.0,52.0,25.317327608439648,57.14285714285714,53.80461652916829,8475184,L,75.0,232.0,1991-04-30,USA,2009.0,1.0,19.0,L,27,"[57, 64, 81, 69, 79]","[75, 81, 84, 87, 91]","[24, 28, 68, 64, 92]","['NYR', 'NYR', 'NYR', 'NYR', 'NYR']"
2018-2019,Chris Kunitz,CHI,F,54.6,56.2,84.5,,,69.3,54.3,20.1,33.5,11.9,84.3,71.0,74.7,30.9,24.8,195,188,67,,,132,196,342,285,339,68,125,109,296,322,427,269,189,Fourth Line,56.0,507.3,5.0,5.0,10.0,5.416639886008356,42.857142857142854,51.40850515151879,8470543,L,72.0,188.0,1979-09-26,CAN,,,,L,38,"[86, 93, 64, 56, 48]","[90, 90, 76, 54, 52]","[90, 96, 63, 90, 76]","['PIT', 'PIT', 'PIT', 'TBL', 'CHI']"
2018-2019,Chris Tierney,OTT,F,29.7,60.4,6.8,10.8,5.8,27.6,17.6,10.8,72.8,88.3,10.8,12.4,15.9,23.4,38.9,301,170,399,241.0,179.0,310,353,382,117,51,382,375,360,328,262,427,269,189,Second Line,81.0,1379.4833333333331,9.0,40.0,49.0,12.159565048816468,41.07142857142857,43.34926173710581,8476919,C,73.0,191.0,1994-07-01,CAN,2012.0,2.0,55.0,L,24,"[43, 31, 70, 46, 14]","[45, 58, 49, 67, 57]","[31, 12, 26, 6, 7]","['SJS', 'SJS', 'SJS', 'SJS', 'OTT']"
2018-2019,Chris Wagner,BOS,F,5.2,4.2,42.2,,47.1,13.8,41.0,61.6,7.3,33.0,98.1,41.0,64.4,41.2,23.2,406,410,248,,101.0,369,253,165,397,260,9,253,153,252,329,427,269,189,Fourth Line,76.0,1022.4,12.0,7.0,19.0,14.176984273455814,48.214285714285715,50.30748112239287,8475780,R,72.0,192.0,1991-05-27,USA,2010.0,5.0,122.0,R,27,"[None, 26, 32, 7, 6]","[None, 21, 13, 4, 4]","[None, 54, 50, 32, 48]","[None, 'ANA', 'ANA', 'NYI', 'BOS']"
2018-2019,Christian Fischer,ARI,F,37.7,9.6,72.8,48.3,,40.7,48.5,45.4,17.1,53.4,80.1,58.1,50.1,29.7,38.6,267,387,117,140.0,,254,221,234,355,185,86,180,214,301,263,427,269,189,Fourth Line,71.0,935.0333333333332,11.0,7.0,18.0,10.94209092867961,44.0,47.557154745004,8478432,R,74.0,212.0,1997-04-15,USA,2015.0,2.0,32.0,R,21,"[None, None, None, 53, 33]","[None, None, None, 38, 4]","[None, None, None, 68, 74]","[None, None, None, 'ARI', 'ARI']"
2018-2019,Christoffer Ehn,DET,F,28.6,20.4,35.1,,31.7,33.7,2.8,1.2,7.7,63.6,75.4,54.3,79.4,0.2,19.4,306,341,278,,130.0,284,416,423,395,145,106,196,89,427,345,427,269,189,Fourth Line,60.0,636.85,3.0,6.0,9.0,3.8536120647782934,42.42424242424242,41.860722424425965,8478036,C,75.0,195.0,1996-04-05,SWE,2014.0,4.0,106.0,L,22,"[None, None, None, None, 31]","[None, None, None, None, 20]","[None, None, None, None, 35]","[None, None, None, None, 'DET']"
2018-2019,Claude Giroux,PHI,F,96.0,83.1,23.2,100.0,94.7,96.0,75.2,18.5,94.4,70.0,2.3,11.7,2.3,72.1,89.2,18,73,329,1.0,11.0,18,107,349,25,119,418,378,418,120,47,427,269,189,First Line,82.0,1759.45,22.0,63.0,85.0,18.818879803906327,51.93798449612403,48.73958598946495,8473512,R,71.0,186.0,1988-01-12,CAN,2006.0,1.0,22.0,R,30,"[93, 95, 83, 99, 93]","[90, 77, 68, 87, 79]","[21, 12, 18, 45, 16]","['PHI', 'PHI', 'PHI', 'PHI', 'PHI']"
2018-2019,Clayton Keller,ARI,F,60.7,53.2,3.7,38.3,,50.1,58.1,49.6,48.7,97.4,4.9,51.1,7.3,45.4,57.1,169,201,412,167.0,,214,180,216,220,12,407,210,397,234,184,427,269,189,First Line,82.0,1495.2833333333333,14.0,33.0,47.0,19.554146663998356,43.67816091954023,46.804154647163216,8479343,R,70.0,175.0,1998-07-29,USA,2016.0,1.0,7.0,L,20,"[None, None, None, 50, 65]","[None, None, None, 47, 58]","[None, None, None, 8, 3]","[None, None, None, 'ARI', 'ARI']"
2018-2019,Cody Eakin,VGK,F,8.0,1.9,14.1,11.9,14.8,84.8,73.1,24.8,43.6,67.7,49.4,41.7,34.0,75.6,26.0,394,420,368,238.0,162.0,66,116,322,242,129,217,250,283,105,317,427,269,189,Third Line,78.0,1199.5833333333333,22.0,19.0,41.0,14.644733990940756,58.75,49.27128118102013,8475236,C,72.0,196.0,1991-05-24,CAN,2009.0,3.0,85.0,L,27,"[25, 5, 3, 1, 39]","[46, 17, 30, 2, 2]","[23, 24, 21, 23, 11]","['DAL', 'DAL', 'DAL', 'VGK', 'VGK']"
2018-2019,Colby Cave,EDM,F,7.0,34.9,56.9,,22.8,16.6,3.0,23.7,6.1,10.0,69.3,77.3,80.1,26.0,43.3,398,279,185,,147.0,357,415,327,402,347,132,98,86,317,243,427,269,189,Fourth Line,53.0,652.5833333333334,3.0,5.0,8.0,6.715349923964285,41.17647058823529,50.022978348121114,8477529,C,73.0,200.0,1994-12-26,CAN,,,,L,23,"[None, None, None, None, 11]","[None, None, None, None, 34]","[None, None, None, None, 54]","[None, None, None, None, 'EDM']"
2018-2019,Colin White,OTT,F,64.9,22.7,76.1,63.2,,8.4,25.8,57.6,88.8,87.4,8.4,21.3,30.7,58.8,71.9,151,331,103,100.0,,392,318,182,49,55,392,337,297,177,121,427,269,189,Second Line,71.0,1150.1,14.0,27.0,41.0,16.871332769879444,43.61702127659575,50.40833504095045,8478400,C,73.0,195.0,1997-01-30,USA,2015.0,1.0,21.0,R,21,"[None, None, None, None, 61]","[None, None, None, None, 23]","[None, None, None, None, 75]","[None, None, None, None, 'OTT']"
2018-2019,Colin Wilson,COL,F,79.2,60.2,73.3,55.4,,46.4,30.7,24.4,37.0,92.0,42.2,71.4,67.2,26.9,38.2,90,171,115,121.0,,230,297,324,270,35,248,123,141,313,265,427,269,189,Third Line,65.0,881.5666666666666,12.0,15.0,27.0,9.60392775423159,44.26229508196721,46.66571617514162,8474569,C,73.0,215.0,1989-10-20,USA,2008.0,1.0,7.0,L,28,"[88, 60, 67, 79, 78]","[82, 63, 72, 59, 55]","[87, 76, 78, 73, 72]","['NSH', 'NSH', 'NSH', 'COL', 'COL']"
2018-2019,Colton Sceviour,FLA,F,59.7,45.0,80.1,,70.9,14.3,27.6,56.7,61.8,59.7,73.8,65.8,68.6,14.3,11.5,173,236,86,,56.0,367,310,186,164,160,113,147,135,367,379,427,269,189,Fourth Line,59.0,725.4166666666666,5.0,10.0,15.0,8.271381572739335,48.93617021276596,49.40635279735716,8474098,C,72.0,190.0,1989-04-20,CAN,2007.0,4.0,112.0,R,29,"[69, 68, 24, 61, 60]","[70, 56, 58, 51, 37]","[85, 86, 85, 78, 75]","['DAL', 'DAL', 'FLA', 'FLA', 'FLA']"
2018-2019,Colton Sissons,NSH,F,33.0,28.6,91.3,27.9,57.7,35.6,39.8,36.5,20.4,10.8,73.1,2.3,50.8,77.0,47.5,287,306,38,195.0,81.0,276,258,272,341,344,116,418,211,99,225,427,269,189,Second Line,75.0,1203.3166666666666,15.0,15.0,30.0,16.04443399087763,59.375,50.575302209444914,8476925,C,73.0,200.0,1993-11-05,CAN,2012.0,2.0,50.0,R,24,"[None, 43, 39, 31, 37]","[None, 32, 29, 28, 32]","[None, 65, 45, 90, 93]","[None, 'NSH', 'NSH', 'NSH', 'NSH']"
2018-2019,Connor Brown,TOR,F,37.0,34.4,34.4,,83.1,28.6,29.3,34.7,66.7,62.1,22.5,24.6,35.1,70.5,39.6,270,281,281,,33.0,306,303,280,143,150,332,323,278,127,259,427,269,189,Third Line,82.0,1130.95,8.0,22.0,30.0,9.810112151748907,56.92307692307692,47.54195490322785,8477015,R,72.0,184.0,1994-01-14,CAN,2012.0,6.0,156.0,R,24,"[None, None, 70, 57, 22]","[None, None, 59, 57, 10]","[None, None, 19, 54, 26]","[None, None, 'TOR', 'TOR', 'TOR']"
2018-2019,Connor McDavid,EDM,F,100.0,100.0,1.2,96.7,,92.5,96.0,97.0,99.3,99.1,7.3,7.0,0.5,32.6,98.4,1,1,423,10.0,,33,18,14,4,5,397,398,426,289,8,427,269,189,First Line,78.0,1781.3,41.0,75.0,116.0,33.49259578366426,50.6578947368421,49.26006830377322,8478402,C,73.0,194.0,1997-01-13,CAN,2015.0,1.0,1.0,L,21,"[None, 86, 100, 100, 98]","[None, 72, 99, 100, 100]","[None, 69, 54, 7, 0]","[None, 'EDM', 'EDM', 'EDM', 'EDM']"
2018-2019,Conor Garland,ARI,F,45.4,26.9,60.2,50.6,,81.3,96.5,70.5,0.2,28.3,55.0,94.6,89.2,42.4,18.0,234,313,171,134.0,,81,16,127,427,277,193,24,47,247,351,427,269,189,Fourth Line,47.0,601.1333333333333,13.0,5.0,18.0,9.49828304181335,59.25925925925925,52.27531442034194,8478856,R,70.0,165.0,1996-03-11,USA,2015.0,5.0,123.0,R,22,"[None, None, None, None, 45]","[None, None, None, None, 29]","[None, None, None, None, 60]","[None, None, None, None, 'ARI']"
2018-2019,Conor Sheary,BUF,F,74.7,78.0,52.5,22.3,,37.0,61.8,75.9,54.3,69.1,15.5,63.7,32.1,60.7,63.0,109,95,204,210.0,,270,164,104,196,123,362,156,291,169,159,427,269,189,Third Line,78.0,1140.4,14.0,20.0,34.0,14.840173685914566,42.5,48.4791338437421,8477839,L,68.0,180.0,1992-06-08,USA,,,,L,26,"[None, 63, 82, 80, 62]","[None, 45, 81, 73, 79]","[None, 66, 62, 60, 45]","[None, 'PIT', 'PIT', 'PIT', 'BUF']"
2018-2019,Corey Perry,ANA,F,70.5,75.4,12.2,88.5,,15.9,50.1,81.7,46.1,67.2,30.0,88.1,80.3,48.2,66.7,127,106,376,32.0,,360,214,79,231,131,300,52,85,222,143,427,269,189,Third Line,31.0,459.5,6.0,4.0,10.0,6.651287065594416,29.629629629629623,49.82977113295717,8470621,R,75.0,210.0,1985-05-16,CAN,2003.0,1.0,28.0,R,33,"[91, 91, 71, 78, 59]","[94, 95, 92, 83, 59]","[31, 7, 18, 2, 34]","['ANA', 'ANA', 'ANA', 'ANA', 'ANA']"
2018-2019,Craig Smith,NSH,F,78.2,85.5,37.0,40.9,,72.8,86.7,94.4,70.5,68.4,50.4,63.9,35.4,82.4,37.5,94,63,270,160.0,,117,58,25,127,126,213,155,277,76,268,427,269,189,Third Line,76.0,1149.5666666666666,21.0,17.0,38.0,18.732472400211293,59.72222222222222,49.24329263341167,8475225,C,73.0,203.0,1989-09-05,USA,2009.0,4.0,98.0,R,28,"[52, 71, 31, 85, 78]","[87, 85, 83, 95, 73]","[13, 33, 17, 53, 34]","['NSH', 'NSH', 'NSH', 'NSH', 'NSH']"
2018-2019,Dale Weise,MTL,F,12.2,10.8,71.7,,19.0,34.2,23.9,38.6,10.1,21.3,84.5,85.2,85.2,28.1,8.2,376,382,122,,154.0,282,326,263,385,300,67,64,64,308,393,427,269,189,Fourth Line,51.0,600.6166666666667,5.0,6.0,11.0,6.525369882768005,37.142857142857146,52.09547854468385,8474668,R,74.0,196.0,1988-08-05,CAN,2008.0,4.0,111.0,R,30,"[40, 55, 35, 17, 15]","[7, 16, 12, 6, 22]","[54, 72, 90, 50, 73]","['MTL', 'CHI', 'PHI', 'PHI', 'MTL']"
2018-2019,Daniel Sprong,ANA,F,49.2,45.7,23.7,41.3,,82.4,88.1,68.9,26.9,57.6,27.4,85.0,69.1,25.8,2.6,218,233,327,159.0,,76,52,134,313,168,311,65,133,318,417,427,269,189,Fourth Line,63.0,753.1166666666667,14.0,9.0,23.0,10.315457446309738,38.59649122807017,46.11043120850862,8478466,R,72.0,195.0,1997-03-17,NLD,2015.0,2.0,46.0,R,21,"[None, None, None, None, 46]","[None, None, None, None, 45]","[None, None, None, None, 24]","[None, None, None, None, 'ANA']"
2018-2019,Danton Heinen,BOS,F,63.7,29.5,89.2,42.4,,58.3,57.1,47.1,73.8,56.0,29.3,47.1,36.8,84.1,26.7,156,302,47,156.0,,179,184,227,113,174,303,227,271,69,314,427,269,189,Third Line,77.0,1075.7333333333331,11.0,23.0,34.0,11.87627458666237,63.793103448275865,53.72814194304869,8478046,L,74.0,187.0,1995-07-05,CAN,2014.0,4.0,116.0,L,23,"[None, None, None, 69, 52]","[None, None, None, 42, 24]","[None, None, None, 83, 89]","[None, None, None, 'BOS', 'BOS']"
2018-2019,Darren Helm,DET,F,2.8,23.7,15.7,,4.8,35.1,28.6,30.0,42.6,31.4,52.5,43.6,55.3,10.8,76.8,416,327,361,,181.0,278,306,300,246,267,204,242,192,382,100,427,269,189,Third Line,61.0,889.0333333333333,7.0,10.0,17.0,9.526591083846832,40.35087719298245,45.29253436762657,8471794,C,72.0,192.0,1987-01-21,CAN,2005.0,5.0,132.0,L,31,"[77, 69, 41, 1, 8]","[76, 70, 37, 25, 21]","[33, 8, 23, 10, 21]","['DET', 'DET', 'DET', 'DET', 'DET']"
2018-2019,David Backes,BOS,F,72.8,63.9,95.6,55.0,,16.9,29.0,49.9,19.4,41.7,87.6,49.4,57.4,69.6,14.1,117,155,20,122.0,,356,304,215,345,229,54,217,183,131,368,427,269,189,Fourth Line,70.0,912.7166666666668,7.0,13.0,20.0,9.309065557395517,63.63636363636363,51.915536335991355,8470655,R,75.0,215.0,1984-05-01,USA,2003.0,2.0,62.0,R,34,"[90, 26, 79, 58, 75]","[82, 80, 76, 67, 56]","[89, 93, 88, 90, 94]","['STL', 'STL', 'BOS', 'BOS', 'BOS']"
2018-2019,David Kampf,CHI,F,23.9,17.3,81.3,,3.7,23.2,12.2,26.2,54.1,34.9,46.8,70.0,74.5,11.0,36.1,326,354,81,,183.0,329,376,316,197,252,228,129,110,381,274,427,269,189,Third Line,63.0,876.9833333333333,4.0,15.0,19.0,7.778149586498955,47.91666666666667,49.322924550829654,8480144,C,74.0,198.0,1995-01-12,CZE,,,,L,23,"[None, None, None, 53, 11]","[None, None, None, 34, 11]","[None, None, None, 63, 87]","[None, None, None, 'CHI', 'CHI']"
2018-2019,David Krejci,BOS,F,80.8,77.3,63.2,50.9,,77.0,47.8,20.8,97.9,73.3,12.9,63.0,21.8,67.0,31.6,83,98,158,133.0,,99,224,339,10,109,373,159,335,142,293,427,269,189,Second Line,81.0,1431.9333333333334,20.0,53.0,73.0,14.769744981721093,58.333333333333336,54.581165535749165,8471276,C,72.0,192.0,1986-04-28,CZE,2004.0,2.0,63.0,R,32,"[26, 49, 60, 63, 89]","[33, 24, 62, 71, 83]","[26, 52, 33, 39, 81]","['BOS', 'BOS', 'BOS', 'BOS', 'BOS']"
2018-2019,David Pastrnak,BOS,F,96.7,79.2,17.3,95.2,,99.1,96.3,84.1,89.9,97.7,40.3,58.5,23.9,97.0,88.5,15,90,354,14.0,,5,17,69,44,11,256,178,326,14,50,427,269,189,First Line,66.0,1237.75,38.0,43.0,81.0,24.797288255926233,57.14285714285714,55.50048492205369,8477956,R,72.0,199.0,1996-05-25,CZE,2014.0,1.0,25.0,R,22,"[58, 72, 97, 90, 97]","[56, 59, 92, 76, 76]","[39, 19, 12, 5, 35]","['BOS', 'BOS', 'BOS', 'BOS', 'BOS']"
2018-2019,David Perron,STL,F,38.6,42.9,59.7,14.9,,88.3,77.3,12.4,81.5,12.9,50.1,47.8,47.5,76.3,60.0,263,245,173,230.0,,51,98,375,80,335,214,224,225,102,172,427,269,189,Second Line,57.0,974.4333333333332,23.0,23.0,46.0,11.277632486779273,56.25,49.77835786569478,8474102,L,72.0,202.0,1988-05-28,CAN,2007.0,1.0,26.0,R,30,"[58, 18, 68, 54, 27]","[57, 64, 58, 46, 38]","[86, 73, 95, 55, 46]","['PIT', 'ANA', 'STL', 'VGK', 'STL']"
2018-2019,Denis Malgin,FLA,F,43.8,21.5,50.1,,,72.4,68.4,17.1,25.3,60.9,47.5,85.7,79.6,24.6,28.8,241,336,214,,,119,136,355,320,155,225,62,88,323,305,427,269,189,Fourth Line,50.0,644.4666666666667,7.0,9.0,16.0,5.729038498827787,41.509433962264154,48.26769534331497,8478843,C,69.0,182.0,1997-01-18,CHE,2015.0,4.0,102.0,R,21,"[None, None, 64, 65, 29]","[None, None, 29, 39, 15]","[None, None, 43, 38, 58]","[None, None, 'FLA', 'FLA', 'FLA']"
2018-2019,Derek Grant,ANA,F,21.1,37.0,33.5,,46.6,49.2,31.6,28.1,56.0,31.1,74.5,79.6,86.2,23.0,8.7,338,270,285,,102.0,218,293,308,189,268,110,88,60,330,391,427,269,189,Fourth Line,56.0,654.45,4.0,10.0,14.0,6.275338332968207,44.680851063829785,48.55259484825877,8474683,C,75.0,210.0,1990-04-20,CAN,2008.0,4.0,119.0,L,28,"[None, None, 13, 33, 24]","[None, None, 32, 31, 42]","[None, None, 41, 29, 32]","[None, None, 'BUF', 'ANA', 'ANA']"
2018-2019,Derek Ryan,CGY,F,69.6,66.7,90.9,40.5,41.3,59.5,57.6,46.8,59.5,26.5,25.5,60.4,49.2,74.7,13.6,131,143,40,161.0,112.0,174,182,228,174,282,319,170,218,109,370,427,269,189,Third Line,81.0,1118.1166666666666,13.0,25.0,38.0,11.738065374885872,62.96296296296296,56.12427419759046,8478585,C,70.0,185.0,1986-12-29,USA,,,,R,31,"[None, None, 29, 71, 71]","[None, None, 43, 72, 66]","[None, None, 52, 91, 92]","[None, None, 'CAR', 'CAR', 'CGY']"
2018-2019,Derek Stepan,ARI,F,77.3,86.4,57.8,53.9,91.0,9.4,27.9,44.5,75.4,52.0,19.0,19.2,16.6,40.3,86.7,98,59,181,125.0,18.0,388,309,238,106,191,347,346,357,256,58,427,269,189,First Line,72.0,1384.1,15.0,20.0,35.0,16.36920717211136,46.666666666666664,49.96012264613926,8474613,C,71.0,196.0,1990-06-18,USA,2008.0,2.0,51.0,R,28,"[74, 78, 76, 73, 78]","[83, 87, 82, 89, 81]","[55, 46, 83, 60, 47]","['NYR', 'NYR', 'NYR', 'ARI', 'ARI']"
2018-2019,Derick Brassard,COL,F,11.5,55.5,16.4,39.0,,50.6,49.9,39.6,26.0,15.9,56.2,35.8,30.4,41.9,49.6,379,191,358,165.0,,212,215,259,317,322,188,275,298,249,216,427,269,189,Third Line,70.0,1049.6666666666667,14.0,9.0,23.0,11.472973704329444,36.36363636363637,41.453362007759495,8473544,C,73.0,200.0,1987-09-22,CAN,2006.0,1.0,6.0,L,30,"[71, 54, 46, 69, 1]","[63, 26, 70, 77, 26]","[56, 36, 74, 42, 8]","['NYR', 'NYR', 'OTT', 'PIT', 'COL']"
2018-2019,Devante Smith-Pelly,WSH,F,6.1,16.9,31.4,,24.9,17.3,19.4,52.5,15.9,32.6,81.3,75.4,78.5,19.7,35.8,402,356,294,,143.0,354,345,204,360,262,81,106,93,344,275,427,269,189,Fourth Line,54.0,586.1166666666667,4.0,4.0,8.0,7.6467272404617646,42.42424242424242,45.759378192800774,8475758,R,72.0,223.0,1992-06-14,CAN,2010.0,2.0,42.0,R,26,"[8, 44, 15, 8, 13]","[7, 10, 8, 35, 15]","[28, 39, 32, 23, 36]","['MTL', 'NJD', 'NJD', 'WSH', 'WSH']"
2018-2019,Devin Shore,ANA,F,55.3,20.8,55.5,36.8,9.0,29.3,21.5,18.0,55.7,91.6,54.1,27.6,35.6,48.7,34.2,192,339,191,171.0,173.0,303,336,351,190,37,197,310,276,220,282,427,269,189,Third Line,76.0,1083.7666666666669,10.0,19.0,29.0,8.580808685654555,43.47826086956522,46.275629718578685,8476913,C,73.0,206.0,1994-07-19,CAN,2012.0,2.0,61.0,L,24,"[None, None, 60, 65, 42]","[None, None, 48, 12, 25]","[None, None, 57, 82, 34]","[None, None, 'DAL', 'DAL', 'ANA']"
2018-2019,Dmitrij Jaskin,WSH,F,58.3,46.4,93.7,,,5.4,7.0,78.5,16.4,48.7,95.1,83.1,87.8,34.0,26.9,179,230,28,,,405,398,93,358,202,22,73,53,283,313,427,269,189,Fourth Line,37.0,373.1166666666667,2.0,6.0,8.0,5.516484488126874,41.935483870967744,49.02661246667058,8476436,R,74.0,216.0,1993-03-23,RUS,2011.0,2.0,41.0,L,25,"[68, 48, 55, 70, 44]","[48, 52, 35, 55, 42]","[81, 83, 86, 98, 77]","['STL', 'STL', 'STL', 'STL', 'WSH']"
2018-2019,Dominik Kahun,CHI,F,47.8,60.9,18.7,12.6,,63.7,47.5,32.8,92.3,68.1,1.9,18.5,22.2,14.1,88.8,224,168,348,236.0,,156,225,288,34,127,420,349,333,368,49,427,269,189,Third Line,82.0,1160.3333333333333,13.0,24.0,37.0,12.285818980762684,58.620689655172406,48.820504573019306,8480946,C,71.0,175.0,1995-07-02,CZE,,,,L,23,"[None, None, None, None, 46]","[None, None, None, None, 60]","[None, None, None, None, 19]","[None, None, None, None, 'CHI']"
2018-2019,Dominik Simon,PIT,F,59.3,50.6,91.1,16.0,,23.9,35.6,45.2,78.2,38.6,60.7,86.7,84.3,94.1,77.8,175,212,39,227.0,,326,276,235,94,242,169,58,68,26,96,427,269,189,Fourth Line,71.0,946.0666666666668,8.0,20.0,28.0,11.09235978506456,56.71641791044776,58.20394264256782,8478866,C,71.0,190.0,1994-08-08,CZE,2015.0,5.0,137.0,L,24,"[None, None, None, 23, 74]","[None, None, None, 43, 57]","[None, None, None, 50, 98]","[None, None, None, 'PIT', 'PIT']"
2018-2019,Drake Caggiula,CHI,F,33.3,48.2,36.5,,,52.5,64.9,69.3,21.3,39.3,87.1,75.2,64.6,26.7,34.7,286,222,272,,,204,151,132,337,239,56,107,152,314,280,427,269,189,Third Line,55.0,793.5666666666667,12.0,11.0,23.0,11.27883353111369,48.61111111111111,49.03263599311307,8479465,L,70.0,179.0,1994-06-20,CAN,,,,L,24,"[None, None, 55, 14, 43]","[None, None, 41, 38, 54]","[None, None, 65, 42, 29]","[None, None, 'EDM', 'EDM', 'CHI']"
2018-2019,Drew Stafford,NJD,F,0.9,19.2,11.5,20.1,,15.2,9.1,23.2,31.9,19.0,56.0,73.1,70.5,30.4,33.3,424,346,379,216.0,,363,389,329,292,310,189,116,127,298,286,427,269,189,Fourth Line,57.0,699.1333333333333,5.0,8.0,13.0,7.185232187449199,41.46341463414634,46.165631320747806,8471226,R,74.0,215.0,1985-10-30,USA,2004.0,1.0,13.0,R,32,"[27, 7, 1, 9, 2]","[25, 39, 14, 23, 19]","[5, 10, 8, 12, 16]","['WPG', 'WPG', 'BOS', 'NJD', 'NJD']"
2018-2019,Dryden Hunt,FLA,F,15.0,25.8,50.8,,,26.9,9.4,61.4,67.9,24.8,93.2,95.8,97.9,25.1,33.5,364,318,211,,,313,388,166,138,287,30,19,10,321,285,427,269,189,Fourth Line,31.0,342.93333333333334,3.0,7.0,10.0,4.565364708894234,50.0,51.87016251612216,8478211,L,72.0,193.0,1995-11-24,CAN,,,,L,22,"[None, None, None, None, 19]","[None, None, None, None, 27]","[None, None, None, None, 50]","[None, None, None, None, 'FLA']"
2018-2019,Dustin Brown,LAK,F,58.1,64.9,35.8,43.1,82.5,10.1,35.8,61.1,76.8,60.2,71.7,3.7,12.4,63.5,97.0,180,151,275,154.0,34.0,385,275,167,100,158,122,412,375,157,14,427,269,189,First Line,72.0,1469.2333333333331,22.0,29.0,51.0,18.486247939488752,45.26315789473684,44.57276222092684,8470606,R,72.0,205.0,1984-11-04,USA,2003.0,1.0,13.0,R,33,"[78, 65, 75, 78, 27]","[28, 60, 66, 68, 63]","[84, 92, 71, 68, 18]","['LAK', 'LAK', 'LAK', 'LAK', 'LAK']"
2018-2019,Dylan Larkin,DET,F,50.8,88.3,4.4,60.2,43.4,14.5,56.4,74.2,84.3,32.8,28.1,5.9,1.4,27.2,84.8,211,51,409,108.0,108.0,366,187,111,68,261,308,403,422,312,66,427,269,189,First Line,76.0,1660.0,32.0,41.0,73.0,28.04549538609086,48.113207547169814,51.437543316607595,8477946,C,73.0,204.0,1996-07-30,USA,2014.0,1.0,15.0,L,22,"[None, 80, 17, 18, 69]","[None, 63, 18, 91, 91]","[None, 18, 4, 1, 12]","[None, 'DET', 'DET', 'DET', 'DET']"
2018-2019,Dylan Sikura,CHI,F,27.2,25.1,66.5,,,18.7,0.6,25.3,93.0,35.8,11.7,96.0,95.8,17.3,40.7,312,321,144,,,348,424,320,31,251,378,18,19,354,254,427,269,189,Fourth Line,33.0,372.31666666666666,0.0,8.0,8.0,3.445389565380225,55.172413793103445,51.26511980700039,8478106,R,71.0,170.0,1995-06-01,CAN,2014.0,6.0,178.0,L,23,"[None, None, None, None, 30]","[None, None, None, None, 27]","[None, None, None, None, 65]","[None, None, None, None, 'CHI']"
2018-2019,Dylan Strome,CHI,F,56.9,68.6,8.0,47.2,,77.5,63.2,33.3,93.9,72.6,3.3,43.3,28.8,0.7,61.6,185,135,394,143.0,,97,158,286,27,112,414,243,305,425,165,427,269,189,Second Line,78.0,1260.0333333333333,20.0,37.0,57.0,16.36782285263131,49.137931034482754,45.03433078151054,8478440,C,76.0,200.0,1997-03-07,CAN,2015.0,1.0,3.0,L,21,"[None, None, None, None, 53]","[None, None, None, None, 68]","[None, None, None, None, 9]","[None, None, None, None, 'CHI']"
2018-2019,Elias Lindholm,CGY,F,68.9,67.9,35.4,74.3,85.7,51.3,41.2,46.1,78.5,44.7,39.8,34.2,14.8,92.0,75.6,134,138,277,70.0,28.0,209,252,231,93,219,258,282,365,35,105,427,269,189,First Line,81.0,1623.1166666666668,27.0,51.0,78.0,20.984271672238748,59.04761904761905,54.20587187559028,8477496,C,73.0,200.0,1994-12-02,SWE,2013.0,1.0,5.0,R,23,"[19, 34, 54, 60, 73]","[51, 75, 66, 73, 63]","[9, 18, 10, 20, 58]","['CAR', 'CAR', 'CAR', 'CAR', 'CGY']"
2018-2019,Elias Pettersson,VAN,F,94.4,57.8,54.3,30.5,,95.8,83.1,33.7,98.8,99.8,13.3,74.5,30.0,3.5,82.7,25,181,196,188.0,,19,73,284,6,2,371,110,300,413,75,427,269,189,First Line,71.0,1294.0666666666666,28.0,38.0,66.0,15.07565839463234,51.61290322580645,47.912003519114585,8480012,C,74.0,176.0,1998-11-12,SWE,2017.0,1.0,5.0,L,19,"[None, None, None, None, 94]","[None, None, None, None, 58]","[None, None, None, None, 52]","[None, None, None, None, 'VAN']"
2018-2019,Eric Fehr,MIN,F,12.9,34.0,83.6,,88.4,30.9,15.9,19.2,5.4,2.8,51.3,34.4,76.1,83.1,30.9,373,283,71,,23.0,296,360,346,405,377,209,281,103,73,296,427,269,189,Fourth Line,72.0,795.0833333333334,7.0,8.0,15.0,8.41213421708597,33.33333333333333,48.30332332637312,8470611,C,76.0,209.0,1985-09-07,CAN,2003.0,1.0,18.0,R,32,"[88, 58, 21, None, 16]","[75, 50, 48, None, 29]","[89, 91, 79, None, 82]","['WSH', 'PIT', 'TOR', None, 'MIN']"
2018-2019,Eric Staal,MIN,F,88.8,99.5,5.6,58.0,,87.8,82.7,80.8,72.4,30.0,7.5,12.2,7.5,95.3,60.9,49,3,404,114.0,,53,75,83,119,273,396,376,396,21,168,427,269,189,First Line,81.0,1468.15,22.0,30.0,52.0,23.51864607104657,55.68181818181818,57.09494759266206,8470595,C,76.0,195.0,1984-10-29,CAN,2003.0,1.0,2.0,L,33,"[83, 85, 90, 90, 86]","[99, 100, 98, 99, 99]","[4, 3, 5, 3, 12]","['CAR', 'NYR', 'MIN', 'MIN', 'MIN']"
2018-2019,Evan Rodrigues,BUF,F,64.6,27.9,80.3,32.7,65.6,37.2,26.5,15.5,76.3,79.2,14.1,78.9,73.3,7.5,24.6,152,309,85,182.0,66.0,269,315,362,102,89,368,91,115,396,323,427,269,189,Second Line,74.0,1170.95,9.0,20.0,29.0,11.138243667756699,47.368421052631575,48.72308971309566,8478542,C,71.0,182.0,1993-07-28,CAN,,,,R,25,"[None, None, 38, 39, 75]","[None, None, 19, 18, 37]","[None, None, 51, 60, 90]","[None, None, 'BUF', 'BUF', 'BUF']"
2018-2019,Evander Kane,SJS,F,45.2,93.4,14.3,2.6,36.0,80.8,93.0,96.3,48.0,1.4,75.9,24.8,6.3,70.3,70.0,235,29,367,263.0,122.0,83,31,17,223,383,104,322,401,128,129,427,269,189,First Line,75.0,1380.7833333333333,30.0,26.0,56.0,25.626805131238147,50.84745762711864,54.530326703855835,8475169,L,74.0,218.0,1991-08-02,CAN,2009.0,1.0,4.0,L,27,"[16, 45, 48, 41, 47]","[79, 91, 90, 96, 89]","[19, 6, 4, 26, 14]","['WPG', 'BUF', 'BUF', 'SJS', 'SJS']"
2018-2019,Evgeni Malkin,PIT,F,82.7,93.2,16.9,94.8,,89.7,82.2,82.7,99.1,7.7,27.6,58.8,26.0,59.3,39.1,75,30,356,15.0,,45,77,75,5,356,310,177,317,175,261,427,269,189,First Line,68.0,1278.6666666666667,21.0,51.0,72.0,21.006589821838816,48.888888888888886,52.424279115485106,8471215,C,77.0,213.0,1986-07-31,RUS,2004.0,1.0,2.0,L,32,"[97, 93, 88, 81, 79]","[97, 89, 91, 93, 90]","[28, 50, 49, 4, 25]","['PIT', 'PIT', 'PIT', 'PIT', 'PIT']"
2018-2019,Evgenii Dadonov,FLA,F,92.0,87.1,77.0,57.2,,84.5,89.7,89.9,93.7,86.4,13.1,6.8,11.2,69.1,93.4,35,56,99,116.0,,67,45,44,28,59,372,399,380,133,29,427,269,189,First Line,82.0,1506.4333333333334,28.0,42.0,70.0,26.452474952880323,52.89256198347107,48.00451001104955,8474149,L,71.0,188.0,1989-03-12,RUS,2007.0,3.0,71.0,L,29,"[None, None, None, 92, 87]","[None, None, None, 87, 85]","[None, None, None, 84, 64]","[None, None, None, 'FLA', 'FLA']"
2018-2019,Evgeny Kuznetsov,WSH,F,1.6,62.1,3.0,48.0,,60.2,46.4,41.5,98.6,6.3,9.6,29.7,16.9,50.8,79.6,421,163,415,141.0,,171,230,251,7,362,387,301,356,211,88,427,269,189,First Line,76.0,1428.1,21.0,51.0,72.0,22.269422410953318,58.252427184466015,44.98589511401964,8475744,C,74.0,207.0,1992-05-19,RUS,2010.0,1.0,26.0,L,26,"[30, 76, 55, 26, 0]","[17, 79, 50, 68, 61]","[29, 20, 30, 12, 1]","['WSH', 'WSH', 'WSH', 'WSH', 'WSH']"
2018-2019,Filip Chytil,NYR,F,14.1,41.7,20.1,7.1,,0.5,13.3,84.3,28.3,87.1,24.8,39.3,37.7,11.7,51.3,368,250,342,251.0,,426,371,68,307,56,322,260,267,378,209,427,269,189,Third Line,75.0,1033.95,11.0,12.0,23.0,15.166138138301339,36.0655737704918,45.46070578892952,8480078,C,74.0,210.0,1999-09-05,CZE,2017.0,1.0,21.0,L,18,"[None, None, None, None, 18]","[None, None, None, None, 43]","[None, None, None, None, 21]","[None, None, None, None, 'NYR']"
2018-2019,Filip Forsberg,NSH,F,82.9,89.7,32.3,33.8,84.7,59.3,81.7,95.6,96.7,74.7,55.7,65.1,44.3,88.8,98.6,74,45,290,179.0,30.0,175,79,20,15,103,190,150,239,49,7,427,269,189,First Line,64.0,1191.45,28.0,22.0,50.0,25.215671332761474,53.2608695652174,55.36541454212417,8476887,L,73.0,205.0,1994-08-13,SWE,2012.0,1.0,11.0,R,24,"[86, 96, 83, 64, 88]","[68, 86, 83, 85, 92]","[63, 68, 24, 34, 31]","['NSH', 'NSH', 'NSH', 'NSH', 'NSH']"
2018-2019,Frank Vatrano,FLA,F,60.9,49.4,69.1,43.5,,82.2,88.3,88.5,5.9,33.3,71.0,82.0,74.2,53.2,25.3,168,217,133,153.0,,77,51,50,403,259,125,78,111,201,320,427,269,189,Third Line,81.0,1187.65,24.0,15.0,39.0,19.680780983652863,43.20987654320987,48.85919032210363,8478366,R,71.0,203.0,1994-03-14,USA,,,,L,24,"[None, 35, 48, 26, 73]","[None, 29, 40, 42, 54]","[None, 61, 64, 67, 71]","[None, 'BOS', 'BOS', 'FLA', 'FLA']"
2018-2019,Frans Nielsen,DET,F,68.4,25.5,94.8,70.3,6.9,70.7,45.0,11.0,22.7,47.5,45.9,37.0,40.3,1.6,52.9,136,319,23,81.0,177.0,126,236,381,331,207,232,270,256,421,202,427,269,189,Second Line,72.0,1200.9166666666667,10.0,25.0,35.0,9.962062131774784,48.75,44.25743374474144,8470144,C,73.0,186.0,1984-04-24,DNK,2002.0,3.0,87.0,L,34,"[82, 75, 89, 80, 41]","[69, 71, 75, 39, 8]","[73, 53, 83, 97, 88]","['NYI', 'NYI', 'DET', 'DET', 'DET']"
2018-2019,Frederick Gaudreau,NSH,F,61.6,37.5,69.8,,,38.4,9.8,9.1,0.5,77.2,30.7,89.2,87.4,67.2,1.2,165,268,130,,,264,386,389,426,95,297,47,55,141,423,427,269,189,Fourth Line,55.0,495.78333333333336,3.0,1.0,4.0,4.158726505883767,54.166666666666664,57.29216759306708,8477919,C,72.0,184.0,1993-05-01,CAN,,,,R,25,"[None, None, None, None, 57]","[None, None, None, None, 36]","[None, None, None, None, 68]","[None, None, None, None, 'NSH']"
2018-2019,Frederik Gauthier,TOR,F,8.2,5.2,74.2,,,30.7,5.9,10.5,76.1,18.1,89.2,4.4,83.4,52.7,10.1,393,406,111,,,297,403,383,103,313,47,409,72,203,385,427,269,189,Fringe,70.0,585.5666666666667,3.0,12.0,15.0,5.029965908535164,55.319148936170215,49.26582427827742,8477512,C,77.0,239.0,1995-04-26,CAN,2013.0,1.0,21.0,L,23,"[None, None, None, None, 13]","[None, None, None, None, 6]","[None, None, None, None, 73]","[None, None, None, None, 'TOR']"
2018-2019,Gabriel Bourque,COL,F,19.9,13.6,42.4,,52.4,41.9,8.4,8.7,48.5,40.5,94.6,93.0,92.3,23.9,9.8,343,370,247,,91.0,249,392,391,221,234,24,31,34,326,386,427,269,189,Fourth Line,55.0,535.5666666666667,2.0,6.0,8.0,3.8835788700328133,51.85185185185185,43.86637642883559,8475268,L,70.0,206.0,1990-09-23,CAN,2009.0,5.0,132.0,L,27,"[43, None, None, 20, 27]","[46, None, None, 16, 13]","[79, None, None, 47, 40]","['NSH', None, None, 'COL', 'COL']"
2018-2019,Gabriel Landeskog,COL,F,87.6,75.9,98.8,0.4,,85.7,70.0,48.0,65.3,85.9,61.4,34.9,11.0,31.6,99.5,54,104,6,269.0,,62,129,223,149,61,166,279,381,293,3,427,269,189,First Line,73.0,1543.85,34.0,41.0,75.0,26.147102167095525,58.16326530612245,49.18143770451838,8476455,L,73.0,215.0,1992-11-23,SWE,2011.0,1.0,2.0,L,25,"[84, 74, 80, 88, 87]","[85, 60, 62, 76, 77]","[97, 95, 99, 98, 97]","['COL', 'COL', 'COL', 'COL', 'COL']"
2018-2019,Garnet Hathaway,CGY,F,59.0,43.6,74.5,,78.3,42.4,42.4,49.4,31.6,51.1,97.9,78.7,75.4,80.3,5.2,176,242,110,,42.0,247,247,217,293,195,10,92,106,85,406,427,269,189,Fourth Line,76.0,800.0166666666667,11.0,8.0,19.0,8.35074399259812,62.22222222222222,53.97429529233633,8477903,R,74.0,212.0,1991-11-23,USA,,,,R,26,"[None, None, None, 47, 65]","[None, None, None, 50, 37]","[None, None, None, 65, 80]","[None, None, None, 'CGY', 'CGY']"
2018-2019,Garrett Wilson,PIT,F,36.3,38.9,57.6,,,15.5,8.2,95.1,74.5,49.8,99.3,53.9,97.2,39.8,8.0,273,262,182,,,362,393,22,110,199,4,198,13,258,394,427,269,189,Fringe,50.0,380.75,2.0,6.0,8.0,5.42330145099009,54.54545454545454,54.04809848660652,8475253,L,75.0,218.0,1991-03-16,CAN,2009.0,4.0,107.0,L,27,"[None, None, None, None, 38]","[None, None, None, None, 39]","[None, None, None, None, 56]","[None, None, None, None, 'PIT']"
2018-2019,Greg McKegg,CAR,F,17.1,11.9,40.5,,,62.8,67.9,6.8,44.7,35.8,58.5,91.8,93.4,85.7,6.8,355,377,255,,,160,138,399,237,251,178,36,29,62,399,427,269,189,Fourth Line,41.0,437.1166666666667,6.0,5.0,11.0,3.6009427518153014,47.05882352941176,49.04974484798914,8475735,C,72.0,195.0,1992-06-17,CAN,2010.0,3.0,62.0,L,26,"[None, None, 19, None, 23]","[None, None, 13, None, 12]","[None, None, 43, None, 39]","[None, None, 'TBL', None, 'CAR']"
2018-2019,Gustav Nyquist,SJS,F,83.6,85.0,65.6,45.7,,58.5,74.2,78.9,74.2,80.8,14.8,15.5,4.4,46.6,72.4,71,65,148,147.0,,178,111,91,111,82,365,362,409,229,119,427,269,189,Second Line,81.0,1419.1,22.0,38.0,60.0,20.53258235758433,51.26050420168067,52.67478900647663,8474679,R,71.0,180.0,1989-09-01,SWE,2008.0,4.0,121.0,L,29,"[90, 63, 71, 83, 85]","[69, 70, 75, 74, 89]","[59, 74, 29, 84, 52]","['DET', 'DET', 'DET', 'DET', 'SJS']"
2018-2019,Henrik Borgstrom,FLA,F,21.8,8.7,41.2,36.1,,66.7,35.4,2.3,3.3,42.3,7.0,90.6,83.6,24.4,15.0,335,391,252,173.0,,143,277,418,414,228,398,41,71,324,364,427,269,189,Fourth Line,50.0,600.15,8.0,10.0,18.0,4.812716758755792,42.857142857142854,44.16383692166409,8479404,C,75.0,199.0,1997-08-06,FIN,2016.0,1.0,23.0,L,21,"[None, None, None, None, 26]","[None, None, None, None, 9]","[None, None, None, None, 41]","[None, None, None, None, 'FLA']"
2018-2019,Ilya Kovalchuk,LAK,F,15.9,4.0,36.3,0.7,,57.4,52.7,28.3,60.0,81.7,5.4,59.3,53.4,35.1,85.0,360,411,273,268.0,,183,203,307,172,78,405,175,200,278,65,427,269,189,Second Line,64.0,1038.8833333333334,16.0,18.0,34.0,14.455806559043843,38.23529411764706,42.85438435064488,8469454,L,75.0,222.0,1983-04-15,RUS,2001.0,1.0,1.0,R,35,"[None, None, None, None, 21]","[None, None, None, None, 3]","[None, None, None, None, 37]","[None, None, None, None, 'LAK']"
2018-2019,Ivan Barbashev,STL,F,55.7,11.5,68.1,,30.7,74.2,72.8,13.8,43.8,75.4,62.3,66.7,75.9,67.7,4.2,190,379,137,,132.0,111,117,369,241,100,162,143,104,139,410,427,269,189,Fourth Line,80.0,921.1333333333332,14.0,12.0,26.0,9.359594051794545,45.614035087719294,49.76627708143015,8477964,L,72.0,203.0,1995-12-14,RUS,2014.0,2.0,33.0,L,22,"[None, None, 43, 57, 56]","[None, None, 24, 14, 9]","[None, None, 55, 76, 63]","[None, None, 'STL', 'STL', 'STL']"
2018-2019,J.T. Compher,COL,F,15.2,8.0,41.9,48.7,20.1,39.6,34.9,31.6,21.5,44.5,24.4,73.8,74.0,27.6,23.4,363,394,249,139.0,152.0,259,279,293,336,220,324,113,112,310,328,427,269,189,Second Line,66.0,1153.4,16.0,16.0,32.0,13.643183665570202,45.614035087719294,46.519448102317746,8477456,L,72.0,191.0,1995-04-08,USA,2013.0,2.0,35.0,R,23,"[None, None, 30, 17, 20]","[None, None, 22, 9, 9]","[None, None, 55, 63, 30]","[None, None, 'COL', 'COL', 'COL']"
2018-2019,J.T. Miller,TBL,F,46.1,74.5,27.6,8.2,,60.0,43.3,38.2,60.4,26.7,65.1,38.9,31.6,71.7,27.9,231,110,310,248.0,,172,243,265,170,281,150,262,293,122,309,427,269,189,Third Line,75.0,1099.8666666666668,13.0,34.0,47.0,12.861300722150887,57.333333333333336,54.483659241249704,8476468,C,72.0,211.0,1993-03-14,USA,2011.0,1.0,15.0,L,25,"[59, 68, 27, 18, 64]","[55, 54, 61, 79, 72]","[31, 62, 11, 13, 51]","['NYR', 'NYR', 'NYR', 'TBL', 'TBL']"
2018-2019,JT Brown,MIN,F,45.9,41.9,70.7,,,30.4,4.0,6.6,11.7,43.8,88.1,78.5,88.8,73.3,17.8,232,249,126,,,298,411,400,378,223,52,93,49,115,352,427,269,189,Fourth Line,56.0,513.5,3.0,5.0,8.0,4.576178773754046,48.48484848484848,49.7177658538129,8476806,R,70.0,182.0,1990-07-02,USA,,,,R,28,"[37, 75, 32, 63, 38]","[57, 76, 44, 47, 41]","[61, 79, 73, 73, 66]","['TBL', 'TBL', 'TBL', 'ANA', 'MIN']"
2018-2019,Jack Eichel,BUF,F,73.1,62.3,10.1,77.7,,81.7,76.6,66.5,91.6,87.6,26.2,48.5,15.2,53.4,95.6,116,162,385,61.0,,79,101,144,37,54,316,221,363,200,20,427,269,189,First Line,77.0,1573.9833333333331,28.0,54.0,82.0,28.03268519329538,49.59349593495935,51.72177263468976,8478403,C,74.0,208.0,1996-10-28,USA,2015.0,1.0,2.0,R,21,"[None, 53, 66, 62, 76]","[None, 25, 57, 31, 74]","[None, 4, 6, 14, 10]","[None, 'BUF', 'BUF', 'BUF', 'BUF']"
2018-2019,Jack Roslovic,WPG,F,42.2,24.1,47.8,,,56.2,39.3,7.0,87.6,66.7,33.3,94.4,89.7,37.9,19.9,248,325,224,,,188,260,398,54,133,286,25,45,266,343,427,269,189,Fourth Line,77.0,750.2333333333333,9.0,15.0,24.0,6.600002314974148,50.0,47.99924094177197,8478458,C,73.0,198.0,1997-01-29,USA,2015.0,1.0,25.0,R,21,"[None, None, None, 32, 52]","[None, None, None, 29, 23]","[None, None, None, 39, 55]","[None, None, None, 'WPG', 'WPG']"
2018-2019,Jacob de la Rose,DET,F,1.9,5.9,53.2,,16.9,34.9,5.4,3.3,11.9,5.9,82.9,81.7,77.0,8.2,15.2,420,403,201,,158.0,279,405,414,377,364,74,79,99,393,363,427,269,189,Fourth Line,60.0,686.2833333333333,3.0,6.0,9.0,3.7051032158180983,35.41666666666667,40.395040367285496,8477455,L,75.0,215.0,1995-05-20,SWE,2013.0,2.0,34.0,L,23,"[21, None, None, 3, 4]","[25, None, None, 13, 5]","[60, None, None, 58, 49]","['MTL', None, None, 'MTL', 'DET']"
2018-2019,Jaden Schwartz,STL,F,86.9,83.8,97.9,29.7,,4.4,43.6,73.8,94.6,83.1,36.3,56.7,30.9,89.7,85.7,57,70,10,190.0,,409,242,113,24,72,273,186,296,45,62,427,269,189,First Line,69.0,1250.8333333333333,11.0,25.0,36.0,20.229287365620724,54.929577464788736,56.24807584802804,8475768,L,70.0,185.0,1992-06-25,CAN,2010.0,1.0,14.0,L,26,"[79, 53, 82, 91, 80]","[72, 55, 77, 83, 82]","[75, 71, 94, 94, 97]","['STL', 'STL', 'STL', 'STL', 'STL']"
2018-2019,Jake DeBrusk,BOS,F,84.5,43.3,71.4,54.3,,92.0,94.1,78.0,53.6,97.0,49.2,79.2,50.4,75.2,7.7,67,243,123,124.0,,35,26,95,199,14,218,90,213,107,395,427,269,189,Second Line,68.0,1099.0,27.0,15.0,42.0,16.56733726421581,59.375,53.55116899975684,8478498,L,73.0,198.0,1996-10-17,CAN,2015.0,1.0,14.0,L,21,"[None, None, None, 86, 82]","[None, None, None, 45, 45]","[None, None, None, 60, 76]","[None, None, None, 'BOS', 'BOS']"
2018-2019,Jake Guentzel,PIT,F,84.3,85.9,15.5,43.9,,97.7,97.4,86.7,74.9,67.0,66.7,35.6,16.2,98.4,90.9,68,61,362,152.0,,11,12,58,108,132,143,276,359,8,40,427,269,189,First Line,82.0,1586.75,40.0,36.0,76.0,26.291722517020727,61.111111111111114,54.760025153590455,8477404,C,71.0,176.0,1994-10-06,USA,2013.0,3.0,77.0,L,23,"[None, None, 72, 21, 96]","[None, None, 67, 83, 87]","[None, None, 26, 4, 29]","[None, None, 'PIT', 'PIT', 'PIT']"
2018-2019,Jake Virtanen,VAN,F,4.9,41.2,22.0,16.7,,26.7,52.5,65.8,16.6,12.4,84.1,24.4,46.1,4.9,56.0,407,252,334,225.0,,314,204,147,357,337,69,324,231,407,189,427,269,189,Third Line,70.0,1037.3333333333333,15.0,10.0,25.0,16.012788434143562,45.3125,40.95422442953177,8477937,R,73.0,226.0,1996-08-17,CAN,2014.0,1.0,6.0,R,22,"[None, 37, None, 42, 1]","[None, 39, None, 56, 25]","[None, 63, None, 55, 10]","[None, 'VAN', None, 'VAN', 'VAN']"
2018-2019,Jakob Forsbacka Karlsson,BOS,F,20.4,23.2,45.7,,,48.0,12.4,2.6,63.5,28.3,38.4,100.0,99.1,49.6,56.7,341,329,233,,,223,375,417,157,277,264,1,5,216,186,427,269,189,Fourth Line,28.0,330.2166666666667,3.0,6.0,9.0,2.4206587714463677,56.25,51.78915884021523,8478417,C,73.0,184.0,1996-10-31,SWE,2015.0,2.0,45.0,R,21,"[None, None, None, None, 25]","[None, None, None, None, 23]","[None, None, None, None, 43]","[None, None, None, None, 'BOS']"
2018-2019,Jakob Silfverberg,ANA,F,74.0,80.1,43.8,58.7,8.5,81.5,84.1,81.3,24.4,34.0,34.7,7.5,29.0,55.5,87.6,112,86,241,112.0,174.0,80,69,81,324,256,280,396,304,191,54,427,269,189,Second Line,73.0,1248.25,24.0,19.0,43.0,18.56297106529742,46.774193548387096,48.058224797530094,8475164,R,73.0,207.0,1990-10-13,SWE,2009.0,2.0,39.0,R,27,"[35, 78, 76, 75, 68]","[71, 82, 83, 82, 76]","[18, 78, 16, 35, 57]","['ANA', 'ANA', 'ANA', 'ANA', 'ANA']"
2018-2019,Jakub Voracek,PHI,F,92.5,89.0,11.9,98.5,,17.8,41.7,40.7,88.1,93.4,4.7,9.8,4.7,67.4,80.6,33,48,377,5.0,,352,250,254,52,29,408,386,408,140,84,427,269,189,First Line,78.0,1456.4333333333334,20.0,46.0,66.0,19.565097668033662,44.44444444444444,48.27271681754937,8474161,R,74.0,216.0,1989-08-15,CZE,2007.0,1.0,7.0,L,29,"[96, 95, 91, 95, 86]","[96, 90, 89, 93, 86]","[90, 94, 22, 25, 8]","['PHI', 'PHI', 'PHI', 'PHI', 'PHI']"
2018-2019,Jakub Vrana,WSH,F,81.7,78.2,43.1,10.0,,83.8,92.5,94.8,59.7,85.1,11.0,40.5,36.3,37.0,55.3,79,94,244,243.0,,70,33,23,173,64,381,255,273,270,192,427,269,189,Third Line,82.0,1151.3,24.0,23.0,47.0,17.83709826646368,61.05263157894737,50.5249042545841,8477944,L,72.0,197.0,1996-02-28,CZE,2014.0,1.0,13.0,L,22,"[None, None, None, 68, 87]","[None, None, None, 64, 86]","[None, None, None, 46, 42]","[None, None, None, 'WSH', 'WSH']"
2018-2019,James Neal,CGY,F,67.2,67.0,24.6,54.6,,51.5,53.4,67.4,32.6,79.9,24.6,57.4,47.1,76.8,48.2,141,142,323,123.0,,208,200,140,289,86,323,183,227,100,222,427,269,189,Third Line,63.0,942.3666666666668,7.0,12.0,19.0,13.357191257308427,45.45454545454545,48.50040956176544,8471707,L,75.0,212.0,1987-09-03,CAN,2005.0,2.0,33.0,L,30,"[90, 94, 75, 91, 17]","[87, 85, 78, 75, 54]","[63, 54, 39, 31, 20]","['NSH', 'NSH', 'NSH', 'VGK', 'CGY']"
2018-2019,James van Riemsdyk,PHI,F,68.1,73.5,11.2,93.7,,90.4,95.8,86.2,21.1,8.2,21.5,62.1,39.6,49.9,37.0,137,114,380,18.0,,42,19,60,338,354,336,163,259,215,270,427,269,189,Second Line,66.0,1095.8333333333333,27.0,21.0,48.0,19.89281522238781,45.0,43.65339651963147,8474037,L,75.0,210.0,1989-05-04,USA,2007.0,1.0,2.0,L,29,"[17, 59, 88, 83, 35]","[77, 69, 87, 88, 51]","[0, 16, 5, 40, 8]","['TOR', 'TOR', 'TOR', 'TOR', 'PHI']"
2018-2019,Jamie Benn,DAL,F,95.6,93.9,59.3,97.8,,94.1,89.0,76.3,64.2,27.4,56.7,35.4,13.3,77.3,94.1,20,27,175,7.0,,26,48,102,154,278,186,277,371,98,26,427,269,189,First Line,78.0,1421.7,27.0,26.0,53.0,24.775323988527738,61.904761904761905,52.50499854708009,8473994,L,75.0,210.0,1989-07-18,CAN,2007.0,5.0,129.0,L,29,"[99, 99, 94, 98, 89]","[99, 99, 90, 96, 90]","[51, 32, 47, 76, 50]","['DAL', 'DAL', 'DAL', 'DAL', 'DAL']"
2018-2019,Jared McCann,PIT,F,26.5,5.4,58.3,24.9,67.7,59.0,28.1,18.3,78.7,51.3,46.4,70.5,66.3,41.5,22.0,315,405,179,203.0,62.0,176,308,350,92,194,230,127,145,251,334,427,269,189,Third Line,78.0,1133.0,19.0,16.0,35.0,12.807223421924444,45.56962025316456,48.39332523649845,8477955,L,73.0,191.0,1996-05-31,CAN,2014.0,1.0,24.0,L,22,"[None, 26, 42, 42, 20]","[None, 34, 23, 13, 3]","[None, 14, 37, 49, 70]","[None, 'VAN', 'FLA', 'FLA', 'PIT']"
2018-2019,Jason Dickinson,DAL,F,58.5,52.5,62.5,,83.6,3.7,3.5,31.9,74.7,71.4,78.7,32.6,63.2,45.9,53.2,178,204,161,,32.0,412,413,292,109,115,92,289,158,232,201,427,269,189,Fourth Line,67.0,896.0166666666667,6.0,16.0,22.0,9.140308003803883,59.09090909090909,52.553786504498234,8477450,C,74.0,200.0,1995-07-04,CAN,2013.0,1.0,29.0,L,23,"[None, None, None, None, 55]","[None, None, None, None, 52]","[None, None, None, None, 62]","[None, None, None, None, 'DAL']"
2018-2019,Jason Pominville,BUF,F,84.1,86.7,49.9,56.5,,85.5,81.5,48.7,58.3,62.5,9.1,56.9,40.0,9.8,54.1,69,58,215,118.0,,63,80,220,179,148,389,185,257,386,197,427,269,189,Fourth Line,73.0,909.8666666666668,16.0,15.0,31.0,12.517265540482168,50.0,52.401775624859894,8469506,R,71.0,180.0,1982-11-30,CAN,2001.0,2.0,55.0,R,35,"[93, 86, 85, 82, 83]","[86, 92, 88, 84, 84]","[22, 34, 35, 36, 60]","['MIN', 'MIN', 'MIN', 'BUF', 'BUF']"
2018-2019,Jason Spezza,DAL,F,26.9,69.3,9.1,84.4,,11.7,16.6,28.8,14.1,15.5,2.1,69.1,53.6,51.3,37.7,313,132,389,43.0,,378,357,305,368,324,419,133,199,209,267,427,269,189,Fourth Line,76.0,1008.5333333333332,8.0,19.0,27.0,10.489050343429806,42.0,48.623059570223326,8469455,C,75.0,219.0,1983-06-13,CAN,2001.0,1.0,2.0,R,35,"[73, 81, 46, 37, 22]","[82, 93, 79, 76, 60]","[3, 1, 3, 8, 15]","['DAL', 'DAL', 'DAL', 'DAL', 'DAL']"
2018-2019,Jason Zucker,MIN,F,95.1,96.7,66.3,52.0,,32.3,75.9,92.0,61.1,96.3,37.5,10.1,9.1,98.8,76.3,22,15,145,130.0,,290,104,35,167,17,268,385,389,6,102,427,269,189,Second Line,81.0,1383.45,21.0,21.0,42.0,24.887397040290086,50.0,56.21436011077198,8475722,L,71.0,198.0,1992-01-16,USA,2010.0,2.0,59.0,L,26,"[79, 73, 97, 94, 92]","[66, 73, 91, 96, 95]","[48, 35, 79, 86, 38]","['MIN', 'MIN', 'MIN', 'MIN', 'MIN']"
2018-2019,Jay Beagle,VAN,F,8.9,4.4,75.2,,35.4,34.4,4.2,2.8,53.9,21.5,66.0,0.7,69.8,9.4,30.2,390,409,107,,123.0,281,410,416,198,299,146,425,130,388,299,427,269,189,Third Line,57.0,778.3166666666666,3.0,10.0,13.0,4.399508292402451,37.77777777777778,41.36833602068189,8474291,C,75.0,210.0,1985-10-16,CAN,,,,R,32,"[29, 33, 53, 7, 15]","[38, 37, 24, 6, 5]","[79, 80, 68, 72, 78]","['WSH', 'WSH', 'WSH', 'WSH', 'VAN']"
2018-2019,Jayce Hawryluk,FLA,F,53.6,35.4,38.2,,,70.0,93.2,29.5,4.0,77.2,97.2,94.8,94.1,29.0,64.2,199,277,265,,,129,30,302,411,95,13,23,26,304,154,427,269,189,Fourth Line,42.0,396.1,7.0,5.0,12.0,3.7359336661985427,39.473684210526315,46.61025806892828,8477963,R,71.0,196.0,1996-01-01,CAN,2014.0,2.0,32.0,R,22,"[None, None, None, None, 50]","[None, None, None, None, 34]","[None, None, None, None, 37]","[None, None, None, None, 'FLA']"
2018-2019,Jean-Gabriel Pageau,OTT,F,51.5,47.1,61.1,19.7,86.8,21.3,22.5,36.3,37.7,49.2,67.0,27.4,65.3,3.0,81.5,208,227,167,217.0,26.0,337,332,273,267,200,142,311,149,415,80,427,269,189,Second Line,39.0,695.95,4.0,8.0,12.0,7.061110277772616,37.142857142857146,47.45430769877792,8476419,C,71.0,180.0,1992-11-11,CAN,2011.0,4.0,96.0,R,25,"[74, 60, 74, 40, 47]","[53, 39, 63, 40, 48]","[59, 75, 69, 59, 65]","['OTT', 'OTT', 'OTT', 'OTT', 'OTT']"
2018-2019,Jeff Carter,LAK,F,33.5,74.9,7.3,75.8,71.4,15.0,46.6,58.3,36.1,21.1,30.2,82.7,76.8,41.0,64.9,285,108,397,66.0,55.0,364,229,179,274,301,299,75,100,253,151,427,269,189,First Line,76.0,1380.0,13.0,20.0,33.0,19.246646299408816,40.845070422535215,45.09297358846342,8470604,C,75.0,219.0,1985-01-01,CAN,2003.0,1.0,11.0,R,33,"[90, 79, 82, 65, 6]","[98, 97, 94, 68, 70]","[17, 2, 6, 24, 4]","['LAK', 'LAK', 'LAK', 'LAK', 'LAK']"
2018-2019,Jeff Skinner,BUF,F,97.0,97.0,5.2,89.6,,95.3,97.7,97.7,46.8,98.6,5.6,48.9,2.8,52.5,71.4,14,14,406,29.0,,21,11,11,228,7,404,219,416,204,123,427,269,189,First Line,82.0,1518.4833333333331,40.0,23.0,63.0,28.951124834182934,55.2,51.66912342111615,8475784,L,71.0,200.0,1992-05-16,CAN,2010.0,1.0,7.0,L,26,"[71, 85, 95, 77, 98]","[87, 87, 95, 93, 97]","[4, 2, 1, 9, 7]","['CAR', 'CAR', 'CAR', 'CAR', 'BUF']"
2018-2019,Jesper Bratt,NJD,F,35.1,28.3,18.3,39.8,,56.4,32.1,14.8,91.1,78.2,28.6,61.6,66.7,34.2,66.3,278,307,350,163.0,,187,291,365,39,93,306,165,143,282,145,427,269,189,Third Line,51.0,773.55,8.0,25.0,33.0,7.485744733778098,46.666666666666664,47.26960511312275,8479407,L,70.0,175.0,1998-07-30,SWE,2016.0,6.0,162.0,L,20,"[None, None, None, 35, 38]","[None, None, None, 19, 39]","[None, None, None, 16, 18]","[None, None, None, 'NJD', 'NJD']"
2018-2019,Jesper Fast,NYR,F,57.6,46.1,86.7,,4.2,45.7,49.2,56.4,29.5,55.3,76.8,23.9,46.4,6.3,74.2,182,231,58,,182.0,233,218,187,302,177,100,326,230,401,111,427,269,189,Second Line,66.0,1037.55,8.0,12.0,20.0,10.885508264792866,47.61904761904761,49.58079484620168,8475855,R,73.0,191.0,1991-12-02,SWE,2010.0,6.0,157.0,R,26,"[58, 66, 53, 38, 64]","[35, 33, 39, 30, 55]","[83, 90, 91, 65, 89]","['NYR', 'NYR', 'NYR', 'NYR', 'NYR']"
2018-2019,Jesperi Kotkaniemi,MTL,F,66.7,42.2,79.4,49.4,,74.0,52.0,19.9,85.0,57.6,48.9,68.1,39.3,87.4,1.9,143,248,89,137.0,,112,206,343,65,168,219,137,260,55,420,427,269,189,Third Line,79.0,1085.5833333333333,11.0,23.0,34.0,10.234026112224475,54.41176470588235,56.71561905817194,8480829,C,75.0,212.0,2000-07-06,FIN,2018.0,1.0,3.0,L,18,"[None, None, None, None, 65]","[None, None, None, None, 43]","[None, None, None, None, 78]","[None, None, None, None, 'MTL']"
2018-2019,Jesse Puljujarvi,EDM,F,11.9,32.3,42.6,,,30.0,24.6,43.1,18.3,22.5,53.9,86.2,82.9,41.7,32.1,377,290,246,,,300,323,244,350,295,198,60,74,250,291,427,269,189,Fourth Line,46.0,549.85,4.0,5.0,9.0,4.792932812693326,33.33333333333333,45.340160167311424,8479344,R,76.0,216.0,1998-05-07,SWE,2016.0,1.0,4.0,R,20,"[None, None, 18, 16, 19]","[None, None, 21, 52, 18]","[None, None, 52, 28, 51]","[None, None, 'EDM', 'EDM', 'EDM']"
2018-2019,Jimmy Vesey,NYR,F,23.0,46.6,5.4,14.5,61.9,37.5,67.0,76.8,45.9,83.6,45.4,19.4,25.8,10.1,49.9,330,229,405,231.0,73.0,268,142,100,232,70,234,345,318,385,215,427,269,189,Second Line,81.0,1300.65,17.0,18.0,35.0,18.855694140817807,45.23809523809524,45.93834030739257,8476918,L,74.0,203.0,1993-05-26,USA,2012.0,3.0,66.0,L,25,"[None, None, 20, 45, 16]","[None, None, 34, 45, 51]","[None, None, 20, 5, 6]","[None, None, 'NYR', 'NYR', 'NYR']"
2018-2019,Joakim Nordstrom,BOS,F,21.5,2.8,58.5,,33.3,13.1,6.8,16.2,3.7,75.2,80.6,57.6,60.2,65.1,13.1,336,416,178,,127.0,372,399,359,412,101,84,182,171,150,372,427,269,189,Fourth Line,70.0,943.6166666666668,7.0,5.0,12.0,7.740973406809433,51.02040816326531,48.72218251396212,8475807,C,73.0,194.0,1992-02-25,SWE,2010.0,3.0,90.0,L,26,"[45, 32, 33, 10, 35]","[41, 10, 11, 5, 1]","[43, 15, 69, 41, 69]","['CHI', 'CAR', 'CAR', 'CAR', 'BOS']"
2018-2019,Joe Pavelski,SJS,F,96.3,91.1,82.4,85.9,,86.4,85.7,88.3,55.0,94.4,30.9,22.0,6.1,91.1,80.1,17,39,76,39.0,,59,62,51,193,25,296,334,402,39,86,427,269,189,First Line,75.0,1428.3,38.0,26.0,64.0,25.26345203756312,48.51485148514851,56.412362482338054,8470794,C,73.0,196.0,1984-07-11,USA,2003.0,7.0,205.0,R,34,"[100, 98, 94, 91, 97]","[95, 93, 84, 93, 89]","[96, 81, 84, 79, 79]","['SJS', 'SJS', 'SJS', 'SJS', 'SJS']"
2018-2019,Joe Thornton,SJS,F,93.0,86.2,90.4,91.1,,70.5,23.4,2.1,81.7,62.3,2.6,67.4,50.6,78.9,64.4,31,60,42,25.0,,127,328,419,79,149,417,140,212,91,153,427,269,189,Second Line,73.0,1135.0333333333333,16.0,35.0,51.0,10.289809525661875,56.32183908045977,54.93980990787455,8466138,C,76.0,220.0,1979-07-02,CAN,1997.0,1.0,1.0,L,39,"[99, 99, 98, 85, 91]","[98, 98, 95, 74, 85]","[97, 94, 95, 57, 95]","['SJS', 'SJS', 'SJS', 'SJS', 'SJS']"
2018-2019,Joel Armia,MTL,F,63.2,44.3,77.5,23.4,81.0,36.8,51.5,63.2,29.7,59.0,66.3,70.7,65.1,71.4,6.3,158,239,97,207.0,37.0,271,208,158,301,163,145,126,150,123,401,427,269,189,Second Line,57.0,900.2333333333333,13.0,10.0,23.0,12.336812457462091,47.91666666666667,53.25472973615176,8476469,R,75.0,215.0,1993-05-31,FIN,2011.0,1.0,16.0,R,25,"[None, 39, 49, 70, 53]","[None, 31, 58, 48, 39]","[None, 70, 46, 79, 79]","[None, 'WPG', 'WPG', 'WPG', 'MTL']"
2018-2019,Joel Eriksson Ek,MIN,F,42.4,36.8,88.8,,46.0,15.7,25.3,50.4,27.6,31.6,87.8,67.2,60.4,72.6,27.2,247,271,49,,103.0,361,320,213,310,266,53,141,170,118,312,427,269,189,Third Line,58.0,783.4499999999999,7.0,7.0,14.0,8.664057990942085,45.45454545454545,53.0465961441015,8478493,C,75.0,207.0,1997-01-29,SWE,2015.0,1.0,20.0,L,21,"[None, None, None, 49, 43]","[None, None, None, 31, 42]","[None, None, None, 88, 84]","[None, None, None, 'MIN', 'MIN']"
2018-2019,Joey Anderson,NJD,F,16.9,22.2,46.4,,39.7,41.0,5.6,4.4,25.8,28.3,67.9,91.6,94.4,34.9,62.5,356,333,230,,115.0,253,404,409,318,277,138,37,25,279,161,427,269,189,Fourth Line,34.0,438.65,4.0,3.0,7.0,4.3501628161900605,35.714285714285715,45.36307898689558,8479315,R,72.0,207.0,1998-06-19,USA,2016.0,3.0,73.0,R,20,"[None, None, None, None, 22]","[None, None, None, None, 21]","[None, None, None, None, 44]","[None, None, None, None, 'NJD']"
2018-2019,Johan Larsson,BUF,F,6.6,1.4,95.3,,63.5,23.4,5.2,3.0,8.9,7.0,72.1,0.5,52.2,5.9,39.3,400,422,21,,70.0,328,406,415,390,359,120,426,205,403,260,427,269,189,Third Line,73.0,1043.3666666666666,6.0,8.0,14.0,8.180448091806717,44.827586206896555,47.10476477658149,8475728,L,71.0,206.0,1992-07-25,SWE,2010.0,2.0,56.0,L,26,"[59, 69, 39, 0, 42]","[37, 36, 27, 0, 3]","[75, 92, 81, 84, 97]","['BUF', 'BUF', 'BUF', 'BUF', 'BUF']"
2018-2019,John Hayden,CHI,F,16.6,14.3,56.4,,,30.2,12.6,39.3,19.7,32.3,95.6,89.9,89.9,12.4,21.5,357,367,187,,,299,374,260,344,263,20,44,44,375,336,427,269,189,Fourth Line,54.0,494.7,3.0,2.0,5.0,5.148788900999876,37.5,49.5293420206498,8477401,C,75.0,223.0,1995-02-14,USA,2013.0,3.0,74.0,R,23,"[None, None, None, 26, 18]","[None, None, None, 18, 13]","[None, None, None, 56, 55]","[None, None, None, 'CHI', 'CHI']"
2018-2019,John Tavares,TOR,F,98.6,99.3,1.4,99.6,,98.6,99.3,96.7,80.1,91.8,15.7,14.5,3.7,61.8,98.8,7,4,422,2.0,,7,4,15,86,36,361,366,412,164,6,427,269,189,First Line,82.0,1565.3166666666666,49.0,42.0,91.0,38.483251566475225,60.416666666666664,53.95236620377133,8475166,C,73.0,217.0,1990-09-20,CAN,2009.0,1.0,1.0,L,27,"[94, 94, 98, 93, 99]","[100, 99, 99, 96, 99]","[1, 0, 3, 1, 3]","['NYI', 'NYI', 'NYI', 'NYI', 'TOR']"
2018-2019,Johnny Gaudreau,CGY,F,99.1,96.0,12.6,93.3,,94.4,90.6,79.2,97.7,100.0,0.5,25.3,3.0,86.4,73.1,5,18,374,19.0,,25,41,90,11,1,426,320,415,59,116,427,269,189,First Line,82.0,1646.0833333333333,36.0,63.0,99.0,28.530383815593947,55.81395348837209,53.43911124839838,8476346,L,69.0,163.0,1993-08-13,USA,2011.0,4.0,104.0,L,25,"[82, 97, 96, 99, 99]","[61, 84, 89, 96, 95]","[21, 25, 18, 11, 17]","['CGY', 'CGY', 'CGY', 'CGY', 'CGY']"
2018-2019,Jonathan Drouin,MTL,F,36.5,58.1,10.3,21.6,,67.9,40.5,22.7,78.9,65.3,19.4,30.9,16.4,79.6,68.1,272,180,384,212.0,,138,255,331,91,139,345,296,358,88,137,427,269,189,Second Line,81.0,1371.4333333333334,18.0,35.0,53.0,15.991352276911371,50.0,49.61594042307699,8477494,L,71.0,189.0,1995-03-28,CAN,2013.0,1.0,3.0,L,23,"[42, 36, 76, 23, 37]","[65, 35, 74, 63, 49]","[41, 48, 53, 9, 9]","['TBL', 'TBL', 'TBL', 'MTL', 'MTL']"
2018-2019,Jonathan Huberdeau,FLA,F,89.7,90.4,24.1,83.3,,82.7,71.2,64.2,96.0,83.4,17.6,28.3,27.6,66.0,90.4,45,42,325,46.0,,75,124,154,18,71,353,307,310,146,42,427,269,189,First Line,82.0,1545.9833333333331,30.0,62.0,92.0,24.46473135972969,50.877192982456144,51.78000193061861,8476456,L,73.0,200.0,1993-06-04,CAN,2011.0,1.0,3.0,L,25,"[76, 77, 42, 92, 91]","[78, 88, 67, 88, 94]","[12, 5, 16, 26, 24]","['FLA', 'FLA', 'FLA', 'FLA', 'FLA']"
2018-2019,Jonathan Marchessault,VGK,F,73.8,76.1,51.8,69.1,,67.0,78.0,78.7,83.6,37.2,48.0,11.0,8.2,93.2,84.1,113,103,207,84.0,,142,95,92,71,248,223,381,393,30,69,427,269,189,First Line,82.0,1488.0166666666669,25.0,34.0,59.0,27.855859886607938,50.86206896551724,54.25610230275719,8476539,R,69.0,185.0,1990-12-27,CAN,,,,R,27,"[None, 77, 86, 73, 65]","[None, 48, 47, 72, 81]","[None, 59, 65, 59, 45]","[None, 'TBL', 'FLA', 'VGK', 'VGK']"
2018-2019,Jonathan Toews,CHI,F,86.4,98.1,11.0,95.9,60.3,80.1,80.3,77.8,80.3,4.0,21.1,19.0,7.0,15.7,98.1,59,9,381,12.0,76.0,86,85,96,85,372,338,347,398,361,9,427,269,189,First Line,82.0,1722.5666666666666,35.0,46.0,81.0,27.269837769091165,52.066115702479344,46.87773663980926,8473604,C,74.0,201.0,1988-04-29,CAN,2006.0,1.0,3.0,L,30,"[99, 93, 92, 78, 88]","[99, 97, 97, 98, 97]","[93, 48, 28, 36, 6]","['CHI', 'CHI', 'CHI', 'CHI', 'CHI']"
2018-2019,Joonas Donskoi,SJS,F,87.4,72.4,88.5,,,54.6,67.2,73.1,67.0,96.0,42.6,52.5,40.5,84.8,54.6,55,119,50,,,195,141,116,142,18,246,204,255,66,195,427,269,189,Fourth Line,80.0,1073.85,14.0,23.0,37.0,12.629417573646533,55.434782608695656,55.31478671260336,8475820,R,72.0,185.0,1992-04-13,FIN,2010.0,4.0,99.0,R,26,"[None, 73, 81, 85, 90]","[None, 75, 73, 79, 67]","[None, 75, 70, 84, 91]","[None, 'SJS', 'SJS', 'SJS', 'SJS']"
2018-2019,Jordan Eberle,NYI,F,90.2,98.4,3.3,87.0,,74.7,75.4,74.0,67.2,82.2,26.9,16.2,17.1,51.8,74.5,43,8,414,36.0,,109,106,112,141,76,313,359,355,207,110,427,269,189,Second Line,78.0,1289.1,19.0,18.0,37.0,19.625105678270753,51.94805194805194,49.82903381852398,8474586,R,71.0,180.0,1990-05-15,CAN,2008.0,1.0,22.0,R,28,"[78, 88, 90, 95, 82]","[93, 95, 98, 99, 96]","[2, 1, 2, 6, 4]","['EDM', 'EDM', 'EDM', 'NYI', 'NYI']"
2018-2019,Jordan Greenway,MIN,F,46.8,11.2,66.7,,,53.6,49.4,43.6,28.1,77.2,43.3,30.2,17.8,97.2,47.8,228,380,143,,,199,217,242,308,95,243,299,352,13,224,427,269,189,Third Line,81.0,1103.9166666666667,12.0,12.0,24.0,13.146480513419327,44.285714285714285,52.383891974829446,8478413,L,78.0,231.0,1997-02-16,USA,2015.0,2.0,50.0,L,21,"[None, None, None, None, 45]","[None, None, None, None, 11]","[None, None, None, None, 65]","[None, None, None, None, 'MIN']"
2018-2019,Jordan Martinook,CAR,F,63.0,68.4,87.8,,89.4,1.9,32.3,77.3,19.2,30.9,81.5,10.3,18.7,74.0,45.7,159,136,53,,21.0,420,290,98,346,269,80,384,348,112,233,427,269,189,Third Line,82.0,1187.8333333333333,15.0,10.0,25.0,20.66257314912844,44.18604651162791,58.62473225583784,8476921,L,73.0,208.0,1992-07-25,CAN,2012.0,2.0,58.0,L,26,"[None, 67, 25, 55, 69]","[None, 54, 54, 44, 80]","[None, 71, 49, 96, 82]","[None, 'ARI', 'ARI', 'ARI', 'CAR']"
2018-2019,Jordan Staal,CAR,F,93.7,96.5,91.6,76.2,95.8,20.6,60.4,72.6,45.7,37.5,82.2,48.7,52.7,96.5,85.5,28,16,37,65.0,9.0,340,170,118,233,247,77,220,203,16,63,427,269,189,First Line,50.0,914.2333333333332,11.0,17.0,28.0,13.561688776666573,52.0,59.73526497469792,8473533,C,76.0,220.0,1988-09-10,CAN,2006.0,1.0,2.0,L,29,"[81, 97, 98, 97, 81]","[91, 95, 99, 97, 89]","[76, 97, 92, 91, 86]","['CAR', 'CAR', 'CAR', 'CAR', 'CAR']"
2018-2019,Jordan Weal,MTL,F,61.4,61.1,89.5,25.7,,12.9,14.8,32.1,43.1,34.2,23.7,81.3,71.7,26.5,30.4,166,167,46,201.0,,373,365,291,244,255,327,81,122,315,298,427,269,189,Fourth Line,63.0,848.1166666666667,8.0,13.0,21.0,8.534785701681184,42.857142857142854,55.78686803007399,8475738,C,69.0,181.0,1992-04-15,CAN,2010.0,3.0,70.0,R,26,"[None, None, 36, 43, 70]","[None, None, 42, 51, 68]","[None, None, 61, 75, 95]","[None, None, 'PHI', 'PHI', 'MTL']"
2018-2019,Josh Anderson,CBJ,F,40.3,74.0,25.5,7.4,79.9,71.4,90.9,97.2,16.9,11.5,80.3,26.9,23.4,78.7,61.4,256,112,319,250.0,39.0,123,40,13,356,341,85,313,328,92,166,427,269,189,Second Line,82.0,1395.9333333333334,27.0,20.0,47.0,25.790522540506096,61.855670103092784,52.942168476271654,8476981,R,75.0,226.0,1994-05-07,CAN,2012.0,4.0,95.0,R,24,"[None, None, 18, 63, 35]","[None, None, 52, 70, 79]","[None, None, 22, 43, 21]","[None, None, 'CBJ', 'CBJ', 'CBJ']"
2018-2019,Josh Archibald,ARI,F,25.1,6.6,48.0,,28.0,68.1,55.5,18.7,25.1,54.3,91.8,69.6,78.7,43.1,42.4,321,400,223,,137.0,137,191,348,321,181,36,131,92,244,247,427,269,189,Third Line,68.0,922.6166666666668,12.0,10.0,22.0,11.131165561832606,48.27586206896552,44.310478063570145,8476326,R,70.0,176.0,1992-10-06,CAN,2011.0,6.0,174.0,R,25,"[None, None, None, 18, 36]","[None, None, None, 16, 4]","[None, None, None, 51, 48]","[None, None, None, 'ARI', 'ARI']"
2018-2019,Josh Bailey,NYI,F,44.7,77.0,7.0,73.2,,62.3,44.7,25.1,92.0,25.8,1.2,35.1,13.6,52.9,79.4,237,99,398,73.0,,162,237,321,35,285,423,278,370,202,89,427,269,189,Second Line,82.0,1379.8666666666666,16.0,40.0,56.0,13.605603122419073,55.55555555555556,51.51065178703279,8474573,R,73.0,200.0,1989-10-02,CAN,2008.0,1.0,9.0,L,28,"[76, 27, 62, 15, 58]","[86, 76, 80, 67, 82]","[44, 11, 11, 2, 13]","['NYI', 'NYI', 'NYI', 'NYI', 'NYI']"
2018-2019,Josh Leivo,VAN,F,76.1,71.4,73.8,60.6,,77.3,76.8,54.6,11.5,49.8,28.8,62.3,51.3,10.3,69.3,103,123,113,107.0,,98,100,195,379,199,305,162,209,384,132,427,269,189,Third Line,76.0,1066.2833333333333,15.0,10.0,25.0,15.078699299808843,59.09090909090909,51.53425238807783,8476410,L,74.0,192.0,1993-05-26,CAN,2011.0,3.0,86.0,R,25,"[None, None, None, None, 77]","[None, None, None, None, 71]","[None, None, None, None, 73]","[None, None, None, None, 'VAN']"
2018-2019,Juho Lammikko,FLA,F,23.2,19.7,54.6,,55.6,24.6,0.6,5.9,37.5,35.8,54.8,92.3,95.6,19.0,1.6,329,344,195,,85.0,323,424,403,268,251,194,34,20,347,421,427,269,189,Fourth Line,40.0,437.26666666666665,0.0,6.0,6.0,3.0160084305575294,33.33333333333333,47.73293716056338,8477996,C,74.0,191.0,1996-01-29,FIN,2014.0,3.0,65.0,L,22,"[None, None, None, None, 28]","[None, None, None, None, 19]","[None, None, None, None, 52]","[None, None, None, None, 'FLA']"
2018-2019,Jujhar Khaira,EDM,F,16.2,16.2,79.2,,61.4,41.2,15.0,16.4,67.4,10.5,90.4,62.5,67.7,10.5,20.8,359,359,90,,74.0,252,364,358,140,345,42,161,139,383,339,427,269,189,Fourth Line,60.0,754.0166666666667,3.0,15.0,18.0,6.299093970614379,38.88888888888889,48.42032286525762,8476915,L,76.0,212.0,1994-08-13,CAN,2012.0,3.0,63.0,L,24,"[None, None, None, 14, 30]","[None, None, None, 23, 15]","[None, None, None, 64, 85]","[None, None, None, 'EDM', 'EDM']"
2018-2019,Justin Abdelkader,DET,F,11.2,16.6,29.5,,68.8,9.8,6.6,14.5,29.3,41.2,84.8,27.9,42.6,13.3,70.5,380,357,302,,60.0,386,400,366,303,231,66,309,246,371,127,427,269,189,Third Line,71.0,1093.4333333333334,6.0,13.0,19.0,10.789153319516792,38.333333333333336,43.6221503184817,8471716,L,74.0,213.0,1987-02-25,USA,2005.0,2.0,42.0,L,31,"[93, 48, 66, 12, 11]","[42, 30, 25, 20, 16]","[99, 73, 65, 44, 20]","['DET', 'DET', 'DET', 'DET', 'DET']"
2018-2019,Justin Williams,CAR,F,89.9,97.4,78.0,64.7,,11.0,55.7,75.4,71.4,45.2,44.0,20.6,5.9,93.9,59.0,44,12,95,96.0,,381,190,106,123,217,240,340,403,27,176,427,269,189,Second Line,82.0,1430.3,23.0,30.0,53.0,24.711572657758023,52.68817204301075,58.76224908411518,8468508,R,73.0,184.0,1981-10-04,CAN,2000.0,1.0,28.0,R,36,"[97, 82, 91, 71, 95]","[96, 97, 96, 94, 98]","[82, 33, 74, 46, 89]","['LAK', 'WSH', 'WSH', 'CAR', 'CAR']"
2018-2019,Kasperi Kapanen,TOR,F,29.5,58.8,33.7,37.5,53.4,12.6,78.9,91.3,24.1,30.7,63.7,59.7,78.0,60.4,25.8,302,177,284,169.0,89.0,374,91,38,325,270,156,173,95,170,318,427,269,189,Second Line,78.0,1295.6833333333334,20.0,25.0,45.0,19.984206072482557,54.629629629629626,51.39257429625219,8477953,R,73.0,194.0,1996-07-23,FIN,2014.0,1.0,22.0,R,22,"[None, None, None, 45, 25]","[None, None, None, 37, 71]","[None, None, None, 52, 23]","[None, None, None, 'TOR', 'TOR']"
2018-2019,Kenny Agostino,NJD,F,9.8,36.5,56.0,6.7,,43.8,25.5,14.3,50.1,12.2,89.9,76.1,65.8,48.5,32.6,386,272,189,252.0,,241,319,367,214,338,44,103,147,221,289,427,269,189,Fourth Line,63.0,813.7666666666667,6.0,18.0,24.0,7.70038900623277,49.056603773584904,50.49572112066434,8475844,L,72.0,204.0,1992-04-30,USA,2010.0,5.0,140.0,L,26,"[None, None, None, None, 15]","[None, None, None, None, 35]","[None, None, None, None, 53]","[None, None, None, None, 'NJD']"
2018-2019,Kevin Fiala,MIN,F,62.8,73.3,33.0,28.3,,13.3,68.6,89.0,68.4,65.8,18.3,61.4,28.3,90.9,45.2,160,115,287,194.0,,371,135,48,136,137,350,166,307,40,235,427,269,189,Second Line,83.0,1298.0333333333333,13.0,26.0,39.0,17.81542575736464,43.52941176470589,48.412719233293714,8477942,L,72.0,205.0,1996-07-22,CHE,2014.0,1.0,11.0,L,22,"[None, None, 44, 94, 8]","[None, None, 40, 84, 69]","[None, None, 75, 73, 13]","[None, None, 'NSH', 'NSH', 'MIN']"
2018-2019,Kevin Hayes,WPG,F,62.3,59.0,25.3,52.4,10.1,76.3,69.6,63.9,85.7,72.8,20.4,26.2,31.4,15.9,81.7,162,176,320,129.0,171.0,102,131,155,62,111,341,316,294,360,79,427,269,189,First Line,71.0,1297.8833333333334,19.0,36.0,55.0,20.03211800863212,52.32558139534884,52.19857139221362,8475763,R,75.0,217.0,1992-05-08,USA,2010.0,1.0,24.0,L,26,"[42, 37, 19, 40, 74]","[50, 47, 48, 57, 63]","[44, 18, 13, 5, 66]","['NYR', 'NYR', 'NYR', 'NYR', 'WPG']"
2018-2019,Kevin Labanc,SJS,F,5.6,25.3,19.2,76.6,,40.0,53.2,55.0,71.2,8.0,34.4,56.2,45.0,85.2,41.5,404,320,346,64.0,,257,201,193,124,355,281,188,236,64,251,427,269,189,Third Line,82.0,1149.6166666666666,17.0,39.0,56.0,14.306867931824113,50.0,50.53750290771602,8478099,R,71.0,185.0,1995-12-12,USA,2014.0,6.0,171.0,R,22,"[None, None, 11, 7, 13]","[None, None, 19, 28, 30]","[None, None, 32, 41, 11]","[None, None, 'SJS', 'SJS', 'SJS']"
2018-2019,Kevin Rooney,NJD,F,39.1,32.8,48.5,,49.7,55.5,58.8,21.3,2.8,49.8,85.7,82.2,92.0,13.6,22.5,261,288,221,,96.0,191,177,337,416,199,62,77,35,370,332,427,269,189,Fourth Line,41.0,517.1333333333333,6.0,4.0,10.0,5.261170870540954,42.857142857142854,49.072593871033874,8479291,C,74.0,190.0,1993-05-21,USA,,,,L,25,"[None, None, None, None, 40]","[None, None, None, None, 32]","[None, None, None, None, 48]","[None, None, None, None, 'NJD']"
2018-2019,Kiefer Sherwood,ANA,F,10.8,21.3,20.6,,,54.8,52.2,36.8,1.9,42.3,80.8,85.5,84.8,18.3,33.7,382,337,340,,,194,205,271,420,228,83,63,66,350,284,427,269,189,Fourth Line,50.0,568.5166666666667,6.0,6.0,12.0,5.598792870240098,50.0,41.57385523659036,8480748,L,72.0,194.0,1995-03-31,USA,,,,R,23,"[None, None, None, None, 16]","[None, None, None, None, 20]","[None, None, None, None, 21]","[None, None, None, None, 'ANA']"
2018-2019,Kyle Brodziak,EDM,F,14.8,3.0,78.2,,94.2,49.4,26.2,9.8,12.9,14.5,61.6,5.4,61.1,18.7,10.3,365,415,94,,12.0,217,316,386,373,328,165,405,167,348,384,427,269,189,Fourth Line,70.0,818.4333333333333,6.0,3.0,9.0,6.546759709918573,31.11111111111111,44.54079133410643,8470803,C,74.0,205.0,1984-05-25,CAN,2003.0,7.0,214.0,R,34,"[18, 18, 17, 44, 10]","[10, 5, 7, 3, 4]","[78, 88, 71, 85, 69]","['MIN', 'STL', 'STL', 'STL', 'EDM']"
2018-2019,Kyle Clifford,LAK,F,10.5,50.4,62.3,,,7.5,47.1,91.8,24.8,7.3,92.3,74.7,72.1,17.8,7.3,383,213,162,,,396,227,36,322,358,34,109,120,352,397,427,269,189,Fourth Line,72.0,755.0666666666666,11.0,10.0,21.0,13.322946302701272,52.94117647058824,51.87527775891338,8475160,L,74.0,218.0,1991-01-13,CAN,2009.0,2.0,35.0,L,27,"[7, 18, 4, 19, 21]","[21, 26, 12, 39, 63]","[55, 51, 68, 70, 55]","['LAK', 'LAK', 'LAK', 'LAK', 'LAK']"
2018-2019,Kyle Connor,WPG,F,66.5,54.3,8.9,82.5,,91.6,85.2,77.0,69.8,64.6,1.6,33.5,9.8,73.1,83.6,144,196,390,48.0,,37,64,99,130,142,421,285,386,116,71,427,269,189,First Line,82.0,1578.7166666666667,34.0,32.0,66.0,29.14940550112593,47.540983606557376,46.42228481758446,8478398,L,73.0,183.0,1996-12-09,USA,2015.0,1.0,17.0,L,21,"[None, None, None, 49, 75]","[None, None, None, 37, 65]","[None, None, None, 24, 5]","[None, None, None, 'WPG', 'WPG']"
2018-2019,Kyle Okposo,BUF,F,48.2,41.5,36.1,92.2,,55.0,24.8,12.9,29.0,15.2,47.3,38.6,33.7,7.0,52.0,222,251,274,22.0,,193,322,373,304,325,226,263,284,398,206,427,269,189,Third Line,78.0,1075.25,14.0,15.0,29.0,10.97186418646883,46.15384615384615,45.34915288243268,8473449,R,72.0,216.0,1988-04-16,USA,2006.0,1.0,7.0,R,30,"[87, 76, 79, 60, 30]","[90, 84, 77, 40, 28]","[12, 17, 32, 17, 54]","['NYI', 'NYI', 'BUF', 'BUF', 'BUF']"
2018-2019,Kyle Palmieri,NJD,F,82.2,33.7,56.2,87.4,,93.2,83.6,50.6,18.5,89.7,60.4,44.7,39.8,52.2,91.8,77,284,188,35.0,,30,71,212,349,45,170,237,258,205,36,427,269,189,First Line,74.0,1343.4833333333331,27.0,23.0,50.0,20.334286042473757,54.02298850574713,52.706377659548934,8475151,C,72.0,192.0,1991-02-01,USA,2009.0,1.0,26.0,R,27,"[34, 81, 87, 77, 81]","[51, 47, 17, 51, 22]","[22, 23, 15, 24, 82]","['ANA', 'NJD', 'NJD', 'NJD', 'NJD']"
2018-2019,Kyle Turris,NSH,F,37.2,74.2,12.9,37.9,,43.6,11.2,12.6,77.3,27.2,5.9,82.4,52.9,80.6,42.6,269,111,373,168.0,,242,380,374,98,279,403,76,202,84,246,427,269,189,Second Line,55.0,863.0666666666666,7.0,16.0,23.0,6.568797779993407,43.75,48.75140260347058,8474068,C,73.0,190.0,1989-08-14,CAN,2007.0,1.0,3.0,R,29,"[92, 61, 65, 77, 7]","[93, 69, 72, 90, 57]","[6, 31, 9, 21, 13]","['OTT', 'OTT', 'OTT', 'NSH', 'NSH']"
2018-2019,Lars Eller,WSH,F,57.4,60.0,53.9,11.2,96.8,7.3,40.3,70.3,68.9,51.5,51.5,31.6,31.1,29.5,16.4,183,172,198,240.0,7.0,397,256,128,134,193,208,293,295,302,358,427,269,189,Second Line,81.0,1339.2833333333333,13.0,23.0,36.0,17.519417006584384,51.13636363636363,51.21628434976721,8474189,C,74.0,207.0,1989-05-08,DNK,2007.0,1.0,13.0,L,29,"[58, 76, 62, 47, 58]","[45, 71, 53, 55, 64]","[75, 82, 82, 23, 67]","['MTL', 'MTL', 'WSH', 'WSH', 'WSH']"
2018-2019,Lawson Crouse,ARI,F,9.4,23.0,32.1,,1.1,21.1,22.7,30.7,48.2,59.3,97.0,13.6,44.7,30.0,45.4,388,330,291,,188.0,338,331,297,222,162,14,370,237,300,234,427,269,189,Fourth Line,81.0,1048.75,11.0,14.0,25.0,11.711685279569146,47.61904761904761,48.08192711004288,8478474,L,76.0,214.0,1997-06-23,CAN,2015.0,1.0,11.0,L,21,"[None, None, 3, None, 23]","[None, None, 26, None, 22]","[None, None, 24, None, 33]","[None, None, 'ARI', None, 'ARI']"
2018-2019,Leo Komarov,NYI,F,18.0,22.0,84.1,,82.0,6.1,4.7,11.2,46.4,6.8,88.8,7.7,36.1,44.0,61.1,351,334,69,,35.0,402,408,380,230,360,49,395,274,240,167,427,269,189,Third Line,82.0,1139.1,6.0,20.0,26.0,8.929657218310549,61.19402985074627,47.32639526332144,8473463,R,71.0,205.0,1987-01-23,EST,2006.0,6.0,180.0,L,31,"[72, 80, 65, 22, 12]","[44, 51, 65, 19, 13]","[84, 96, 86, 74, 83]","['TOR', 'TOR', 'TOR', 'TOR', 'NYI']"
2018-2019,Leon Draisaitl,EDM,F,95.8,95.3,8.2,91.8,58.2,98.4,85.9,54.8,94.1,86.2,19.7,8.9,0.9,59.0,88.1,19,21,393,23.0,80.0,8,61,194,26,60,344,390,424,176,52,427,269,189,First Line,82.0,1852.45,50.0,55.0,105.0,30.85491955283787,50.0,48.25612767666596,8477934,C,74.0,209.0,1995-10-27,DEU,2014.0,1.0,3.0,L,22,"[55, 89, 90, 92, 96]","[50, 81, 91, 97, 92]","[54, 68, 15, 29, 3]","['EDM', 'EDM', 'EDM', 'EDM', 'EDM']"
2018-2019,Lias Andersson,NYR,F,7.7,18.0,28.3,,,31.6,1.9,3.7,10.5,28.3,79.6,92.0,91.8,1.2,35.4,395,351,307,,,293,420,412,383,277,88,35,36,423,277,427,269,189,Fourth Line,42.0,450.1166666666667,2.0,4.0,6.0,3.160752721134568,30.0,40.902200671886625,8480072,C,72.0,185.0,1998-10-13,SWE,2017.0,1.0,7.0,L,19,"[None, None, None, None, 11]","[None, None, None, None, 17]","[None, None, None, None, 28]","[None, None, None, None, 'NYR']"
2018-2019,Logan Couture,SJS,F,89.5,86.9,51.5,85.5,62.4,97.2,89.5,47.8,79.2,39.1,27.2,17.1,20.1,86.9,84.3,46,57,208,40.0,72.0,13,46,224,90,240,312,355,342,57,68,427,269,189,First Line,81.0,1506.1833333333334,27.0,43.0,70.0,22.468509981776357,50.0,53.33820457706382,8474053,C,73.0,206.0,1989-03-28,CAN,2007.0,1.0,9.0,L,29,"[96, 86, 87, 95, 83]","[88, 77, 82, 79, 87]","[72, 90, 42, 80, 34]","['SJS', 'SJS', 'SJS', 'SJS', 'SJS']"
2018-2019,Loui Eriksson,VAN,F,69.3,55.7,75.4,61.0,89.9,32.8,34.7,42.4,30.7,46.6,1.4,43.1,56.4,4.2,78.0,132,190,106,106.0,20.0,288,280,247,297,211,422,244,187,410,95,427,269,189,Third Line,81.0,1139.2666666666669,11.0,18.0,29.0,12.011028097675954,43.07692307692308,45.60062773834621,8470626,L,74.0,179.0,1985-07-17,SWE,2003.0,2.0,33.0,L,33,"[85, 96, 79, 73, 57]","[69, 69, 64, 51, 59]","[30, 93, 81, 72, 74]","['BOS', 'BOS', 'VAN', 'VAN', 'VAN']"
2018-2019,Lucas Wallmark,CAR,F,8.7,67.2,59.5,21.2,49.2,1.4,14.5,63.5,12.6,4.2,41.9,17.3,21.5,99.5,24.4,391,141,174,213.0,97.0,422,366,157,374,371,249,354,336,3,324,427,269,189,Third Line,81.0,1198.15,10.0,18.0,28.0,14.241043182747715,43.28358208955223,58.09156718884565,8478027,C,72.0,178.0,1995-09-05,SWE,2014.0,4.0,97.0,L,22,"[None, None, None, None, 14]","[None, None, None, None, 67]","[None, None, None, None, 58]","[None, None, None, None, 'CAR']"
2018-2019,Lukas Radil,SJS,F,53.4,23.4,71.2,,,62.5,84.8,66.3,34.0,63.6,70.0,90.2,96.0,85.5,1.4,200,328,124,,,161,66,145,283,145,129,43,18,63,422,427,269,189,Fourth Line,36.0,384.56666666666666,7.0,4.0,11.0,4.969701429497047,65.38461538461539,57.54869651919567,8480780,C,76.0,205.0,1990-08-05,CZE,,,,R,28,"[None, None, None, None, 50]","[None, None, None, None, 24]","[None, None, None, None, 70]","[None, None, None, None, 'SJS']"
2018-2019,Lukas Sedlak,CBJ,F,49.4,32.1,73.1,,,31.9,31.9,72.1,1.2,58.5,91.3,84.8,91.6,58.1,5.6,217,291,116,,,292,292,120,423,165,38,66,37,180,404,427,269,189,Fringe,47.0,422.95,4.0,2.0,6.0,5.157211736170246,40.0,53.238616014224874,8476310,C,72.0,205.0,1993-02-25,CZE,2011.0,6.0,158.0,L,25,"[None, None, 46, 47, 49]","[None, None, 49, 22, 34]","[None, None, 77, 77, 69]","[None, None, 'CBJ', 'CBJ', 'CBJ']"
2018-2019,Luke Glendening,DET,F,11.0,2.1,63.9,,27.0,24.8,23.2,30.9,30.2,53.2,89.7,11.2,49.6,4.7,65.1,381,419,155,,139.0,322,329,296,299,186,45,380,216,408,150,427,269,189,Second Line,78.0,1231.5166666666669,10.0,13.0,23.0,12.313946250186314,51.85185185185185,42.07963166308657,8476822,C,71.0,190.0,1989-04-28,USA,,,,R,29,"[6, 8, 3, 60, 5]","[2, 4, 1, 6, 2]","[32, 65, 63, 81, 46]","['DET', 'DET', 'DET', 'DET', 'DET']"
2018-2019,Luke Kunin,MIN,F,42.9,34.7,45.4,5.9,16.4,53.4,39.1,19.7,79.4,77.2,64.9,75.9,75.2,93.4,81.3,245,280,234,254.0,159.0,200,261,344,89,95,151,104,107,29,81,427,269,189,Second Line,49.0,778.3833333333333,6.0,11.0,17.0,6.695638264029734,46.666666666666664,50.838796701880426,8479316,C,72.0,197.0,1997-12-04,USA,2016.0,1.0,15.0,R,20,"[None, None, None, None, 43]","[None, None, None, None, 34]","[None, None, None, None, 43]","[None, None, None, None, 'MIN']"
2018-2019,Luke Witkowski,DET,F,25.3,35.1,39.1,,,46.8,0.6,0.2,13.6,35.8,95.3,99.5,98.8,1.9,58.3,320,278,261,,,228,424,427,370,251,21,3,6,420,179,427,269,189,Fourth Line,34.0,326.31666666666666,0.0,2.0,2.0,0.529542113391954,41.37931034482759,43.596510286042225,8474722,D,74.0,210.0,1990-04-14,USA,2008.0,6.0,160.0,R,28,"[None, None, None, None, 30]","[None, None, None, None, 34]","[None, None, None, None, 38]","[None, None, None, None, 'DET']"
2018-2019,Magnus Paajarvi,OTT,F,33.7,28.8,71.9,,10.6,39.1,45.2,39.8,2.1,40.0,56.4,37.5,61.6,7.7,52.7,284,305,121,,170.0,261,235,258,419,236,187,268,165,395,203,427,269,189,Fourth Line,80.0,1077.5,11.0,8.0,19.0,10.634693570843206,36.36363636363637,44.48826502093181,8475175,L,75.0,206.0,1991-04-12,SWE,2009.0,1.0,10.0,L,27,"[None, 49, 49, 35, 34]","[None, 43, 32, 43, 23]","[None, 46, 59, 64, 76]","[None, 'STL', 'STL', 'OTT', 'OTT']"
2018-2019,Marcus Foligno,MIN,F,54.3,19.4,96.3,,98.9,47.3,24.4,11.7,20.8,16.6,94.1,32.3,49.4,66.5,22.7,196,345,17,,3.0,226,324,378,339,319,26,290,217,144,331,427,269,189,Fourth Line,82.0,981.55,7.0,12.0,19.0,9.78198157261735,48.0,56.14641256642111,8475220,L,75.0,226.0,1991-08-10,USA,2009.0,4.0,104.0,L,27,"[22, 56, 78, 29, 57]","[42, 29, 58, 5, 33]","[19, 67, 73, 91, 96]","['BUF', 'BUF', 'BUF', 'MIN', 'MIN']"
2018-2019,Marcus Johansson,BOS,F,40.0,41.0,33.3,18.6,,69.8,62.1,21.5,39.1,60.4,20.6,83.8,81.3,40.0,48.7,257,253,286,220.0,,130,163,336,261,157,340,70,81,257,220,427,269,189,Second Line,58.0,923.5666666666666,13.0,17.0,30.0,11.44062372425647,40.625,48.3572856027393,8475149,L,73.0,203.0,1990-10-06,SWE,2009.0,1.0,24.0,L,27,"[74, 65, 81, 13, 45]","[39, 38, 44, 34, 46]","[15, 7, 54, 33, 27]","['WSH', 'WSH', 'WSH', 'NJD', 'BOS']"
2018-2019,Marcus Kruger,CHI,F,39.3,40.3,98.4,,27.5,29.5,4.9,5.6,16.2,5.4,64.6,52.2,79.9,18.0,30.0,260,256,8,,138.0,302,407,404,359,366,152,205,87,351,300,427,269,189,Fourth Line,74.0,770.7166666666667,4.0,8.0,12.0,6.120598147453197,47.72727272727273,50.147264143734574,8475323,C,72.0,186.0,1990-05-27,SWE,2009.0,5.0,149.0,L,28,"[68, 11, 56, 52, 33]","[62, 46, 64, 37, 36]","[94, 83, 98, 86, 98]","['CHI', 'CHI', 'CHI', 'CAR', 'CHI']"
2018-2019,Marcus Sorensen,SJS,F,55.0,21.1,32.8,,41.8,78.9,92.0,71.4,23.0,84.5,56.9,90.9,88.1,73.8,16.2,193,338,288,,111.0,91,35,123,330,66,185,40,52,113,359,427,269,189,Fourth Line,80.0,1037.0166666666669,17.0,13.0,30.0,12.43115867226019,54.761904761904766,52.87776682483566,8475834,L,71.0,175.0,1992-04-07,SWE,2010.0,4.0,106.0,L,26,"[None, None, None, 57, 53]","[None, None, None, 31, 16]","[None, None, None, 48, 23]","[None, None, None, 'SJS', 'SJS']"
2018-2019,Mario Kempe,ARI,F,36.1,12.9,67.9,,,36.5,8.0,6.1,13.8,57.6,93.9,74.9,85.5,39.1,13.3,274,373,138,,,272,394,402,369,168,27,108,63,261,371,427,269,189,Fourth Line,52.0,581.55,4.0,5.0,9.0,4.771026632892741,53.57142857142857,50.716784741541986,8474131,R,72.0,185.0,1988-09-19,SWE,2007.0,5.0,122.0,L,29,"[None, None, None, None, 38]","[None, None, None, None, 14]","[None, None, None, None, 67]","[None, None, None, None, 'ARI']"
2018-2019,Mark Jankowski,CGY,F,63.9,30.9,80.8,,93.7,49.6,57.4,65.3,39.3,55.7,18.7,64.2,54.1,71.9,7.5,155,296,83,,13.0,216,183,149,260,175,348,154,197,121,396,427,269,189,Fourth Line,79.0,1003.9166666666666,14.0,18.0,32.0,11.081936141295813,44.26229508196721,53.74596489496215,8476873,L,76.0,200.0,1994-09-13,CAN,2012.0,1.0,21.0,L,23,"[None, None, None, 51, 71]","[None, None, None, 33, 33]","[None, None, None, 60, 88]","[None, None, None, 'CGY', 'CGY']"
2018-2019,Mark Scheifele,WPG,F,89.0,77.5,29.7,82.2,18.0,89.9,74.5,46.4,87.4,95.3,31.6,17.8,9.4,84.3,99.1,48,97,301,49.0,156.0,44,110,230,55,21,293,352,388,68,5,427,269,189,First Line,82.0,1792.7,38.0,46.0,84.0,29.157734245025622,50.86206896551724,47.314034942637306,8476460,C,75.0,207.0,1993-03-15,CAN,2011.0,1.0,7.0,R,25,"[89, 82, 85, 79, 93]","[73, 82, 83, 81, 71]","[81, 34, 30, 54, 22]","['WPG', 'WPG', 'WPG', 'WPG', 'WPG']"
2018-2019,Mark Stone,VGK,F,98.8,97.2,96.7,86.2,66.1,95.6,91.3,67.0,89.0,88.5,21.3,23.7,20.8,16.6,72.1,6,13,15,38.0,65.0,20,38,142,48,50,337,327,339,357,120,427,269,189,First Line,77.0,1531.1666666666667,33.0,40.0,73.0,22.749446535085568,57.85123966942148,57.98216879858627,8475913,R,75.0,210.0,1992-05-13,CAN,2010.0,6.0,178.0,R,26,"[87, 62, 94, 87, 99]","[75, 75, 82, 81, 99]","[65, 81, 77, 74, 98]","['OTT', 'OTT', 'OTT', 'OTT', 'VGK']"
2018-2019,Markus Granlund,VAN,F,61.1,30.7,85.5,8.6,56.1,49.9,33.0,28.6,4.2,64.2,27.9,36.1,57.8,0.5,63.9,167,297,63,247.0,84.0,215,287,306,410,144,309,274,181,426,155,427,269,189,Third Line,77.0,1158.25,12.0,10.0,22.0,12.475240804621086,44.0,47.94371105241953,8476440,C,72.0,180.0,1993-04-16,FIN,2011.0,2.0,45.0,L,25,"[39, 25, 73, 42, 62]","[26, 21, 54, 11, 43]","[41, 47, 47, 76, 91]","['CGY', 'VAN', 'VAN', 'VAN', 'VAN']"
2018-2019,Markus Hannikainen,CBJ,F,47.3,26.0,45.9,,,39.8,42.6,65.1,8.7,77.2,86.4,78.2,92.7,75.4,7.0,226,317,232,,,258,246,150,391,95,59,94,32,106,398,427,269,189,Fourth Line,44.0,417.0333333333333,4.0,3.0,7.0,4.882803362956732,34.61538461538461,48.310102163784904,8478541,L,73.0,200.0,1993-03-26,FIN,,,,L,25,"[None, None, None, None, 45]","[None, None, None, None, 28]","[None, None, None, None, 44]","[None, None, None, None, 'CBJ']"
2018-2019,Mathew Barzal,NYI,F,87.8,78.5,49.6,84.0,,73.1,71.0,64.4,95.8,92.3,9.8,29.5,6.6,56.2,46.4,53,93,216,44.0,,116,125,153,19,34,386,302,400,188,230,427,269,189,Second Line,82.0,1469.6833333333334,18.0,44.0,62.0,20.295634603546908,51.11111111111111,52.27813202026448,8478445,C,73.0,186.0,1997-05-26,CAN,2015.0,1.0,16.0,R,21,"[None, None, None, 89, 85]","[None, None, None, 77, 80]","[None, None, None, 27, 70]","[None, None, None, 'NYI', 'NYI']"
2018-2019,Mathieu Joseph,TBL,F,71.4,52.0,64.4,,,88.8,93.7,54.1,71.0,61.4,92.7,52.0,67.4,82.9,19.2,123,206,153,,,49,28,197,125,153,32,206,140,74,346,427,269,189,Fourth Line,70.0,795.1,13.0,13.0,26.0,8.720595847144354,55.38461538461539,53.84013102814128,8478472,R,73.0,189.0,1997-02-09,CAN,2015.0,4.0,120.0,L,21,"[None, None, None, None, 68]","[None, None, None, None, 52]","[None, None, None, None, 63]","[None, None, None, None, 'TBL']"
2018-2019,Mathieu Perreault,WPG,F,84.8,83.4,92.0,56.1,,72.1,59.7,34.4,27.2,48.9,72.6,54.8,48.5,40.7,36.5,66,72,35,119.0,,120,173,281,312,201,118,194,221,254,272,427,269,189,Fourth Line,82.0,1003.0333333333332,15.0,15.0,30.0,9.682462623182671,51.51515151515152,48.907026828130526,8473618,C,70.0,189.0,1988-01-05,CAN,2006.0,6.0,177.0,L,30,"[78, 88, 81, 96, 72]","[83, 89, 78, 88, 77]","[81, 92, 78, 95, 87]","['WPG', 'WPG', 'WPG', 'WPG', 'WPG']"
2018-2019,Mats Zuccarello,DAL,F,91.6,80.3,94.1,88.1,26.5,56.7,58.5,35.1,89.7,78.9,33.7,53.2,51.8,35.4,94.6,37,85,26,33.0,140.0,186,178,278,45,90,284,201,207,277,24,427,269,189,First Line,48.0,952.8666666666668,12.0,28.0,40.0,10.691361739125583,50.0,50.890455143868216,8475692,R,68.0,181.0,1987-09-01,NOR,,,,L,31,"[92, 98, 96, 91, 86]","[79, 79, 87, 86, 72]","[98, 98, 98, 94, 83]","['NYR', 'NYR', 'NYR', 'NYR', 'DAL']"
2018-2019,Matt Calvert,COL,F,35.6,58.3,48.9,,78.8,14.8,28.3,53.9,45.4,24.1,64.2,16.9,47.3,55.3,29.0,276,179,219,,41.0,365,307,198,234,288,154,356,226,192,304,427,269,189,Third Line,82.0,1163.7333333333331,11.0,15.0,26.0,13.380582298131143,43.037974683544306,54.10215935242058,8474685,L,71.0,186.0,1989-12-24,CAN,2008.0,5.0,127.0,L,28,"[70, 59, 25, 5, 63]","[31, 55, 47, 42, 69]","[53, 77, 24, 19, 78]","['CBJ', 'CBJ', 'CBJ', 'CBJ', 'COL']"
2018-2019,Matt Cullen,PIT,F,56.7,65.1,37.9,,51.3,50.8,42.9,38.4,60.2,47.1,14.3,11.9,68.1,49.2,10.5,186,150,266,,93.0,211,245,264,171,209,367,377,137,218,383,427,269,189,Fourth Line,71.0,817.1833333333333,7.0,13.0,20.0,7.822357164893339,50.0,48.658704448259755,8464989,C,73.0,202.0,1976-11-02,USA,1996.0,2.0,35.0,L,41,"[61, 79, 67, 47, 55]","[77, 86, 80, 58, 65]","[50, 57, 77, 32, 34]","['NSH', 'PIT', 'PIT', 'MIN', 'PIT']"
2018-2019,Matt Duchene,CBJ,F,77.8,78.7,8.7,4.5,,95.1,90.4,67.9,82.7,91.1,20.8,31.4,8.4,9.1,77.3,96,92,391,258.0,,22,42,138,75,39,339,294,392,389,98,427,269,189,First Line,73.0,1374.9,31.0,39.0,70.0,20.64706623226497,49.6,48.63080237251714,8475168,C,71.0,211.0,1991-01-16,CAN,2009.0,1.0,3.0,L,27,"[92, 92, 61, 69, 82]","[93, 92, 86, 74, 80]","[8, 4, 11, 14, 8]","['COL', 'COL', 'COL', 'OTT', 'CBJ']"
2018-2019,Matt Luff,LAK,F,23.7,15.9,27.2,,,70.3,91.8,22.0,13.1,49.8,25.8,98.6,97.7,12.6,56.4,327,360,312,,,128,36,334,372,199,318,7,11,374,187,427,269,189,Fourth Line,33.0,366.8333333333333,8.0,3.0,11.0,4.429177457834518,50.0,37.99963637862926,8479644,R,75.0,219.0,1997-05-05,CAN,,,,R,21,"[None, None, None, None, 29]","[None, None, None, None, 16]","[None, None, None, None, 27]","[None, None, None, None, 'LAK']"
2018-2019,Matt Martin,NYI,F,25.8,14.1,56.7,,,33.3,15.5,15.0,34.2,45.9,99.8,46.6,81.7,59.5,12.9,318,368,186,,,286,362,364,282,214,2,229,79,174,373,427,269,189,Fourth Line,67.0,766.0333333333333,6.0,8.0,14.0,7.078147467103909,54.761904761904766,51.46085817938627,8474709,L,75.0,215.0,1989-05-08,CAN,2008.0,5.0,148.0,L,29,"[13, 5, 11, 14, 44]","[20, 10, 12, 21, 14]","[25, 29, 35, 36, 71]","['NYI', 'NYI', 'TOR', 'TOR', 'NYI']"
2018-2019,Matt Nieto,COL,F,43.1,29.3,70.5,,63.0,36.1,15.7,16.9,57.1,47.8,40.0,36.8,59.5,38.9,59.7,244,303,127,,71.0,274,361,356,184,206,257,271,174,262,173,427,269,189,Third Line,64.0,881.3166666666667,4.0,19.0,23.0,8.521955219444566,44.827586206896555,53.94039871720106,8476442,L,71.0,189.0,1992-11-05,USA,2011.0,2.0,47.0,L,25,"[22, 39, 31, 40, 50]","[48, 47, 28, 11, 47]","[28, 29, 58, 51, 80]","['SJS', 'SJS', 'COL', 'COL', 'COL']"
2018-2019,Matthew Peca,MTL,F,34.0,10.1,37.2,,64.6,54.1,26.0,0.9,69.1,71.4,65.6,96.3,95.3,64.4,0.2,283,385,269,,68.0,197,317,424,133,115,148,17,21,153,427,427,269,189,Fourth Line,39.0,410.45,3.0,7.0,10.0,2.0246334801769796,23.076923076923077,39.4805365225901,8476285,C,70.0,181.0,1993-04-27,CAN,2011.0,7.0,201.0,L,25,"[None, None, None, None, 36]","[None, None, None, None, 10]","[None, None, None, None, 37]","[None, None, None, None, 'MTL']"
2018-2019,Matthew Tkachuk,CGY,F,94.8,78.9,73.5,67.3,,85.9,76.1,64.6,80.6,98.1,52.7,20.8,22.0,97.7,73.8,23,91,114,89.0,,61,103,152,84,9,203,339,334,11,113,427,269,189,Second Line,80.0,1407.9166666666667,34.0,43.0,77.0,26.26754372493272,54.0,55.555301319233976,8479314,L,74.0,202.0,1997-12-11,USA,2016.0,1.0,6.0,L,20,"[None, None, 77, 94, 95]","[None, None, 77, 62, 86]","[None, None, 56, 72, 78]","[None, None, 'CGY', 'CGY', 'CGY']"
2018-2019,Mattias Janmark,DAL,F,28.1,18.5,60.4,,29.1,34.0,20.8,17.8,39.6,45.4,8.7,14.1,15.5,60.9,45.0,308,349,170,,135.0,283,339,352,259,216,391,368,362,168,236,427,269,189,Third Line,81.0,1232.5333333333333,6.0,19.0,25.0,11.399245993828607,46.42857142857143,51.23510742611073,8477406,C,74.0,205.0,1992-12-08,SWE,2013.0,3.0,79.0,L,25,"[None, 47, None, 4, 58]","[None, 57, None, 9, 35]","[None, 52, None, 25, 85]","[None, 'DAL', None, 'DAL', 'DAL']"
2018-2019,Max Domi,MTL,F,32.6,75.6,1.9,68.8,,86.9,67.4,40.3,97.2,19.4,16.2,27.2,19.7,58.5,56.2,289,105,420,85.0,,57,140,256,13,308,359,312,344,178,188,427,269,189,Second Line,82.0,1425.3166666666666,28.0,44.0,72.0,19.97368866120551,61.261261261261254,53.07634779682271,8477503,C,70.0,208.0,1995-03-02,CAN,2013.0,1.0,12.0,L,23,"[None, 75, 9, 2, 67]","[None, 53, 45, 73, 81]","[None, 9, 1, 1, 4]","[None, 'ARI', 'ARI', 'ARI', 'MTL']"
2018-2019,Max Jones,ANA,F,24.4,35.8,41.7,,,11.2,8.7,98.4,9.6,46.1,60.0,97.7,97.0,14.5,35.6,324,275,250,,,380,391,8,387,213,172,11,14,366,276,427,269,189,Fourth Line,30.0,395.23333333333335,2.0,3.0,5.0,6.633756384840894,50.0,48.76866638180359,8479368,L,75.0,216.0,1998-02-17,USA,2016.0,1.0,24.0,L,20,"[None, None, None, None, 29]","[None, None, None, None, 35]","[None, None, None, None, 41]","[None, None, None, None, 'ANA']"
2018-2019,Max Pacioretty,VGK,F,43.6,83.6,17.1,59.5,,68.6,79.2,85.2,41.2,5.2,74.2,57.1,38.2,90.4,65.6,242,71,355,110.0,,135,90,64,252,367,111,184,265,42,148,427,269,189,Second Line,66.0,1122.0833333333333,22.0,18.0,40.0,19.305617111913023,46.15384615384615,51.975977091092595,8474157,L,74.0,217.0,1988-11-20,USA,2007.0,1.0,22.0,L,29,"[81, 82, 80, 11, 55]","[88, 94, 93, 75, 84]","[34, 35, 12, 22, 15]","['MTL', 'MTL', 'MTL', 'MTL', 'VGK']"
2018-2019,Melker Karlsson,SJS,F,5.9,0.7,83.4,,20.6,68.4,48.2,15.7,5.6,22.2,63.2,49.9,55.7,73.5,23.7,403,425,72,,151.0,136,222,361,404,296,158,215,190,114,327,427,269,189,Fourth Line,79.0,908.4666666666668,12.0,4.0,16.0,7.633667891972914,44.0,47.72087129935386,8477922,C,72.0,180.0,1990-07-18,SWE,,,,R,28,"[45, 48, 43, 4, 10]","[35, 14, 5, 0, 0]","[66, 67, 89, 53, 90]","['SJS', 'SJS', 'SJS', 'SJS', 'SJS']"
2018-2019,Michael Amadio,LAK,F,31.4,24.8,50.6,,,62.1,65.8,4.0,4.4,37.0,41.7,98.8,96.5,6.8,3.3,294,322,212,,,163,147,411,409,249,250,6,16,399,414,427,269,189,Fourth Line,43.0,438.8666666666667,6.0,7.0,13.0,3.6812050142527366,50.0,48.819557620036534,8478020,R,73.0,206.0,1996-05-13,CAN,2014.0,3.0,90.0,R,22,"[None, None, None, 27, 37]","[None, None, None, 24, 30]","[None, None, None, 51, 50]","[None, None, None, 'LAK', 'LAK']"
2018-2019,Michael Chaput,MTL,F,10.1,8.4,49.4,,28.6,26.0,1.2,27.4,52.0,34.7,79.9,95.1,97.4,45.7,14.3,385,392,217,,136.0,317,423,311,206,253,87,22,12,233,367,427,269,189,Fourth Line,32.0,359.1333333333333,0.0,5.0,5.0,3.2532112673458773,36.36363636363637,48.9434483971548,8475808,C,74.0,199.0,1992-04-09,CAN,2010.0,3.0,89.0,L,26,"[13, None, 5, None, 21]","[18, None, 5, None, 13]","[42, None, 57, None, 47]","['CBJ', None, 'VAN', None, 'MTL']"
2018-2019,Michael Dal Colle,NYI,F,32.1,37.2,60.0,,,42.2,33.7,70.0,71.7,28.3,8.9,99.1,98.4,39.6,12.2,291,269,172,,,248,284,129,122,277,390,5,8,259,376,427,269,189,Fourth Line,28.0,339.03333333333336,3.0,4.0,7.0,3.9380618921474473,59.09090909090909,58.784150745919106,8477936,L,75.0,195.0,1996-06-20,CAN,2014.0,1.0,5.0,L,22,"[None, None, None, None, 33]","[None, None, None, None, 36]","[None, None, None, None, 59]","[None, None, None, None, 'NYI']"
2018-2019,Michael Frolik,CGY,F,66.0,81.5,75.6,,,19.2,55.0,71.9,57.4,9.4,42.9,38.4,43.8,95.6,62.8,146,80,105,,,346,193,121,183,349,245,264,241,20,160,427,269,189,Fourth Line,65.0,868.4833333333333,16.0,18.0,34.0,13.611026995493653,61.97183098591549,54.5901224705372,8473564,R,73.0,186.0,1988-02-17,CZE,2006.0,1.0,10.0,L,30,"[80, 73, 53, 63, 66]","[74, 78, 86, 82, 77]","[95, 60, 93, 80, 59]","['WPG', 'CGY', 'CGY', 'CGY', 'CGY']"
2018-2019,Michael Grabner,ARI,F,60.2,70.7,7.7,,97.4,67.2,52.9,89.2,12.4,65.6,12.4,65.3,74.9,53.9,76.1,171,126,395,,6.0,141,202,47,375,138,375,149,108,198,103,427,269,189,Third Line,41.0,590.0166666666667,9.0,7.0,16.0,8.59469769021041,32.25806451612903,48.91195872765259,8473546,L,73.0,188.0,1987-10-05,AUT,2006.0,1.0,14.0,L,30,"[45, 43, 80, 58, 48]","[65, 67, 84, 78, 60]","[16, 10, 3, 3, 19]","['NYI', 'TOR', 'NYR', 'NJD', 'ARI']"
2018-2019,Michael Raffl,PHI,F,39.6,56.0,78.7,,42.9,46.1,30.0,27.9,17.6,11.2,76.3,50.1,63.0,20.6,47.3,259,189,92,,109.0,231,300,309,353,342,102,214,159,340,226,427,269,189,Fourth Line,67.0,764.8333333333334,6.0,12.0,18.0,7.167090217445839,46.42857142857143,44.808767027482254,8477290,L,73.0,205.0,1988-12-01,AUT,,,,L,29,"[77, 78, 67, 81, 6]","[81, 83, 67, 68, 45]","[87, 91, 61, 87, 68]","['PHI', 'PHI', 'PHI', 'PHI', 'PHI']"
2018-2019,Michael Rasmussen,DET,F,3.5,14.5,58.1,5.6,,17.1,2.6,8.0,45.0,10.0,78.5,65.6,73.8,2.1,45.9,413,366,180,255.0,,355,417,394,236,347,93,148,113,419,232,427,269,189,Fourth Line,62.0,748.7166666666667,8.0,10.0,18.0,9.193455235747084,40.0,43.16047455387307,8479992,C,78.0,222.0,1999-04-17,CAN,2017.0,1.0,9.0,L,19,"[None, None, None, None, 7]","[None, None, None, None, 15]","[None, None, None, None, 56]","[None, None, None, None, 'DET']"
2018-2019,Micheal Ferland,CAR,F,32.3,59.7,29.3,69.5,,31.1,66.0,87.1,86.4,14.1,86.9,55.3,48.2,98.1,54.8,290,173,303,83.0,,295,146,56,59,330,57,192,222,9,194,427,269,189,Third Line,71.0,1000.7333333333332,17.0,23.0,40.0,18.661001321807912,62.121212121212125,52.78593233198657,8475907,L,73.0,217.0,1992-04-20,CAN,2010.0,5.0,133.0,L,26,"[None, 19, 67, 64, 9]","[None, 57, 70, 63, 53]","[None, 78, 29, 27, 30]","[None, 'CGY', 'CGY', 'CGY', 'CAR']"
2018-2019,Micheal Haley,SJS,F,2.6,13.1,41.0,,,25.1,3.3,19.4,14.8,7.5,92.0,93.2,92.5,38.2,2.3,417,372,253,,,321,414,345,365,357,35,30,33,265,418,427,269,189,Fringe,43.0,347.9166666666667,2.0,4.0,6.0,4.250097420462431,40.909090909090914,48.64843896757801,8474230,L,71.0,213.0,1986-03-30,CAN,,,,L,32,"[None, None, 15, 1, 10]","[None, None, 17, 10, 17]","[None, None, 46, 35, 41]","[None, None, 'SJS', 'FLA', 'SJS']"
2018-2019,Miikka Salomaki,NSH,F,31.6,16.4,85.2,,,19.0,2.1,36.1,8.0,30.2,90.6,77.5,91.3,68.1,4.4,293,358,64,,,347,419,274,394,272,41,97,38,137,409,427,269,189,Fourth Line,37.0,386.8666666666667,3.0,4.0,7.0,6.242062288631059,55.00000000000001,53.67999809086802,8476447,R,71.0,203.0,1993-03-09,FIN,2011.0,2.0,52.0,L,25,"[None, 46, None, 21, 41]","[None, 31, None, 15, 21]","[None, 71, None, 86, 77]","[None, 'NSH', None, 'NSH', 'NSH']"
2018-2019,Mika Zibanejad,NYR,F,82.0,79.4,82.2,65.4,5.3,87.1,59.0,57.4,70.3,43.3,53.6,19.7,19.9,42.9,99.3,78,89,77,94.0,180.0,56,176,183,128,225,199,344,343,245,4,427,269,189,First Line,82.0,1685.8,30.0,44.0,74.0,22.70285466940719,48.07692307692308,50.67607891855105,8476459,C,74.0,208.0,1993-04-18,SWE,2011.0,1.0,6.0,R,25,"[88, 70, 72, 88, 77]","[56, 74, 69, 86, 75]","[82, 16, 59, 58, 92]","['OTT', 'OTT', 'NYR', 'NYR', 'NYR']"
2018-2019,Mikael Backlund,CGY,F,30.7,84.1,78.5,3.7,76.7,8.0,63.7,85.9,77.5,0.5,16.4,10.8,12.2,95.8,75.2,297,69,93,260.0,45.0,394,156,61,97,387,358,382,376,19,107,427,269,189,Second Line,77.0,1377.6833333333334,21.0,26.0,47.0,23.328154235633743,61.29032258064516,53.699954944918446,8474150,C,72.0,206.0,1989-03-17,SWE,2007.0,1.0,24.0,L,29,"[75, 74, 73, 10, 39]","[70, 83, 84, 77, 85]","[74, 89, 78, 93, 55]","['CGY', 'CGY', 'CGY', 'CGY', 'CGY']"
2018-2019,Mikael Granlund,NSH,F,79.9,65.8,76.8,77.3,,35.8,38.2,41.2,83.8,74.0,32.3,8.2,14.3,100.0,82.4,87,147,100,62.0,,275,265,252,70,106,290,393,367,1,76,427,269,189,First Line,79.0,1449.1333333333334,16.0,38.0,54.0,17.34963715664036,50.66666666666667,54.179944920236146,8475798,C,70.0,193.0,1992-02-26,FIN,2010.0,1.0,9.0,L,26,"[41, 66, 88, 85, 71]","[30, 45, 59, 73, 62]","[68, 43, 83, 77, 72]","['MIN', 'MIN', 'MIN', 'MIN', 'NSH']"
2018-2019,Mike Hoffman,FLA,F,59.5,57.4,13.8,7.8,,94.6,62.8,30.2,47.5,58.3,6.3,29.0,8.7,32.8,74.0,174,183,369,249.0,,24,160,299,225,166,401,304,391,288,112,427,269,189,Second Line,82.0,1462.7,36.0,34.0,70.0,22.54266923054744,41.75824175824176,46.96642335581922,8474884,C,72.0,190.0,1989-11-24,CAN,2009.0,5.0,130.0,L,28,"[87, 81, 31, 50, 67]","[74, 71, 59, 59, 55]","[69, 61, 39, 11, 15]","['OTT', 'OTT', 'OTT', 'OTT', 'FLA']"
2018-2019,Mikkel Boedker,OTT,F,4.2,31.4,2.6,8.9,,33.0,25.1,24.6,85.5,74.2,28.3,41.9,48.9,32.1,49.2,410,294,417,246.0,,287,321,323,63,105,307,249,219,291,218,427,269,189,Third Line,71.0,995.6166666666668,8.0,28.0,36.0,8.19431040435656,40.4040404040404,39.04155438944199,8474571,L,71.0,207.0,1989-12-16,DNK,2008.0,1.0,8.0,L,28,"[54, 6, 23, 51, 0]","[8, 19, 60, 50, 12]","[37, 3, 5, 6, 1]","['ARI', 'COL', 'SJS', 'SJS', 'OTT']"
2018-2019,Mikko Koivu,MIN,F,78.0,56.9,100.0,80.3,37.0,27.9,13.8,7.7,52.7,1.9,3.5,50.6,56.0,97.9,80.8,95,185,1,54.0,120.0,309,369,395,203,381,413,212,189,10,83,427,269,189,First Line,48.0,878.2666666666667,8.0,21.0,29.0,8.967323519003775,48.78048780487805,54.853395342169186,8469459,C,75.0,213.0,1983-03-12,FIN,2001.0,1.0,6.0,L,35,"[76, 83, 93, 84, 66]","[68, 58, 80, 60, 46]","[99, 99, 99, 100, 99]","['MIN', 'MIN', 'MIN', 'MIN', 'MIN']"
2018-2019,Mikko Rantanen,COL,F,52.9,66.0,1.6,66.9,,93.7,51.8,16.6,84.5,70.7,26.7,33.7,6.8,79.4,100.0,202,146,421,90.0,,28,207,357,67,116,314,284,399,89,1,427,269,189,First Line,74.0,1542.3,31.0,56.0,87.0,20.047075843833838,58.76288659793815,49.95030769557861,8478420,R,76.0,228.0,1996-10-29,FIN,2015.0,1.0,10.0,L,21,"[None, None, 43, 55, 54]","[None, None, 51, 62, 70]","[None, None, 2, 2, 2]","[None, None, 'COL', 'COL', 'COL']"
2018-2019,Milan Lucic,EDM,F,13.3,82.2,34.9,62.1,,1.6,7.5,41.0,43.3,0.7,93.7,15.0,22.7,31.9,50.4,371,77,279,103.0,,421,396,253,243,386,28,364,331,292,213,427,269,189,Fourth Line,79.0,1045.6333333333334,6.0,14.0,20.0,10.093681596486977,45.0,49.03167432452647,8473473,L,75.0,236.0,1988-06-07,CAN,2006.0,2.0,50.0,L,30,"[38, 81, 56, 9, 20]","[78, 87, 81, 89, 73]","[10, 57, 6, 22, 56]","['BOS', 'LAK', 'EDM', 'EDM', 'EDM']"
2018-2019,Miles Wood,NJD,F,13.6,54.1,31.1,13.0,,44.0,69.8,87.6,52.9,13.8,75.2,40.0,56.2,34.7,63.5,370,197,295,235.0,,240,130,54,202,331,107,257,188,280,157,427,269,189,Third Line,63.0,862.7333333333333,10.0,14.0,24.0,12.741878054160834,45.90163934426229,48.14150441528967,8477425,L,74.0,209.0,1995-09-13,USA,2013.0,4.0,100.0,L,22,"[None, None, 29, 61, 3]","[None, None, 26, 53, 59]","[None, None, 34, 39, 26]","[None, None, 'NJD', 'NJD', 'NJD']"
2018-2019,Mitch Marner,TOR,F,88.1,62.5,64.9,92.9,91.5,79.9,71.7,62.5,100.0,89.0,12.2,20.4,8.9,90.2,88.3,52,161,151,20.0,17.0,87,122,161,1,48,376,341,390,43,51,427,269,189,First Line,82.0,1625.4333333333334,26.0,72.0,98.0,25.776728043194574,60.58394160583942,53.378377909110554,8478483,R,72.0,180.0,1997-05-05,CAN,2015.0,1.0,4.0,R,21,"[None, None, 69, 88, 89]","[None, None, 65, 58, 64]","[None, None, 26, 82, 53]","[None, None, 'TOR', 'TOR', 'TOR']"
2018-2019,Nate Thompson,MTL,F,4.7,0.2,86.4,,19.6,38.2,3.7,0.5,8.4,29.5,77.8,66.5,75.6,23.2,11.9,408,427,59,,153.0,265,412,426,392,275,96,144,105,329,377,427,269,189,Fourth Line,78.0,1014.2666666666668,5.0,8.0,13.0,6.9411257723777355,48.0,45.49049427337392,8470775,C,73.0,205.0,1984-10-05,USA,2003.0,6.0,183.0,L,33,"[20, 11, 26, 3, 9]","[5, 7, 12, 0, 0]","[84, 80, 55, 81, 87]","['ANA', 'ANA', 'ANA', 'LAK', 'MTL']"
2018-2019,Nathan MacKinnon,COL,F,97.2,95.6,21.1,74.7,,97.0,88.8,84.5,89.2,97.2,11.9,21.5,1.9,27.4,99.8,13,20,338,69.0,,14,49,67,47,13,377,336,420,311,2,427,269,189,First Line,82.0,1811.5,41.0,58.0,99.0,34.43771878678546,59.63302752293578,50.19703746553669,8477492,C,72.0,200.0,1995-09-01,CAN,2013.0,1.0,1.0,R,23,"[63, 75, 84, 95, 97]","[68, 75, 90, 91, 97]","[13, 13, 17, 14, 27]","['COL', 'COL', 'COL', 'COL', 'COL']"
2018-2019,Nazem Kadri,TOR,F,92.7,90.6,13.3,98.1,,65.6,74.0,78.2,64.4,84.1,63.0,13.3,23.7,54.6,68.4,32,41,371,6.0,,148,112,94,153,68,159,371,327,195,136,427,269,189,Second Line,73.0,1181.85,16.0,28.0,44.0,21.621359693037682,52.77777777777778,50.78078274805436,8475172,C,72.0,185.0,1990-10-06,CAN,2009.0,1.0,7.0,L,27,"[96, 90, 93, 94, 85]","[91, 80, 94, 91, 87]","[20, 44, 34, 10, 17]","['TOR', 'TOR', 'TOR', 'TOR', 'TOR']"
2018-2019,Nic Dowd,WSH,F,18.5,39.8,64.6,,70.4,48.5,41.5,23.0,62.5,5.6,90.2,70.3,82.2,17.6,21.1,349,258,152,,57.0,221,251,330,161,365,43,128,77,353,338,427,269,189,Fourth Line,64.0,658.7333333333333,8.0,14.0,22.0,5.717124077628056,61.904761904761905,48.43823388230117,8475343,C,74.0,195.0,1990-05-27,USA,2009.0,7.0,198.0,R,28,"[None, None, 28, 11, 32]","[None, None, 51, 36, 42]","[None, None, 77, 63, 62]","[None, None, 'LAK', 'VAN', 'WSH']"
2018-2019,Nick Bjugstad,PIT,F,69.1,82.9,22.7,57.6,,27.2,74.7,90.4,22.2,56.4,66.5,45.4,48.7,54.1,59.5,133,74,331,115.0,,312,109,42,333,172,144,234,220,197,174,427,269,189,Third Line,64.0,967.6166666666668,14.0,12.0,26.0,14.73458515048999,54.90196078431373,53.51727638077523,8475760,C,78.0,210.0,1992-07-17,USA,2010.0,1.0,19.0,R,26,"[39, 45, 18, 74, 70]","[63, 67, 35, 92, 78]","[17, 18, 10, 10, 39]","['FLA', 'FLA', 'FLA', 'FLA', 'PIT']"
2018-2019,Nick Bonino,NSH,F,61.8,18.3,39.6,66.2,67.2,84.3,62.3,7.3,41.9,69.6,6.6,2.8,41.0,76.1,41.0,164,350,259,92.0,63.0,68,162,397,249,121,400,416,253,103,253,427,269,189,Second Line,81.0,1320.7333333333331,17.0,18.0,35.0,11.901734998522064,62.857142857142854,48.024335088071155,8474009,C,73.0,198.0,1988-04-20,USA,2007.0,6.0,173.0,L,30,"[66, 43, 24, 23, 76]","[62, 54, 29, 29, 15]","[29, 66, 27, 30, 49]","['VAN', 'PIT', 'PIT', 'NSH', 'NSH']"
2018-2019,Nick Cousins,ARI,F,68.6,48.5,67.0,17.5,,5.2,18.5,49.2,20.1,95.1,77.5,42.4,41.9,30.2,50.6,135,221,142,223.0,,406,349,218,342,22,97,247,249,299,212,427,269,189,Third Line,81.0,1097.1166666666668,7.0,20.0,27.0,13.137635742901114,45.20547945205479,50.57189093659904,8476393,C,71.0,191.0,1993-07-20,CAN,2011.0,3.0,68.0,L,25,"[None, 62, 63, 75, 61]","[None, 31, 39, 35, 56]","[None, 55, 34, 53, 80]","[None, 'PHI', 'PHI', 'ARI', 'ARI']"
2018-2019,Nick Foligno,CBJ,F,75.6,54.6,97.7,46.1,44.4,83.6,72.1,32.3,23.7,38.2,78.0,17.6,26.2,68.4,61.8,105,195,11,146.0,106.0,71,120,290,327,244,95,353,316,136,164,427,269,189,Second Line,73.0,1292.3833333333334,17.0,19.0,36.0,17.01644590928443,59.55056179775281,51.003435738380034,8473422,L,72.0,210.0,1987-10-31,USA,2006.0,1.0,28.0,L,30,"[87, 85, 87, 53, 81]","[69, 62, 50, 46, 61]","[98, 97, 96, 96, 96]","['CBJ', 'CBJ', 'CBJ', 'CBJ', 'CBJ']"
2018-2019,Nick Ritchie,ANA,F,0.7,59.3,38.4,47.6,,6.3,31.4,66.0,70.0,0.2,89.0,69.3,55.5,35.6,15.5,425,175,264,142.0,,401,294,146,129,388,48,132,191,276,362,427,269,189,Third Line,60.0,900.0833333333334,9.0,22.0,31.0,11.029817887411795,59.32203389830508,47.94211175792864,8477941,L,75.0,236.0,1995-12-05,CAN,2014.0,1.0,10.0,L,22,"[None, 10, 30, 2, 1]","[None, 20, 55, 69, 54]","[None, 55, 81, 37, 30]","[None, 'ANA', 'ANA', 'ANA', 'ANA']"
2018-2019,Nick Schmaltz,ARI,F,41.5,40.7,22.5,3.0,,71.2,18.0,12.2,75.2,81.3,3.7,87.8,70.0,8.9,93.2,251,254,332,262.0,,124,351,376,107,80,412,53,129,390,30,427,269,189,Second Line,40.0,713.2333333333333,7.0,18.0,25.0,6.7375280203451915,38.63636363636363,43.7816021242928,8477951,C,72.0,184.0,1996-02-23,USA,2014.0,1.0,20.0,R,22,"[None, None, 30, 60, 35]","[None, None, 18, 49, 41]","[None, None, 38, 25, 17]","[None, None, 'CHI', 'CHI', 'ARI']"
2018-2019,Nicklas Backstrom,WSH,F,90.6,68.1,94.6,98.9,30.2,80.6,53.9,21.1,92.7,38.9,15.9,8.0,10.3,57.1,95.1,41,137,24,4.0,133.0,84,198,338,32,241,360,394,384,184,22,427,269,189,First Line,80.0,1596.2166666666667,22.0,52.0,74.0,17.41371515279616,54.45544554455446,49.13608994664386,8473563,C,73.0,202.0,1987-11-23,SWE,2006.0,1.0,4.0,L,30,"[96, 89, 91, 82, 95]","[81, 38, 70, 69, 66]","[98, 95, 93, 81, 94]","['WSH', 'WSH', 'WSH', 'WSH', 'WSH']"
2018-2019,Nico Hischier,NJD,F,81.0,70.3,9.6,27.5,,68.9,78.2,75.2,79.6,99.5,36.1,41.5,29.5,46.4,79.2,82,128,387,196.0,,134,94,107,88,3,274,251,302,230,90,427,269,189,First Line,69.0,1249.1666666666667,17.0,30.0,47.0,18.59801378620323,53.57142857142857,52.459091922158926,8480002,C,73.0,200.0,1999-01-04,CHE,2017.0,1.0,1.0,L,19,"[None, None, None, 80, 80]","[None, None, None, 63, 74]","[None, None, None, 7, 14]","[None, None, None, 'NJD', 'NJD']"
2018-2019,Nicolas Deslauriers,MTL,F,2.3,1.6,47.5,,,43.1,13.6,30.4,1.6,16.4,99.1,88.5,88.5,47.1,4.0,418,421,225,,,244,370,298,421,320,5,50,50,227,411,427,269,189,Fourth Line,48.0,481.81666666666666,2.0,3.0,5.0,4.443702599209829,30.0,48.45221539664985,8475235,L,73.0,218.0,1991-02-22,CAN,2009.0,3.0,84.0,L,27,"[2, 8, 6, 6, 4]","[0, 0, 3, 3, 2]","[11, 21, 32, 33, 61]","['BUF', 'BUF', 'BUF', 'MTL', 'MTL']"
2018-2019,Nikita Kucherov,TBL,F,99.3,99.1,32.6,72.1,,100.0,97.2,62.3,98.1,92.5,11.2,24.1,4.0,80.1,83.4,4,5,289,76.0,,1,13,162,9,33,380,325,411,86,72,427,269,189,First Line,82.0,1637.1666666666667,41.0,87.0,128.0,24.15387458198994,59.12408759124088,52.339798995782026,8476453,R,72.0,173.0,1993-06-17,RUS,2011.0,2.0,58.0,L,25,"[94, 93, 97, 99, 98]","[94, 88, 96, 97, 98]","[52, 79, 78, 21, 31]","['TBL', 'TBL', 'TBL', 'TBL', 'TBL']"
2018-2019,Nikolaj Ehlers,WPG,F,91.3,80.8,35.6,24.2,,90.9,89.9,81.0,64.6,97.9,16.9,51.5,31.9,56.4,68.9,38,83,276,205.0,,40,44,82,152,10,356,208,292,187,134,427,269,189,Second Line,62.0,977.2,21.0,16.0,37.0,14.358572291942066,51.42857142857142,51.14542333152015,8477940,L,72.0,168.0,1996-02-14,DNK,2014.0,1.0,9.0,L,22,"[None, 80, 84, 89, 91]","[None, 67, 85, 82, 75]","[None, 47, 9, 45, 41]","[None, 'WPG', 'WPG', 'WPG', 'WPG']"
2018-2019,Nikolay Goldobin,VAN,F,23.4,38.4,22.2,35.7,,39.3,49.6,37.7,38.2,51.8,2.8,93.4,80.6,5.6,59.3,328,264,333,174.0,,260,216,267,265,192,416,29,84,404,175,427,269,189,Third Line,63.0,944.35,7.0,20.0,27.0,10.6461799398392,46.03174603174603,45.86734156314856,8477958,R,71.0,196.0,1995-10-07,RUS,2014.0,1.0,27.0,L,22,"[None, None, None, 21, 32]","[None, None, None, 32, 44]","[None, None, None, 26, 18]","[None, None, None, 'VAN', 'VAN']"
2018-2019,Nino Niederreiter,CAR,F,86.7,76.8,98.1,20.8,,75.4,80.6,87.4,63.0,72.4,57.4,40.3,32.3,98.6,65.3,58,100,9,214.0,,106,84,55,159,113,183,256,290,7,149,427,269,189,Second Line,82.0,1330.4666666666667,23.0,30.0,53.0,21.44339466737871,50.98039215686274,56.01592524936015,8475799,R,74.0,218.0,1992-09-08,CHE,2010.0,1.0,5.0,L,25,"[82, 87, 95, 75, 88]","[50, 80, 68, 65, 85]","[96, 98, 99, 97, 93]","['MIN', 'MIN', 'MIN', 'MIN', 'CAR']"
2018-2019,Noel Acciari,BOS,F,48.0,14.8,83.1,,51.9,22.5,31.1,43.3,6.6,60.7,97.4,18.3,72.8,57.4,25.1,223,365,73,,92.0,332,295,243,400,156,12,350,117,183,321,427,269,189,Fourth Line,72.0,934.9833333333332,6.0,8.0,14.0,9.731300400954717,46.666666666666664,52.266193779763825,8478569,C,71.0,204.0,1991-12-01,USA,,,,R,26,"[None, None, 39, 43, 52]","[None, None, 28, 10, 20]","[None, None, 58, 71, 89]","[None, None, 'BOS', 'BOS', 'BOS']"
2018-2019,Nolan Patrick,PHI,F,35.8,50.1,20.4,9.7,,17.6,39.6,64.9,42.9,80.6,44.5,42.2,46.6,36.8,13.8,275,214,341,244.0,,353,259,151,245,83,238,248,229,271,369,427,269,189,Third Line,72.0,1085.95,13.0,18.0,31.0,14.226671697845683,47.22222222222222,47.18883010223534,8479974,C,74.0,201.0,1998-09-19,CAN,2017.0,1.0,2.0,R,19,"[None, None, None, 23, 48]","[None, None, None, 61, 38]","[None, None, None, 14, 25]","[None, None, None, 'PHI', 'PHI']"
2018-2019,Oliver Bjorkstrand,CBJ,F,70.0,56.4,52.0,33.5,,82.9,87.1,74.7,88.5,67.9,45.7,79.4,64.2,64.9,18.3,129,187,206,180.0,,74,56,109,50,128,233,89,154,151,350,427,269,189,Fourth Line,77.0,950.05,24.0,15.0,39.0,14.668344228094478,57.534246575342465,52.22580974667109,8477416,R,72.0,175.0,1995-04-10,DNK,2013.0,3.0,89.0,R,23,"[None, None, 44, 60, 76]","[None, None, 25, 63, 58]","[None, None, 51, 41, 59]","[None, None, 'CBJ', 'CBJ', 'CBJ']"
2018-2019,Ondrej Kase,ANA,F,75.9,59.5,72.4,26.8,,81.0,99.5,98.8,66.5,83.8,29.0,93.9,87.6,38.4,31.1,104,174,119,198.0,,82,3,6,144,69,304,27,54,264,295,427,269,189,Second Line,30.0,469.73333333333335,11.0,9.0,20.0,9.695908579101966,58.333333333333336,56.984607079597374,8478131,R,72.0,187.0,1995-11-08,CZE,2014.0,7.0,205.0,R,22,"[None, None, 32, 90, 69]","[None, None, 51, 67, 56]","[None, None, 61, 78, 68]","[None, None, 'ANA', 'ANA', 'ANA']"
2018-2019,Ondrej Palat,TBL,F,72.1,56.7,58.8,64.3,,20.1,14.3,29.7,73.1,81.0,71.2,73.3,58.5,89.0,69.1,120,186,177,97.0,,342,367,301,116,81,124,115,178,48,133,427,269,189,Third Line,64.0,952.8,8.0,26.0,34.0,10.035942232199133,53.62318840579711,49.820231055285625,8476292,L,72.0,194.0,1991-03-28,CZE,2011.0,7.0,208.0,L,27,"[73, 76, 89, 78, 51]","[80, 61, 69, 61, 50]","[60, 34, 60, 62, 57]","['TBL', 'TBL', 'TBL', 'TBL', 'TBL']"
2018-2019,Oscar Lindberg,OTT,F,11.7,26.2,55.0,,,66.0,70.5,60.9,38.6,9.6,75.6,75.6,71.4,36.5,20.6,378,316,193,,,146,127,168,263,348,105,105,123,272,340,427,269,189,Fourth Line,55.0,686.0833333333334,9.0,11.0,20.0,8.831569570451423,55.00000000000001,50.437368220349555,8475715,L,73.0,202.0,1991-10-29,SWE,2010.0,2.0,57.0,L,26,"[None, 24, 8, 52, 9]","[None, 52, 32, 28, 28]","[None, 37, 36, 73, 45]","[None, 'NYR', 'NYR', 'VGK', 'OTT']"
2018-2019,Oskar Lindblom,PHI,F,65.3,64.6,76.3,35.3,17.5,37.9,48.9,83.4,52.5,44.3,49.6,89.0,88.3,54.8,69.8,149,152,102,175.0,157.0,266,219,72,204,221,216,48,51,194,130,427,269,189,Third Line,81.0,1113.25,17.0,16.0,33.0,18.562136092691823,45.1219512195122,52.88297074657662,8478067,L,73.0,191.0,1996-08-15,SWE,2014.0,5.0,138.0,L,22,"[None, None, None, 28, 77]","[None, None, None, 49, 73]","[None, None, None, 49, 90]","[None, None, None, 'PHI', 'PHI']"
2018-2019,Oskar Sundqvist,STL,F,43.3,17.6,64.2,,32.3,61.4,32.8,44.0,57.6,61.1,76.1,60.9,82.4,61.1,6.6,243,353,154,,129.0,166,288,240,182,154,103,168,76,167,400,427,269,189,Third Line,74.0,1022.5833333333334,14.0,17.0,31.0,13.852278432121468,51.5625,50.99044477034403,8476897,C,75.0,210.0,1994-03-23,SWE,2012.0,3.0,81.0,R,24,"[None, None, None, 29, 56]","[None, None, None, 19, 17]","[None, None, None, 61, 67]","[None, None, None, 'STL', 'STL']"
2018-2019,Par Lindholm,WPG,F,2.1,6.1,60.9,,13.8,2.8,1.4,25.5,77.0,13.6,72.4,6.3,77.3,46.1,32.3,419,402,168,,164.0,416,422,319,99,332,119,401,98,231,290,427,269,189,Fourth Line,65.0,737.5333333333333,1.0,12.0,13.0,6.696202102030329,60.0,48.77076386628936,8480944,C,72.0,181.0,1991-10-05,SWE,,,,L,26,"[None, None, None, None, 4]","[None, None, None, None, 7]","[None, None, None, None, 61]","[None, None, None, None, 'WPG']"
2018-2019,Patric Hornqvist,PIT,F,93.9,92.5,97.4,91.4,,3.5,68.9,96.5,45.2,62.8,89.5,38.2,47.8,88.5,58.5,27,33,12,24.0,,413,134,16,235,147,46,265,224,50,178,427,269,189,Third Line,69.0,1067.8666666666666,18.0,19.0,37.0,23.745773164754272,56.060606060606055,54.05984314402779,8471887,R,71.0,189.0,1987-01-01,SWE,2005.0,7.0,230.0,R,31,"[94, 98, 97, 93, 90]","[88, 96, 93, 94, 88]","[92, 99, 96, 98, 91]","['PIT', 'PIT', 'PIT', 'PIT', 'PIT']"
2018-2019,Patrice Bergeron,BOS,F,97.7,90.2,99.5,96.3,98.4,61.8,85.5,93.4,86.9,22.7,23.2,74.2,52.0,88.1,94.4,11,43,3,11.0,4.0,164,63,29,57,294,329,111,206,52,25,427,269,189,First Line,65.0,1200.3666666666666,32.0,47.0,79.0,26.176160943538004,60.49382716049383,57.55745595258247,8470638,C,73.0,196.0,1985-07-24,CAN,2003.0,2.0,45.0,R,33,"[98, 100, 99, 96, 97]","[92, 96, 96, 89, 88]","[100, 100, 100, 99, 99]","['BOS', 'BOS', 'BOS', 'BOS', 'BOS']"
2018-2019,Patrick Kane,CHI,F,71.0,81.7,0.5,90.3,,97.9,86.9,67.2,96.3,82.4,4.2,15.7,0.2,29.3,92.3,125,79,426,27.0,,10,57,141,17,75,410,361,427,303,34,427,269,189,First Line,81.0,1821.6166666666663,44.0,66.0,110.0,34.26785219640278,55.62913907284768,45.38525700316758,8474141,R,70.0,176.0,1988-11-19,USA,2007.0,1.0,1.0,L,29,"[89, 96, 77, 58, 72]","[82, 92, 87, 88, 72]","[7, 1, 1, 0, 0]","['CHI', 'CHI', 'CHI', 'CHI', 'CHI']"
2018-2019,Patrick Marleau,TOR,F,25.5,82.0,4.0,74.0,,28.8,62.5,76.6,25.5,11.7,43.1,12.9,8.0,79.2,66.0,319,78,411,71.0,,305,161,101,319,340,244,373,394,90,146,427,269,189,Second Line,82.0,1340.25,17.0,21.0,38.0,20.76266005426354,49.51456310679612,49.13990214367742,8466139,C,74.0,215.0,1979-09-15,CAN,1997.0,1.0,2.0,L,38,"[70, 68, 74, 59, 6]","[88, 87, 89, 84, 74]","[5, 11, 12, 8, 2]","['SJS', 'SJS', 'SJS', 'TOR', 'TOR']"
2018-2019,Patrick Maroon,STL,F,72.6,88.5,19.7,71.0,,67.4,63.0,57.8,23.9,20.4,78.9,46.1,29.3,78.2,26.5,118,50,344,79.0,,140,159,181,326,304,91,231,303,94,315,427,269,189,Third Line,74.0,1048.55,10.0,18.0,28.0,15.122789587298586,49.29577464788733,56.07017899756259,8474034,L,75.0,234.0,1988-04-23,USA,2007.0,6.0,161.0,L,30,"[16, 43, 86, 54, 73]","[66, 71, 96, 92, 80]","[45, 17, 14, 3, 51]","['ANA', 'EDM', 'EDM', 'NJD', 'STL']"
2018-2019,Patrik Laine,WPG,F,24.8,1.2,9.8,69.9,,99.3,85.0,51.8,40.3,30.4,36.5,42.9,17.6,56.7,57.8,322,423,386,82.0,,4,65,207,256,271,272,245,353,186,181,427,269,189,Second Line,82.0,1413.1166666666666,30.0,20.0,50.0,23.935557839431542,43.0,42.64654101512819,8479339,L,76.0,208.0,1998-04-19,FIN,2016.0,1.0,2.0,R,20,"[None, None, 51, 67, 5]","[None, None, 6, 4, 0]","[None, None, 19, 18, 8]","[None, None, 'WPG', 'WPG', 'WPG']"
2018-2019,Paul Byron,MTL,F,76.3,44.0,72.6,42.0,76.2,77.8,89.2,83.6,55.3,91.3,77.3,67.9,59.0,81.3,53.4,102,240,118,157.0,46.0,96,47,71,192,38,98,138,176,81,200,427,269,189,Third Line,56.0,815.7333333333333,15.0,16.0,31.0,11.219447749521967,57.89473684210527,53.17334094946179,8474038,L,69.0,164.0,1989-04-27,CAN,2007.0,6.0,179.0,L,29,"[59, 67, 89, 82, 70]","[33, 8, 51, 38, 48]","[81, 55, 91, 78, 54]","['CGY', 'MTL', 'MTL', 'MTL', 'MTL']"
2018-2019,Paul Stastny,VGK,F,85.5,90.9,82.7,81.8,32.8,45.2,70.7,82.0,95.6,25.5,15.2,64.4,53.9,89.5,78.2,63,40,75,50.0,128.0,235,126,78,20,286,363,153,198,46,94,427,269,189,First Line,50.0,905.2,13.0,29.0,42.0,14.378205645746934,59.67741935483871,58.22341161181157,8471669,C,72.0,193.0,1985-12-27,CAN,2005.0,2.0,44.0,L,32,"[81, 73, 85, 93, 74]","[95, 94, 81, 95, 88]","[58, 30, 89, 86, 71]","['STL', 'STL', 'STL', 'WPG', 'VGK']"
2018-2019,Pavel Buchnevich,NYR,F,57.8,58.5,19.4,53.2,,71.9,65.1,56.0,60.9,66.5,45.0,66.3,61.8,22.7,74.7,181,178,345,127.0,,121,150,189,168,134,236,145,164,331,109,427,269,189,Third Line,64.0,971.1833333333334,21.0,17.0,38.0,13.092380770250552,46.26865671641791,46.878729073573275,8477402,L,73.0,196.0,1995-04-17,RUS,2013.0,3.0,75.0,L,23,"[None, None, 45, 55, 58]","[None, None, 46, 61, 62]","[None, None, 53, 13, 20]","[None, None, 'NYR', 'NYR', 'NYR']"
2018-2019,Pavel Zacha,NJD,F,13.8,28.1,44.5,38.7,85.2,25.3,22.0,31.1,33.3,14.8,43.6,60.0,60.7,12.9,34.9,369,308,238,166.0,29.0,320,334,295,286,327,242,172,169,373,279,427,269,189,Second Line,61.0,980.85,13.0,12.0,25.0,11.49192728976611,43.103448275862064,44.460711010481106,8478401,C,76.0,211.0,1997-04-06,CZE,2015.0,1.0,6.0,L,21,"[None, None, 36, 9, 28]","[None, None, 10, 48, 21]","[None, None, 50, 57, 38]","[None, None, 'NJD', 'NJD', 'NJD']"
2018-2019,Phil Kessel,PIT,F,7.5,80.6,0.2,89.2,,90.6,77.8,63.7,93.2,9.1,0.7,47.5,9.6,76.6,29.7,396,84,427,30.0,,41,96,156,30,350,425,225,387,101,301,427,269,189,Second Line,82.0,1474.2166666666667,27.0,55.0,82.0,23.906883473771067,54.166666666666664,49.654289751075325,8473548,R,71.0,208.0,1987-10-02,USA,2006.0,1.0,5.0,R,30,"[29, 78, 17, 44, 3]","[92, 84, 76, 85, 75]","[0, 1, 0, 0, 0]","['TOR', 'PIT', 'PIT', 'PIT', 'PIT']"
2018-2019,Phil Varone,PHI,F,12.6,8.9,42.9,,,48.2,24.1,10.1,36.8,35.8,37.9,88.8,96.3,22.2,8.9,374,390,245,,,222,325,385,271,251,266,49,17,333,390,427,269,189,Fringe,47.0,371.9166666666667,3.0,4.0,7.0,2.9866754066724996,46.15384615384615,41.99101551453564,8475321,C,70.0,193.0,1990-12-04,CAN,2009.0,5.0,147.0,L,27,"[20, None, None, None, 17]","[31, None, None, None, 10]","[34, None, None, None, 41]","['BUF', None, None, None, 'PHI']"
2018-2019,Phillip Danault,MTL,F,65.6,75.2,89.0,,3.2,22.7,23.0,32.6,90.6,23.4,53.2,23.4,34.9,95.1,78.9,148,107,48,,184.0,331,330,289,41,291,201,328,279,22,91,427,269,189,Second Line,81.0,1439.9666666666667,12.0,41.0,53.0,13.895833474142389,55.35714285714286,55.7824027387905,8476479,C,73.0,200.0,1993-02-24,CAN,2011.0,1.0,26.0,L,25,"[None, 39, 55, 48, 72]","[None, 54, 78, 60, 81]","[None, 64, 93, 81, 87]","[None, 'MTL', 'MTL', 'MTL', 'MTL']"
2018-2019,Pierre-Edouard Bellemare,VGK,F,67.0,51.1,93.0,,75.1,12.2,10.3,26.5,18.7,54.8,53.4,72.1,59.7,56.0,6.1,142,210,31,,48.0,376,384,315,348,179,200,120,173,189,402,427,269,189,Fourth Line,76.0,944.6666666666666,6.0,9.0,15.0,10.58263903522997,46.0,55.74867469048197,8477930,L,71.0,198.0,1985-03-06,FRA,,,,L,33,"[51, 38, 57, 69, 64]","[49, 40, 10, 49, 59]","[74, 40, 95, 95, 84]","['PHI', 'PHI', 'PHI', 'VGK', 'VGK']"
2018-2019,Pierre-Luc Dubois,CBJ,F,92.3,94.6,77.8,52.8,,87.4,83.4,80.1,62.8,54.1,64.4,45.7,5.2,81.5,82.0,34,24,96,128.0,,55,72,86,160,182,153,233,406,80,78,427,269,189,Second Line,82.0,1452.6666666666667,30.0,35.0,65.0,21.78676921701907,58.333333333333336,54.57769483480066,8479400,C,76.0,220.0,1998-06-24,CAN,2016.0,1.0,3.0,L,20,"[None, None, None, 89, 92]","[None, None, None, 92, 95]","[None, None, None, 75, 77]","[None, None, None, 'CBJ', 'CBJ']"
2018-2019,Pontus Aberg,MIN,F,20.8,12.4,29.0,11.5,,67.7,42.2,15.9,51.5,54.6,23.4,82.9,71.0,65.8,67.4,339,375,304,239.0,,139,248,360,208,180,328,74,125,147,140,427,269,189,Third Line,59.0,860.9666666666667,12.0,13.0,25.0,8.964393045866995,43.103448275862064,46.28717210487099,8476857,L,72.0,194.0,1993-09-23,SWE,2012.0,2.0,37.0,R,24,"[None, None, None, 24, 26]","[None, None, None, 15, 12]","[None, None, None, 46, 22]","[None, None, None, 'EDM', 'MIN']"
2018-2019,Radek Faksa,DAL,F,47.1,49.9,75.9,51.3,31.2,66.3,48.7,29.3,41.7,20.8,59.5,0.2,18.5,52.0,73.5,227,215,104,132.0,131.0,145,220,303,250,302,174,427,349,206,114,427,269,189,Second Line,81.0,1330.8166666666666,15.0,15.0,30.0,15.933173470907617,45.20547945205479,46.05044568449802,8476889,C,75.0,216.0,1994-01-09,CZE,2012.0,1.0,13.0,L,24,"[None, 48, 69, 67, 28]","[None, 42, 71, 44, 46]","[None, 51, 73, 87, 60]","[None, 'DAL', 'DAL', 'DAL', 'DAL']"
2018-2019,Reilly Smith,VGK,F,80.3,82.7,74.0,71.7,96.3,45.0,61.6,69.6,85.2,26.2,18.5,25.1,32.6,91.8,87.1,85,75,112,77.0,8.0,236,165,131,64,283,349,321,289,36,56,427,269,189,First Line,74.0,1352.1,19.0,34.0,53.0,22.015583540395404,53.93258426966292,55.5558686803418,8475191,R,73.0,185.0,1991-04-01,CAN,2009.0,3.0,69.0,L,27,"[72, 91, 67, 73, 83]","[80, 79, 79, 80, 82]","[62, 59, 67, 73, 76]","['BOS', 'FLA', 'FLA', 'VGK', 'VGK']"
2018-2019,Richard Panik,ARI,F,22.0,61.4,30.4,14.1,86.2,52.2,59.3,59.7,75.9,11.0,73.5,39.1,33.3,68.6,78.7,334,166,298,232.0,27.0,205,175,173,104,343,114,261,286,135,92,427,269,189,Second Line,75.0,1245.6333333333334,14.0,19.0,33.0,15.591078178894767,50.0,51.18829453285447,8475209,R,74.0,203.0,1991-02-07,SVK,2009.0,2.0,52.0,L,27,"[55, 39, 17, 36, 20]","[18, 22, 44, 70, 56]","[74, 48, 23, 15, 46]","['TOR', 'CHI', 'CHI', 'ARI', 'ARI']"
2018-2019,Rickard Rakell,ANA,F,73.3,71.9,23.9,24.5,,84.1,78.5,74.5,48.9,78.7,50.6,23.2,15.7,61.6,77.0,115,121,326,204.0,,69,93,110,219,91,212,329,361,165,99,427,269,189,First Line,69.0,1274.6166666666666,18.0,25.0,43.0,18.855643164548916,45.0,46.31002070163244,8476483,R,73.0,194.0,1993-05-05,SWE,2011.0,1.0,30.0,R,25,"[49, 83, 88, 84, 48]","[64, 62, 70, 74, 70]","[65, 67, 76, 41, 13]","['ANA', 'ANA', 'ANA', 'ANA', 'ANA']"
2018-2019,Riley Nash,CBJ,F,71.7,31.6,99.1,,,14.1,10.5,23.4,42.4,43.6,60.9,8.7,44.5,68.9,23.9,122,293,5,,,368,383,328,247,224,168,391,238,134,326,427,269,189,Fourth Line,78.0,845.5,4.0,9.0,13.0,7.6793528140574345,33.33333333333333,51.611274958618694,8474062,C,73.0,187.0,1989-05-09,CAN,2007.0,1.0,21.0,R,29,"[57, 67, 68, 81, 60]","[45, 60, 50, 39, 23]","[83, 79, 97, 98, 99]","['CAR', 'CAR', 'BOS', 'BOS', 'CBJ']"
2018-2019,Riley Sheahan,FLA,F,67.7,45.9,76.6,,59.3,13.6,18.7,31.4,28.6,85.5,51.8,5.2,34.7,43.3,22.2,139,232,101,,78.0,370,348,294,306,63,207,406,280,243,333,427,269,189,Fourth Line,82.0,1103.85,9.0,10.0,19.0,11.886023268216682,39.705882352941174,48.49971673056984,8475772,C,74.0,214.0,1991-12-07,CAN,2010.0,1.0,21.0,L,26,"[70, 51, 14, 76, 67]","[73, 78, 59, 52, 36]","[62, 41, 61, 75, 80]","['DET', 'DET', 'DET', 'PIT', 'FLA']"
2018-2019,Robby Fabbri,STL,F,37.5,40.5,24.4,25.3,,32.1,10.1,53.4,34.4,75.6,50.8,96.7,93.9,77.5,96.0,268,255,324,202.0,,291,385,200,281,99,211,15,27,97,18,427,269,189,Fourth Line,32.0,404.9166666666667,2.0,4.0,6.0,4.721982745918622,46.875,49.073448347760745,8477952,C,71.0,185.0,1996-01-22,CAN,2014.0,1.0,21.0,L,22,"[None, 66, 30, None, 40]","[None, 62, 42, None, 40]","[None, 17, 14, None, 26]","[None, 'STL', 'STL', None, 'STL']"
2018-2019,Robert Thomas,STL,F,29.0,39.3,72.1,34.6,,33.5,11.5,8.9,90.9,18.1,9.4,71.9,56.9,74.5,29.3,304,260,120,177.0,,285,379,390,40,313,388,121,185,110,303,427,269,189,Fourth Line,70.0,915.0833333333334,9.0,24.0,33.0,9.003388341794142,51.72413793103448,55.45393675656703,8480023,C,72.0,207.0,1999-07-02,CAN,2017.0,1.0,20.0,R,19,"[None, None, None, None, 31]","[None, None, None, None, 40]","[None, None, None, None, 70]","[None, None, None, None, 'STL']"
2018-2019,Rocco Grimaldi,NSH,F,53.9,45.4,47.3,,,24.4,37.7,71.7,44.3,77.2,35.1,91.1,84.1,70.0,11.7,198,234,226,,,324,267,122,239,95,278,39,69,129,378,427,269,189,Fourth Line,53.0,530.3333333333334,5.0,8.0,13.0,6.568171393751354,46.666666666666664,52.82533105632241,8476428,R,66.0,180.0,1993-02-08,USA,2011.0,2.0,33.0,R,25,"[None, None, None, None, 51]","[None, None, None, None, 45]","[None, None, None, None, 46]","[None, None, None, None, 'NSH']"
2018-2019,Roope Hintz,DAL,F,41.7,51.5,62.1,22.7,,18.3,19.2,63.0,35.1,42.3,73.3,71.7,69.6,62.1,44.5,250,208,163,209.0,,350,346,159,278,228,115,122,131,163,238,427,269,189,Third Line,58.0,815.2666666666667,9.0,13.0,22.0,11.384576058008586,42.22222222222222,53.541872181676965,8478449,C,75.0,217.0,1996-11-17,FIN,2015.0,2.0,49.0,L,21,"[None, None, None, None, 42]","[None, None, None, None, 51]","[None, None, None, None, 61]","[None, None, None, None, 'DAL']"
2018-2019,Rudolfs Balcers,OTT,F,9.6,33.5,38.6,20.4,,23.0,6.1,79.4,32.8,24.8,38.9,97.2,94.6,2.8,44.7,387,285,263,215.0,,330,402,89,288,287,262,13,24,416,237,427,269,189,Fourth Line,36.0,444.75,5.0,9.0,14.0,6.344274289625154,37.03703703703704,43.063039878320325,8478870,L,71.0,182.0,1997-04-08,LVA,2015.0,5.0,142.0,L,21,"[None, None, None, None, 14]","[None, None, None, None, 33]","[None, None, None, None, 37]","[None, None, None, None, 'OTT']"
2018-2019,Ryan Callahan,TBL,F,49.6,50.8,54.1,,34.4,12.4,13.1,45.7,65.8,68.9,83.1,61.8,78.9,64.2,0.5,216,211,197,,125.0,375,372,233,147,124,73,164,91,154,426,427,269,189,Fourth Line,52.0,579.2333333333333,7.0,10.0,17.0,6.9584486923082896,53.65853658536586,54.878008866296625,8471339,R,70.0,187.0,1985-03-21,USA,2004.0,4.0,127.0,R,33,"[91, 64, None, 55, 46]","[87, 68, None, 53, 49]","[71, 43, None, 44, 62]","['TBL', 'TBL', None, 'TBL', 'TBL']"
2018-2019,Ryan Carpenter,VGK,F,34.4,51.3,53.4,,18.5,9.1,21.1,59.3,10.8,45.7,83.8,79.9,71.2,54.3,3.7,281,209,200,,155.0,389,338,175,382,215,70,87,124,196,412,427,269,189,Fourth Line,68.0,857.8666666666667,5.0,13.0,18.0,9.50904607681068,40.67796610169492,54.735369349467675,8477846,C,73.0,198.0,1991-01-18,USA,,,,R,27,"[None, None, None, 39, 36]","[None, None, None, 36, 62]","[None, None, None, 41, 64]","[None, None, None, 'VGK', 'VGK']"
2018-2019,Ryan Donato,MIN,F,52.0,40.0,44.7,42.8,,3.3,37.5,92.7,30.4,89.5,37.2,85.9,73.1,72.4,54.3,206,257,237,155.0,,414,268,32,298,46,269,61,116,119,196,427,269,189,Third Line,56.0,767.1333333333333,10.0,15.0,25.0,12.790896009779976,45.23809523809524,50.92254041389954,8477987,C,72.0,190.0,1996-04-09,USA,2014.0,2.0,56.0,L,22,"[None, None, None, None, 49]","[None, None, None, None, 40]","[None, None, None, None, 42]","[None, None, None, None, 'MIN']"
2018-2019,Ryan Dzingel,CBJ,F,19.0,57.1,4.2,2.2,,93.0,86.4,60.2,54.8,34.4,23.0,30.4,12.9,16.9,63.7,347,184,410,264.0,,31,59,171,194,254,330,298,373,356,156,427,269,189,Second Line,78.0,1311.5666666666666,26.0,30.0,56.0,16.77252150995016,47.58064516129033,45.442600368755706,8476288,C,72.0,190.0,1992-03-09,USA,2011.0,7.0,204.0,L,26,"[None, 24, 64, 67, 2]","[None, 25, 53, 55, 60]","[None, 50, 48, 10, 1]","[None, 'OTT', 'OTT', 'OTT', 'CBJ']"
2018-2019,Ryan Getzlaf,ANA,F,82.4,87.4,93.9,81.0,,75.2,40.7,4.7,95.1,4.7,59.3,26.5,27.2,37.5,87.4,76,55,27,52.0,,107,254,408,22,369,175,315,312,268,55,427,269,189,First Line,67.0,1304.0,14.0,34.0,48.0,12.509095261211787,46.06741573033708,47.885214780647765,8470612,C,76.0,220.0,1985-05-10,CAN,2003.0,1.0,19.0,R,33,"[95, 85, 92, 81, 78]","[95, 90, 91, 89, 83]","[95, 98, 98, 95, 83]","['ANA', 'ANA', 'ANA', 'ANA', 'ANA']"
2018-2019,Ryan Hartman,PHI,F,42.6,45.2,37.5,,,44.5,56.2,61.8,44.5,63.0,68.4,29.3,30.2,58.3,41.2,246,235,268,,,238,188,164,238,146,136,303,299,179,252,427,269,189,Fourth Line,83.0,1088.7833333333333,12.0,14.0,26.0,12.747386169248083,49.45054945054945,45.36382447910708,8477451,R,72.0,197.0,1994-09-20,USA,2013.0,1.0,30.0,R,23,"[None, None, 75, 61, 25]","[None, None, 62, 50, 35]","[None, None, 76, 68, 19]","[None, None, 'CHI', 'NSH', 'PHI']"
2018-2019,Ryan Johansen,NSH,F,60.0,94.1,8.4,83.6,87.8,21.8,32.6,37.0,91.3,1.6,32.8,39.8,11.7,88.3,93.0,172,26,392,45.0,24.0,335,289,270,38,382,288,258,378,51,31,427,269,189,First Line,80.0,1564.4166666666667,14.0,50.0,64.0,15.230170723011968,51.26050420168067,52.549873516531534,8475793,C,75.0,218.0,1992-07-31,CAN,2010.0,1.0,4.0,R,26,"[77, 74, 73, 17, 71]","[90, 81, 93, 82, 96]","[8, 72, 31, 17, 5]","['CBJ', 'NSH', 'NSH', 'NSH', 'NSH']"
2018-2019,Ryan Kesler,ANA,F,48.9,69.6,55.3,79.9,15.3,18.5,16.2,33.5,1.4,8.9,62.8,49.6,67.9,60.0,91.3,219,131,192,55.0,161.0,349,359,285,422,351,160,216,138,172,38,427,269,189,Second Line,60.0,989.9166666666666,5.0,3.0,8.0,8.729247516564456,40.625,42.96766598716651,8470616,C,74.0,206.0,1984-08-31,USA,2003.0,1.0,23.0,R,34,"[83, 90, 89, 68, 14]","[84, 89, 93, 66, 61]","[70, 85, 91, 69, 33]","['ANA', 'ANA', 'ANA', 'ANA', 'ANA']"
2018-2019,Ryan Nugent-Hopkins,EDM,F,52.5,49.2,10.8,84.8,6.3,56.0,60.9,71.0,61.6,79.6,25.1,16.4,21.1,44.3,74.9,204,218,382,42.0,178.0,189,168,125,165,87,321,358,338,239,108,427,269,189,First Line,82.0,1648.3833333333332,28.0,41.0,69.0,23.182058038887735,45.63106796116505,45.54058009930859,8476454,C,73.0,192.0,1993-04-12,CAN,2011.0,1.0,1.0,L,25,"[85, 25, 13, 49, 63]","[62, 36, 38, 60, 41]","[61, 28, 12, 16, 10]","['EDM', 'EDM', 'EDM', 'EDM', 'EDM']"
2018-2019,Ryan O'Reilly,STL,F,98.4,76.3,99.3,97.0,92.6,73.3,56.0,55.3,70.7,96.7,3.0,6.1,4.9,62.3,89.9,8,102,4,9.0,15.0,115,189,192,126,15,415,402,407,162,44,427,269,189,First Line,82.0,1702.2166666666667,28.0,49.0,77.0,24.364801917831915,64.21052631578948,57.19648312983391,8475158,C,73.0,207.0,1991-02-07,CAN,2009.0,2.0,33.0,L,27,"[85, 93, 99, 97, 97]","[60, 62, 69, 60, 85]","[94, 94, 99, 99, 99]","['COL', 'BUF', 'BUF', 'BUF', 'STL']"
2018-2019,Ryan Reaves,VGK,F,8.4,9.1,70.3,,,16.2,18.3,47.5,26.2,19.2,99.5,68.6,67.0,69.8,0.7,392,389,128,,,359,350,225,316,309,3,135,142,130,425,427,269,189,Fourth Line,80.0,869.8166666666666,9.0,11.0,20.0,12.447905921876028,53.06122448979592,55.66471437864017,8471817,R,74.0,225.0,1987-01-20,CAN,2005.0,5.0,156.0,R,31,"[12, 9, 28, 6, 18]","[9, 4, 6, 7, 19]","[88, 73, 81, 61, 71]","['STL', 'STL', 'STL', 'VGK', 'VGK']"
2018-2019,Ryan Spooner,VAN,F,27.6,33.3,13.1,59.1,,55.7,34.0,21.8,47.8,58.8,41.0,87.6,76.3,31.1,28.3,310,286,372,111.0,,190,283,335,224,164,253,54,102,295,307,427,269,189,Fourth Line,52.0,594.1833333333333,3.0,6.0,9.0,6.129821757208909,36.666666666666664,44.626081833370435,8475727,C,71.0,191.0,1992-01-30,CAN,2010.0,2.0,45.0,L,26,"[40, 13, 45, 39, 24]","[43, 48, 56, 35, 26]","[33, 4, 21, 5, 23]","['BOS', 'BOS', 'BOS', 'NYR', 'VAN']"
2018-2019,Ryan Strome,NYR,F,1.4,66.3,7.5,21.9,69.3,41.5,33.3,27.2,41.5,2.6,33.5,28.1,28.6,16.2,27.4,422,145,396,211.0,59.0,251,286,312,251,378,285,308,306,359,311,427,269,189,Second Line,81.0,1261.2166666666667,19.0,16.0,35.0,13.708079810462639,47.76119402985074,45.2312393410036,8476458,C,73.0,192.0,1993-07-11,CAN,2011.0,1.0,5.0,R,25,"[56, 18, 20, 11, 1]","[97, 89, 77, 64, 64]","[6, 2, 5, 20, 5]","['NYI', 'NYI', 'NYI', 'EDM', 'NYR']"
2018-2019,Saku Maenalanen,CAR,F,20.6,33.0,48.2,,,53.2,71.4,46.6,55.5,20.6,79.2,98.4,99.5,82.7,3.0,340,287,222,,,201,123,229,191,303,90,8,3,75,415,427,269,189,Fourth Line,34.0,320.65000000000003,4.0,4.0,8.0,3.319425735145494,50.0,51.07128688056319,8477357,R,76.0,214.0,1994-05-29,FIN,2013.0,5.0,125.0,L,24,"[None, None, None, None, 26]","[None, None, None, None, 32]","[None, None, None, None, 47]","[None, None, None, None, 'CAR']"
2018-2019,Sam Bennett,CGY,F,18.7,66.5,57.4,3.3,,2.6,45.9,91.6,59.3,12.6,74.0,58.3,42.9,80.8,29.5,348,144,183,261.0,,417,232,37,175,336,112,179,245,83,302,427,269,189,Fourth Line,71.0,943.5833333333334,13.0,14.0,27.0,15.984972449432552,47.22222222222222,54.43320310018465,8477935,C,73.0,193.0,1996-06-20,CAN,2014.0,1.0,4.0,L,22,"[None, 79, 11, 6, 41]","[None, 50, 15, 65, 72]","[None, 42, 87, 49, 51]","[None, 'CGY', 'CGY', 'CGY', 'CGY']"
2018-2019,Sam Gagner,EDM,F,13.1,63.0,19.0,40.1,,21.5,30.4,43.8,68.6,15.0,35.8,83.6,81.5,11.2,42.2,372,159,347,162.0,,336,298,241,135,326,275,71,80,380,248,427,269,189,Third Line,32.0,466.7166666666667,6.0,7.0,13.0,5.627474846899472,41.66666666666667,50.68212965027651,8474040,C,71.0,200.0,1989-08-10,CAN,2007.0,1.0,6.0,R,29,"[3, 17, 63, 8, 18]","[35, 35, 75, 59, 61]","[1, 14, 15, 9, 30]","['ARI', 'PHI', 'CBJ', 'VAN', 'EDM']"
2018-2019,Sam Reinhart,BUF,F,95.3,91.3,92.7,75.5,,63.5,60.0,60.7,72.1,89.9,22.7,28.8,5.4,8.4,79.9,21,38,32,67.0,,157,172,169,120,44,331,305,405,392,87,427,269,189,First Line,82.0,1554.5333333333333,22.0,43.0,65.0,22.432910772123115,51.78571428571429,50.5086180163312,8477933,C,73.0,196.0,1995-11-06,CAN,2014.0,1.0,2.0,R,22,"[None, 90, 91, 90, 95]","[None, 80, 90, 78, 95]","[None, 76, 87, 94, 88]","[None, 'BUF', 'BUF', 'BUF', 'BUF']"
2018-2019,Sam Steel,ANA,F,18.3,27.6,34.0,31.2,,63.0,95.1,10.3,30.0,28.3,15.0,99.8,100.0,19.4,43.1,350,310,283,186.0,,159,22,384,300,277,364,2,1,345,244,427,269,189,Third Line,22.0,329.23333333333335,6.0,5.0,11.0,3.0460386254762657,65.0,38.13948356478619,8479351,C,72.0,185.0,1998-02-03,CAN,2016.0,1.0,30.0,L,20,"[None, None, None, None, 23]","[None, None, None, None, 29]","[None, None, None, None, 33]","[None, None, None, None, 'ANA']"
2018-2019,Sammy Blais,STL,F,38.4,20.1,49.2,,,44.3,11.9,11.5,13.3,63.6,98.8,96.5,98.6,61.4,11.2,264,342,218,,,239,377,379,371,145,6,16,7,166,380,427,269,189,Fourth Line,32.0,315.3,2.0,2.0,4.0,2.687388605309246,47.61904761904761,48.25815245403244,8478104,L,74.0,206.0,1996-06-17,CAN,2014.0,6.0,176.0,L,22,"[None, None, None, None, 39]","[None, None, None, None, 19]","[None, None, None, None, 48]","[None, None, None, None, 'STL']"
2018-2019,Scott Laughton,PHI,F,44.3,20.6,87.4,,23.3,18.0,37.2,55.7,53.2,56.7,77.0,19.9,38.6,21.3,12.4,239,340,55,,146.0,351,269,190,201,171,99,343,263,337,375,427,269,189,Third Line,82.0,1217.8,12.0,20.0,32.0,14.688086383888919,43.47826086956522,48.87732160303624,8476872,C,73.0,190.0,1994-05-30,CAN,2012.0,1.0,20.0,L,24,"[18, 8, None, 68, 27]","[27, 20, None, 14, 31]","[47, 40, None, 87, 81]","['PHI', 'PHI', None, 'PHI', 'PHI']"
2018-2019,Sean Couturier,PHI,F,99.8,94.8,99.8,75.1,97.9,88.5,81.3,68.4,82.4,93.7,23.9,4.9,3.3,40.5,94.8,2,23,2,68.0,5.0,50,81,136,76,28,326,407,414,255,23,427,269,189,First Line,80.0,1770.1666666666667,33.0,43.0,76.0,27.473116663574267,48.148148148148145,52.5973574220165,8476461,C,76.0,210.0,1992-12-07,USA,2011.0,1.0,8.0,L,25,"[85, 92, 79, 98, 100]","[32, 64, 81, 90, 96]","[98, 99, 96, 99, 100]","['PHI', 'PHI', 'PHI', 'PHI', 'PHI']"
2018-2019,Sean Kuraly,BOS,F,16.4,43.1,52.2,,37.6,3.0,9.6,38.9,26.7,29.7,81.7,1.2,49.9,57.8,9.6,358,244,205,,119.0,415,387,262,314,274,79,423,215,181,387,427,269,189,Third Line,71.0,977.9666666666668,8.0,13.0,21.0,9.938789264621102,54.54545454545454,51.152390715600774,8476374,C,74.0,208.0,1993-01-20,USA,2011.0,5.0,133.0,L,25,"[None, None, None, 28, 15]","[None, None, None, 45, 45]","[None, None, None, 52, 53]","[None, None, None, 'BOS', 'BOS']"
2018-2019,Sean Monahan,CGY,F,83.4,91.8,2.3,94.4,,86.2,87.6,89.5,92.5,69.3,4.4,41.2,14.5,94.4,77.5,72,36,418,16.0,,60,54,46,33,122,409,252,366,25,97,427,269,189,First Line,78.0,1486.2666666666669,34.0,48.0,82.0,29.828929265121154,52.459016393442624,52.41156282652235,8477497,C,74.0,206.0,1994-10-12,CAN,2013.0,1.0,6.0,L,23,"[75, 70, 62, 80, 86]","[64, 76, 86, 90, 91]","[7, 8, 5, 4, 2]","['CGY', 'CGY', 'CGY', 'CGY', 'CGY']"
2018-2019,Sebastian Aho,CAR,F,85.9,85.7,17.8,90.7,79.4,20.4,72.4,88.1,83.4,93.2,32.1,22.5,5.6,99.8,82.2,61,62,352,26.0,40.0,341,119,52,72,30,291,332,404,2,77,427,269,189,First Line,82.0,1652.3666666666666,30.0,53.0,83.0,32.05693907303275,61.386138613861384,56.04311223390553,8478427,C,72.0,189.0,1997-07-26,FIN,2015.0,2.0,35.0,L,21,"[None, None, 61, 84, 89]","[None, None, 48, 62, 94]","[None, None, 39, 28, 11]","[None, None, 'CAR', 'CAR', 'CAR']"
2018-2019,Sheldon Dries,COL,F,17.6,18.7,44.0,,54.5,36.3,10.8,52.0,19.0,31.9,86.7,97.0,98.1,50.6,0.9,353,348,240,,87.0,273,382,206,347,265,58,14,9,212,424,427,269,189,Fourth Line,40.0,362.95,3.0,3.0,6.0,4.29586390991059,36.0,43.615567804825,8480326,C,70.0,182.0,1994-04-23,USA,,,,L,24,"[None, None, None, None, 23]","[None, None, None, None, 18]","[None, None, None, None, 42]","[None, None, None, None, 'COL']"
2018-2019,Sidney Crosby,PIT,F,99.5,99.8,39.8,90.0,,78.5,79.4,85.5,98.4,76.1,31.4,12.6,1.6,82.0,97.7,3,2,258,28.0,,93,89,63,8,97,294,374,421,78,11,427,269,189,First Line,79.0,1658.35,35.0,65.0,100.0,26.619730854605415,65.32258064516128,56.62844940769928,8471675,C,71.0,200.0,1987-08-07,CAN,2005.0,1.0,1.0,L,31,"[98, 96, 99, 96, 99]","[99, 98, 100, 99, 99]","[9, 6, 2, 18, 82]","['PIT', 'PIT', 'PIT', 'PIT', 'PIT']"
2018-2019,Stefan Noesen,NJD,F,30.2,39.6,77.3,,,23.7,26.7,79.9,20.6,19.7,81.0,74.0,77.8,28.6,37.2,299,259,98,,,327,314,87,340,307,82,112,96,306,269,427,269,189,Fourth Line,41.0,522.0166666666667,3.0,5.0,8.0,8.566883222434305,25.0,47.232042685623306,8476474,R,73.0,205.0,1993-02-12,USA,2011.0,1.0,21.0,R,25,"[None, None, 37, 62, 12]","[None, None, 37, 46, 38]","[None, None, 70, 93, 56]","[None, None, 'NJD', 'NJD', 'NJD']"
2018-2019,Steven Stamkos,TBL,F,80.6,72.6,21.3,72.5,,99.5,90.2,53.2,99.5,36.8,35.4,83.4,65.6,91.6,51.1,84,118,337,75.0,,3,43,201,3,250,277,72,148,37,210,427,269,189,First Line,82.0,1500.6166666666668,45.0,53.0,98.0,26.501652184403152,52.72727272727272,51.29280988637526,8474564,C,73.0,193.0,1990-02-07,CAN,2008.0,1.0,1.0,R,28,"[94, 65, 26, 58, 91]","[85, 67, 47, 78, 73]","[31, 19, 34, 19, 20]","['TBL', 'TBL', 'TBL', 'TBL', 'TBL']"
2018-2019,Sven Andrighetto,COL,F,54.8,36.1,65.8,13.4,,31.4,27.2,35.6,59.0,78.0,26.5,84.3,78.2,19.9,15.9,194,274,147,234.0,,294,312,276,176,94,315,68,94,343,360,427,269,189,Fourth Line,64.0,708.3833333333333,7.0,10.0,17.0,7.956661153111756,61.53846153846154,51.43508182552071,8477413,R,70.0,188.0,1993-03-21,CHE,2013.0,3.0,86.0,L,25,"[None, 62, 35, 43, 63]","[None, 48, 36, 29, 39]","[None, 59, 46, 59, 73]","[None, 'MTL', 'COL', 'COL', 'COL']"
2018-2019,Sven Baertschi,VAN,F,36.8,29.7,31.6,49.8,,71.0,84.3,51.3,23.2,52.9,26.0,98.1,93.7,4.0,84.5,271,301,293,136.0,,125,68,209,329,187,317,9,28,411,67,427,269,189,Third Line,26.0,393.5833333333333,9.0,5.0,14.0,6.4531565273649285,37.93103448275862,43.69009261281182,8476466,L,71.0,190.0,1992-10-05,CHE,2011.0,1.0,13.0,L,25,"[None, 64, 68, 36, 33]","[None, 38, 57, 25, 27]","[None, 34, 22, 32, 32]","[None, 'VAN', 'VAN', 'VAN', 'VAN']"
2018-2019,T.J. Oshie,WSH,F,85.7,55.3,82.9,80.7,,89.2,80.1,39.1,66.0,82.9,67.4,32.8,37.5,63.9,86.4,62,192,74,53.0,,47,86,261,146,73,140,288,268,155,59,427,269,189,First Line,69.0,1284.1666666666667,25.0,29.0,54.0,20.357927877268907,59.7560975609756,49.78248267842086,8471698,R,72.0,187.0,1986-12-23,USA,2005.0,1.0,24.0,R,31,"[83, 83, 95, 83, 81]","[60, 51, 67, 54, 53]","[77, 88, 79, 79, 81]","['STL', 'WSH', 'WSH', 'WSH', 'WSH']"
2018-2019,Tage Thompson,BUF,F,4.4,12.6,19.9,17.8,,28.3,19.7,24.1,9.1,33.7,51.1,84.1,79.2,18.5,18.5,409,374,343,222.0,,307,344,325,389,257,210,69,90,349,349,427,269,189,Fourth Line,65.0,788.4333333333333,7.0,5.0,12.0,8.750918435255224,29.166666666666668,40.94125697827201,8479420,C,78.0,220.0,1997-10-30,USA,2016.0,1.0,26.0,R,20,"[None, None, None, 22, 2]","[None, None, None, 16, 11]","[None, None, None, 28, 14]","[None, None, None, 'STL', 'BUF']"
2018-2019,Tanner Pearson,VAN,F,77.5,69.1,63.5,39.4,,63.2,73.3,72.4,12.2,90.6,70.7,22.7,24.1,48.0,63.2,97,133,157,164.0,,158,115,119,376,41,126,331,325,223,158,427,269,189,Third Line,80.0,1124.0833333333333,18.0,9.0,27.0,14.995193767053568,40.57971014492754,48.37231952669492,8476871,L,73.0,207.0,1992-08-10,CAN,2012.0,1.0,30.0,L,26,"[65, 82, 93, 82, 67]","[63, 69, 75, 75, 63]","[43, 74, 80, 58, 63]","['LAK', 'LAK', 'LAK', 'LAK', 'VAN']"
2018-2019,Taylor Hall,NJD,F,89.2,95.8,71.0,65.8,,46.6,79.9,97.9,97.4,53.6,37.0,76.3,70.3,19.2,89.0,47,19,125,93.0,,229,87,10,12,184,270,102,128,346,48,427,269,189,First Line,33.0,649.6666666666666,11.0,26.0,37.0,12.500700689365244,53.84615384615385,56.48088280968917,8475791,L,73.0,210.0,1991-11-14,CAN,2010.0,1.0,1.0,L,26,"[50, 88, 87, 98, 67]","[89, 99, 97, 98, 84]","[15, 18, 85, 64, 69]","['EDM', 'EDM', 'NJD', 'NJD', 'NJD']"
2018-2019,Teddy Blueger,PIT,F,22.5,27.4,50.4,,36.5,60.7,94.8,56.2,5.2,24.8,90.9,95.3,99.8,17.1,62.1,332,311,213,,121.0,169,23,188,406,287,40,21,2,355,163,427,269,189,Fourth Line,28.0,309.6,6.0,4.0,10.0,3.2579486208888118,62.5,50.57897376738089,8476927,C,72.0,185.0,1994-08-15,LVA,2012.0,2.0,52.0,L,24,"[None, None, None, None, 26]","[None, None, None, None, 29]","[None, None, None, None, 49]","[None, None, None, None, 'PIT']"
2018-2019,Teuvo Teravainen,CAR,F,87.1,64.4,98.6,79.6,77.8,83.1,58.3,26.7,90.2,47.3,6.1,21.1,15.0,94.8,67.0,56,153,7,56.0,43.0,73,179,314,43,208,402,338,364,23,142,427,269,189,Second Line,82.0,1469.2166666666667,21.0,55.0,76.0,16.983475381787652,64.63414634146342,54.05014144829001,8476882,C,71.0,191.0,1994-09-11,FIN,2012.0,1.0,18.0,L,23,"[44, 59, 86, 88, 84]","[42, 32, 69, 61, 65]","[56, 93, 97, 99, 96]","['CHI', 'CHI', 'CAR', 'CAR', 'CAR']"
2018-2019,Thomas Vanek,DET,F,1.2,70.5,0.9,31.6,,88.1,84.5,40.0,85.9,4.4,10.1,81.0,58.8,9.6,23.0,423,127,424,185.0,,52,67,257,61,370,385,82,177,387,330,427,269,189,Third Line,64.0,903.1333333333332,16.0,20.0,36.0,11.4335366206118,46.03174603174603,43.48439645110327,8470598,L,74.0,214.0,1984-01-19,AUT,2003.0,1.0,5.0,R,34,"[7, 17, 10, 9, 2]","[74, 77, 81, 79, 58]","[1, 0, 0, 0, 2]","['MIN', 'MIN', 'FLA', 'CBJ', 'DET']"
2018-2019,Tim Schaller,VAN,F,40.7,52.2,59.0,,73.5,8.9,17.3,56.9,58.5,39.6,78.2,62.8,82.7,20.8,42.9,254,205,176,,51.0,390,354,185,178,238,94,160,75,339,245,427,269,189,Fourth Line,47.0,501.15,3.0,7.0,10.0,4.190304674249098,47.22222222222222,46.08397544516867,8477213,L,74.0,204.0,1990-11-16,USA,,,,L,27,"[None, None, 26, 50, 43]","[None, None, 54, 66, 38]","[None, None, 43, 74, 52]","[None, None, 'BOS', 'BOS', 'VAN']"
2018-2019,Timo Meier,SJS,F,85.0,84.8,48.7,59.9,,47.5,87.8,99.1,68.1,90.9,62.1,39.6,43.1,89.2,66.5,65,66,220,109.0,,225,53,5,137,40,163,259,244,47,144,427,269,189,Second Line,78.0,1323.8666666666668,30.0,36.0,66.0,27.6195427167707,53.91304347826087,56.41112671811454,8478414,R,73.0,220.0,1996-10-08,CHE,2015.0,1.0,9.0,L,21,"[None, None, 52, 71, 93]","[None, None, 52, 78, 90]","[None, None, 56, 20, 71]","[None, None, 'SJS', 'SJS', 'SJS']"
2018-2019,Tobias Rieder,EDM,F,12.4,5.6,55.7,,34.9,5.9,4.4,34.2,38.4,65.1,57.8,37.7,51.1,12.2,52.2,375,404,190,,124.0,403,409,282,264,140,181,267,210,376,205,427,269,189,Fourth Line,67.0,847.15,0.0,11.0,11.0,8.55222695238003,33.33333333333333,46.01783854414768,8476356,L,71.0,189.0,1993-01-10,DEU,2011.0,4.0,114.0,L,25,"[40, 57, 50, 25, 10]","[9, 42, 22, 5, 7]","[54, 46, 25, 56, 59]","['ARI', 'ARI', 'ARI', 'LAK', 'EDM']"
2018-2019,Tom Kuhnhackl,NYI,F,15.5,6.8,63.7,,14.3,40.5,15.2,6.3,11.0,39.8,86.2,89.7,91.1,51.5,5.9,362,399,156,,163.0,255,363,401,381,237,60,45,39,208,403,427,269,189,Fourth Line,36.0,456.55,4.0,5.0,9.0,3.017068477744732,48.27586206896552,44.302336251054314,8475832,R,74.0,190.0,1992-01-21,DEU,2010.0,4.0,110.0,L,26,"[None, 50, 22, 28, 15]","[None, 36, 24, 7, 8]","[None, 55, 71, 67, 58]","[None, 'PIT', 'PIT', 'PIT', 'NYI']"
2018-2019,Tom Pyatt,OTT,F,24.1,4.9,61.8,,40.2,25.8,2.3,4.9,9.8,58.1,48.7,56.4,85.0,3.7,72.8,325,407,164,,114.0,318,418,407,386,167,220,187,65,412,117,427,269,189,Fourth Line,37.0,433.4,0.0,2.0,2.0,2.530230643785771,16.0,36.62258368508524,8471768,L,71.0,185.0,1987-02-14,CAN,2005.0,4.0,107.0,L,31,"[None, None, 69, 20, 19]","[None, None, 24, 3, 8]","[None, None, 87, 56, 57]","[None, None, 'OTT', 'OTT', 'OTT']"
2018-2019,Tom Wilson,WSH,F,35.4,37.9,43.3,32.0,92.1,79.4,77.5,58.8,54.6,16.9,94.4,44.5,42.4,44.5,86.9,277,266,243,184.0,16.0,89,97,177,195,318,25,238,247,238,57,427,269,189,First Line,63.0,1142.9833333333331,22.0,18.0,40.0,16.860105033144634,54.02298850574713,46.6014309755298,8476880,R,76.0,225.0,1994-03-29,CAN,2012.0,1.0,16.0,R,24,"[44, 3, 38, 16, 49]","[23, 18, 14, 41, 41]","[72, 75, 89, 44, 32]","['WSH', 'WSH', 'WSH', 'WSH', 'WSH']"
2018-2019,Tomas Hertl,SJS,F,77.0,76.6,51.1,62.8,45.5,41.7,66.7,79.6,82.0,75.9,45.2,34.7,26.7,87.6,71.7,99,101,210,101.0,104.0,250,143,88,78,98,235,280,314,54,122,427,269,189,First Line,77.0,1464.5166666666669,35.0,39.0,74.0,26.568710111726002,50.81967213114754,53.22844381562296,8476881,C,75.0,220.0,1993-11-12,CZE,2012.0,1.0,17.0,L,24,"[54, 80, 35, 51, 89]","[81, 82, 58, 69, 82]","[23, 50, 66, 47, 53]","['SJS', 'SJS', 'SJS', 'SJS', 'SJS']"
2018-2019,Tomas Nosek,VGK,F,39.8,49.6,53.6,,59.8,6.6,33.5,90.6,52.2,56.9,69.6,80.6,69.3,66.7,2.1,258,216,199,,77.0,400,285,41,205,170,131,84,132,143,419,427,269,189,Fourth Line,68.0,848.0166666666667,8.0,9.0,17.0,12.534251395375327,41.37931034482759,53.43435264509201,8477931,L,75.0,199.0,1992-09-01,CZE,,,,L,26,"[None, None, None, 41, 44]","[None, None, None, 49, 50]","[None, None, None, 48, 57]","[None, None, None, 'VGK', 'VGK']"
2018-2019,Tomas Tatar,MTL,F,85.2,87.8,89.9,5.2,,86.7,80.8,72.8,72.6,41.5,39.1,8.4,13.1,87.1,67.2,64,53,44,256.0,,58,83,117,118,230,261,392,372,56,141,427,269,189,Second Line,80.0,1312.75,25.0,33.0,58.0,21.225689939629564,64.13043478260869,60.02162619410398,8475193,L,70.0,173.0,1990-12-01,SVK,2009.0,2.0,60.0,L,27,"[95, 84, 80, 83, 85]","[83, 85, 72, 76, 93]","[91, 85, 84, 52, 96]","['DET', 'DET', 'DET', 'VGK', 'MTL']"
2018-2019,Travis Boyd,WSH,F,20.1,32.6,28.1,,,54.3,46.8,19.0,97.0,35.8,35.6,90.4,90.9,33.0,21.8,342,289,308,,,196,228,347,14,251,276,42,40,287,335,427,269,189,Fourth Line,53.0,520.9,5.0,15.0,20.0,4.458561096675944,57.77777777777777,45.07499290500899,8476329,C,72.0,190.0,1993-09-14,USA,2011.0,6.0,177.0,R,24,"[None, None, None, None, 25]","[None, None, None, None, 32]","[None, None, None, None, 28]","[None, None, None, None, 'WSH']"
2018-2019,Travis Konecny,PHI,F,66.3,67.7,6.6,19.3,,90.2,88.5,83.1,69.6,89.2,52.9,21.8,21.3,59.7,69.6,145,139,400,218.0,,43,50,73,131,47,202,335,337,173,131,427,269,189,Third Line,82.0,1251.3333333333333,24.0,25.0,49.0,17.566141218327385,50.0,46.5861154284244,8478439,R,70.0,192.0,1997-03-11,CAN,2015.0,1.0,24.0,R,21,"[None, None, 53, 74, 57]","[None, None, 50, 72, 67]","[None, None, 7, 12, 6]","[None, None, 'PHI', 'PHI', 'PHI']"
2018-2019,Travis Zajac,NJD,F,83.1,71.0,93.2,67.7,100.0,73.8,47.3,14.1,33.7,20.1,34.0,3.5,27.4,32.3,96.7,73,125,30,88.0,1.0,113,226,368,284,305,283,413,311,290,15,427,269,189,First Line,80.0,1541.6666666666667,19.0,27.0,46.0,13.845142274942173,42.70833333333333,49.34051773870716,8471233,C,74.0,185.0,1985-05-13,CAN,2004.0,1.0,20.0,R,33,"[81, 83, 86, 72, 85]","[67, 76, 78, 57, 74]","[97, 89, 91, 96, 85]","['NJD', 'NJD', 'NJD', 'NJD', 'NJD']"
2018-2019,Trevor Lewis,LAK,F,52.2,26.7,92.5,,15.9,27.4,21.3,48.2,56.7,46.4,69.8,69.8,68.9,13.8,14.5,205,314,33,,160.0,311,337,222,186,212,130,130,134,369,366,427,269,189,Third Line,44.0,617.0,3.0,9.0,12.0,6.2594977938159095,40.909090909090914,53.40005337920965,8473453,C,73.0,205.0,1987-01-08,USA,2006.0,1.0,17.0,R,31,"[61, 30, 48, 46, 56]","[9, 25, 18, 12, 44]","[89, 96, 96, 95, 83]","['LAK', 'LAK', 'LAK', 'LAK', 'LAK']"
2018-2019,Troy Brouwer,FLA,F,41.2,2.6,85.7,,45.0,65.8,44.0,13.3,34.9,50.8,85.2,36.5,54.3,51.1,30.7,252,417,62,,105.0,147,240,371,279,196,64,272,196,210,297,427,269,189,Fourth Line,75.0,951.6666666666666,12.0,9.0,21.0,8.88624391789884,44.44444444444444,49.0906874038023,8471426,R,75.0,213.0,1985-08-17,CAN,2004.0,7.0,214.0,R,33,"[49, 21, 36, 15, 60]","[21, 9, 2, 3, 5]","[57, 70, 37, 82, 88]","['WSH', 'STL', 'CGY', 'CGY', 'FLA']"
2018-2019,Troy Terry,ANA,F,63.5,29.0,40.3,34.2,,47.1,6.3,4.2,62.1,93.9,19.2,97.9,96.7,13.1,58.8,157,304,256,178.0,,227,401,410,163,27,346,10,15,372,177,427,269,189,Third Line,33.0,446.26666666666665,4.0,9.0,13.0,3.1057737064636406,69.56521739130434,47.14999995375235,8478873,R,72.0,193.0,1997-09-10,USA,2015.0,5.0,148.0,R,20,"[None, None, None, None, 59]","[None, None, None, None, 30]","[None, None, None, None, 39]","[None, None, None, None, 'ANA']"
2018-2019,Ty Rattie,EDM,F,30.9,24.6,40.7,30.9,,7.7,20.6,93.2,50.6,71.4,68.1,89.5,86.9,44.7,96.3,296,323,254,187.0,,395,340,30,212,115,137,46,57,237,17,427,269,189,Fourth Line,50.0,567.2833333333333,4.0,7.0,11.0,9.484259920586881,48.48484848484848,50.24317559411795,8476427,R,72.0,183.0,1993-02-05,CAN,2011.0,2.0,32.0,R,25,"[None, None, None, None, 32]","[None, None, None, None, 25]","[None, None, None, None, 40]","[None, None, None, None, 'EDM']"
2018-2019,Tyler Bertuzzi,DET,F,64.4,60.7,34.7,46.8,,61.1,65.6,83.8,77.8,70.5,54.3,47.3,56.7,25.3,78.5,153,169,280,144.0,,167,148,70,96,117,196,226,186,320,93,427,269,189,Second Line,73.0,1205.6833333333334,21.0,26.0,47.0,15.444978883530661,55.434782608695656,46.100174144512266,8477479,L,74.0,200.0,1995-02-24,CAN,2013.0,2.0,58.0,L,23,"[None, None, None, 66, 60]","[None, None, None, 46, 70]","[None, None, None, 62, 22]","[None, None, None, 'DET', 'DET']"
2018-2019,Tyler Bozak,STL,F,60.4,63.5,37.7,92.6,21.7,11.5,37.9,59.5,75.6,22.0,22.0,55.0,37.0,78.5,17.1,170,157,267,21.0,149.0,379,266,174,105,297,334,193,270,93,355,427,269,189,Second Line,72.0,1177.1166666666666,13.0,25.0,38.0,16.02245519619857,50.72463768115942,53.24911054683336,8475098,C,73.0,187.0,1986-03-19,CAN,,,,R,32,"[34, 35, 54, 56, 60]","[19, 55, 74, 70, 53]","[4, 10, 10, 34, 50]","['TOR', 'TOR', 'TOR', 'TOR', 'STL']"
2018-2019,Tyler Ennis,TOR,F,51.8,62.8,18.5,46.5,,51.8,92.3,75.6,15.2,68.6,61.8,72.8,85.9,62.8,16.6,207,160,349,145.0,,207,34,105,363,125,164,117,61,160,357,427,269,189,Fourth Line,51.0,506.9,13.0,6.0,19.0,9.825368599139154,48.48484848484848,51.37584218799902,8474589,R,69.0,160.0,1989-10-06,CAN,2008.0,1.0,26.0,L,28,"[69, 20, 14, 48, 61]","[80, 48, 60, 73, 53]","[0, 13, 7, 10, 31]","['BUF', 'BUF', 'BUF', 'MIN', 'TOR']"
2018-2019,Tyler Johnson,TBL,F,65.8,72.1,4.9,19.0,,96.7,93.4,67.7,22.0,69.8,22.2,33.3,25.5,93.7,68.6,147,120,407,219.0,,15,29,139,334,120,333,286,319,28,135,427,269,189,Second Line,80.0,1275.8666666666668,29.0,18.0,47.0,18.411990384189313,57.14285714285714,50.15368926103414,8474870,C,68.0,191.0,1990-07-29,USA,,,,R,28,"[93, 71, 49, 36, 76]","[78, 66, 56, 71, 75]","[57, 36, 18, 4, 5]","['TBL', 'TBL', 'TBL', 'TBL', 'TBL']"
2018-2019,Tyler Motte,VAN,F,28.8,11.7,30.7,,13.2,16.4,19.9,52.9,7.5,86.9,92.5,48.2,81.0,14.8,34.4,305,378,297,,165.0,358,343,202,396,57,33,222,82,365,281,427,269,189,Fourth Line,74.0,945.3333333333334,9.0,7.0,16.0,10.545900733939426,36.206896551724135,42.73813162632493,8477353,C,70.0,194.0,1995-03-10,USA,2013.0,4.0,121.0,L,23,"[None, None, 20, 30, 34]","[None, None, 23, 28, 7]","[None, None, 30, 32, 29]","[None, None, 'CHI', 'VAN', 'VAN']"
2018-2019,Tyler Pitlick,DAL,F,34.9,7.0,84.8,,9.5,71.7,78.7,60.0,3.5,41.0,82.0,49.2,80.8,53.6,48.5,279,398,66,,172.0,122,92,172,413,232,78,218,83,199,221,427,269,189,Fourth Line,47.0,628.9666666666667,8.0,4.0,12.0,6.784286292416526,41.17647058823529,48.75279741022853,8475752,C,74.0,199.0,1991-11-01,USA,2010.0,2.0,31.0,R,26,"[None, None, 37, 41, 36]","[None, None, 16, 4, 14]","[None, None, 63, 89, 77]","[None, None, 'EDM', 'DAL', 'DAL']"
2018-2019,Tyler Seguin,DAL,F,88.3,91.6,21.5,94.1,75.7,76.1,76.3,85.0,82.9,53.9,12.6,20.1,2.1,84.5,90.2,51,37,336,17.0,47.0,103,102,65,74,183,374,342,419,67,43,427,269,189,First Line,82.0,1701.3666666666668,33.0,47.0,80.0,32.96675415116988,62.5,53.18738145034604,8475794,C,74.0,205.0,1992-01-31,CAN,2010.0,1.0,2.0,R,26,"[97, 94, 77, 86, 90]","[92, 93, 85, 94, 89]","[37, 31, 13, 15, 28]","['DAL', 'DAL', 'DAL', 'DAL', 'DAL']"
2018-2019,Tyler Toffoli,LAK,F,81.3,88.8,96.0,63.6,25.9,0.2,29.7,93.0,40.0,73.1,21.8,30.0,19.4,22.5,70.3,81,49,18,99.0,141.0,427,301,31,257,110,335,300,345,332,128,427,269,189,Second Line,82.0,1411.4166666666667,13.0,21.0,34.0,23.0845719506052,43.75,54.574692901024825,8475726,C,72.0,205.0,1992-04-24,CAN,2010.0,2.0,47.0,R,26,"[80, 95, 63, 87, 77]","[86, 90, 71, 87, 91]","[85, 91, 92, 67, 98]","['LAK', 'LAK', 'LAK', 'LAK', 'LAK']"
2018-2019,Tyson Jost,COL,F,30.4,8.2,39.3,33.1,,35.4,29.5,42.6,28.8,74.5,52.0,72.6,62.3,20.1,14.8,298,393,260,181.0,,277,302,246,305,104,206,118,162,342,365,427,269,189,Fourth Line,70.0,910.4166666666666,11.0,15.0,26.0,11.13749440988728,50.84745762711864,47.47137487039691,8479370,C,71.0,187.0,1998-03-14,CAN,2016.0,1.0,10.0,L,20,"[None, None, None, 31, 34]","[None, None, None, 9, 11]","[None, None, None, 45, 37]","[None, None, None, 'COL', 'COL']"
2018-2019,Valeri Nichushkin,DAL,F,58.8,13.3,74.9,,,6.8,0.6,5.2,19.9,93.0,63.5,67.0,72.6,45.2,55.5,177,371,108,,,399,424,406,343,31,157,142,118,235,191,427,269,189,Fourth Line,57.0,679.2666666666667,0.0,10.0,10.0,4.687308882209218,42.857142857142854,48.909667874609866,8477501,R,76.0,210.0,1995-03-04,RUS,2013.0,1.0,10.0,L,23,"[None, 40, None, None, 56]","[None, 68, None, None, 14]","[None, 26, None, None, 74]","[None, 'DAL', None, None, 'DAL']"
2018-2019,Valtteri Filppula,NYI,F,3.3,0.5,30.0,,24.3,78.0,64.6,9.4,56.9,50.4,5.2,30.7,45.9,42.6,48.0,414,426,300,,144.0,95,152,388,185,198,406,297,232,246,223,427,269,189,Third Line,72.0,1027.7833333333333,17.0,14.0,31.0,10.272798674703726,60.71428571428571,46.21775064312972,8470047,C,72.0,189.0,1984-03-20,FIN,2002.0,3.0,95.0,L,34,"[33, 2, 10, 1, 12]","[5, 6, 11, 0, 1]","[78, 78, 28, 44, 24]","['TBL', 'TBL', 'PHI', 'PHI', 'NYI']"
2018-2019,Victor Rask,MIN,F,14.5,30.0,15.9,58.4,,60.4,20.1,5.4,17.3,32.1,41.5,87.4,72.4,85.0,31.9,366,300,360,113.0,,170,342,405,354,264,251,55,119,65,292,427,269,189,Fourth Line,49.0,593.0833333333334,3.0,6.0,9.0,4.6817587439100965,46.42857142857143,45.01295954484995,8476437,C,74.0,199.0,1993-03-01,SWE,2011.0,2.0,42.0,L,25,"[71, 55, 64, 26, 9]","[59, 53, 71, 26, 17]","[42, 8, 10, 14, 19]","['CAR', 'CAR', 'CAR', 'CAR', 'MIN']"
2018-2019,Viktor Arvidsson,NSH,F,72.4,69.8,3.5,28.6,50.8,97.4,100.0,98.6,32.1,80.1,17.8,63.2,45.4,96.0,93.7,119,130,413,193.0,94.0,12,1,7,291,85,352,158,234,18,28,427,269,189,First Line,58.0,1110.45,34.0,14.0,48.0,22.347948182341458,55.172413793103445,52.1051897550437,8478042,L,70.0,181.0,1993-04-08,SWE,2014.0,4.0,112.0,R,25,"[None, 25, 90, 18, 78]","[None, 39, 77, 43, 78]","[None, 60, 14, 5, 3]","[None, 'NSH', 'NSH', 'NSH', 'NSH']"
2018-2019,Vincent Trocheck,FLA,F,67.9,68.9,68.6,55.8,58.7,5.6,19.0,45.0,51.1,59.5,72.8,25.5,32.8,36.3,73.3,138,134,135,120.0,79.0,404,347,236,210,161,117,319,288,273,115,427,269,189,First Line,55.0,1081.2666666666669,10.0,24.0,34.0,13.904437004823022,46.774193548387096,49.497364738385016,8476389,C,71.0,187.0,1993-07-11,USA,2011.0,3.0,64.0,R,25,"[65, 89, 92, 87, 22]","[51, 57, 72, 66, 69]","[84, 85, 94, 28, 79]","['FLA', 'FLA', 'FLA', 'FLA', 'FLA']"
2018-2019,Vinnie Hinostroza,ARI,F,62.5,57.6,34.2,30.1,,40.3,51.1,66.7,80.8,82.0,43.8,59.5,62.1,63.0,52.5,161,182,282,189.0,,256,210,143,83,77,241,174,163,159,204,427,269,189,Third Line,72.0,1099.2666666666669,16.0,23.0,39.0,15.419173082100217,45.07042253521127,52.28131180398948,8476994,C,70.0,183.0,1994-04-03,USA,2012.0,6.0,169.0,R,24,"[None, None, 35, 52, 68]","[None, None, 36, 58, 62]","[None, None, 24, 20, 43]","[None, None, 'CHI', 'CHI', 'ARI']"
2018-2019,Vladimir Sobotka,BUF,F,0.5,0.9,23.0,,48.7,42.9,7.7,1.9,15.5,16.2,63.9,11.5,34.2,50.4,37.9,426,424,330,,98.0,245,395,420,362,321,155,379,282,213,266,427,269,189,Third Line,69.0,978.8166666666668,5.0,8.0,13.0,5.115472371273643,32.142857142857146,39.259985371132615,8471743,C,71.0,191.0,1987-07-02,CZE,2005.0,4.0,106.0,L,31,"[None, None, None, 2, 0]","[None, None, None, 2, 0]","[None, None, None, 30, 18]","[None, None, None, 'STL', 'BUF']"
2018-2019,Vladimir Tarasenko,STL,F,97.9,98.8,26.2,71.4,,96.3,95.3,95.3,47.1,95.6,38.6,45.2,10.1,92.5,91.1,10,6,316,78.0,,17,21,21,227,20,263,235,385,33,39,427,269,189,First Line,76.0,1398.3666666666668,33.0,35.0,68.0,27.711861230908344,53.191489361702125,56.87705149226101,8475765,R,73.0,219.0,1991-12-13,RUS,2010.0,1.0,16.0,L,26,"[98, 97, 98, 98, 96]","[98, 96, 98, 98, 98]","[57, 17, 13, 37, 25]","['STL', 'STL', 'STL', 'STL', 'STL']"
2018-2019,Vladislav Namestnikov,NYR,F,50.6,54.8,68.9,37.2,7.4,19.7,27.4,48.5,17.8,45.0,65.8,31.1,26.5,33.7,55.7,212,194,134,170.0,176.0,344,311,221,352,218,147,295,315,284,190,427,269,189,Second Line,78.0,1231.8,11.0,20.0,31.0,13.479811195827404,40.845070422535215,47.38869163662696,8476480,C,72.0,181.0,1992-11-22,RUS,2011.0,1.0,27.0,L,25,"[47, 72, 48, 66, 37]","[34, 46, 43, 70, 46]","[45, 87, 80, 50, 75]","['TBL', 'TBL', 'TBL', 'NYR', 'NYR']"
2018-2019,Warren Foegele,CAR,F,74.2,19.0,65.1,,25.4,19.4,61.4,86.9,3.0,98.4,83.6,55.5,48.0,99.1,16.9,111,347,150,,142.0,345,166,57,415,8,71,191,223,5,356,427,269,189,Fourth Line,77.0,962.0166666666668,10.0,5.0,15.0,12.966804695848197,38.46153846153847,53.528859170672405,8477998,L,74.0,205.0,1996-04-01,CAN,2014.0,3.0,67.0,L,22,"[None, None, None, None, 73]","[None, None, None, None, 18]","[None, None, None, None, 64]","[None, None, None, None, 'CAR']"
2018-2019,Wayne Simmonds,NSH,F,70.3,63.7,60.7,97.4,,10.5,36.8,52.7,22.5,10.3,70.5,22.2,23.2,37.7,47.1,128,156,169,8.0,,383,271,203,332,346,127,333,329,267,227,427,269,189,Second Line,79.0,1237.6333333333334,17.0,13.0,30.0,21.273070675222748,43.05555555555556,49.65455044175747,8474190,R,74.0,184.0,1988-08-26,CAN,2007.0,2.0,61.0,R,30,"[89, 91, 86, 76, 50]","[76, 88, 76, 72, 52]","[69, 81, 69, 38, 74]","['PHI', 'PHI', 'PHI', 'PHI', 'NSH']"
2018-2019,William Carrier,VGK,F,53.2,53.6,45.2,,,29.7,50.8,94.6,0.9,66.0,100.0,95.6,93.0,66.3,5.4,201,199,235,,,301,211,24,424,136,1,20,31,145,405,427,269,189,Fourth Line,54.0,537.0,8.0,1.0,9.0,8.280495129790868,43.75,55.01511466650274,8477478,L,74.0,214.0,1994-12-20,CAN,2013.0,2.0,57.0,L,23,"[None, None, 34, 66, 46]","[None, None, 38, 52, 56]","[None, None, 47, 43, 47]","[None, None, 'BUF', 'VGK', 'VGK']"
2018-2019,William Karlsson,VGK,F,94.1,85.2,87.6,79.2,72.0,91.8,83.8,70.7,69.3,73.5,18.0,9.6,11.9,86.7,83.1,26,64,54,57.0,54.0,36,70,126,132,108,351,387,377,58,73,427,269,189,First Line,82.0,1545.45,24.0,32.0,56.0,20.685195933567048,50.45871559633027,54.238017619431034,8476448,C,72.0,190.0,1993-01-08,SWE,2011.0,2.0,53.0,L,25,"[None, 76, 56, 96, 94]","[None, 68, 63, 85, 86]","[None, 80, 64, 92, 82]","[None, 'CBJ', 'CBJ', 'VGK', 'VGK']"
2018-2019,William Nylander,TOR,F,34.7,79.9,5.9,56.9,,2.1,35.1,90.9,91.8,52.5,7.7,68.9,51.5,75.9,31.4,280,87,403,117.0,,419,278,40,36,189,395,134,208,104,294,427,269,189,Second Line,54.0,837.85,7.0,20.0,27.0,14.055975374872606,55.00000000000001,55.67601607182737,8477939,R,72.0,200.0,1996-05-01,CAN,2014.0,1.0,8.0,R,22,"[None, 44, 20, 55, 31]","[None, 22, 85, 80, 78]","[None, 43, 7, 1, 15]","[None, 'TOR', 'TOR', 'TOR', 'TOR']"
2018-2019,Yanni Gourde,TBL,F,79.6,65.6,80.6,23.0,65.1,89.0,81.0,42.9,86.7,64.9,52.2,64.9,63.7,81.0,60.4,88,148,84,208.0,67.0,48,82,245,58,141,205,151,156,82,170,427,269,189,Second Line,80.0,1267.0666666666666,22.0,26.0,48.0,14.577126770014733,52.52525252525253,52.24106638779777,8476826,C,69.0,173.0,1991-12-15,CAN,,,,L,26,"[None, None, 41, 76, 83]","[None, None, 39, 71, 66]","[None, None, 54, 83, 79]","[None, None, 'TBL', 'TBL', 'TBL']"
2018-2019,Zach Hyman,TOR,F,49.9,95.1,9.4,,0.5,4.7,66.3,93.7,76.6,37.9,71.9,23.0,18.3,83.4,95.8,215,22,388,,189.0,408,145,28,101,245,121,330,350,72,19,427,269,189,Second Line,71.0,1226.5666666666666,23.0,20.0,43.0,24.90669260509071,55.35714285714286,54.0517756202901,8475786,L,73.0,206.0,1992-06-09,CAN,2010.0,5.0,123.0,R,26,"[None, None, 16, 34, 63]","[None, None, 87, 91, 96]","[None, None, 13, 11, 9]","[None, None, 'TOR', 'TOR', 'TOR']"
2018-2019,Zach Parise,MIN,F,78.9,82.4,21.8,65.1,23.8,64.2,82.4,88.8,42.2,85.7,24.1,63.5,57.1,96.3,57.6,91,76,335,95.0,145.0,154,76,49,248,62,325,157,184,17,182,427,269,189,First Line,74.0,1381.45,28.0,33.0,61.0,26.159667720932006,50.53763440860215,53.9836625093577,8470610,L,71.0,195.0,1984-07-28,USA,2003.0,1.0,17.0,L,34,"[95, 84, 75, 72, 80]","[97, 92, 94, 69, 84]","[71, 12, 19, 19, 23]","['MIN', 'MIN', 'MIN', 'MIN', 'MIN']"
2018-2019,Zachary Aston-Reese,PIT,F,28.3,31.9,68.4,,33.9,44.7,63.5,77.5,39.8,24.8,97.7,76.8,89.0,37.2,38.4,307,292,136,,126.0,237,157,97,258,287,11,100,48,269,264,427,269,189,Third Line,43.0,587.2333333333333,8.0,9.0,17.0,8.194289646124131,60.0,52.35279604630036,8479944,L,73.0,203.0,1994-08-10,USA,,,,L,24,"[None, None, None, None, 31]","[None, None, None, None, 31]","[None, None, None, None, 67]","[None, None, None, None, 'PIT']"
2018-2019,Zachary Sanford,STL,F,21.3,44.5,61.4,,,50.4,53.6,48.9,24.6,8.4,49.9,77.0,77.5,74.2,50.1,337,238,166,,,213,199,219,323,353,215,99,97,111,214,427,269,189,Fourth Line,60.0,754.7333333333333,8.0,12.0,20.0,7.820283219329513,57.446808510638306,56.08502922168348,8477482,L,76.0,206.0,1994-11-09,USA,2013.0,2.0,61.0,L,23,"[None, None, 41, None, 19]","[None, None, 21, None, 48]","[None, None, 41, None, 67]","[None, None, 'STL', None, 'STL']"
2018-2019,Zack Kassian,EDM,F,0.2,22.5,2.8,,39.2,58.8,45.4,35.4,26.5,0.9,85.0,40.7,41.2,38.6,21.3,427,332,416,,116.0,177,234,277,315,385,65,254,252,263,337,427,269,189,Third Line,79.0,1169.35,15.0,11.0,26.0,12.900656969033323,44.66019417475729,45.63590432651948,8475178,R,75.0,211.0,1991-01-24,CAN,2009.0,1.0,13.0,R,27,"[17, 4, 0, 0, 0]","[41, 28, 21, 21, 24]","[21, 31, 8, 7, 1]","['VAN', 'EDM', 'EDM', 'EDM', 'EDM']"
2018-2019,Zack Smith,OTT,F,6.8,13.8,61.6,,57.1,11.9,14.1,23.9,31.4,17.1,70.3,9.1,29.7,6.1,75.4,399,369,165,,82.0,377,368,326,294,317,128,389,301,402,106,427,269,189,Second Line,70.0,1144.65,9.0,19.0,28.0,9.862479082699437,42.465753424657535,45.26245964431914,8474250,C,74.0,208.0,1988-04-05,CAN,2008.0,3.0,79.0,L,30,"[28, 30, 56, 33, 3]","[13, 17, 14, 23, 10]","[51, 68, 91, 47, 60]","['OTT', 'OTT', 'OTT', 'OTT', 'OTT']"
2018-2019,Zemgus Girgensons,BUF,F,51.3,30.4,95.1,,1.6,9.6,11.7,34.0,23.4,61.6,88.3,2.1,53.2,5.2,46.1,209,298,22,,187.0,387,378,283,328,152,51,419,201,406,231,427,269,189,Third Line,72.0,980.0166666666668,5.0,13.0,18.0,7.797133092186001,41.07142857142857,46.72297816856532,8476878,C,75.0,197.0,1994-01-05,LVA,2012.0,1.0,14.0,L,24,"[72, 86, 48, 41, 55]","[51, 52, 13, 26, 40]","[26, 93, 88, 93, 93]","['BUF', 'BUF', 'BUF', 'BUF', 'BUF']"
